filename,label,hot_frac,max_blob
2025_Conforme_1_Cam_T_3_0.jpg,vide,0.0,2
2025_Conforme_1_Cam_T_3_1.jpg,vide,0.0,0
2025_Conforme_1_Cam_T_3_10.jpg,vide,0.0,0
2025_Conforme_1_Cam_T_3_100.jpg,chataigne,0.0488,1848
2025_Conforme_1_Cam_T_3_101.jpg,chunks,0.0006,10
2025_Conforme_1_Cam_T_3_102.jpg,chunks,0.0029,36
2025_Conforme_1_Cam_T_3_103.jpg,chataigne,0.0334,1279
2025_Conforme_1_Cam_T_3_104.jpg,vide,0.0001,5
2025_Conforme_1_Cam_T_3_105.jpg,vide,0.0004,5
2025_Conforme_1_Cam_T_3_106.jpg,vide,0.0003,4
2025_Conforme_1_Cam_T_3_107.jpg,chataigne,0.1501,8573
2025_Conforme_1_Cam_T_3_108.jpg,chataigne,0.0443,745
2025_Conforme_1_Cam_T_3_109.jpg,multiple,0.3652,11763
2025_Conforme_1_Cam_T_3_11.jpg,vide,0.0,0
2025_Conforme_1_Cam_T_3_110.jpg,vide,0.0005,5
2025_Conforme_1_Cam_T_3_111.jpg,chataigne,0.2385,12901
2025_Conforme_1_Cam_T_3_112.jpg,chataigne,0.1973,10157
2025_Conforme_1_Cam_T_3_113.jpg,chataigne,0.0423,563
2025_Conforme_1_Cam_T_3_114.jpg,chataigne,0.0205,362
2025_Conforme_1_Cam_T_3_115.jpg,chataigne,0.1833,10580
2025_Conforme_1_Cam_T_3_116.jpg,vide,0.0004,6
2025_Conforme_1_Cam_T_3_117.jpg,chataigne,0.068,1660
2025_Conforme_1_Cam_T_3_118.jpg,vide,0.0,0
2025_Conforme_1_Cam_T_3_119.jpg,chataigne,0.0379,722
2025_Conforme_1_Cam_T_3_12.jpg,vide,0.0,1
2025_Conforme_1_Cam_T_3_120.jpg,chataigne,0.3264,16461
2025_Conforme_1_Cam_T_3_121.jpg,vide,0.0001,2
2025_Conforme_1_Cam_T_3_122.jpg,vide,0.0,2
2025_Conforme_1_Cam_T_3_123.jpg,chataigne,0.1145,5486
2025_Conforme_1_Cam_T_3_124.jpg,chataigne,0.0221,941
2025_Conforme_1_Cam_T_3_125.jpg,chataigne,0.0092,196
2025_Conforme_1_Cam_T_3_126.jpg,chunks,0.0035,21
2025_Conforme_1_Cam_T_3_127.jpg,chataigne,0.0422,474
2025_Conforme_1_Cam_T_3_128.jpg,chataigne,0.2508,13968
2025_Conforme_1_Cam_T_3_129.jpg,chataigne,0.0054,52
2025_Conforme_1_Cam_T_3_13.jpg,vide,0.0001,3
2025_Conforme_1_Cam_T_3_130.jpg,chataigne,0.0728,2316
2025_Conforme_1_Cam_T_3_131.jpg,chataigne,0.1372,6467
2025_Conforme_1_Cam_T_3_132.jpg,chataigne,0.0113,505
2025_Conforme_1_Cam_T_3_133.jpg,multiple,0.2875,17007
2025_Conforme_1_Cam_T_3_134.jpg,chataigne,0.0043,111
2025_Conforme_1_Cam_T_3_135.jpg,multiple,0.1694,3884
2025_Conforme_1_Cam_T_3_136.jpg,chataigne,0.288,17019
2025_Conforme_1_Cam_T_3_137.jpg,chataigne,0.202,12085
2025_Conforme_1_Cam_T_3_138.jpg,chataigne,0.0797,3898
2025_Conforme_1_Cam_T_3_139.jpg,chataigne,0.0496,667
2025_Conforme_1_Cam_T_3_14.jpg,vide,0.0,0
2025_Conforme_1_Cam_T_3_140.jpg,chunks,0.0249,1129
2025_Conforme_1_Cam_T_3_141.jpg,chataigne,0.1812,9379
2025_Conforme_1_Cam_T_3_142.jpg,chataigne,0.0899,967
2025_Conforme_1_Cam_T_3_143.jpg,chataigne,0.0062,72
2025_Conforme_1_Cam_T_3_144.jpg,chunks,0.0078,81
2025_Conforme_1_Cam_T_3_145.jpg,chunks,0.0001,3
2025_Conforme_1_Cam_T_3_146.jpg,chataigne,0.0987,984
2025_Conforme_1_Cam_T_3_147.jpg,chataigne,0.0839,574
2025_Conforme_1_Cam_T_3_148.jpg,chataigne,0.1357,7055
2025_Conforme_1_Cam_T_3_149.jpg,chataigne,0.0856,4719
2025_Conforme_1_Cam_T_3_15.jpg,vide,0.0,0
2025_Conforme_1_Cam_T_3_150.jpg,chataigne,0.0356,1800
2025_Conforme_1_Cam_T_3_151.jpg,chunks,0.004,48
2025_Conforme_1_Cam_T_3_152.jpg,chataigne,0.0334,1137
2025_Conforme_1_Cam_T_3_153.jpg,chataigne,0.0033,107
2025_Conforme_1_Cam_T_3_154.jpg,chataigne,0.0124,497
2025_Conforme_1_Cam_T_3_155.jpg,chataigne,0.0919,4506
2025_Conforme_1_Cam_T_3_156.jpg,chataigne,0.1231,4570
2025_Conforme_1_Cam_T_3_157.jpg,chataigne,0.0533,702
2025_Conforme_1_Cam_T_3_158.jpg,chataigne,0.0925,3006
2025_Conforme_1_Cam_T_3_159.jpg,chataigne,0.2551,12612
2025_Conforme_1_Cam_T_3_16.jpg,vide,0.0,0
2025_Conforme_1_Cam_T_3_160.jpg,chataigne,0.2007,12206
2025_Conforme_1_Cam_T_3_161.jpg,multiple,0.0519,1045
2025_Conforme_1_Cam_T_3_162.jpg,multiple,0.0239,293
2025_Conforme_1_Cam_T_3_163.jpg,chataigne,0.0337,379
2025_Conforme_1_Cam_T_3_164.jpg,chataigne,0.0233,219
2025_Conforme_1_Cam_T_3_165.jpg,chataigne,0.0683,1834
2025_Conforme_1_Cam_T_3_166.jpg,chataigne,0.0543,580
2025_Conforme_1_Cam_T_3_167.jpg,multiple,0.0546,571
2025_Conforme_1_Cam_T_3_168.jpg,chataigne,0.0646,1487
2025_Conforme_1_Cam_T_3_169.jpg,chataigne,0.0318,1578
2025_Conforme_1_Cam_T_3_17.jpg,vide,0.0,1
2025_Conforme_1_Cam_T_3_170.jpg,chataigne,0.1496,8544
2025_Conforme_1_Cam_T_3_171.jpg,chataigne,0.1083,4283
2025_Conforme_1_Cam_T_3_172.jpg,chataigne,0.0552,1018
2025_Conforme_1_Cam_T_3_173.jpg,chataigne,0.0809,2393
2025_Conforme_1_Cam_T_3_174.jpg,chataigne,0.0204,485
2025_Conforme_1_Cam_T_3_175.jpg,chunks,0.0,1
2025_Conforme_1_Cam_T_3_176.jpg,chataigne,0.0723,1352
2025_Conforme_1_Cam_T_3_177.jpg,chunks,0.0051,77
2025_Conforme_1_Cam_T_3_178.jpg,chataigne,0.0756,1163
2025_Conforme_1_Cam_T_3_179.jpg,vide,0.0004,6
2025_Conforme_1_Cam_T_3_18.jpg,vide,0.0,0
2025_Conforme_1_Cam_T_3_180.jpg,chunks,0.0253,562
2025_Conforme_1_Cam_T_3_181.jpg,vide,0.0,0
2025_Conforme_1_Cam_T_3_182.jpg,vide,0.0,0
2025_Conforme_1_Cam_T_3_183.jpg,chataigne,0.0116,234
2025_Conforme_1_Cam_T_3_184.jpg,vide,0.0004,21
2025_Conforme_1_Cam_T_3_185.jpg,chataigne,0.1523,8368
2025_Conforme_1_Cam_T_3_186.jpg,chataigne,0.0055,61
2025_Conforme_1_Cam_T_3_187.jpg,chataigne,0.1701,8935
2025_Conforme_1_Cam_T_3_188.jpg,multiple,0.1773,8305
2025_Conforme_1_Cam_T_3_189.jpg,multiple,0.4307,25086
2025_Conforme_1_Cam_T_3_19.jpg,vide,0.0,0
2025_Conforme_1_Cam_T_3_190.jpg,chunks,0.0314,1306
2025_Conforme_1_Cam_T_3_191.jpg,chataigne,0.0398,954
2025_Conforme_1_Cam_T_3_192.jpg,chataigne,0.2174,9380
2025_Conforme_1_Cam_T_3_193.jpg,chunks,0.018,263
2025_Conforme_1_Cam_T_3_194.jpg,chunks,0.0001,2
2025_Conforme_1_Cam_T_3_195.jpg,chataigne,0.0226,415
2025_Conforme_1_Cam_T_3_196.jpg,chataigne,0.0292,421
2025_Conforme_1_Cam_T_3_197.jpg,vide,0.0,0
2025_Conforme_1_Cam_T_3_198.jpg,chataigne,0.0138,127
2025_Conforme_1_Cam_T_3_199.jpg,chataigne,0.0241,471
2025_Conforme_1_Cam_T_3_2.jpg,vide,0.0,0
2025_Conforme_1_Cam_T_3_20.jpg,vide,0.0,0
2025_Conforme_1_Cam_T_3_200.jpg,chunks,0.0014,12
2025_Conforme_1_Cam_T_3_201.jpg,chataigne,0.0433,1883
2025_Conforme_1_Cam_T_3_202.jpg,chataigne,0.0218,730
2025_Conforme_1_Cam_T_3_203.jpg,chataigne,0.0749,1134
2025_Conforme_1_Cam_T_3_204.jpg,chunks,0.0044,70
2025_Conforme_1_Cam_T_3_205.jpg,multiple,0.2217,9353
2025_Conforme_1_Cam_T_3_206.jpg,multiple,0.1088,5441
2025_Conforme_1_Cam_T_3_207.jpg,chataigne,0.0576,2897
2025_Conforme_1_Cam_T_3_208.jpg,chataigne,0.1231,6582
2025_Conforme_1_Cam_T_3_209.jpg,chunks,0.0094,419
2025_Conforme_1_Cam_T_3_21.jpg,vide,0.0,0
2025_Conforme_1_Cam_T_3_210.jpg,chataigne,0.2948,15746
2025_Conforme_1_Cam_T_3_211.jpg,chataigne,0.0139,322
2025_Conforme_1_Cam_T_3_212.jpg,vide,0.0,0
2025_Conforme_1_Cam_T_3_213.jpg,chunks,0.013,653
2025_Conforme_1_Cam_T_3_214.jpg,chataigne,0.108,5507
2025_Conforme_1_Cam_T_3_215.jpg,chunks,0.0,0
2025_Conforme_1_Cam_T_3_216.jpg,chataigne,0.1012,4738
2025_Conforme_1_Cam_T_3_217.jpg,chataigne,0.0153,149
2025_Conforme_1_Cam_T_3_218.jpg,chunks,0.0,1
2025_Conforme_1_Cam_T_3_219.jpg,chataigne,0.0201,183
2025_Conforme_1_Cam_T_3_22.jpg,vide,0.0,0
2025_Conforme_1_Cam_T_3_220.jpg,chataigne,0.0493,1209
2025_Conforme_1_Cam_T_3_221.jpg,chataigne,0.1143,6252
2025_Conforme_1_Cam_T_3_222.jpg,chunks,0.0012,34
2025_Conforme_1_Cam_T_3_223.jpg,chataigne,0.0093,184
2025_Conforme_1_Cam_T_3_224.jpg,chunks,0.0045,170
2025_Conforme_1_Cam_T_3_225.jpg,chataigne,0.1542,9036
2025_Conforme_1_Cam_T_3_226.jpg,chataigne,0.086,4543
2025_Conforme_1_Cam_T_3_227.jpg,chataigne,0.1888,11341
2025_Conforme_1_Cam_T_3_228.jpg,chataigne,0.1393,7181
2025_Conforme_1_Cam_T_3_229.jpg,chataigne,0.1232,7072
2025_Conforme_1_Cam_T_3_23.jpg,vide,0.0,1
2025_Conforme_1_Cam_T_3_230.jpg,chunks,0.0009,13
2025_Conforme_1_Cam_T_3_231.jpg,chunks,0.0208,398
2025_Conforme_1_Cam_T_3_232.jpg,chataigne,0.0449,1402
2025_Conforme_1_Cam_T_3_233.jpg,chataigne,0.0685,2693
2025_Conforme_1_Cam_T_3_234.jpg,chataigne,0.0176,342
2025_Conforme_1_Cam_T_3_235.jpg,chunks,0.0002,3
2025_Conforme_1_Cam_T_3_236.jpg,chataigne,0.0655,2922
2025_Conforme_1_Cam_T_3_237.jpg,chunks,0.0015,45
2025_Conforme_1_Cam_T_3_238.jpg,chataigne,0.0627,788
2025_Conforme_1_Cam_T_3_239.jpg,chunks,0.0001,3
2025_Conforme_1_Cam_T_3_24.jpg,vide,0.0,0
2025_Conforme_1_Cam_T_3_240.jpg,vide,0.0,0
2025_Conforme_1_Cam_T_3_241.jpg,chunks,0.0721,3699
2025_Conforme_1_Cam_T_3_242.jpg,vide,0.0004,13
2025_Conforme_1_Cam_T_3_243.jpg,multiple,0.3659,17289
2025_Conforme_1_Cam_T_3_244.jpg,chunks,0.0248,1378
2025_Conforme_1_Cam_T_3_245.jpg,vide,0.0,2
2025_Conforme_1_Cam_T_3_246.jpg,vide,0.0,2
2025_Conforme_1_Cam_T_3_247.jpg,chataigne,0.2043,10785
2025_Conforme_1_Cam_T_3_248.jpg,vide,0.0001,5
2025_Conforme_1_Cam_T_3_249.jpg,chataigne,0.0531,1719
2025_Conforme_1_Cam_T_3_25.jpg,vide,0.0,0
2025_Conforme_1_Cam_T_3_250.jpg,chataigne,0.187,10694
2025_Conforme_1_Cam_T_3_251.jpg,chataigne,0.361,20736
2025_Conforme_1_Cam_T_3_252.jpg,multiple,0.1086,4116
2025_Conforme_1_Cam_T_3_253.jpg,chataigne,0.2504,11815
2025_Conforme_1_Cam_T_3_254.jpg,chataigne,0.0613,466
2025_Conforme_1_Cam_T_3_255.jpg,chataigne,0.0,0
2025_Conforme_1_Cam_T_3_256.jpg,chunks,0.0096,59
2025_Conforme_1_Cam_T_3_257.jpg,chunks,0.0217,446
2025_Conforme_1_Cam_T_3_258.jpg,chataigne,0.1174,2288
2025_Conforme_1_Cam_T_3_259.jpg,chataigne,0.0145,220
2025_Conforme_1_Cam_T_3_26.jpg,vide,0.0,0
2025_Conforme_1_Cam_T_3_260.jpg,chataigne,0.103,4304
2025_Conforme_1_Cam_T_3_261.jpg,vide,0.0,1
2025_Conforme_1_Cam_T_3_262.jpg,chunks,0.0093,234
2025_Conforme_1_Cam_T_3_263.jpg,chataigne,0.1028,3017
2025_Conforme_1_Cam_T_3_264.jpg,chataigne,0.0284,1420
2025_Conforme_1_Cam_T_3_265.jpg,vide,0.0,0
2025_Conforme_1_Cam_T_3_266.jpg,multiple,0.3565,20118
2025_Conforme_1_Cam_T_3_267.jpg,chataigne,0.0042,170
2025_Conforme_1_Cam_T_3_268.jpg,chunks,0.0213,727
2025_Conforme_1_Cam_T_3_269.jpg,chataigne,0.0142,270
2025_Conforme_1_Cam_T_3_27.jpg,vide,0.0,0
2025_Conforme_1_Cam_T_3_270.jpg,chunks,0.0142,342
2025_Conforme_1_Cam_T_3_271.jpg,chunks,0.0001,2
2025_Conforme_1_Cam_T_3_272.jpg,chataigne,0.0942,5080
2025_Conforme_1_Cam_T_3_273.jpg,chataigne,0.0557,508
2025_Conforme_1_Cam_T_3_274.jpg,chataigne,0.0171,328
2025_Conforme_1_Cam_T_3_275.jpg,chataigne,0.2561,12394
2025_Conforme_1_Cam_T_3_276.jpg,chataigne,0.1678,6951
2025_Conforme_1_Cam_T_3_277.jpg,chataigne,0.1214,5843
2025_Conforme_1_Cam_T_3_278.jpg,chataigne,0.0936,5104
2025_Conforme_1_Cam_T_3_279.jpg,chataigne,0.0788,1135
2025_Conforme_1_Cam_T_3_28.jpg,vide,0.0,0
2025_Conforme_1_Cam_T_3_280.jpg,chataigne,0.0454,460
2025_Conforme_1_Cam_T_3_281.jpg,chataigne,0.0566,2014
2025_Conforme_1_Cam_T_3_282.jpg,chataigne,0.2854,15236
2025_Conforme_1_Cam_T_3_283.jpg,chataigne,0.277,14800
2025_Conforme_1_Cam_T_3_284.jpg,multiple,0.2707,14910
2025_Conforme_1_Cam_T_3_285.jpg,chunks,0.0007,7
2025_Conforme_1_Cam_T_3_286.jpg,chataigne,0.3371,20537
2025_Conforme_1_Cam_T_3_287.jpg,chataigne,0.2715,14442
2025_Conforme_1_Cam_T_3_288.jpg,chataigne,0.1614,8940
2025_Conforme_1_Cam_T_3_289.jpg,chataigne,0.0858,3027
2025_Conforme_1_Cam_T_3_29.jpg,vide,0.0002,6
2025_Conforme_1_Cam_T_3_290.jpg,chataigne,0.1483,6956
2025_Conforme_1_Cam_T_3_291.jpg,multiple,0.0955,5200
2025_Conforme_1_Cam_T_3_292.jpg,chataigne,0.0233,225
2025_Conforme_1_Cam_T_3_293.jpg,chunks,0.0028,18
2025_Conforme_1_Cam_T_3_294.jpg,multiple,0.0863,3285
2025_Conforme_1_Cam_T_3_295.jpg,chataigne,0.1565,7777
2025_Conforme_1_Cam_T_3_296.jpg,chataigne,0.05,502
2025_Conforme_1_Cam_T_3_297.jpg,chataigne,0.043,1551
2025_Conforme_1_Cam_T_3_298.jpg,multiple,0.275,15566
2025_Conforme_1_Cam_T_3_299.jpg,chataigne,0.002,29
2025_Conforme_1_Cam_T_3_3.jpg,vide,0.0,1
2025_Conforme_1_Cam_T_3_30.jpg,chataigne,0.0068,49
2025_Conforme_1_Cam_T_3_300.jpg,chataigne,0.0626,2941
2025_Conforme_1_Cam_T_3_301.jpg,chataigne,0.0091,65
2025_Conforme_1_Cam_T_3_302.jpg,chataigne,0.0014,15
2025_Conforme_1_Cam_T_3_303.jpg,chataigne,0.0525,737
2025_Conforme_1_Cam_T_3_304.jpg,multiple,0.1818,8771
2025_Conforme_1_Cam_T_3_305.jpg,chataigne,0.0193,110
2025_Conforme_1_Cam_T_3_306.jpg,chataigne,0.039,980
2025_Conforme_1_Cam_T_3_307.jpg,chataigne,0.2568,11977
2025_Conforme_1_Cam_T_3_308.jpg,chataigne,0.0096,179
2025_Conforme_1_Cam_T_3_309.jpg,chunks,0.0478,2399
2025_Conforme_1_Cam_T_3_31.jpg,vide,0.0,0
2025_Conforme_1_Cam_T_3_310.jpg,chunks,0.0015,13
2025_Conforme_1_Cam_T_3_311.jpg,chataigne,0.1714,10118
2025_Conforme_1_Cam_T_3_312.jpg,chataigne,0.1435,5769
2025_Conforme_1_Cam_T_3_313.jpg,multiple,0.3615,17876
2025_Conforme_1_Cam_T_3_314.jpg,chataigne,0.0234,259
2025_Conforme_1_Cam_T_3_315.jpg,chataigne,0.0186,505
2025_Conforme_1_Cam_T_3_316.jpg,chataigne,0.0474,642
2025_Conforme_1_Cam_T_3_317.jpg,chataigne,0.1684,8998
2025_Conforme_1_Cam_T_3_318.jpg,chataigne,0.1177,6978
2025_Conforme_1_Cam_T_3_319.jpg,chataigne,0.0217,371
2025_Conforme_1_Cam_T_3_32.jpg,vide,0.0,0
2025_Conforme_1_Cam_T_3_320.jpg,chataigne,0.0903,3505
2025_Conforme_1_Cam_T_3_321.jpg,chataigne,0.0429,1147
2025_Conforme_1_Cam_T_3_322.jpg,multiple,0.0987,1899
2025_Conforme_1_Cam_T_3_323.jpg,chataigne,0.2931,17297
2025_Conforme_1_Cam_T_3_324.jpg,chataigne,0.0957,2720
2025_Conforme_1_Cam_T_3_325.jpg,multiple,0.3352,18140
2025_Conforme_1_Cam_T_3_326.jpg,chataigne,0.0362,481
2025_Conforme_1_Cam_T_3_327.jpg,multiple,0.146,6340
2025_Conforme_1_Cam_T_3_328.jpg,chataigne,0.0306,652
2025_Conforme_1_Cam_T_3_329.jpg,chataigne,0.318,18333
2025_Conforme_1_Cam_T_3_33.jpg,vide,0.0,0
2025_Conforme_1_Cam_T_3_330.jpg,chunks,0.001,8
2025_Conforme_1_Cam_T_3_331.jpg,chataigne,0.0556,545
2025_Conforme_1_Cam_T_3_332.jpg,chunks,0.041,1486
2025_Conforme_1_Cam_T_3_333.jpg,chataigne,0.1831,9076
2025_Conforme_1_Cam_T_3_334.jpg,chataigne,0.1972,9944
2025_Conforme_1_Cam_T_3_335.jpg,chataigne,0.2005,11419
2025_Conforme_1_Cam_T_3_336.jpg,chunks,0.045,1312
2025_Conforme_1_Cam_T_3_337.jpg,chataigne,0.2302,9355
2025_Conforme_1_Cam_T_3_338.jpg,chunks,0.0177,593
2025_Conforme_1_Cam_T_3_339.jpg,chataigne,0.0439,400
2025_Conforme_1_Cam_T_3_34.jpg,vide,0.0,0
2025_Conforme_1_Cam_T_3_340.jpg,multiple,0.0971,4978
2025_Conforme_1_Cam_T_3_341.jpg,chataigne,0.05,569
2025_Conforme_1_Cam_T_3_342.jpg,chataigne,0.0351,350
2025_Conforme_1_Cam_T_3_343.jpg,chataigne,0.0291,584
2025_Conforme_1_Cam_T_3_344.jpg,chataigne,0.2992,18533
2025_Conforme_1_Cam_T_3_345.jpg,chataigne,0.0931,913
2025_Conforme_1_Cam_T_3_346.jpg,chataigne,0.167,9728
2025_Conforme_1_Cam_T_3_347.jpg,chataigne,0.067,1780
2025_Conforme_1_Cam_T_3_348.jpg,chataigne,0.1245,6420
2025_Conforme_1_Cam_T_3_349.jpg,chataigne,0.1319,2256
2025_Conforme_1_Cam_T_3_35.jpg,vide,0.0,0
2025_Conforme_1_Cam_T_3_350.jpg,chataigne,0.1206,5456
2025_Conforme_1_Cam_T_3_351.jpg,chataigne,0.0766,1502
2025_Conforme_1_Cam_T_3_352.jpg,multiple,0.4131,21832
2025_Conforme_1_Cam_T_3_353.jpg,chataigne,0.2429,12158
2025_Conforme_1_Cam_T_3_354.jpg,vide,0.0,0
2025_Conforme_1_Cam_T_3_355.jpg,vide,0.0,0
2025_Conforme_1_Cam_T_3_356.jpg,chataigne,0.1765,10612
2025_Conforme_1_Cam_T_3_357.jpg,chataigne,0.0643,1519
2025_Conforme_1_Cam_T_3_358.jpg,chataigne,0.0836,3221
2025_Conforme_1_Cam_T_3_359.jpg,chataigne,0.0614,809
2025_Conforme_1_Cam_T_3_36.jpg,vide,0.0,1
2025_Conforme_1_Cam_T_3_360.jpg,chataigne,0.0862,4178
2025_Conforme_1_Cam_T_3_361.jpg,chunks,0.0004,9
2025_Conforme_1_Cam_T_3_362.jpg,chataigne,0.0637,1547
2025_Conforme_1_Cam_T_3_363.jpg,chataigne,0.0288,552
2025_Conforme_1_Cam_T_3_364.jpg,vide,0.0,0
2025_Conforme_1_Cam_T_3_365.jpg,vide,0.0,3
2025_Conforme_1_Cam_T_3_366.jpg,vide,0.0001,6
2025_Conforme_1_Cam_T_3_367.jpg,chataigne,0.0482,395
2025_Conforme_1_Cam_T_3_368.jpg,multiple,0.1015,2673
2025_Conforme_1_Cam_T_3_369.jpg,chataigne,0.0122,157
2025_Conforme_1_Cam_T_3_37.jpg,vide,0.0,0
2025_Conforme_1_Cam_T_3_370.jpg,chunks,0.0364,541
2025_Conforme_1_Cam_T_3_371.jpg,chataigne,0.2746,14754
2025_Conforme_1_Cam_T_3_372.jpg,vide,0.0003,2
2025_Conforme_1_Cam_T_3_373.jpg,chataigne,0.0395,1952
2025_Conforme_1_Cam_T_3_374.jpg,chataigne,0.1396,7503
2025_Conforme_1_Cam_T_3_375.jpg,chataigne,0.2154,10521
2025_Conforme_1_Cam_T_3_376.jpg,chataigne,0.0349,779
2025_Conforme_1_Cam_T_3_377.jpg,chunks,0.0009,21
2025_Conforme_1_Cam_T_3_378.jpg,chunks,0.01,275
2025_Conforme_1_Cam_T_3_379.jpg,chunks,0.0002,5
2025_Conforme_1_Cam_T_3_38.jpg,vide,0.0,0
2025_Conforme_1_Cam_T_3_380.jpg,chunks,0.0663,2883
2025_Conforme_1_Cam_T_3_381.jpg,vide,0.0,1
2025_Conforme_1_Cam_T_3_382.jpg,multiple,0.141,6412
2025_Conforme_1_Cam_T_3_383.jpg,chataigne,0.031,956
2025_Conforme_1_Cam_T_3_384.jpg,vide,0.0,0
2025_Conforme_1_Cam_T_3_385.jpg,chataigne,0.1465,8068
2025_Conforme_1_Cam_T_3_386.jpg,chataigne,0.098,1817
2025_Conforme_1_Cam_T_3_387.jpg,vide,0.0,0
2025_Conforme_1_Cam_T_3_388.jpg,chataigne,0.0287,599
2025_Conforme_1_Cam_T_3_389.jpg,chataigne,0.0057,59
2025_Conforme_1_Cam_T_3_39.jpg,chataigne,0.001,9
2025_Conforme_1_Cam_T_3_390.jpg,chataigne,0.0758,3453
2025_Conforme_1_Cam_T_3_391.jpg,chataigne,0.0359,661
2025_Conforme_1_Cam_T_3_392.jpg,chataigne,0.0489,933
2025_Conforme_1_Cam_T_3_393.jpg,chunks,0.005,147
2025_Conforme_1_Cam_T_3_394.jpg,multiple,0.1286,3206
2025_Conforme_1_Cam_T_3_395.jpg,chunks,0.0003,3
2025_Conforme_1_Cam_T_3_396.jpg,vide,0.0002,5
2025_Conforme_1_Cam_T_3_397.jpg,vide,0.0,1
2025_Conforme_1_Cam_T_3_398.jpg,chataigne,0.0545,2739
2025_Conforme_1_Cam_T_3_399.jpg,vide,0.0002,7
2025_Conforme_1_Cam_T_3_4.jpg,vide,0.0,0
2025_Conforme_1_Cam_T_3_40.jpg,chataigne,0.0964,3158
2025_Conforme_1_Cam_T_3_400.jpg,chataigne,0.2168,12334
2025_Conforme_1_Cam_T_3_401.jpg,multiple,0.2198,7081
2025_Conforme_1_Cam_T_3_402.jpg,chataigne,0.0651,3028
2025_Conforme_1_Cam_T_3_403.jpg,vide,0.0,1
2025_Conforme_1_Cam_T_3_404.jpg,vide,0.0,0
2025_Conforme_1_Cam_T_3_405.jpg,chataigne,0.004,89
2025_Conforme_1_Cam_T_3_406.jpg,chataigne,0.0524,560
2025_Conforme_1_Cam_T_3_407.jpg,chataigne,0.0219,722
2025_Conforme_1_Cam_T_3_408.jpg,chataigne,0.1924,9810
2025_Conforme_1_Cam_T_3_409.jpg,chataigne,0.1542,2028
2025_Conforme_1_Cam_T_3_41.jpg,vide,0.0001,4
2025_Conforme_1_Cam_T_3_410.jpg,chataigne,0.1507,3082
2025_Conforme_1_Cam_T_3_411.jpg,chataigne,0.0177,161
2025_Conforme_1_Cam_T_3_412.jpg,vide,0.0,0
2025_Conforme_1_Cam_T_3_413.jpg,vide,0.0,0
2025_Conforme_1_Cam_T_3_414.jpg,chunks,0.0037,102
2025_Conforme_1_Cam_T_3_415.jpg,chataigne,0.0089,212
2025_Conforme_1_Cam_T_3_416.jpg,chataigne,0.0199,645
2025_Conforme_1_Cam_T_3_417.jpg,chataigne,0.0644,1303
2025_Conforme_1_Cam_T_3_418.jpg,chunks,0.0014,36
2025_Conforme_1_Cam_T_3_419.jpg,chataigne,0.0269,447
2025_Conforme_1_Cam_T_3_42.jpg,vide,0.0009,8
2025_Conforme_1_Cam_T_3_420.jpg,chataigne,0.0098,227
2025_Conforme_1_Cam_T_3_421.jpg,chataigne,0.3205,17969
2025_Conforme_1_Cam_T_3_422.jpg,chataigne,0.0006,8
2025_Conforme_1_Cam_T_3_423.jpg,chataigne,0.0206,230
2025_Conforme_1_Cam_T_3_424.jpg,chataigne,0.0206,604
2025_Conforme_1_Cam_T_3_425.jpg,chunks,0.0054,100
2025_Conforme_1_Cam_T_3_426.jpg,vide,0.0,0
2025_Conforme_1_Cam_T_3_427.jpg,chataigne,0.0349,152
2025_Conforme_1_Cam_T_3_428.jpg,chataigne,0.0105,181
2025_Conforme_1_Cam_T_3_429.jpg,chataigne,0.0578,2679
2025_Conforme_1_Cam_T_3_43.jpg,chunks,0.0079,239
2025_Conforme_1_Cam_T_3_430.jpg,chataigne,0.0455,628
2025_Conforme_1_Cam_T_3_431.jpg,chataigne,0.0005,8
2025_Conforme_1_Cam_T_3_432.jpg,vide,0.0,2
2025_Conforme_1_Cam_T_3_433.jpg,chataigne,0.0834,3893
2025_Conforme_1_Cam_T_3_434.jpg,chataigne,0.0293,489
2025_Conforme_1_Cam_T_3_435.jpg,chataigne,0.0276,238
2025_Conforme_1_Cam_T_3_436.jpg,vide,0.0,0
2025_Conforme_1_Cam_T_3_437.jpg,chataigne,0.3177,15657
2025_Conforme_1_Cam_T_3_438.jpg,chataigne,0.1177,5712
2025_Conforme_1_Cam_T_3_439.jpg,chataigne,0.2569,13021
2025_Conforme_1_Cam_T_3_44.jpg,chunks,0.0235,1233
2025_Conforme_1_Cam_T_3_440.jpg,chataigne,0.057,466
2025_Conforme_1_Cam_T_3_441.jpg,chunks,0.0016,33
2025_Conforme_1_Cam_T_3_442.jpg,chunks,0.0117,102
2025_Conforme_1_Cam_T_3_443.jpg,chataigne,0.2756,15366
2025_Conforme_1_Cam_T_3_444.jpg,multiple,0.1268,1242
2025_Conforme_1_Cam_T_3_445.jpg,chataigne,0.0325,755
2025_Conforme_1_Cam_T_3_446.jpg,chataigne,0.2769,16069
2025_Conforme_1_Cam_T_3_447.jpg,multiple,0.1955,7514
2025_Conforme_1_Cam_T_3_448.jpg,chunks,0.021,285
2025_Conforme_1_Cam_T_3_449.jpg,multiple,0.1709,6442
2025_Conforme_1_Cam_T_3_45.jpg,chataigne,0.2622,15250
2025_Conforme_1_Cam_T_3_450.jpg,chataigne,0.0327,879
2025_Conforme_1_Cam_T_3_451.jpg,chataigne,0.0832,828
2025_Conforme_1_Cam_T_3_452.jpg,chataigne,0.108,5199
2025_Conforme_1_Cam_T_3_453.jpg,chataigne,0.0425,1216
2025_Conforme_1_Cam_T_3_454.jpg,chataigne,0.0758,3435
2025_Conforme_1_Cam_T_3_455.jpg,chataigne,0.0017,18
2025_Conforme_1_Cam_T_3_456.jpg,chunks,0.148,7809
2025_Conforme_1_Cam_T_3_457.jpg,chataigne,0.154,8416
2025_Conforme_1_Cam_T_3_458.jpg,multiple,0.2135,9327
2025_Conforme_1_Cam_T_3_459.jpg,chataigne,0.0704,2352
2025_Conforme_1_Cam_T_3_46.jpg,chataigne,0.19,11305
2025_Conforme_1_Cam_T_3_460.jpg,multiple,0.2284,12345
2025_Conforme_1_Cam_T_3_461.jpg,chataigne,0.0658,1021
2025_Conforme_1_Cam_T_3_462.jpg,chataigne,0.0703,958
2025_Conforme_1_Cam_T_3_463.jpg,multiple,0.0706,3130
2025_Conforme_1_Cam_T_3_464.jpg,multiple,0.1557,8763
2025_Conforme_1_Cam_T_3_465.jpg,chataigne,0.0054,180
2025_Conforme_1_Cam_T_3_466.jpg,chataigne,0.3304,19732
2025_Conforme_1_Cam_T_3_467.jpg,chunks,0.013,620
2025_Conforme_1_Cam_T_3_468.jpg,chataigne,0.124,6713
2025_Conforme_1_Cam_T_3_469.jpg,chataigne,0.0687,1830
2025_Conforme_1_Cam_T_3_47.jpg,chataigne,0.0729,3833
2025_Conforme_1_Cam_T_3_470.jpg,chataigne,0.0454,1112
2025_Conforme_1_Cam_T_3_471.jpg,chataigne,0.1282,6284
2025_Conforme_1_Cam_T_3_472.jpg,chataigne,0.0278,1368
2025_Conforme_1_Cam_T_3_473.jpg,chataigne,0.1931,8602
2025_Conforme_1_Cam_T_3_474.jpg,chataigne,0.0731,2082
2025_Conforme_1_Cam_T_3_475.jpg,chataigne,0.0319,954
2025_Conforme_1_Cam_T_3_476.jpg,multiple,0.2884,14479
2025_Conforme_1_Cam_T_3_477.jpg,chataigne,0.0601,826
2025_Conforme_1_Cam_T_3_478.jpg,chataigne,0.14,7022
2025_Conforme_1_Cam_T_3_479.jpg,chataigne,0.0914,4205
2025_Conforme_1_Cam_T_3_48.jpg,chataigne,0.241,12713
2025_Conforme_1_Cam_T_3_480.jpg,multiple,0.2954,14943
2025_Conforme_1_Cam_T_3_481.jpg,chataigne,0.2302,12374
2025_Conforme_1_Cam_T_3_482.jpg,chataigne,0.024,329
2025_Conforme_1_Cam_T_3_483.jpg,chunks,0.0016,12
2025_Conforme_1_Cam_T_3_484.jpg,chataigne,0.1605,7372
2025_Conforme_1_Cam_T_3_485.jpg,vide,0.0001,3
2025_Conforme_1_Cam_T_3_486.jpg,chataigne,0.247,14886
2025_Conforme_1_Cam_T_3_487.jpg,chataigne,0.09,4421
2025_Conforme_1_Cam_T_3_488.jpg,vide,0.0,0
2025_Conforme_1_Cam_T_3_489.jpg,multiple,0.175,5570
2025_Conforme_1_Cam_T_3_49.jpg,chunks,0.0062,171
2025_Conforme_1_Cam_T_3_490.jpg,chataigne,0.1076,4131
2025_Conforme_1_Cam_T_3_491.jpg,chataigne,0.0645,1560
2025_Conforme_1_Cam_T_3_492.jpg,vide,0.0,0
2025_Conforme_1_Cam_T_3_493.jpg,chataigne,0.0243,209
2025_Conforme_1_Cam_T_3_495.jpg,chataigne,0.1286,3639
2025_Conforme_1_Cam_T_3_496.jpg,chataigne,0.051,397
2025_Conforme_1_Cam_T_3_497.jpg,chataigne,0.1823,9329
2025_Conforme_1_Cam_T_3_498.jpg,vide,0.0,0
2025_Conforme_1_Cam_T_3_499.jpg,chataigne,0.0989,3205
2025_Conforme_1_Cam_T_3_5.jpg,vide,0.0,0
2025_Conforme_1_Cam_T_3_50.jpg,chataigne,0.1591,7316
2025_Conforme_1_Cam_T_3_500.jpg,chataigne,0.0226,370
2025_Conforme_1_Cam_T_3_501.jpg,chataigne,0.0273,313
2025_Conforme_1_Cam_T_3_502.jpg,chataigne,0.076,3752
2025_Conforme_1_Cam_T_3_503.jpg,chataigne,0.0859,2957
2025_Conforme_1_Cam_T_3_504.jpg,chataigne,0.0226,138
2025_Conforme_1_Cam_T_3_505.jpg,multiple,0.1067,4227
2025_Conforme_1_Cam_T_3_506.jpg,multiple,0.0924,2149
2025_Conforme_1_Cam_T_3_507.jpg,chataigne,0.0126,75
2025_Conforme_1_Cam_T_3_508.jpg,chataigne,0.0205,224
2025_Conforme_1_Cam_T_3_509.jpg,chataigne,0.0543,2538
2025_Conforme_1_Cam_T_3_51.jpg,chataigne,0.119,5649
2025_Conforme_1_Cam_T_3_510.jpg,chataigne,0.2404,13758
2025_Conforme_1_Cam_T_3_511.jpg,chataigne,0.112,4611
2025_Conforme_1_Cam_T_3_512.jpg,chunks,0.0066,302
2025_Conforme_1_Cam_T_3_513.jpg,chataigne,0.0091,144
2025_Conforme_1_Cam_T_3_514.jpg,chataigne,0.2756,11719
2025_Conforme_1_Cam_T_3_515.jpg,vide,0.0,0
2025_Conforme_1_Cam_T_3_516.jpg,multiple,0.1812,4157
2025_Conforme_1_Cam_T_3_517.jpg,chataigne,0.0207,614
2025_Conforme_1_Cam_T_3_518.jpg,chunks,0.0003,4
2025_Conforme_1_Cam_T_3_519.jpg,chataigne,0.0547,544
2025_Conforme_1_Cam_T_3_52.jpg,chataigne,0.1055,4721
2025_Conforme_1_Cam_T_3_520.jpg,chataigne,0.0501,2217
2025_Conforme_1_Cam_T_3_521.jpg,chataigne,0.2702,16023
2025_Conforme_1_Cam_T_3_522.jpg,multiple,0.119,2630
2025_Conforme_1_Cam_T_3_523.jpg,chataigne,0.0904,1309
2025_Conforme_1_Cam_T_3_524.jpg,multiple,0.1623,8377
2025_Conforme_1_Cam_T_3_525.jpg,chataigne,0.281,14862
2025_Conforme_1_Cam_T_3_526.jpg,chataigne,0.1575,7488
2025_Conforme_1_Cam_T_3_527.jpg,chataigne,0.1209,6955
2025_Conforme_1_Cam_T_3_528.jpg,multiple,0.1549,2696
2025_Conforme_1_Cam_T_3_529.jpg,multiple,0.0882,2208
2025_Conforme_1_Cam_T_3_53.jpg,chataigne,0.0316,236
2025_Conforme_1_Cam_T_3_54.jpg,chunks,0.014,356
2025_Conforme_1_Cam_T_3_55.jpg,chataigne,0.2986,15967
2025_Conforme_1_Cam_T_3_56.jpg,chataigne,0.1686,7122
2025_Conforme_1_Cam_T_3_57.jpg,chataigne,0.1523,7609
2025_Conforme_1_Cam_T_3_58.jpg,vide,0.0,1
2025_Conforme_1_Cam_T_3_59.jpg,chataigne,0.0682,667
2025_Conforme_1_Cam_T_3_6.jpg,vide,0.0,0
2025_Conforme_1_Cam_T_3_60.jpg,vide,0.0,0
2025_Conforme_1_Cam_T_3_61.jpg,chataigne,0.1026,5398
2025_Conforme_1_Cam_T_3_62.jpg,multiple,0.0322,326
2025_Conforme_1_Cam_T_3_63.jpg,chunks,0.0076,304
2025_Conforme_1_Cam_T_3_64.jpg,chataigne,0.0188,404
2025_Conforme_1_Cam_T_3_65.jpg,chataigne,0.0036,21
2025_Conforme_1_Cam_T_3_66.jpg,chataigne,0.1128,6052
2025_Conforme_1_Cam_T_3_67.jpg,chataigne,0.0644,2076
2025_Conforme_1_Cam_T_3_68.jpg,chataigne,0.173,9194
2025_Conforme_1_Cam_T_3_69.jpg,chataigne,0.1111,5095
2025_Conforme_1_Cam_T_3_7.jpg,vide,0.0,0
2025_Conforme_1_Cam_T_3_70.jpg,chataigne,0.012,152
2025_Conforme_1_Cam_T_3_71.jpg,chataigne,0.0766,1919
2025_Conforme_1_Cam_T_3_72.jpg,chataigne,0.0975,2028
2025_Conforme_1_Cam_T_3_73.jpg,chataigne,0.0664,1329
2025_Conforme_1_Cam_T_3_74.jpg,chataigne,0.1062,5352
2025_Conforme_1_Cam_T_3_75.jpg,chataigne,0.0619,1106
2025_Conforme_1_Cam_T_3_76.jpg,vide,0.0001,4
2025_Conforme_1_Cam_T_3_77.jpg,chataigne,0.0269,201
2025_Conforme_1_Cam_T_3_78.jpg,vide,0.0,2
2025_Conforme_1_Cam_T_3_79.jpg,chunks,0.0088,411
2025_Conforme_1_Cam_T_3_8.jpg,vide,0.0003,5
2025_Conforme_1_Cam_T_3_80.jpg,chataigne,0.0229,554
2025_Conforme_1_Cam_T_3_81.jpg,chataigne,0.1916,5774
2025_Conforme_1_Cam_T_3_82.jpg,vide,0.0,0
2025_Conforme_1_Cam_T_3_83.jpg,chunks,0.0115,245
2025_Conforme_1_Cam_T_3_84.jpg,vide,0.0001,3
2025_Conforme_1_Cam_T_3_85.jpg,vide,0.0,2
2025_Conforme_1_Cam_T_3_86.jpg,vide,0.0,0
2025_Conforme_1_Cam_T_3_87.jpg,chataigne,0.1773,10343
2025_Conforme_1_Cam_T_3_88.jpg,chunks,0.0016,25
2025_Conforme_1_Cam_T_3_89.jpg,chunks,0.0001,3
2025_Conforme_1_Cam_T_3_9.jpg,vide,0.0,1
2025_Conforme_1_Cam_T_3_90.jpg,chataigne,0.0672,1069
2025_Conforme_1_Cam_T_3_91.jpg,chataigne,0.0468,1350
2025_Conforme_1_Cam_T_3_92.jpg,chunks,0.0099,150
2025_Conforme_1_Cam_T_3_93.jpg,chataigne,0.1187,6100
2025_Conforme_1_Cam_T_3_94.jpg,chataigne,0.0779,1577
2025_Conforme_1_Cam_T_3_95.jpg,chataigne,0.0027,33
2025_Conforme_1_Cam_T_3_96.jpg,chataigne,0.0474,2384
2025_Conforme_1_Cam_T_3_97.jpg,chataigne,0.1741,8708
2025_Conforme_1_Cam_T_3_98.jpg,chataigne,0.0648,775
2025_Conforme_1_Cam_T_3_99.jpg,chataigne,0.0335,628
2025_Conforme_1_Cam_T_4_0.jpg,vide,0.0029,11
2025_Conforme_1_Cam_T_4_1.jpg,vide,0.0038,8
2025_Conforme_1_Cam_T_4_10.jpg,vide,0.0002,4
2025_Conforme_1_Cam_T_4_100.jpg,chunks,0.0369,420
2025_Conforme_1_Cam_T_4_101.jpg,chataigne,0.1698,9121
2025_Conforme_1_Cam_T_4_102.jpg,chataigne,0.0429,1954
2025_Conforme_1_Cam_T_4_103.jpg,vide,0.0,0
2025_Conforme_1_Cam_T_4_104.jpg,vide,0.0001,4
2025_Conforme_1_Cam_T_4_105.jpg,chataigne,0.0881,4906
2025_Conforme_1_Cam_T_4_106.jpg,chataigne,0.0478,2404
2025_Conforme_1_Cam_T_4_107.jpg,vide,0.0001,2
2025_Conforme_1_Cam_T_4_108.jpg,chataigne,0.1334,7470
2025_Conforme_1_Cam_T_4_109.jpg,chataigne,0.2121,11038
2025_Conforme_1_Cam_T_4_11.jpg,vide,0.0005,8
2025_Conforme_1_Cam_T_4_110.jpg,vide,0.0007,12
2025_Conforme_1_Cam_T_4_111.jpg,chataigne,0.1861,7956
2025_Conforme_1_Cam_T_4_112.jpg,chataigne,0.1613,9500
2025_Conforme_1_Cam_T_4_113.jpg,multiple,0.1113,6138
2025_Conforme_1_Cam_T_4_114.jpg,chataigne,0.2647,15614
2025_Conforme_1_Cam_T_4_115.jpg,chataigne,0.1212,5561
2025_Conforme_1_Cam_T_4_116.jpg,chataigne,0.356,21123
2025_Conforme_1_Cam_T_4_117.jpg,vide,0.0,0
2025_Conforme_1_Cam_T_4_118.jpg,chataigne,0.0913,3798
2025_Conforme_1_Cam_T_4_119.jpg,vide,0.0016,11
2025_Conforme_1_Cam_T_4_12.jpg,vide,0.0003,5
2025_Conforme_1_Cam_T_4_120.jpg,vide,0.0001,1
2025_Conforme_1_Cam_T_4_121.jpg,chataigne,0.1736,9014
2025_Conforme_1_Cam_T_4_122.jpg,chataigne,0.1306,6814
2025_Conforme_1_Cam_T_4_123.jpg,vide,0.0001,3
2025_Conforme_1_Cam_T_4_124.jpg,chataigne,0.0342,570
2025_Conforme_1_Cam_T_4_125.jpg,vide,0.003,16
2025_Conforme_1_Cam_T_4_126.jpg,chataigne,0.2361,13148
2025_Conforme_1_Cam_T_4_127.jpg,chataigne,0.2063,11346
2025_Conforme_1_Cam_T_4_128.jpg,chataigne,0.1633,5955
2025_Conforme_1_Cam_T_4_129.jpg,chataigne,0.1264,5872
2025_Conforme_1_Cam_T_4_13.jpg,vide,0.0,0
2025_Conforme_1_Cam_T_4_130.jpg,chataigne,0.0046,102
2025_Conforme_1_Cam_T_4_131.jpg,chataigne,0.204,11517
2025_Conforme_1_Cam_T_4_132.jpg,chataigne,0.1086,5716
2025_Conforme_1_Cam_T_4_133.jpg,chataigne,0.2724,16120
2025_Conforme_1_Cam_T_4_134.jpg,chataigne,0.1309,4068
2025_Conforme_1_Cam_T_4_135.jpg,chataigne,0.2407,14516
2025_Conforme_1_Cam_T_4_136.jpg,multiple,0.2523,14026
2025_Conforme_1_Cam_T_4_137.jpg,chataigne,0.1484,7577
2025_Conforme_1_Cam_T_4_138.jpg,chataigne,0.197,11298
2025_Conforme_1_Cam_T_4_139.jpg,chataigne,0.0701,1561
2025_Conforme_1_Cam_T_4_14.jpg,vide,0.0001,6
2025_Conforme_1_Cam_T_4_140.jpg,chataigne,0.1835,7854
2025_Conforme_1_Cam_T_4_141.jpg,chataigne,0.1796,10019
2025_Conforme_1_Cam_T_4_142.jpg,chataigne,0.0959,2631
2025_Conforme_1_Cam_T_4_143.jpg,chataigne,0.1041,4632
2025_Conforme_1_Cam_T_4_144.jpg,chataigne,0.0606,2979
2025_Conforme_1_Cam_T_4_145.jpg,vide,0.0,1
2025_Conforme_1_Cam_T_4_146.jpg,chataigne,0.091,5087
2025_Conforme_1_Cam_T_4_147.jpg,chataigne,0.1622,5963
2025_Conforme_1_Cam_T_4_148.jpg,chataigne,0.0728,3974
2025_Conforme_1_Cam_T_4_149.jpg,chataigne,0.1619,9387
2025_Conforme_1_Cam_T_4_15.jpg,vide,0.0001,4
2025_Conforme_1_Cam_T_4_150.jpg,chunks,0.0052,20
2025_Conforme_1_Cam_T_4_151.jpg,chunks,0.0073,22
2025_Conforme_1_Cam_T_4_152.jpg,chataigne,0.1369,7358
2025_Conforme_1_Cam_T_4_153.jpg,chataigne,0.1942,11902
2025_Conforme_1_Cam_T_4_154.jpg,chataigne,0.1367,4327
2025_Conforme_1_Cam_T_4_155.jpg,multiple,0.1338,5290
2025_Conforme_1_Cam_T_4_156.jpg,chataigne,0.0081,66
2025_Conforme_1_Cam_T_4_157.jpg,chataigne,0.1299,3126
2025_Conforme_1_Cam_T_4_158.jpg,chataigne,0.1564,8049
2025_Conforme_1_Cam_T_4_159.jpg,chataigne,0.0567,857
2025_Conforme_1_Cam_T_4_16.jpg,vide,0.0028,10
2025_Conforme_1_Cam_T_4_160.jpg,chataigne,0.3035,17183
2025_Conforme_1_Cam_T_4_161.jpg,chataigne,0.1566,8012
2025_Conforme_1_Cam_T_4_162.jpg,chataigne,0.1842,8071
2025_Conforme_1_Cam_T_4_163.jpg,chataigne,0.2846,16540
2025_Conforme_1_Cam_T_4_164.jpg,chataigne,0.0849,3492
2025_Conforme_1_Cam_T_4_165.jpg,chataigne,0.0654,2004
2025_Conforme_1_Cam_T_4_166.jpg,chataigne,0.2298,12696
2025_Conforme_1_Cam_T_4_167.jpg,chataigne,0.3148,17049
2025_Conforme_1_Cam_T_4_168.jpg,multiple,0.5586,33702
2025_Conforme_1_Cam_T_4_169.jpg,vide,0.0,2
2025_Conforme_1_Cam_T_4_17.jpg,vide,0.0009,5
2025_Conforme_1_Cam_T_4_170.jpg,chataigne,0.0482,1613
2025_Conforme_1_Cam_T_4_171.jpg,chataigne,0.1784,10377
2025_Conforme_1_Cam_T_4_172.jpg,chataigne,0.2968,14975
2025_Conforme_1_Cam_T_4_173.jpg,chataigne,0.2609,15269
2025_Conforme_1_Cam_T_4_174.jpg,chataigne,0.2735,14786
2025_Conforme_1_Cam_T_4_175.jpg,chataigne,0.1756,8537
2025_Conforme_1_Cam_T_4_176.jpg,chataigne,0.1339,7179
2025_Conforme_1_Cam_T_4_177.jpg,multiple,0.1503,7013
2025_Conforme_1_Cam_T_4_178.jpg,chataigne,0.3355,20267
2025_Conforme_1_Cam_T_4_179.jpg,chataigne,0.249,14950
2025_Conforme_1_Cam_T_4_18.jpg,vide,0.0004,5
2025_Conforme_1_Cam_T_4_180.jpg,chunks,0.0089,381
2025_Conforme_1_Cam_T_4_181.jpg,chataigne,0.2463,13728
2025_Conforme_1_Cam_T_4_182.jpg,chataigne,0.2302,13698
2025_Conforme_1_Cam_T_4_183.jpg,chataigne,0.2735,16438
2025_Conforme_1_Cam_T_4_184.jpg,chataigne,0.1576,7893
2025_Conforme_1_Cam_T_4_185.jpg,chataigne,0.1316,5653
2025_Conforme_1_Cam_T_4_186.jpg,chataigne,0.2523,12588
2025_Conforme_1_Cam_T_4_187.jpg,chataigne,0.237,12816
2025_Conforme_1_Cam_T_4_188.jpg,chataigne,0.0817,2678
2025_Conforme_1_Cam_T_4_189.jpg,chataigne,0.0257,1229
2025_Conforme_1_Cam_T_4_19.jpg,vide,0.0005,5
2025_Conforme_1_Cam_T_4_190.jpg,chataigne,0.1911,11390
2025_Conforme_1_Cam_T_4_191.jpg,chataigne,0.2734,14658
2025_Conforme_1_Cam_T_4_192.jpg,chataigne,0.1973,11205
2025_Conforme_1_Cam_T_4_193.jpg,chataigne,0.1059,1808
2025_Conforme_1_Cam_T_4_194.jpg,chataigne,0.2109,12538
2025_Conforme_1_Cam_T_4_195.jpg,chataigne,0.1415,7052
2025_Conforme_1_Cam_T_4_196.jpg,chataigne,0.2528,13568
2025_Conforme_1_Cam_T_4_197.jpg,chataigne,0.0894,4857
2025_Conforme_1_Cam_T_4_198.jpg,chataigne,0.0455,1754
2025_Conforme_1_Cam_T_4_199.jpg,chataigne,0.231,13456
2025_Conforme_1_Cam_T_4_2.jpg,vide,0.0012,13
2025_Conforme_1_Cam_T_4_20.jpg,vide,0.0002,4
2025_Conforme_1_Cam_T_4_200.jpg,multiple,0.1731,10362
2025_Conforme_1_Cam_T_4_201.jpg,chataigne,0.0625,3327
2025_Conforme_1_Cam_T_4_202.jpg,chataigne,0.1735,9076
2025_Conforme_1_Cam_T_4_203.jpg,vide,0.003,11
2025_Conforme_1_Cam_T_4_204.jpg,chataigne,0.2884,14586
2025_Conforme_1_Cam_T_4_205.jpg,vide,0.0016,10
2025_Conforme_1_Cam_T_4_206.jpg,chataigne,0.2413,12679
2025_Conforme_1_Cam_T_4_207.jpg,multiple,0.3876,20929
2025_Conforme_1_Cam_T_4_208.jpg,chataigne,0.1762,9121
2025_Conforme_1_Cam_T_4_209.jpg,chataigne,0.0697,3359
2025_Conforme_1_Cam_T_4_21.jpg,vide,0.0001,4
2025_Conforme_1_Cam_T_4_210.jpg,chunks,0.0078,80
2025_Conforme_1_Cam_T_4_211.jpg,chataigne,0.025,742
2025_Conforme_1_Cam_T_4_212.jpg,vide,0.0001,3
2025_Conforme_1_Cam_T_4_213.jpg,chataigne,0.1256,7074
2025_Conforme_1_Cam_T_4_214.jpg,chataigne,0.057,1455
2025_Conforme_1_Cam_T_4_215.jpg,chataigne,0.0371,1288
2025_Conforme_1_Cam_T_4_216.jpg,chataigne,0.0041,21
2025_Conforme_1_Cam_T_4_217.jpg,chataigne,0.1608,9725
2025_Conforme_1_Cam_T_4_218.jpg,vide,0.0036,12
2025_Conforme_1_Cam_T_4_219.jpg,chunks,0.0014,22
2025_Conforme_1_Cam_T_4_22.jpg,vide,0.0001,4
2025_Conforme_1_Cam_T_4_220.jpg,chataigne,0.2056,11654
2025_Conforme_1_Cam_T_4_221.jpg,vide,0.0043,9
2025_Conforme_1_Cam_T_4_222.jpg,vide,0.0037,13
2025_Conforme_1_Cam_T_4_223.jpg,multiple,0.4612,24220
2025_Conforme_1_Cam_T_4_224.jpg,vide,0.0002,3
2025_Conforme_1_Cam_T_4_225.jpg,vide,0.0002,4
2025_Conforme_1_Cam_T_4_226.jpg,chataigne,0.0258,497
2025_Conforme_1_Cam_T_4_227.jpg,vide,0.0001,3
2025_Conforme_1_Cam_T_4_228.jpg,vide,0.0002,3
2025_Conforme_1_Cam_T_4_229.jpg,chataigne,0.3415,17190
2025_Conforme_1_Cam_T_4_23.jpg,vide,0.0015,6
2025_Conforme_1_Cam_T_4_230.jpg,chataigne,0.074,4396
2025_Conforme_1_Cam_T_4_231.jpg,chataigne,0.2066,11772
2025_Conforme_1_Cam_T_4_232.jpg,chataigne,0.0905,5132
2025_Conforme_1_Cam_T_4_233.jpg,chataigne,0.005,44
2025_Conforme_1_Cam_T_4_234.jpg,chataigne,0.0951,5608
2025_Conforme_1_Cam_T_4_235.jpg,chataigne,0.1875,11208
2025_Conforme_1_Cam_T_4_236.jpg,chataigne,0.1543,9250
2025_Conforme_1_Cam_T_4_237.jpg,chataigne,0.0318,1013
2025_Conforme_1_Cam_T_4_238.jpg,chataigne,0.2484,12534
2025_Conforme_1_Cam_T_4_239.jpg,chataigne,0.212,10068
2025_Conforme_1_Cam_T_4_24.jpg,vide,0.0003,6
2025_Conforme_1_Cam_T_4_240.jpg,chataigne,0.21,10143
2025_Conforme_1_Cam_T_4_241.jpg,chataigne,0.025,374
2025_Conforme_1_Cam_T_4_242.jpg,chataigne,0.0008,14
2025_Conforme_1_Cam_T_4_243.jpg,chataigne,0.2624,13226
2025_Conforme_1_Cam_T_4_244.jpg,vide,0.0011,9
2025_Conforme_1_Cam_T_4_245.jpg,chataigne,0.1655,8987
2025_Conforme_1_Cam_T_4_246.jpg,vide,0.0008,5
2025_Conforme_1_Cam_T_4_247.jpg,vide,0.0004,4
2025_Conforme_1_Cam_T_4_248.jpg,chataigne,0.0556,2254
2025_Conforme_1_Cam_T_4_249.jpg,chataigne,0.1846,10135
2025_Conforme_1_Cam_T_4_25.jpg,vide,0.0001,2
2025_Conforme_1_Cam_T_4_250.jpg,chataigne,0.0108,242
2025_Conforme_1_Cam_T_4_251.jpg,chataigne,0.159,8367
2025_Conforme_1_Cam_T_4_252.jpg,chunks,0.0892,4734
2025_Conforme_1_Cam_T_4_253.jpg,chataigne,0.2076,12480
2025_Conforme_1_Cam_T_4_254.jpg,chunks,0.0299,1068
2025_Conforme_1_Cam_T_4_255.jpg,chataigne,0.2247,12366
2025_Conforme_1_Cam_T_4_256.jpg,chataigne,0.1664,9688
2025_Conforme_1_Cam_T_4_257.jpg,chunks,0.0011,18
2025_Conforme_1_Cam_T_4_258.jpg,chataigne,0.1796,9346
2025_Conforme_1_Cam_T_4_259.jpg,chataigne,0.0149,349
2025_Conforme_1_Cam_T_4_26.jpg,vide,0.0007,9
2025_Conforme_1_Cam_T_4_260.jpg,chataigne,0.0164,383
2025_Conforme_1_Cam_T_4_261.jpg,chataigne,0.2853,17125
2025_Conforme_1_Cam_T_4_262.jpg,chataigne,0.2594,14057
2025_Conforme_1_Cam_T_4_263.jpg,chunks,0.0128,573
2025_Conforme_1_Cam_T_4_264.jpg,multiple,0.1933,7754
2025_Conforme_1_Cam_T_4_265.jpg,chataigne,0.0156,441
2025_Conforme_1_Cam_T_4_266.jpg,chataigne,0.1533,5774
2025_Conforme_1_Cam_T_4_267.jpg,chataigne,0.2338,12600
2025_Conforme_1_Cam_T_4_268.jpg,multiple,0.2603,12497
2025_Conforme_1_Cam_T_4_269.jpg,chataigne,0.2047,5448
2025_Conforme_1_Cam_T_4_27.jpg,vide,0.0,2
2025_Conforme_1_Cam_T_4_270.jpg,chataigne,0.3633,21886
2025_Conforme_1_Cam_T_4_271.jpg,chataigne,0.3224,19561
2025_Conforme_1_Cam_T_4_272.jpg,chataigne,0.0957,4882
2025_Conforme_1_Cam_T_4_273.jpg,chataigne,0.3991,23901
2025_Conforme_1_Cam_T_4_274.jpg,chataigne,0.1233,6881
2025_Conforme_1_Cam_T_4_275.jpg,chataigne,0.34,18466
2025_Conforme_1_Cam_T_4_276.jpg,multiple,0.3745,18810
2025_Conforme_1_Cam_T_4_277.jpg,chataigne,0.1837,10976
2025_Conforme_1_Cam_T_4_278.jpg,multiple,0.1222,6435
2025_Conforme_1_Cam_T_4_279.jpg,chataigne,0.0379,1538
2025_Conforme_1_Cam_T_4_28.jpg,vide,0.0001,2
2025_Conforme_1_Cam_T_4_280.jpg,chataigne,0.1937,11827
2025_Conforme_1_Cam_T_4_281.jpg,chataigne,0.1126,1633
2025_Conforme_1_Cam_T_4_282.jpg,chataigne,0.052,1010
2025_Conforme_1_Cam_T_4_283.jpg,chataigne,0.1363,7301
2025_Conforme_1_Cam_T_4_284.jpg,chataigne,0.1498,7072
2025_Conforme_1_Cam_T_4_285.jpg,chunks,0.0013,31
2025_Conforme_1_Cam_T_4_286.jpg,chataigne,0.1634,9672
2025_Conforme_1_Cam_T_4_287.jpg,chataigne,0.0426,1005
2025_Conforme_1_Cam_T_4_288.jpg,chataigne,0.2297,13558
2025_Conforme_1_Cam_T_4_289.jpg,chataigne,0.145,8328
2025_Conforme_1_Cam_T_4_29.jpg,vide,0.0,1
2025_Conforme_1_Cam_T_4_290.jpg,chataigne,0.1182,7092
2025_Conforme_1_Cam_T_4_291.jpg,chataigne,0.1009,5369
2025_Conforme_1_Cam_T_4_292.jpg,chataigne,0.1317,4727
2025_Conforme_1_Cam_T_4_293.jpg,chataigne,0.0438,877
2025_Conforme_1_Cam_T_4_294.jpg,chataigne,0.027,878
2025_Conforme_1_Cam_T_4_295.jpg,chataigne,0.3297,17452
2025_Conforme_1_Cam_T_4_296.jpg,chataigne,0.248,12882
2025_Conforme_1_Cam_T_4_297.jpg,chataigne,0.0667,3934
2025_Conforme_1_Cam_T_4_298.jpg,chataigne,0.2231,12814
2025_Conforme_1_Cam_T_4_299.jpg,chataigne,0.2992,17821
2025_Conforme_1_Cam_T_4_3.jpg,vide,0.0036,14
2025_Conforme_1_Cam_T_4_30.jpg,vide,0.0,0
2025_Conforme_1_Cam_T_4_300.jpg,chataigne,0.1444,7191
2025_Conforme_1_Cam_T_4_301.jpg,multiple,0.2585,12799
2025_Conforme_1_Cam_T_4_302.jpg,chataigne,0.1625,8495
2025_Conforme_1_Cam_T_4_303.jpg,chataigne,0.2738,14586
2025_Conforme_1_Cam_T_4_304.jpg,chataigne,0.1899,11084
2025_Conforme_1_Cam_T_4_305.jpg,chataigne,0.2631,13052
2025_Conforme_1_Cam_T_4_306.jpg,chataigne,0.0839,3616
2025_Conforme_1_Cam_T_4_307.jpg,chataigne,0.2913,17114
2025_Conforme_1_Cam_T_4_308.jpg,chataigne,0.1234,6072
2025_Conforme_1_Cam_T_4_309.jpg,chataigne,0.2628,14031
2025_Conforme_1_Cam_T_4_31.jpg,vide,0.0005,5
2025_Conforme_1_Cam_T_4_310.jpg,chataigne,0.2746,15388
2025_Conforme_1_Cam_T_4_311.jpg,chataigne,0.2975,17576
2025_Conforme_1_Cam_T_4_312.jpg,chataigne,0.1653,8679
2025_Conforme_1_Cam_T_4_313.jpg,chataigne,0.1342,7902
2025_Conforme_1_Cam_T_4_314.jpg,chataigne,0.2331,13762
2025_Conforme_1_Cam_T_4_315.jpg,multiple,0.3101,16854
2025_Conforme_1_Cam_T_4_316.jpg,chataigne,0.1534,8852
2025_Conforme_1_Cam_T_4_317.jpg,chataigne,0.2351,13893
2025_Conforme_1_Cam_T_4_318.jpg,chataigne,0.096,2402
2025_Conforme_1_Cam_T_4_319.jpg,chataigne,0.2374,13793
2025_Conforme_1_Cam_T_4_32.jpg,vide,0.0,0
2025_Conforme_1_Cam_T_4_320.jpg,chataigne,0.1935,7616
2025_Conforme_1_Cam_T_4_321.jpg,chunks,0.1104,5634
2025_Conforme_1_Cam_T_4_322.jpg,vide,0.0042,12
2025_Conforme_1_Cam_T_4_323.jpg,chataigne,0.211,11732
2025_Conforme_1_Cam_T_4_324.jpg,chataigne,0.1228,5811
2025_Conforme_1_Cam_T_4_325.jpg,chataigne,0.0598,3417
2025_Conforme_1_Cam_T_4_326.jpg,chunks,0.0069,77
2025_Conforme_1_Cam_T_4_327.jpg,chataigne,0.0483,1647
2025_Conforme_1_Cam_T_4_328.jpg,chataigne,0.2436,14547
2025_Conforme_1_Cam_T_4_329.jpg,chataigne,0.2894,17272
2025_Conforme_1_Cam_T_4_33.jpg,vide,0.0013,12
2025_Conforme_1_Cam_T_4_330.jpg,chataigne,0.1753,9644
2025_Conforme_1_Cam_T_4_331.jpg,chataigne,0.2687,15404
2025_Conforme_1_Cam_T_4_332.jpg,multiple,0.096,5336
2025_Conforme_1_Cam_T_4_333.jpg,chataigne,0.1584,8074
2025_Conforme_1_Cam_T_4_334.jpg,chataigne,0.0768,1543
2025_Conforme_1_Cam_T_4_335.jpg,chataigne,0.1926,10712
2025_Conforme_1_Cam_T_4_336.jpg,chataigne,0.0665,3922
2025_Conforme_1_Cam_T_4_337.jpg,chataigne,0.0772,3930
2025_Conforme_1_Cam_T_4_338.jpg,chunks,0.0088,200
2025_Conforme_1_Cam_T_4_339.jpg,chataigne,0.1925,9431
2025_Conforme_1_Cam_T_4_34.jpg,vide,0.0005,17
2025_Conforme_1_Cam_T_4_340.jpg,chunks,0.0233,688
2025_Conforme_1_Cam_T_4_341.jpg,chunks,0.0249,218
2025_Conforme_1_Cam_T_4_342.jpg,vide,0.0002,8
2025_Conforme_1_Cam_T_4_343.jpg,chataigne,0.0477,1194
2025_Conforme_1_Cam_T_4_344.jpg,chataigne,0.1198,6471
2025_Conforme_1_Cam_T_4_345.jpg,chataigne,0.0759,867
2025_Conforme_1_Cam_T_4_346.jpg,chunks,0.004,14
2025_Conforme_1_Cam_T_4_347.jpg,chataigne,0.1047,5842
2025_Conforme_1_Cam_T_4_348.jpg,vide,0.0001,2
2025_Conforme_1_Cam_T_4_349.jpg,chataigne,0.0849,4292
2025_Conforme_1_Cam_T_4_35.jpg,vide,0.0011,8
2025_Conforme_1_Cam_T_4_350.jpg,chataigne,0.0468,2136
2025_Conforme_1_Cam_T_4_351.jpg,chataigne,0.0716,3961
2025_Conforme_1_Cam_T_4_352.jpg,chataigne,0.0303,305
2025_Conforme_1_Cam_T_4_353.jpg,chataigne,0.1821,9687
2025_Conforme_1_Cam_T_4_354.jpg,chataigne,0.2934,17738
2025_Conforme_1_Cam_T_4_355.jpg,chataigne,0.3371,17801
2025_Conforme_1_Cam_T_4_356.jpg,chataigne,0.2817,16748
2025_Conforme_1_Cam_T_4_357.jpg,chunks,0.0446,2092
2025_Conforme_1_Cam_T_4_358.jpg,chunks,0.1173,6559
2025_Conforme_1_Cam_T_4_359.jpg,vide,0.0016,8
2025_Conforme_1_Cam_T_4_36.jpg,vide,0.0001,1
2025_Conforme_1_Cam_T_4_360.jpg,chataigne,0.2713,16452
2025_Conforme_1_Cam_T_4_361.jpg,chataigne,0.1823,10343
2025_Conforme_1_Cam_T_4_362.jpg,chataigne,0.3214,16880
2025_Conforme_1_Cam_T_4_363.jpg,chunks,0.052,2956
2025_Conforme_1_Cam_T_4_364.jpg,chataigne,0.2907,15554
2025_Conforme_1_Cam_T_4_365.jpg,chunks,0.0048,147
2025_Conforme_1_Cam_T_4_366.jpg,chataigne,0.1011,4368
2025_Conforme_1_Cam_T_4_367.jpg,chataigne,0.1514,8831
2025_Conforme_1_Cam_T_4_368.jpg,vide,0.0012,13
2025_Conforme_1_Cam_T_4_369.jpg,chataigne,0.1009,3978
2025_Conforme_1_Cam_T_4_37.jpg,vide,0.0004,5
2025_Conforme_1_Cam_T_4_370.jpg,vide,0.0005,6
2025_Conforme_1_Cam_T_4_371.jpg,chunks,0.0035,43
2025_Conforme_1_Cam_T_4_372.jpg,chataigne,0.0346,313
2025_Conforme_1_Cam_T_4_373.jpg,chataigne,0.1887,11033
2025_Conforme_1_Cam_T_4_374.jpg,chataigne,0.2352,13562
2025_Conforme_1_Cam_T_4_375.jpg,chataigne,0.1373,7807
2025_Conforme_1_Cam_T_4_376.jpg,chataigne,0.356,20029
2025_Conforme_1_Cam_T_4_377.jpg,chataigne,0.0769,4593
2025_Conforme_1_Cam_T_4_378.jpg,chataigne,0.07,1742
2025_Conforme_1_Cam_T_4_379.jpg,chunks,0.0148,479
2025_Conforme_1_Cam_T_4_38.jpg,chataigne,0.2711,13159
2025_Conforme_1_Cam_T_4_380.jpg,chunks,0.0063,249
2025_Conforme_1_Cam_T_4_381.jpg,chataigne,0.0903,4917
2025_Conforme_1_Cam_T_4_382.jpg,chataigne,0.1368,7065
2025_Conforme_1_Cam_T_4_383.jpg,vide,0.0006,8
2025_Conforme_1_Cam_T_4_384.jpg,chunks,0.0542,1687
2025_Conforme_1_Cam_T_4_385.jpg,chunks,0.0045,30
2025_Conforme_1_Cam_T_4_386.jpg,chunks,0.0161,701
2025_Conforme_1_Cam_T_4_387.jpg,chataigne,0.1622,7592
2025_Conforme_1_Cam_T_4_388.jpg,chataigne,0.04,1945
2025_Conforme_1_Cam_T_4_389.jpg,chataigne,0.2937,17796
2025_Conforme_1_Cam_T_4_39.jpg,vide,0.0001,3
2025_Conforme_1_Cam_T_4_390.jpg,chataigne,0.1665,8904
2025_Conforme_1_Cam_T_4_391.jpg,vide,0.0003,4
2025_Conforme_1_Cam_T_4_392.jpg,vide,0.0,1
2025_Conforme_1_Cam_T_4_393.jpg,chataigne,0.1672,9677
2025_Conforme_1_Cam_T_4_394.jpg,chataigne,0.2588,15469
2025_Conforme_1_Cam_T_4_395.jpg,vide,0.0001,2
2025_Conforme_1_Cam_T_4_396.jpg,chunks,0.0143,362
2025_Conforme_1_Cam_T_4_397.jpg,chataigne,0.1805,8917
2025_Conforme_1_Cam_T_4_398.jpg,chataigne,0.1515,8187
2025_Conforme_1_Cam_T_4_399.jpg,chataigne,0.1975,9176
2025_Conforme_1_Cam_T_4_4.jpg,vide,0.0024,8
2025_Conforme_1_Cam_T_4_40.jpg,vide,0.0028,9
2025_Conforme_1_Cam_T_4_400.jpg,chunks,0.0066,146
2025_Conforme_1_Cam_T_4_401.jpg,chunks,0.0142,256
2025_Conforme_1_Cam_T_4_402.jpg,chataigne,0.0852,4935
2025_Conforme_1_Cam_T_4_403.jpg,chunks,0.0127,254
2025_Conforme_1_Cam_T_4_404.jpg,chataigne,0.0662,3806
2025_Conforme_1_Cam_T_4_405.jpg,chataigne,0.1065,4842
2025_Conforme_1_Cam_T_4_406.jpg,chataigne,0.1067,6368
2025_Conforme_1_Cam_T_4_407.jpg,chataigne,0.1311,6566
2025_Conforme_1_Cam_T_4_408.jpg,chataigne,0.1637,8961
2025_Conforme_1_Cam_T_4_409.jpg,vide,0.0,0
2025_Conforme_1_Cam_T_4_41.jpg,vide,0.0033,14
2025_Conforme_1_Cam_T_4_410.jpg,chataigne,0.0245,177
2025_Conforme_1_Cam_T_4_411.jpg,chataigne,0.258,15582
2025_Conforme_1_Cam_T_4_412.jpg,vide,0.0005,4
2025_Conforme_1_Cam_T_4_413.jpg,chataigne,0.0216,426
2025_Conforme_1_Cam_T_4_414.jpg,chataigne,0.0643,2063
2025_Conforme_1_Cam_T_4_415.jpg,chataigne,0.0741,3092
2025_Conforme_1_Cam_T_4_416.jpg,chataigne,0.1394,7448
2025_Conforme_1_Cam_T_4_417.jpg,vide,0.0,0
2025_Conforme_1_Cam_T_4_418.jpg,vide,0.0019,12
2025_Conforme_1_Cam_T_4_419.jpg,multiple,0.0802,1898
2025_Conforme_1_Cam_T_4_42.jpg,chataigne,0.3657,19878
2025_Conforme_1_Cam_T_4_420.jpg,chataigne,0.2439,12404
2025_Conforme_1_Cam_T_4_421.jpg,chataigne,0.1865,11170
2025_Conforme_1_Cam_T_4_422.jpg,vide,0.0,2
2025_Conforme_1_Cam_T_4_423.jpg,chataigne,0.0591,631
2025_Conforme_1_Cam_T_4_424.jpg,chataigne,0.1813,10910
2025_Conforme_1_Cam_T_4_425.jpg,chataigne,0.0255,1206
2025_Conforme_1_Cam_T_4_426.jpg,chataigne,0.0974,5135
2025_Conforme_1_Cam_T_4_427.jpg,chataigne,0.1248,7524
2025_Conforme_1_Cam_T_4_428.jpg,chunks,0.0008,10
2025_Conforme_1_Cam_T_4_429.jpg,chataigne,0.2211,13138
2025_Conforme_1_Cam_T_4_43.jpg,vide,0.0002,5
2025_Conforme_1_Cam_T_4_430.jpg,chataigne,0.0479,1314
2025_Conforme_1_Cam_T_4_431.jpg,chataigne,0.1293,7274
2025_Conforme_1_Cam_T_4_432.jpg,chataigne,0.0288,536
2025_Conforme_1_Cam_T_4_433.jpg,chataigne,0.1403,8291
2025_Conforme_1_Cam_T_4_434.jpg,chataigne,0.2864,14541
2025_Conforme_1_Cam_T_4_435.jpg,chataigne,0.168,9644
2025_Conforme_1_Cam_T_4_436.jpg,chataigne,0.1615,8711
2025_Conforme_1_Cam_T_4_437.jpg,chataigne,0.0184,862
2025_Conforme_1_Cam_T_4_438.jpg,chataigne,0.102,4506
2025_Conforme_1_Cam_T_4_439.jpg,chunks,0.0045,79
2025_Conforme_1_Cam_T_4_44.jpg,chataigne,0.1759,9951
2025_Conforme_1_Cam_T_4_440.jpg,chataigne,0.2712,14695
2025_Conforme_1_Cam_T_4_441.jpg,chataigne,0.0532,2304
2025_Conforme_1_Cam_T_4_442.jpg,chataigne,0.0573,2449
2025_Conforme_1_Cam_T_4_443.jpg,chataigne,0.0204,407
2025_Conforme_1_Cam_T_4_444.jpg,chataigne,0.1605,9521
2025_Conforme_1_Cam_T_4_445.jpg,chataigne,0.0465,2320
2025_Conforme_1_Cam_T_4_446.jpg,chunks,0.0336,1686
2025_Conforme_1_Cam_T_4_447.jpg,chataigne,0.2617,15071
2025_Conforme_1_Cam_T_4_448.jpg,multiple,0.2353,12592
2025_Conforme_1_Cam_T_4_449.jpg,multiple,0.3844,22867
2025_Conforme_1_Cam_T_4_45.jpg,chataigne,0.1934,11233
2025_Conforme_1_Cam_T_4_450.jpg,chunks,0.0007,9
2025_Conforme_1_Cam_T_4_451.jpg,chunks,0.0251,1195
2025_Conforme_1_Cam_T_4_452.jpg,chataigne,0.2071,5743
2025_Conforme_1_Cam_T_4_453.jpg,chataigne,0.2254,12511
2025_Conforme_1_Cam_T_4_454.jpg,chataigne,0.2232,12151
2025_Conforme_1_Cam_T_4_455.jpg,chataigne,0.3225,18082
2025_Conforme_1_Cam_T_4_456.jpg,chataigne,0.0426,2175
2025_Conforme_1_Cam_T_4_457.jpg,chataigne,0.0512,1830
2025_Conforme_1_Cam_T_4_458.jpg,chataigne,0.1462,8257
2025_Conforme_1_Cam_T_4_459.jpg,chataigne,0.2743,15644
2025_Conforme_1_Cam_T_4_46.jpg,chataigne,0.0729,1672
2025_Conforme_1_Cam_T_4_460.jpg,chataigne,0.1349,5132
2025_Conforme_1_Cam_T_4_461.jpg,chataigne,0.0071,57
2025_Conforme_1_Cam_T_4_462.jpg,chataigne,0.1294,6818
2025_Conforme_1_Cam_T_4_463.jpg,chunks,0.0005,5
2025_Conforme_1_Cam_T_4_464.jpg,chataigne,0.2671,12690
2025_Conforme_1_Cam_T_4_465.jpg,chataigne,0.2156,11445
2025_Conforme_1_Cam_T_4_466.jpg,multiple,0.3908,23612
2025_Conforme_1_Cam_T_4_467.jpg,chataigne,0.0799,3243
2025_Conforme_1_Cam_T_4_468.jpg,chataigne,0.3715,22426
2025_Conforme_1_Cam_T_4_469.jpg,chataigne,0.1789,9729
2025_Conforme_1_Cam_T_4_47.jpg,chataigne,0.1257,5758
2025_Conforme_1_Cam_T_4_470.jpg,chataigne,0.2776,16156
2025_Conforme_1_Cam_T_4_471.jpg,chataigne,0.1506,8152
2025_Conforme_1_Cam_T_4_472.jpg,chataigne,0.2273,11812
2025_Conforme_1_Cam_T_4_473.jpg,chataigne,0.2218,12298
2025_Conforme_1_Cam_T_4_474.jpg,chunks,0.0304,1409
2025_Conforme_1_Cam_T_4_475.jpg,chataigne,0.2352,11883
2025_Conforme_1_Cam_T_4_476.jpg,chataigne,0.2216,13294
2025_Conforme_1_Cam_T_4_477.jpg,chataigne,0.1508,7352
2025_Conforme_1_Cam_T_4_478.jpg,chataigne,0.0986,5157
2025_Conforme_1_Cam_T_4_479.jpg,chataigne,0.0867,2536
2025_Conforme_1_Cam_T_4_48.jpg,vide,0.0,0
2025_Conforme_1_Cam_T_4_480.jpg,chataigne,0.3516,17353
2025_Conforme_1_Cam_T_4_481.jpg,chataigne,0.1402,2738
2025_Conforme_1_Cam_T_4_482.jpg,vide,0.0013,11
2025_Conforme_1_Cam_T_4_483.jpg,chataigne,0.2159,11485
2025_Conforme_1_Cam_T_4_484.jpg,chataigne,0.3972,21609
2025_Conforme_1_Cam_T_4_485.jpg,chataigne,0.0536,906
2025_Conforme_1_Cam_T_4_486.jpg,chataigne,0.1754,8865
2025_Conforme_1_Cam_T_4_487.jpg,chunks,0.0076,266
2025_Conforme_1_Cam_T_4_488.jpg,chataigne,0.0771,1543
2025_Conforme_1_Cam_T_4_489.jpg,chataigne,0.0703,3339
2025_Conforme_1_Cam_T_4_49.jpg,chataigne,0.0814,1790
2025_Conforme_1_Cam_T_4_490.jpg,chataigne,0.0892,3139
2025_Conforme_1_Cam_T_4_491.jpg,chataigne,0.1233,7344
2025_Conforme_1_Cam_T_4_492.jpg,chataigne,0.1277,7252
2025_Conforme_1_Cam_T_4_493.jpg,chataigne,0.1348,6639
2025_Conforme_1_Cam_T_4_494.jpg,vide,0.0,2
2025_Conforme_1_Cam_T_4_495.jpg,chataigne,0.1969,11522
2025_Conforme_1_Cam_T_4_496.jpg,multiple,0.3266,10579
2025_Conforme_1_Cam_T_4_497.jpg,vide,0.0,0
2025_Conforme_1_Cam_T_4_498.jpg,chataigne,0.0151,381
2025_Conforme_1_Cam_T_4_499.jpg,multiple,0.1712,10129
2025_Conforme_1_Cam_T_4_5.jpg,vide,0.0013,11
2025_Conforme_1_Cam_T_4_50.jpg,vide,0.0006,8
2025_Conforme_1_Cam_T_4_500.jpg,chunks,0.051,2712
2025_Conforme_1_Cam_T_4_501.jpg,chataigne,0.206,12347
2025_Conforme_1_Cam_T_4_502.jpg,chataigne,0.1928,10963
2025_Conforme_1_Cam_T_4_503.jpg,chataigne,0.2395,12872
2025_Conforme_1_Cam_T_4_504.jpg,chataigne,0.0354,941
2025_Conforme_1_Cam_T_4_505.jpg,chataigne,0.3414,16938
2025_Conforme_1_Cam_T_4_506.jpg,chataigne,0.2635,15741
2025_Conforme_1_Cam_T_4_507.jpg,chataigne,0.0918,2761
2025_Conforme_1_Cam_T_4_508.jpg,chataigne,0.0572,1346
2025_Conforme_1_Cam_T_4_509.jpg,chataigne,0.1262,7601
2025_Conforme_1_Cam_T_4_51.jpg,chataigne,0.0902,5048
2025_Conforme_1_Cam_T_4_510.jpg,chataigne,0.2498,13503
2025_Conforme_1_Cam_T_4_511.jpg,chataigne,0.0995,3685
2025_Conforme_1_Cam_T_4_512.jpg,chataigne,0.1687,8820
2025_Conforme_1_Cam_T_4_513.jpg,chataigne,0.1955,10033
2025_Conforme_1_Cam_T_4_514.jpg,chataigne,0.1636,7576
2025_Conforme_1_Cam_T_4_515.jpg,chataigne,0.3171,18801
2025_Conforme_1_Cam_T_4_516.jpg,chunks,0.0194,878
2025_Conforme_1_Cam_T_4_52.jpg,chunks,0.0139,277
2025_Conforme_1_Cam_T_4_53.jpg,chataigne,0.2118,13001
2025_Conforme_1_Cam_T_4_54.jpg,chataigne,0.144,7453
2025_Conforme_1_Cam_T_4_55.jpg,vide,0.0004,5
2025_Conforme_1_Cam_T_4_56.jpg,chataigne,0.0926,5219
2025_Conforme_1_Cam_T_4_57.jpg,chataigne,0.1943,11750
2025_Conforme_1_Cam_T_4_58.jpg,chataigne,0.2266,12451
2025_Conforme_1_Cam_T_4_59.jpg,chataigne,0.0096,125
2025_Conforme_1_Cam_T_4_6.jpg,vide,0.0008,10
2025_Conforme_1_Cam_T_4_60.jpg,vide,0.0001,3
2025_Conforme_1_Cam_T_4_61.jpg,chataigne,0.1833,8027
2025_Conforme_1_Cam_T_4_62.jpg,chataigne,0.0372,719
2025_Conforme_1_Cam_T_4_63.jpg,chataigne,0.2573,15444
2025_Conforme_1_Cam_T_4_64.jpg,chataigne,0.2508,14181
2025_Conforme_1_Cam_T_4_65.jpg,vide,0.0001,3
2025_Conforme_1_Cam_T_4_66.jpg,chataigne,0.1822,9848
2025_Conforme_1_Cam_T_4_67.jpg,chataigne,0.1048,6174
2025_Conforme_1_Cam_T_4_68.jpg,chataigne,0.4427,23547
2025_Conforme_1_Cam_T_4_69.jpg,chataigne,0.0426,591
2025_Conforme_1_Cam_T_4_7.jpg,vide,0.0018,6
2025_Conforme_1_Cam_T_4_70.jpg,chataigne,0.2436,12167
2025_Conforme_1_Cam_T_4_71.jpg,chataigne,0.2694,8393
2025_Conforme_1_Cam_T_4_72.jpg,chataigne,0.1765,10235
2025_Conforme_1_Cam_T_4_73.jpg,chunks,0.0041,90
2025_Conforme_1_Cam_T_4_74.jpg,vide,0.0004,5
2025_Conforme_1_Cam_T_4_75.jpg,chataigne,0.2144,10192
2025_Conforme_1_Cam_T_4_76.jpg,vide,0.0,0
2025_Conforme_1_Cam_T_4_77.jpg,chataigne,0.1508,7268
2025_Conforme_1_Cam_T_4_78.jpg,chataigne,0.1141,6937
2025_Conforme_1_Cam_T_4_79.jpg,chataigne,0.1292,7921
2025_Conforme_1_Cam_T_4_8.jpg,vide,0.0001,4
2025_Conforme_1_Cam_T_4_80.jpg,chataigne,0.0394,608
2025_Conforme_1_Cam_T_4_81.jpg,vide,0.0,1
2025_Conforme_1_Cam_T_4_82.jpg,vide,0.0009,6
2025_Conforme_1_Cam_T_4_83.jpg,chataigne,0.2556,14653
2025_Conforme_1_Cam_T_4_84.jpg,vide,0.0004,6
2025_Conforme_1_Cam_T_4_85.jpg,chataigne,0.4238,25517
2025_Conforme_1_Cam_T_4_86.jpg,chataigne,0.0877,5353
2025_Conforme_1_Cam_T_4_87.jpg,chataigne,0.0021,10
2025_Conforme_1_Cam_T_4_88.jpg,chataigne,0.1201,6747
2025_Conforme_1_Cam_T_4_89.jpg,chataigne,0.1897,9802
2025_Conforme_1_Cam_T_4_9.jpg,vide,0.0,1
2025_Conforme_1_Cam_T_4_90.jpg,chataigne,0.1524,9014
2025_Conforme_1_Cam_T_4_91.jpg,chataigne,0.1033,3865
2025_Conforme_1_Cam_T_4_92.jpg,vide,0.0036,17
2025_Conforme_1_Cam_T_4_93.jpg,chataigne,0.3915,23768
2025_Conforme_1_Cam_T_4_94.jpg,chataigne,0.0962,2493
2025_Conforme_1_Cam_T_4_95.jpg,chataigne,0.1091,2307
2025_Conforme_1_Cam_T_4_96.jpg,vide,0.0011,11
2025_Conforme_1_Cam_T_4_97.jpg,chataigne,0.1921,10704
2025_Conforme_1_Cam_T_4_98.jpg,chataigne,0.0453,693
2025_Conforme_1_Cam_T_4_99.jpg,chunks,0.0056,19
2025_Conforme_1_Cam_T_5_0.jpg,vide,0.0001,3
2025_Conforme_1_Cam_T_5_1.jpg,vide,0.0003,5
2025_Conforme_1_Cam_T_5_10.jpg,vide,0.0013,9
2025_Conforme_1_Cam_T_5_100.jpg,vide,0.0006,5
2025_Conforme_1_Cam_T_5_101.jpg,vide,0.0001,6
2025_Conforme_1_Cam_T_5_102.jpg,vide,0.0022,11
2025_Conforme_1_Cam_T_5_103.jpg,chataigne,0.2499,12461
2025_Conforme_1_Cam_T_5_104.jpg,vide,0.0004,6
2025_Conforme_1_Cam_T_5_105.jpg,multiple,0.6003,35645
2025_Conforme_1_Cam_T_5_106.jpg,chataigne,0.1797,9856
2025_Conforme_1_Cam_T_5_107.jpg,chataigne,0.2209,11652
2025_Conforme_1_Cam_T_5_108.jpg,chataigne,0.0064,73
2025_Conforme_1_Cam_T_5_109.jpg,chataigne,0.07,2365
2025_Conforme_1_Cam_T_5_11.jpg,vide,0.0022,11
2025_Conforme_1_Cam_T_5_110.jpg,chunks,0.0534,1778
2025_Conforme_1_Cam_T_5_111.jpg,vide,0.0001,4
2025_Conforme_1_Cam_T_5_112.jpg,vide,0.0014,10
2025_Conforme_1_Cam_T_5_113.jpg,chataigne,0.1066,4253
2025_Conforme_1_Cam_T_5_114.jpg,chunks,0.0376,1636
2025_Conforme_1_Cam_T_5_115.jpg,chataigne,0.0745,508
2025_Conforme_1_Cam_T_5_116.jpg,chataigne,0.0729,2220
2025_Conforme_1_Cam_T_5_117.jpg,chataigne,0.0618,2524
2025_Conforme_1_Cam_T_5_118.jpg,vide,0.001,10
2025_Conforme_1_Cam_T_5_119.jpg,chataigne,0.0716,2714
2025_Conforme_1_Cam_T_5_12.jpg,vide,0.0015,9
2025_Conforme_1_Cam_T_5_120.jpg,chataigne,0.1179,6340
2025_Conforme_1_Cam_T_5_121.jpg,vide,0.0011,7
2025_Conforme_1_Cam_T_5_122.jpg,chataigne,0.0197,238
2025_Conforme_1_Cam_T_5_123.jpg,chataigne,0.0996,5466
2025_Conforme_1_Cam_T_5_124.jpg,chataigne,0.1272,6309
2025_Conforme_1_Cam_T_5_125.jpg,vide,0.0,0
2025_Conforme_1_Cam_T_5_126.jpg,multiple,0.1308,2583
2025_Conforme_1_Cam_T_5_127.jpg,chataigne,0.1383,4222
2025_Conforme_1_Cam_T_5_128.jpg,chataigne,0.104,5735
2025_Conforme_1_Cam_T_5_129.jpg,multiple,0.4669,27983
2025_Conforme_1_Cam_T_5_13.jpg,vide,0.0011,8
2025_Conforme_1_Cam_T_5_130.jpg,chataigne,0.1266,6991
2025_Conforme_1_Cam_T_5_131.jpg,chataigne,0.2872,16217
2025_Conforme_1_Cam_T_5_132.jpg,chataigne,0.3564,19122
2025_Conforme_1_Cam_T_5_133.jpg,chataigne,0.0401,2117
2025_Conforme_1_Cam_T_5_134.jpg,chataigne,0.1973,5322
2025_Conforme_1_Cam_T_5_135.jpg,chunks,0.0134,162
2025_Conforme_1_Cam_T_5_136.jpg,chataigne,0.0902,1586
2025_Conforme_1_Cam_T_5_137.jpg,vide,0.0001,5
2025_Conforme_1_Cam_T_5_138.jpg,chataigne,0.0127,186
2025_Conforme_1_Cam_T_5_139.jpg,chataigne,0.0684,2518
2025_Conforme_1_Cam_T_5_14.jpg,vide,0.0,1
2025_Conforme_1_Cam_T_5_140.jpg,chataigne,0.0601,907
2025_Conforme_1_Cam_T_5_141.jpg,chataigne,0.2748,14911
2025_Conforme_1_Cam_T_5_142.jpg,chataigne,0.2423,14135
2025_Conforme_1_Cam_T_5_143.jpg,chataigne,0.1159,4835
2025_Conforme_1_Cam_T_5_144.jpg,chataigne,0.0959,2923
2025_Conforme_1_Cam_T_5_145.jpg,multiple,0.2078,8342
2025_Conforme_1_Cam_T_5_146.jpg,chataigne,0.0692,1380
2025_Conforme_1_Cam_T_5_147.jpg,chataigne,0.0568,709
2025_Conforme_1_Cam_T_5_148.jpg,chunks,0.0018,35
2025_Conforme_1_Cam_T_5_149.jpg,chataigne,0.203,10877
2025_Conforme_1_Cam_T_5_15.jpg,vide,0.0002,6
2025_Conforme_1_Cam_T_5_150.jpg,chataigne,0.303,15436
2025_Conforme_1_Cam_T_5_151.jpg,multiple,0.3383,18069
2025_Conforme_1_Cam_T_5_152.jpg,multiple,0.1914,8885
2025_Conforme_1_Cam_T_5_153.jpg,chataigne,0.327,15154
2025_Conforme_1_Cam_T_5_154.jpg,multiple,0.3449,18184
2025_Conforme_1_Cam_T_5_155.jpg,multiple,0.2781,11346
2025_Conforme_1_Cam_T_5_156.jpg,chunks,0.0136,70
2025_Conforme_1_Cam_T_5_157.jpg,chunks,0.0659,3313
2025_Conforme_1_Cam_T_5_158.jpg,multiple,0.2402,10120
2025_Conforme_1_Cam_T_5_159.jpg,chataigne,0.2585,15502
2025_Conforme_1_Cam_T_5_16.jpg,vide,0.0018,21
2025_Conforme_1_Cam_T_5_160.jpg,chataigne,0.2253,12543
2025_Conforme_1_Cam_T_5_161.jpg,chataigne,0.2264,5879
2025_Conforme_1_Cam_T_5_162.jpg,chataigne,0.1612,9197
2025_Conforme_1_Cam_T_5_163.jpg,chataigne,0.3226,16129
2025_Conforme_1_Cam_T_5_164.jpg,chataigne,0.216,4982
2025_Conforme_1_Cam_T_5_165.jpg,chataigne,0.1744,9507
2025_Conforme_1_Cam_T_5_166.jpg,chataigne,0.1556,5004
2025_Conforme_1_Cam_T_5_167.jpg,chataigne,0.0654,1062
2025_Conforme_1_Cam_T_5_168.jpg,multiple,0.3459,18135
2025_Conforme_1_Cam_T_5_169.jpg,chunks,0.0006,7
2025_Conforme_1_Cam_T_5_17.jpg,vide,0.0014,12
2025_Conforme_1_Cam_T_5_170.jpg,chunks,0.0187,686
2025_Conforme_1_Cam_T_5_171.jpg,chataigne,0.1772,10221
2025_Conforme_1_Cam_T_5_172.jpg,chataigne,0.409,19187
2025_Conforme_1_Cam_T_5_173.jpg,chataigne,0.1689,9523
2025_Conforme_1_Cam_T_5_174.jpg,multiple,0.1373,6148
2025_Conforme_1_Cam_T_5_175.jpg,chataigne,0.2379,11914
2025_Conforme_1_Cam_T_5_176.jpg,chataigne,0.2245,11447
2025_Conforme_1_Cam_T_5_177.jpg,chunks,0.0061,114
2025_Conforme_1_Cam_T_5_178.jpg,chataigne,0.0973,5221
2025_Conforme_1_Cam_T_5_179.jpg,chataigne,0.074,1377
2025_Conforme_1_Cam_T_5_18.jpg,vide,0.0001,4
2025_Conforme_1_Cam_T_5_180.jpg,chataigne,0.0264,339
2025_Conforme_1_Cam_T_5_181.jpg,chataigne,0.3302,15813
2025_Conforme_1_Cam_T_5_182.jpg,chataigne,0.1013,4934
2025_Conforme_1_Cam_T_5_183.jpg,chataigne,0.0575,834
2025_Conforme_1_Cam_T_5_184.jpg,chataigne,0.066,1826
2025_Conforme_1_Cam_T_5_185.jpg,chataigne,0.0306,111
2025_Conforme_1_Cam_T_5_186.jpg,chataigne,0.2195,9341
2025_Conforme_1_Cam_T_5_187.jpg,chataigne,0.0901,3425
2025_Conforme_1_Cam_T_5_188.jpg,chataigne,0.2609,15322
2025_Conforme_1_Cam_T_5_189.jpg,vide,0.0013,11
2025_Conforme_1_Cam_T_5_19.jpg,vide,0.0003,5
2025_Conforme_1_Cam_T_5_190.jpg,chataigne,0.3059,18670
2025_Conforme_1_Cam_T_5_191.jpg,chataigne,0.2345,14117
2025_Conforme_1_Cam_T_5_192.jpg,chataigne,0.0532,1302
2025_Conforme_1_Cam_T_5_193.jpg,chataigne,0.0588,1863
2025_Conforme_1_Cam_T_5_194.jpg,chataigne,0.1386,7631
2025_Conforme_1_Cam_T_5_195.jpg,chataigne,0.3452,18835
2025_Conforme_1_Cam_T_5_196.jpg,chataigne,0.0353,773
2025_Conforme_1_Cam_T_5_197.jpg,vide,0.001,14
2025_Conforme_1_Cam_T_5_198.jpg,chataigne,0.2053,11337
2025_Conforme_1_Cam_T_5_199.jpg,chataigne,0.101,4239
2025_Conforme_1_Cam_T_5_2.jpg,vide,0.0017,9
2025_Conforme_1_Cam_T_5_20.jpg,vide,0.0001,3
2025_Conforme_1_Cam_T_5_200.jpg,chataigne,0.1991,10760
2025_Conforme_1_Cam_T_5_201.jpg,chataigne,0.1208,3672
2025_Conforme_1_Cam_T_5_202.jpg,chataigne,0.0115,178
2025_Conforme_1_Cam_T_5_203.jpg,chunks,0.0752,3499
2025_Conforme_1_Cam_T_5_204.jpg,chataigne,0.1252,5608
2025_Conforme_1_Cam_T_5_205.jpg,chataigne,0.1721,8675
2025_Conforme_1_Cam_T_5_206.jpg,chataigne,0.0609,2954
2025_Conforme_1_Cam_T_5_207.jpg,chataigne,0.3032,17930
2025_Conforme_1_Cam_T_5_208.jpg,chataigne,0.2954,15943
2025_Conforme_1_Cam_T_5_209.jpg,vide,0.0005,14
2025_Conforme_1_Cam_T_5_21.jpg,vide,0.0002,7
2025_Conforme_1_Cam_T_5_210.jpg,chataigne,0.1416,6119
2025_Conforme_1_Cam_T_5_211.jpg,chataigne,0.0096,85
2025_Conforme_1_Cam_T_5_212.jpg,chataigne,0.0742,2521
2025_Conforme_1_Cam_T_5_213.jpg,chataigne,0.0566,1186
2025_Conforme_1_Cam_T_5_214.jpg,chataigne,0.3472,16386
2025_Conforme_1_Cam_T_5_215.jpg,vide,0.0007,4
2025_Conforme_1_Cam_T_5_216.jpg,vide,0.0001,4
2025_Conforme_1_Cam_T_5_217.jpg,chataigne,0.1178,1519
2025_Conforme_1_Cam_T_5_218.jpg,chataigne,0.1671,9311
2025_Conforme_1_Cam_T_5_219.jpg,chataigne,0.0975,4738
2025_Conforme_1_Cam_T_5_22.jpg,vide,0.0001,6
2025_Conforme_1_Cam_T_5_220.jpg,chataigne,0.1819,8348
2025_Conforme_1_Cam_T_5_221.jpg,chataigne,0.2679,15201
2025_Conforme_1_Cam_T_5_222.jpg,multiple,0.3591,18759
2025_Conforme_1_Cam_T_5_223.jpg,chataigne,0.4054,23060
2025_Conforme_1_Cam_T_5_224.jpg,chataigne,0.1846,9521
2025_Conforme_1_Cam_T_5_225.jpg,chataigne,0.1238,6400
2025_Conforme_1_Cam_T_5_226.jpg,vide,0.0007,8
2025_Conforme_1_Cam_T_5_227.jpg,chataigne,0.2226,12934
2025_Conforme_1_Cam_T_5_228.jpg,chataigne,0.2768,12059
2025_Conforme_1_Cam_T_5_229.jpg,chataigne,0.2793,12814
2025_Conforme_1_Cam_T_5_23.jpg,vide,0.0001,3
2025_Conforme_1_Cam_T_5_230.jpg,chunks,0.0135,158
2025_Conforme_1_Cam_T_5_231.jpg,vide,0.0,0
2025_Conforme_1_Cam_T_5_232.jpg,chataigne,0.1132,5657
2025_Conforme_1_Cam_T_5_233.jpg,vide,0.0,1
2025_Conforme_1_Cam_T_5_234.jpg,chunks,0.0104,146
2025_Conforme_1_Cam_T_5_235.jpg,vide,0.0012,8
2025_Conforme_1_Cam_T_5_236.jpg,vide,0.0018,7
2025_Conforme_1_Cam_T_5_237.jpg,chataigne,0.2041,11202
2025_Conforme_1_Cam_T_5_238.jpg,multiple,0.4139,21828
2025_Conforme_1_Cam_T_5_239.jpg,multiple,0.3147,17800
2025_Conforme_1_Cam_T_5_24.jpg,vide,0.0,0
2025_Conforme_1_Cam_T_5_240.jpg,chataigne,0.3082,16257
2025_Conforme_1_Cam_T_5_241.jpg,chataigne,0.2827,15525
2025_Conforme_1_Cam_T_5_242.jpg,chataigne,0.0527,995
2025_Conforme_1_Cam_T_5_243.jpg,chataigne,0.1432,4870
2025_Conforme_1_Cam_T_5_244.jpg,chataigne,0.2573,13558
2025_Conforme_1_Cam_T_5_245.jpg,chataigne,0.1905,8322
2025_Conforme_1_Cam_T_5_246.jpg,chataigne,0.108,5672
2025_Conforme_1_Cam_T_5_247.jpg,vide,0.0,0
2025_Conforme_1_Cam_T_5_248.jpg,vide,0.0011,13
2025_Conforme_1_Cam_T_5_249.jpg,vide,0.0008,8
2025_Conforme_1_Cam_T_5_25.jpg,vide,0.0011,10
2025_Conforme_1_Cam_T_5_250.jpg,chataigne,0.3081,16863
2025_Conforme_1_Cam_T_5_251.jpg,chataigne,0.4128,19320
2025_Conforme_1_Cam_T_5_252.jpg,chataigne,0.1359,6512
2025_Conforme_1_Cam_T_5_253.jpg,chataigne,0.1332,5371
2025_Conforme_1_Cam_T_5_254.jpg,chataigne,0.2392,14181
2025_Conforme_1_Cam_T_5_255.jpg,chataigne,0.0619,2596
2025_Conforme_1_Cam_T_5_256.jpg,vide,0.0003,5
2025_Conforme_1_Cam_T_5_257.jpg,chataigne,0.3745,22722
2025_Conforme_1_Cam_T_5_258.jpg,chataigne,0.2933,15431
2025_Conforme_1_Cam_T_5_259.jpg,chataigne,0.1615,9316
2025_Conforme_1_Cam_T_5_26.jpg,chataigne,0.128,6498
2025_Conforme_1_Cam_T_5_260.jpg,chataigne,0.3326,15962
2025_Conforme_1_Cam_T_5_261.jpg,chataigne,0.0301,433
2025_Conforme_1_Cam_T_5_262.jpg,chataigne,0.2812,15071
2025_Conforme_1_Cam_T_5_263.jpg,chataigne,0.0314,301
2025_Conforme_1_Cam_T_5_264.jpg,chataigne,0.0813,4092
2025_Conforme_1_Cam_T_5_265.jpg,chataigne,0.0629,1970
2025_Conforme_1_Cam_T_5_266.jpg,chataigne,0.1841,8076
2025_Conforme_1_Cam_T_5_267.jpg,chataigne,0.1724,9542
2025_Conforme_1_Cam_T_5_268.jpg,chataigne,0.0259,1032
2025_Conforme_1_Cam_T_5_269.jpg,multiple,0.3423,19683
2025_Conforme_1_Cam_T_5_27.jpg,vide,0.0,1
2025_Conforme_1_Cam_T_5_270.jpg,chunks,0.0677,3556
2025_Conforme_1_Cam_T_5_271.jpg,multiple,0.3228,17017
2025_Conforme_1_Cam_T_5_272.jpg,chataigne,0.2352,14034
2025_Conforme_1_Cam_T_5_273.jpg,vide,0.0,0
2025_Conforme_1_Cam_T_5_274.jpg,chataigne,0.0643,1368
2025_Conforme_1_Cam_T_5_275.jpg,chataigne,0.2057,8422
2025_Conforme_1_Cam_T_5_276.jpg,chunks,0.0117,518
2025_Conforme_1_Cam_T_5_277.jpg,chataigne,0.5907,28524
2025_Conforme_1_Cam_T_5_278.jpg,chataigne,0.1613,5481
2025_Conforme_1_Cam_T_5_279.jpg,chataigne,0.3029,17673
2025_Conforme_1_Cam_T_5_28.jpg,vide,0.0001,4
2025_Conforme_1_Cam_T_5_280.jpg,chataigne,0.0329,821
2025_Conforme_1_Cam_T_5_281.jpg,chataigne,0.3609,21980
2025_Conforme_1_Cam_T_5_282.jpg,chataigne,0.1286,4716
2025_Conforme_1_Cam_T_5_283.jpg,chataigne,0.1656,9477
2025_Conforme_1_Cam_T_5_284.jpg,chataigne,0.2233,13385
2025_Conforme_1_Cam_T_5_285.jpg,chataigne,0.1943,10438
2025_Conforme_1_Cam_T_5_286.jpg,chataigne,0.445,21357
2025_Conforme_1_Cam_T_5_287.jpg,chataigne,0.2038,11266
2025_Conforme_1_Cam_T_5_288.jpg,chataigne,0.0979,5149
2025_Conforme_1_Cam_T_5_289.jpg,chataigne,0.0982,4992
2025_Conforme_1_Cam_T_5_29.jpg,vide,0.0005,8
2025_Conforme_1_Cam_T_5_290.jpg,multiple,0.2599,14029
2025_Conforme_1_Cam_T_5_291.jpg,chataigne,0.0611,956
2025_Conforme_1_Cam_T_5_292.jpg,chataigne,0.2785,15566
2025_Conforme_1_Cam_T_5_293.jpg,multiple,0.2123,6117
2025_Conforme_1_Cam_T_5_294.jpg,chataigne,0.2823,11721
2025_Conforme_1_Cam_T_5_295.jpg,chataigne,0.2534,13143
2025_Conforme_1_Cam_T_5_296.jpg,chataigne,0.0757,1774
2025_Conforme_1_Cam_T_5_297.jpg,chataigne,0.1661,8061
2025_Conforme_1_Cam_T_5_298.jpg,chataigne,0.1524,9146
2025_Conforme_1_Cam_T_5_299.jpg,chataigne,0.0802,757
2025_Conforme_1_Cam_T_5_3.jpg,vide,0.0004,6
2025_Conforme_1_Cam_T_5_30.jpg,vide,0.0,0
2025_Conforme_1_Cam_T_5_300.jpg,chataigne,0.1806,8560
2025_Conforme_1_Cam_T_5_301.jpg,chataigne,0.0526,1331
2025_Conforme_1_Cam_T_5_302.jpg,chataigne,0.3942,22461
2025_Conforme_1_Cam_T_5_303.jpg,chataigne,0.1066,5381
2025_Conforme_1_Cam_T_5_304.jpg,chataigne,0.0281,148
2025_Conforme_1_Cam_T_5_305.jpg,chataigne,0.0266,509
2025_Conforme_1_Cam_T_5_306.jpg,chataigne,0.191,11301
2025_Conforme_1_Cam_T_5_307.jpg,chataigne,0.1573,5638
2025_Conforme_1_Cam_T_5_308.jpg,chataigne,0.199,11137
2025_Conforme_1_Cam_T_5_309.jpg,chataigne,0.124,6859
2025_Conforme_1_Cam_T_5_31.jpg,vide,0.0001,3
2025_Conforme_1_Cam_T_5_310.jpg,multiple,0.2683,13160
2025_Conforme_1_Cam_T_5_311.jpg,chataigne,0.1796,7709
2025_Conforme_1_Cam_T_5_312.jpg,chataigne,0.1012,5359
2025_Conforme_1_Cam_T_5_313.jpg,chataigne,0.0432,505
2025_Conforme_1_Cam_T_5_314.jpg,chunks,0.0171,684
2025_Conforme_1_Cam_T_5_315.jpg,chunks,0.0563,2529
2025_Conforme_1_Cam_T_5_316.jpg,chataigne,0.0857,2980
2025_Conforme_1_Cam_T_5_317.jpg,chunks,0.0309,1226
2025_Conforme_1_Cam_T_5_318.jpg,chataigne,0.0311,838
2025_Conforme_1_Cam_T_5_319.jpg,chataigne,0.2006,11919
2025_Conforme_1_Cam_T_5_32.jpg,vide,0.0001,4
2025_Conforme_1_Cam_T_5_320.jpg,chataigne,0.2494,11677
2025_Conforme_1_Cam_T_5_321.jpg,chataigne,0.289,16634
2025_Conforme_1_Cam_T_5_322.jpg,chataigne,0.277,15477
2025_Conforme_1_Cam_T_5_323.jpg,chataigne,0.094,4642
2025_Conforme_1_Cam_T_5_324.jpg,chunks,0.0051,82
2025_Conforme_1_Cam_T_5_325.jpg,chataigne,0.3519,20940
2025_Conforme_1_Cam_T_5_326.jpg,chataigne,0.1479,7400
2025_Conforme_1_Cam_T_5_327.jpg,chataigne,0.3183,17051
2025_Conforme_1_Cam_T_5_328.jpg,chataigne,0.2945,18064
2025_Conforme_1_Cam_T_5_329.jpg,chataigne,0.1126,6382
2025_Conforme_1_Cam_T_5_33.jpg,vide,0.0,0
2025_Conforme_1_Cam_T_5_330.jpg,chataigne,0.0709,3571
2025_Conforme_1_Cam_T_5_331.jpg,vide,0.0002,4
2025_Conforme_1_Cam_T_5_332.jpg,chataigne,0.0476,1838
2025_Conforme_1_Cam_T_5_333.jpg,chataigne,0.1758,9506
2025_Conforme_1_Cam_T_5_334.jpg,vide,0.0003,5
2025_Conforme_1_Cam_T_5_335.jpg,chataigne,0.2424,13367
2025_Conforme_1_Cam_T_5_336.jpg,chataigne,0.0872,2660
2025_Conforme_1_Cam_T_5_337.jpg,chataigne,0.2073,9598
2025_Conforme_1_Cam_T_5_338.jpg,chataigne,0.1677,6735
2025_Conforme_1_Cam_T_5_339.jpg,multiple,0.1785,7212
2025_Conforme_1_Cam_T_5_34.jpg,vide,0.0002,4
2025_Conforme_1_Cam_T_5_340.jpg,chataigne,0.1153,6280
2025_Conforme_1_Cam_T_5_341.jpg,chataigne,0.303,15722
2025_Conforme_1_Cam_T_5_342.jpg,chataigne,0.2015,7639
2025_Conforme_1_Cam_T_5_343.jpg,chataigne,0.2072,7671
2025_Conforme_1_Cam_T_5_344.jpg,chataigne,0.0941,4626
2025_Conforme_1_Cam_T_5_345.jpg,chataigne,0.2744,14316
2025_Conforme_1_Cam_T_5_346.jpg,chataigne,0.1101,5586
2025_Conforme_1_Cam_T_5_347.jpg,chunks,0.0057,97
2025_Conforme_1_Cam_T_5_348.jpg,chataigne,0.1013,3007
2025_Conforme_1_Cam_T_5_349.jpg,chataigne,0.0724,2221
2025_Conforme_1_Cam_T_5_35.jpg,vide,0.0001,2
2025_Conforme_1_Cam_T_5_350.jpg,vide,0.0,0
2025_Conforme_1_Cam_T_5_351.jpg,chataigne,0.1434,6641
2025_Conforme_1_Cam_T_5_352.jpg,vide,0.0,0
2025_Conforme_1_Cam_T_5_353.jpg,vide,0.0,0
2025_Conforme_1_Cam_T_5_354.jpg,vide,0.0,0
2025_Conforme_1_Cam_T_5_355.jpg,chataigne,0.0159,303
2025_Conforme_1_Cam_T_5_356.jpg,chataigne,0.0257,330
2025_Conforme_1_Cam_T_5_357.jpg,vide,0.0,0
2025_Conforme_1_Cam_T_5_358.jpg,vide,0.0021,11
2025_Conforme_1_Cam_T_5_359.jpg,vide,0.0008,10
2025_Conforme_1_Cam_T_5_36.jpg,chunks,0.1152,6261
2025_Conforme_1_Cam_T_5_360.jpg,chataigne,0.1841,8373
2025_Conforme_1_Cam_T_5_361.jpg,chataigne,0.0516,1369
2025_Conforme_1_Cam_T_5_362.jpg,chataigne,0.1118,2989
2025_Conforme_1_Cam_T_5_363.jpg,chunks,0.0123,181
2025_Conforme_1_Cam_T_5_364.jpg,vide,0.0,2
2025_Conforme_1_Cam_T_5_365.jpg,chataigne,0.2961,17599
2025_Conforme_1_Cam_T_5_366.jpg,vide,0.0003,5
2025_Conforme_1_Cam_T_5_367.jpg,chataigne,0.0585,2591
2025_Conforme_1_Cam_T_5_368.jpg,vide,0.0003,5
2025_Conforme_1_Cam_T_5_369.jpg,vide,0.0003,4
2025_Conforme_1_Cam_T_5_37.jpg,vide,0.0,0
2025_Conforme_1_Cam_T_5_370.jpg,chunks,0.0181,487
2025_Conforme_1_Cam_T_5_371.jpg,chunks,0.011,145
2025_Conforme_1_Cam_T_5_372.jpg,chataigne,0.1598,6251
2025_Conforme_1_Cam_T_5_373.jpg,chataigne,0.1213,5078
2025_Conforme_1_Cam_T_5_374.jpg,vide,0.0002,4
2025_Conforme_1_Cam_T_5_375.jpg,chataigne,0.4568,27010
2025_Conforme_1_Cam_T_5_376.jpg,chataigne,0.0471,1172
2025_Conforme_1_Cam_T_5_377.jpg,chataigne,0.0319,317
2025_Conforme_1_Cam_T_5_378.jpg,chataigne,0.1834,5354
2025_Conforme_1_Cam_T_5_379.jpg,chataigne,0.0844,666
2025_Conforme_1_Cam_T_5_38.jpg,vide,0.0001,4
2025_Conforme_1_Cam_T_5_380.jpg,chataigne,0.2329,13545
2025_Conforme_1_Cam_T_5_381.jpg,chataigne,0.0178,594
2025_Conforme_1_Cam_T_5_382.jpg,chataigne,0.1154,1253
2025_Conforme_1_Cam_T_5_383.jpg,chataigne,0.0647,1259
2025_Conforme_1_Cam_T_5_384.jpg,vide,0.0,0
2025_Conforme_1_Cam_T_5_385.jpg,chataigne,0.0598,2557
2025_Conforme_1_Cam_T_5_386.jpg,chataigne,0.0257,994
2025_Conforme_1_Cam_T_5_387.jpg,chataigne,0.149,4526
2025_Conforme_1_Cam_T_5_388.jpg,chataigne,0.0222,917
2025_Conforme_1_Cam_T_5_389.jpg,chataigne,0.1791,7991
2025_Conforme_1_Cam_T_5_39.jpg,vide,0.0002,4
2025_Conforme_1_Cam_T_5_390.jpg,chataigne,0.083,1916
2025_Conforme_1_Cam_T_5_391.jpg,chataigne,0.0948,3041
2025_Conforme_1_Cam_T_5_392.jpg,chataigne,0.0308,816
2025_Conforme_1_Cam_T_5_393.jpg,chataigne,0.2542,13907
2025_Conforme_1_Cam_T_5_394.jpg,chataigne,0.0937,2900
2025_Conforme_1_Cam_T_5_395.jpg,chataigne,0.2237,12783
2025_Conforme_1_Cam_T_5_396.jpg,chataigne,0.2641,12391
2025_Conforme_1_Cam_T_5_397.jpg,chataigne,0.2812,15531
2025_Conforme_1_Cam_T_5_398.jpg,chataigne,0.0304,1394
2025_Conforme_1_Cam_T_5_399.jpg,chataigne,0.0695,1123
2025_Conforme_1_Cam_T_5_4.jpg,vide,0.0014,9
2025_Conforme_1_Cam_T_5_40.jpg,vide,0.0003,3
2025_Conforme_1_Cam_T_5_400.jpg,chataigne,0.2969,17694
2025_Conforme_1_Cam_T_5_401.jpg,chataigne,0.3838,21881
2025_Conforme_1_Cam_T_5_402.jpg,chataigne,0.2725,15829
2025_Conforme_1_Cam_T_5_403.jpg,chataigne,0.1924,9502
2025_Conforme_1_Cam_T_5_404.jpg,chataigne,0.0858,4302
2025_Conforme_1_Cam_T_5_405.jpg,vide,0.0021,10
2025_Conforme_1_Cam_T_5_406.jpg,chataigne,0.1952,9177
2025_Conforme_1_Cam_T_5_407.jpg,chataigne,0.2329,13935
2025_Conforme_1_Cam_T_5_408.jpg,vide,0.0012,11
2025_Conforme_1_Cam_T_5_409.jpg,chunks,0.0044,36
2025_Conforme_1_Cam_T_5_41.jpg,chunks,0.0258,1217
2025_Conforme_1_Cam_T_5_410.jpg,chataigne,0.4078,19410
2025_Conforme_1_Cam_T_5_411.jpg,chataigne,0.0519,974
2025_Conforme_1_Cam_T_5_412.jpg,vide,0.0007,6
2025_Conforme_1_Cam_T_5_413.jpg,chunks,0.0168,265
2025_Conforme_1_Cam_T_5_414.jpg,chataigne,0.1257,5876
2025_Conforme_1_Cam_T_5_415.jpg,chataigne,0.1385,6981
2025_Conforme_1_Cam_T_5_416.jpg,chataigne,0.1471,6626
2025_Conforme_1_Cam_T_5_417.jpg,chataigne,0.204,10777
2025_Conforme_1_Cam_T_5_418.jpg,vide,0.0017,10
2025_Conforme_1_Cam_T_5_419.jpg,vide,0.0006,8
2025_Conforme_1_Cam_T_5_42.jpg,vide,0.0004,6
2025_Conforme_1_Cam_T_5_420.jpg,chataigne,0.2499,14641
2025_Conforme_1_Cam_T_5_421.jpg,chataigne,0.072,3153
2025_Conforme_1_Cam_T_5_422.jpg,chataigne,0.402,23052
2025_Conforme_1_Cam_T_5_423.jpg,chataigne,0.1153,6781
2025_Conforme_1_Cam_T_5_424.jpg,chataigne,0.2844,15900
2025_Conforme_1_Cam_T_5_425.jpg,chataigne,0.3082,17757
2025_Conforme_1_Cam_T_5_426.jpg,chataigne,0.1551,9030
2025_Conforme_1_Cam_T_5_427.jpg,chataigne,0.1461,8131
2025_Conforme_1_Cam_T_5_428.jpg,chataigne,0.4375,20171
2025_Conforme_1_Cam_T_5_429.jpg,chunks,0.0438,1801
2025_Conforme_1_Cam_T_5_43.jpg,vide,0.0007,6
2025_Conforme_1_Cam_T_5_430.jpg,chataigne,0.3085,16482
2025_Conforme_1_Cam_T_5_431.jpg,chataigne,0.1728,9713
2025_Conforme_1_Cam_T_5_432.jpg,chataigne,0.0775,4016
2025_Conforme_1_Cam_T_5_433.jpg,vide,0.0001,7
2025_Conforme_1_Cam_T_5_434.jpg,vide,0.0003,4
2025_Conforme_1_Cam_T_5_435.jpg,chataigne,0.1408,6467
2025_Conforme_1_Cam_T_5_436.jpg,chataigne,0.1409,3410
2025_Conforme_1_Cam_T_5_437.jpg,chataigne,0.1173,5632
2025_Conforme_1_Cam_T_5_438.jpg,chataigne,0.1454,7445
2025_Conforme_1_Cam_T_5_439.jpg,chataigne,0.0541,1951
2025_Conforme_1_Cam_T_5_44.jpg,vide,0.0015,10
2025_Conforme_1_Cam_T_5_440.jpg,chataigne,0.1848,8656
2025_Conforme_1_Cam_T_5_441.jpg,chataigne,0.2427,13362
2025_Conforme_1_Cam_T_5_442.jpg,chunks,0.0881,4721
2025_Conforme_1_Cam_T_5_443.jpg,chataigne,0.2092,11895
2025_Conforme_1_Cam_T_5_444.jpg,chataigne,0.2409,11108
2025_Conforme_1_Cam_T_5_445.jpg,chataigne,0.214,11185
2025_Conforme_1_Cam_T_5_446.jpg,chunks,0.0053,42
2025_Conforme_1_Cam_T_5_447.jpg,chataigne,0.1302,7493
2025_Conforme_1_Cam_T_5_448.jpg,chataigne,0.2577,15276
2025_Conforme_1_Cam_T_5_449.jpg,chunks,0.0102,156
2025_Conforme_1_Cam_T_5_45.jpg,vide,0.0026,12
2025_Conforme_1_Cam_T_5_450.jpg,chataigne,0.0283,479
2025_Conforme_1_Cam_T_5_451.jpg,chunks,0.0083,62
2025_Conforme_1_Cam_T_5_452.jpg,chunks,0.0209,236
2025_Conforme_1_Cam_T_5_453.jpg,chataigne,0.0658,359
2025_Conforme_1_Cam_T_5_454.jpg,vide,0.0017,12
2025_Conforme_1_Cam_T_5_455.jpg,chunks,0.0729,3175
2025_Conforme_1_Cam_T_5_456.jpg,chataigne,0.1602,4421
2025_Conforme_1_Cam_T_5_457.jpg,chataigne,0.2081,11223
2025_Conforme_1_Cam_T_5_458.jpg,chataigne,0.1261,6412
2025_Conforme_1_Cam_T_5_459.jpg,chunks,0.0137,406
2025_Conforme_1_Cam_T_5_46.jpg,vide,0.0018,11
2025_Conforme_1_Cam_T_5_460.jpg,vide,0.0002,4
2025_Conforme_1_Cam_T_5_461.jpg,chataigne,0.0953,3624
2025_Conforme_1_Cam_T_5_462.jpg,chataigne,0.0255,170
2025_Conforme_1_Cam_T_5_463.jpg,vide,0.0,1
2025_Conforme_1_Cam_T_5_464.jpg,vide,0.0001,2
2025_Conforme_1_Cam_T_5_47.jpg,chataigne,0.1944,11493
2025_Conforme_1_Cam_T_5_48.jpg,vide,0.0018,13
2025_Conforme_1_Cam_T_5_49.jpg,vide,0.0004,14
2025_Conforme_1_Cam_T_5_5.jpg,vide,0.0021,11
2025_Conforme_1_Cam_T_5_50.jpg,chataigne,0.2433,14144
2025_Conforme_1_Cam_T_5_51.jpg,chataigne,0.2293,13078
2025_Conforme_1_Cam_T_5_52.jpg,chataigne,0.1796,9822
2025_Conforme_1_Cam_T_5_53.jpg,chataigne,0.0969,4691
2025_Conforme_1_Cam_T_5_54.jpg,chataigne,0.3665,17061
2025_Conforme_1_Cam_T_5_55.jpg,chataigne,0.251,13697
2025_Conforme_1_Cam_T_5_56.jpg,chataigne,0.0209,181
2025_Conforme_1_Cam_T_5_57.jpg,chataigne,0.0356,479
2025_Conforme_1_Cam_T_5_58.jpg,chataigne,0.2039,10903
2025_Conforme_1_Cam_T_5_59.jpg,chataigne,0.0297,324
2025_Conforme_1_Cam_T_5_6.jpg,vide,0.0024,13
2025_Conforme_1_Cam_T_5_60.jpg,vide,0.0001,2
2025_Conforme_1_Cam_T_5_61.jpg,chataigne,0.2221,12334
2025_Conforme_1_Cam_T_5_62.jpg,chataigne,0.075,3038
2025_Conforme_1_Cam_T_5_63.jpg,chataigne,0.0539,2393
2025_Conforme_1_Cam_T_5_64.jpg,chataigne,0.0421,1336
2025_Conforme_1_Cam_T_5_65.jpg,vide,0.0007,6
2025_Conforme_1_Cam_T_5_66.jpg,chataigne,0.1539,6498
2025_Conforme_1_Cam_T_5_67.jpg,chataigne,0.1755,10581
2025_Conforme_1_Cam_T_5_68.jpg,vide,0.0,0
2025_Conforme_1_Cam_T_5_69.jpg,chataigne,0.2422,13493
2025_Conforme_1_Cam_T_5_7.jpg,vide,0.0023,8
2025_Conforme_1_Cam_T_5_70.jpg,chataigne,0.4368,26252
2025_Conforme_1_Cam_T_5_71.jpg,chataigne,0.257,12073
2025_Conforme_1_Cam_T_5_72.jpg,chataigne,0.2702,15381
2025_Conforme_1_Cam_T_5_73.jpg,vide,0.0015,13
2025_Conforme_1_Cam_T_5_74.jpg,chataigne,0.0735,3183
2025_Conforme_1_Cam_T_5_75.jpg,chataigne,0.1241,5931
2025_Conforme_1_Cam_T_5_76.jpg,vide,0.0025,11
2025_Conforme_1_Cam_T_5_77.jpg,chataigne,0.4117,19268
2025_Conforme_1_Cam_T_5_78.jpg,chunks,0.0198,670
2025_Conforme_1_Cam_T_5_79.jpg,vide,0.0002,4
2025_Conforme_1_Cam_T_5_8.jpg,vide,0.0016,10
2025_Conforme_1_Cam_T_5_80.jpg,chataigne,0.2503,14225
2025_Conforme_1_Cam_T_5_81.jpg,chataigne,0.3311,17792
2025_Conforme_1_Cam_T_5_82.jpg,chataigne,0.1901,7476
2025_Conforme_1_Cam_T_5_83.jpg,vide,0.0002,3
2025_Conforme_1_Cam_T_5_84.jpg,vide,0.0001,3
2025_Conforme_1_Cam_T_5_85.jpg,vide,0.0001,2
2025_Conforme_1_Cam_T_5_86.jpg,chataigne,0.3792,20684
2025_Conforme_1_Cam_T_5_87.jpg,vide,0.0,0
2025_Conforme_1_Cam_T_5_88.jpg,chataigne,0.3238,17621
2025_Conforme_1_Cam_T_5_89.jpg,chunks,0.031,337
2025_Conforme_1_Cam_T_5_9.jpg,vide,0.0002,3
2025_Conforme_1_Cam_T_5_90.jpg,chataigne,0.0902,2945
2025_Conforme_1_Cam_T_5_91.jpg,chataigne,0.1494,7562
2025_Conforme_1_Cam_T_5_92.jpg,vide,0.0001,4
2025_Conforme_1_Cam_T_5_93.jpg,chataigne,0.3046,17234
2025_Conforme_1_Cam_T_5_94.jpg,chunks,0.0009,7
2025_Conforme_1_Cam_T_5_95.jpg,vide,0.0,1
2025_Conforme_1_Cam_T_5_96.jpg,chataigne,0.1842,7170
2025_Conforme_1_Cam_T_5_97.jpg,chataigne,0.0509,1431
2025_Conforme_1_Cam_T_5_98.jpg,chataigne,0.257,14588
2025_Conforme_1_Cam_T_5_99.jpg,chataigne,0.1563,8424
2025_Conforme_1_Cam_T_6_0.jpg,vide,0.0,1
2025_Conforme_1_Cam_T_6_1.jpg,vide,0.0,1
2025_Conforme_1_Cam_T_6_10.jpg,vide,0.0,3
2025_Conforme_1_Cam_T_6_100.jpg,vide,0.0002,3
2025_Conforme_1_Cam_T_6_101.jpg,chunks,0.0019,13
2025_Conforme_1_Cam_T_6_102.jpg,chunks,0.0524,2925
2025_Conforme_1_Cam_T_6_103.jpg,chataigne,0.2584,13248
2025_Conforme_1_Cam_T_6_104.jpg,chataigne,0.0804,1465
2025_Conforme_1_Cam_T_6_105.jpg,vide,0.0004,8
2025_Conforme_1_Cam_T_6_106.jpg,chataigne,0.2588,15019
2025_Conforme_1_Cam_T_6_107.jpg,chataigne,0.2484,12746
2025_Conforme_1_Cam_T_6_108.jpg,vide,0.0011,11
2025_Conforme_1_Cam_T_6_109.jpg,vide,0.0002,5
2025_Conforme_1_Cam_T_6_11.jpg,vide,0.0001,4
2025_Conforme_1_Cam_T_6_110.jpg,vide,0.0,2
2025_Conforme_1_Cam_T_6_111.jpg,chunks,0.0214,1132
2025_Conforme_1_Cam_T_6_112.jpg,chataigne,0.1242,6554
2025_Conforme_1_Cam_T_6_113.jpg,vide,0.0007,11
2025_Conforme_1_Cam_T_6_114.jpg,chataigne,0.1908,8864
2025_Conforme_1_Cam_T_6_115.jpg,chataigne,0.1535,6139
2025_Conforme_1_Cam_T_6_116.jpg,chataigne,0.2114,11521
2025_Conforme_1_Cam_T_6_117.jpg,chataigne,0.2066,9854
2025_Conforme_1_Cam_T_6_118.jpg,chataigne,0.043,676
2025_Conforme_1_Cam_T_6_119.jpg,chataigne,0.2937,16366
2025_Conforme_1_Cam_T_6_12.jpg,vide,0.0,0
2025_Conforme_1_Cam_T_6_120.jpg,vide,0.0001,2
2025_Conforme_1_Cam_T_6_121.jpg,vide,0.0,0
2025_Conforme_1_Cam_T_6_122.jpg,chataigne,0.1373,6224
2025_Conforme_1_Cam_T_6_123.jpg,chataigne,0.3,16612
2025_Conforme_1_Cam_T_6_124.jpg,vide,0.0,0
2025_Conforme_1_Cam_T_6_125.jpg,vide,0.0,0
2025_Conforme_1_Cam_T_6_126.jpg,chataigne,0.2952,16500
2025_Conforme_1_Cam_T_6_127.jpg,vide,0.0001,2
2025_Conforme_1_Cam_T_6_128.jpg,chataigne,0.0789,4097
2025_Conforme_1_Cam_T_6_129.jpg,vide,0.0004,4
2025_Conforme_1_Cam_T_6_13.jpg,vide,0.0002,4
2025_Conforme_1_Cam_T_6_130.jpg,chataigne,0.0874,3356
2025_Conforme_1_Cam_T_6_131.jpg,vide,0.0004,9
2025_Conforme_1_Cam_T_6_132.jpg,chataigne,0.0709,2067
2025_Conforme_1_Cam_T_6_133.jpg,vide,0.0001,2
2025_Conforme_1_Cam_T_6_134.jpg,vide,0.0001,4
2025_Conforme_1_Cam_T_6_135.jpg,chataigne,0.1305,6611
2025_Conforme_1_Cam_T_6_136.jpg,chataigne,0.0565,1497
2025_Conforme_1_Cam_T_6_137.jpg,chataigne,0.3399,20463
2025_Conforme_1_Cam_T_6_138.jpg,chataigne,0.4857,26005
2025_Conforme_1_Cam_T_6_139.jpg,chataigne,0.1769,7664
2025_Conforme_1_Cam_T_6_14.jpg,vide,0.0,0
2025_Conforme_1_Cam_T_6_140.jpg,chataigne,0.6547,32851
2025_Conforme_1_Cam_T_6_141.jpg,vide,0.0005,7
2025_Conforme_1_Cam_T_6_142.jpg,chataigne,0.2844,17233
2025_Conforme_1_Cam_T_6_143.jpg,vide,0.0002,3
2025_Conforme_1_Cam_T_6_144.jpg,chunks,0.0163,234
2025_Conforme_1_Cam_T_6_145.jpg,vide,0.0005,8
2025_Conforme_1_Cam_T_6_146.jpg,chataigne,0.2539,14891
2025_Conforme_1_Cam_T_6_147.jpg,chataigne,0.0807,4311
2025_Conforme_1_Cam_T_6_148.jpg,chataigne,0.2112,10355
2025_Conforme_1_Cam_T_6_149.jpg,vide,0.0016,11
2025_Conforme_1_Cam_T_6_15.jpg,vide,0.0001,5
2025_Conforme_1_Cam_T_6_150.jpg,vide,0.0,0
2025_Conforme_1_Cam_T_6_151.jpg,chataigne,0.1377,6903
2025_Conforme_1_Cam_T_6_152.jpg,chunks,0.0473,456
2025_Conforme_1_Cam_T_6_153.jpg,chataigne,0.0314,425
2025_Conforme_1_Cam_T_6_154.jpg,chataigne,0.0364,809
2025_Conforme_1_Cam_T_6_155.jpg,chataigne,0.1482,6398
2025_Conforme_1_Cam_T_6_156.jpg,chataigne,0.1283,6575
2025_Conforme_1_Cam_T_6_157.jpg,chataigne,0.1305,6647
2025_Conforme_1_Cam_T_6_158.jpg,chataigne,0.3719,17525
2025_Conforme_1_Cam_T_6_159.jpg,chataigne,0.2438,14665
2025_Conforme_1_Cam_T_6_16.jpg,vide,0.0001,4
2025_Conforme_1_Cam_T_6_160.jpg,chataigne,0.0759,3166
2025_Conforme_1_Cam_T_6_161.jpg,chataigne,0.2017,11678
2025_Conforme_1_Cam_T_6_162.jpg,chataigne,0.0763,4030
2025_Conforme_1_Cam_T_6_163.jpg,chataigne,0.074,1776
2025_Conforme_1_Cam_T_6_164.jpg,chataigne,0.089,2699
2025_Conforme_1_Cam_T_6_165.jpg,chataigne,0.0543,1875
2025_Conforme_1_Cam_T_6_166.jpg,chataigne,0.1393,7158
2025_Conforme_1_Cam_T_6_168.jpg,chataigne,0.0713,1225
2025_Conforme_1_Cam_T_6_169.jpg,chataigne,0.1542,9044
2025_Conforme_1_Cam_T_6_17.jpg,vide,0.0002,6
2025_Conforme_1_Cam_T_6_170.jpg,multiple,0.3175,15799
2025_Conforme_1_Cam_T_6_172.jpg,vide,0.0006,6
2025_Conforme_1_Cam_T_6_173.jpg,chataigne,0.0104,90
2025_Conforme_1_Cam_T_6_174.jpg,chataigne,0.0974,4427
2025_Conforme_1_Cam_T_6_175.jpg,chataigne,0.0526,2069
2025_Conforme_1_Cam_T_6_176.jpg,chataigne,0.0601,2996
2025_Conforme_1_Cam_T_6_177.jpg,chataigne,0.2519,15155
2025_Conforme_1_Cam_T_6_178.jpg,chataigne,0.3083,16335
2025_Conforme_1_Cam_T_6_179.jpg,chataigne,0.1796,8806
2025_Conforme_1_Cam_T_6_18.jpg,vide,0.0,0
2025_Conforme_1_Cam_T_6_180.jpg,chataigne,0.0718,3200
2025_Conforme_1_Cam_T_6_181.jpg,chataigne,0.0654,1095
2025_Conforme_1_Cam_T_6_182.jpg,chataigne,0.343,17782
2025_Conforme_1_Cam_T_6_183.jpg,chunks,0.0339,1316
2025_Conforme_1_Cam_T_6_184.jpg,chataigne,0.1332,6930
2025_Conforme_1_Cam_T_6_185.jpg,chunks,0.0096,394
2025_Conforme_1_Cam_T_6_186.jpg,chataigne,0.2362,13494
2025_Conforme_1_Cam_T_6_187.jpg,chunks,0.0098,171
2025_Conforme_1_Cam_T_6_188.jpg,chunks,0.0083,169
2025_Conforme_1_Cam_T_6_189.jpg,chataigne,0.0608,2000
2025_Conforme_1_Cam_T_6_19.jpg,vide,0.0,1
2025_Conforme_1_Cam_T_6_190.jpg,chataigne,0.1302,7209
2025_Conforme_1_Cam_T_6_191.jpg,chunks,0.0007,7
2025_Conforme_1_Cam_T_6_192.jpg,chunks,0.0107,381
2025_Conforme_1_Cam_T_6_193.jpg,chataigne,0.0267,424
2025_Conforme_1_Cam_T_6_194.jpg,chunks,0.0039,53
2025_Conforme_1_Cam_T_6_195.jpg,chunks,0.0068,96
2025_Conforme_1_Cam_T_6_196.jpg,chataigne,0.2329,12471
2025_Conforme_1_Cam_T_6_197.jpg,chataigne,0.253,13971
2025_Conforme_1_Cam_T_6_198.jpg,chunks,0.0441,1345
2025_Conforme_1_Cam_T_6_199.jpg,chataigne,0.1149,3997
2025_Conforme_1_Cam_T_6_2.jpg,vide,0.0002,2
2025_Conforme_1_Cam_T_6_20.jpg,vide,0.0,2
2025_Conforme_1_Cam_T_6_200.jpg,chataigne,0.261,15772
2025_Conforme_1_Cam_T_6_201.jpg,chataigne,0.2763,15063
2025_Conforme_1_Cam_T_6_202.jpg,vide,0.0001,3
2025_Conforme_1_Cam_T_6_203.jpg,chataigne,0.1056,4778
2025_Conforme_1_Cam_T_6_204.jpg,chataigne,0.0614,1281
2025_Conforme_1_Cam_T_6_205.jpg,chataigne,0.0356,506
2025_Conforme_1_Cam_T_6_206.jpg,vide,0.0005,6
2025_Conforme_1_Cam_T_6_207.jpg,chataigne,0.0387,747
2025_Conforme_1_Cam_T_6_208.jpg,chataigne,0.0234,436
2025_Conforme_1_Cam_T_6_21.jpg,vide,0.0001,1
2025_Conforme_1_Cam_T_6_210.jpg,vide,0.0002,7
2025_Conforme_1_Cam_T_6_211.jpg,chataigne,0.0488,785
2025_Conforme_1_Cam_T_6_212.jpg,chataigne,0.1441,7726
2025_Conforme_1_Cam_T_6_213.jpg,vide,0.0001,2
2025_Conforme_1_Cam_T_6_214.jpg,chunks,0.0002,6
2025_Conforme_1_Cam_T_6_215.jpg,chataigne,0.1081,5014
2025_Conforme_1_Cam_T_6_216.jpg,vide,0.0,0
2025_Conforme_1_Cam_T_6_217.jpg,chataigne,0.2524,14978
2025_Conforme_1_Cam_T_6_218.jpg,vide,0.0001,1
2025_Conforme_1_Cam_T_6_219.jpg,chunks,0.0225,1163
2025_Conforme_1_Cam_T_6_22.jpg,vide,0.0005,8
2025_Conforme_1_Cam_T_6_220.jpg,chataigne,0.1892,9345
2025_Conforme_1_Cam_T_6_221.jpg,chunks,0.0557,2757
2025_Conforme_1_Cam_T_6_222.jpg,chataigne,0.0996,5808
2025_Conforme_1_Cam_T_6_223.jpg,chunks,0.0207,341
2025_Conforme_1_Cam_T_6_224.jpg,chataigne,0.0398,489
2025_Conforme_1_Cam_T_6_225.jpg,chataigne,0.0736,2655
2025_Conforme_1_Cam_T_6_226.jpg,chataigne,0.0947,3959
2025_Conforme_1_Cam_T_6_227.jpg,chataigne,0.0243,607
2025_Conforme_1_Cam_T_6_228.jpg,chataigne,0.0278,264
2025_Conforme_1_Cam_T_6_229.jpg,multiple,0.0448,1798
2025_Conforme_1_Cam_T_6_23.jpg,vide,0.0007,8
2025_Conforme_1_Cam_T_6_230.jpg,chataigne,0.011,158
2025_Conforme_1_Cam_T_6_231.jpg,chataigne,0.0322,1108
2025_Conforme_1_Cam_T_6_232.jpg,chunks,0.005,202
2025_Conforme_1_Cam_T_6_233.jpg,chataigne,0.0984,4211
2025_Conforme_1_Cam_T_6_234.jpg,chunks,0.0042,55
2025_Conforme_1_Cam_T_6_235.jpg,chataigne,0.0638,3004
2025_Conforme_1_Cam_T_6_236.jpg,vide,0.0016,9
2025_Conforme_1_Cam_T_6_237.jpg,chataigne,0.1074,1931
2025_Conforme_1_Cam_T_6_238.jpg,chataigne,0.1236,5161
2025_Conforme_1_Cam_T_6_239.jpg,vide,0.0071,93
2025_Conforme_1_Cam_T_6_24.jpg,vide,0.0016,6
2025_Conforme_1_Cam_T_6_240.jpg,chataigne,0.0993,3178
2025_Conforme_1_Cam_T_6_241.jpg,chunks,0.0192,363
2025_Conforme_1_Cam_T_6_242.jpg,chunks,0.0161,320
2025_Conforme_1_Cam_T_6_243.jpg,chataigne,0.1201,7134
2025_Conforme_1_Cam_T_6_244.jpg,vide,0.0023,14
2025_Conforme_1_Cam_T_6_245.jpg,chataigne,0.1198,5793
2025_Conforme_1_Cam_T_6_247.jpg,chataigne,0.0603,2262
2025_Conforme_1_Cam_T_6_249.jpg,chataigne,0.2408,12417
2025_Conforme_1_Cam_T_6_25.jpg,vide,0.0002,2
2025_Conforme_1_Cam_T_6_250.jpg,vide,0.0005,9
2025_Conforme_1_Cam_T_6_251.jpg,chataigne,0.177,7368
2025_Conforme_1_Cam_T_6_252.jpg,chunks,0.0275,1090
2025_Conforme_1_Cam_T_6_253.jpg,multiple,0.061,1879
2025_Conforme_1_Cam_T_6_254.jpg,chataigne,0.0907,3766
2025_Conforme_1_Cam_T_6_255.jpg,chataigne,0.0118,249
2025_Conforme_1_Cam_T_6_256.jpg,multiple,0.1811,6954
2025_Conforme_1_Cam_T_6_257.jpg,chataigne,0.2555,14327
2025_Conforme_1_Cam_T_6_258.jpg,chataigne,0.2497,12063
2025_Conforme_1_Cam_T_6_26.jpg,vide,0.0002,6
2025_Conforme_1_Cam_T_6_260.jpg,chataigne,0.0212,302
2025_Conforme_1_Cam_T_6_261.jpg,vide,0.0002,4
2025_Conforme_1_Cam_T_6_262.jpg,chataigne,0.2246,12720
2025_Conforme_1_Cam_T_6_263.jpg,chataigne,0.0648,692
2025_Conforme_1_Cam_T_6_264.jpg,chataigne,0.0325,396
2025_Conforme_1_Cam_T_6_265.jpg,chataigne,0.0467,2544
2025_Conforme_1_Cam_T_6_266.jpg,vide,0.0,0
2025_Conforme_1_Cam_T_6_267.jpg,chataigne,0.2061,11602
2025_Conforme_1_Cam_T_6_268.jpg,chataigne,0.2621,14523
2025_Conforme_1_Cam_T_6_269.jpg,chataigne,0.0612,2427
2025_Conforme_1_Cam_T_6_27.jpg,vide,0.0004,6
2025_Conforme_1_Cam_T_6_270.jpg,chunks,0.0175,479
2025_Conforme_1_Cam_T_6_271.jpg,chataigne,0.0657,1802
2025_Conforme_1_Cam_T_6_272.jpg,chataigne,0.3319,20203
2025_Conforme_1_Cam_T_6_273.jpg,vide,0.0003,4
2025_Conforme_1_Cam_T_6_274.jpg,chataigne,0.0506,1353
2025_Conforme_1_Cam_T_6_275.jpg,chataigne,0.0331,315
2025_Conforme_1_Cam_T_6_276.jpg,vide,0.0003,4
2025_Conforme_1_Cam_T_6_277.jpg,chataigne,0.3429,16738
2025_Conforme_1_Cam_T_6_278.jpg,vide,0.0001,3
2025_Conforme_1_Cam_T_6_279.jpg,chataigne,0.0095,91
2025_Conforme_1_Cam_T_6_28.jpg,vide,0.0008,5
2025_Conforme_1_Cam_T_6_280.jpg,chataigne,0.0201,412
2025_Conforme_1_Cam_T_6_281.jpg,chataigne,0.0482,250
2025_Conforme_1_Cam_T_6_282.jpg,chunks,0.0178,187
2025_Conforme_1_Cam_T_6_283.jpg,chataigne,0.0267,405
2025_Conforme_1_Cam_T_6_284.jpg,vide,0.0026,26
2025_Conforme_1_Cam_T_6_285.jpg,chunks,0.1323,7175
2025_Conforme_1_Cam_T_6_286.jpg,chataigne,0.3144,16877
2025_Conforme_1_Cam_T_6_288.jpg,vide,0.0001,3
2025_Conforme_1_Cam_T_6_289.jpg,chunks,0.1277,6056
2025_Conforme_1_Cam_T_6_29.jpg,vide,0.0001,1
2025_Conforme_1_Cam_T_6_290.jpg,vide,0.0,0
2025_Conforme_1_Cam_T_6_291.jpg,chataigne,0.2421,13421
2025_Conforme_1_Cam_T_6_292.jpg,chataigne,0.1548,6895
2025_Conforme_1_Cam_T_6_293.jpg,vide,0.0001,2
2025_Conforme_1_Cam_T_6_294.jpg,vide,0.0009,8
2025_Conforme_1_Cam_T_6_295.jpg,chataigne,0.2897,15290
2025_Conforme_1_Cam_T_6_296.jpg,chataigne,0.0708,1532
2025_Conforme_1_Cam_T_6_297.jpg,chataigne,0.111,5080
2025_Conforme_1_Cam_T_6_298.jpg,vide,0.0,2
2025_Conforme_1_Cam_T_6_299.jpg,chunks,0.0033,37
2025_Conforme_1_Cam_T_6_3.jpg,vide,0.0005,6
2025_Conforme_1_Cam_T_6_30.jpg,vide,0.0003,6
2025_Conforme_1_Cam_T_6_300.jpg,chataigne,0.1136,6804
2025_Conforme_1_Cam_T_6_301.jpg,chataigne,0.0929,5177
2025_Conforme_1_Cam_T_6_303.jpg,chataigne,0.1491,9010
2025_Conforme_1_Cam_T_6_304.jpg,chataigne,0.2146,11735
2025_Conforme_1_Cam_T_6_305.jpg,vide,0.0,2
2025_Conforme_1_Cam_T_6_306.jpg,vide,0.0002,6
2025_Conforme_1_Cam_T_6_307.jpg,chunks,0.0026,29
2025_Conforme_1_Cam_T_6_308.jpg,chataigne,0.1331,6078
2025_Conforme_1_Cam_T_6_309.jpg,chunks,0.0021,15
2025_Conforme_1_Cam_T_6_31.jpg,vide,0.0004,6
2025_Conforme_1_Cam_T_6_310.jpg,chunks,0.0258,1197
2025_Conforme_1_Cam_T_6_311.jpg,chataigne,0.0564,1615
2025_Conforme_1_Cam_T_6_312.jpg,chunks,0.0003,9
2025_Conforme_1_Cam_T_6_313.jpg,chataigne,0.0736,3940
2025_Conforme_1_Cam_T_6_314.jpg,vide,0.0002,2
2025_Conforme_1_Cam_T_6_315.jpg,chataigne,0.0669,1226
2025_Conforme_1_Cam_T_6_316.jpg,chunks,0.0048,34
2025_Conforme_1_Cam_T_6_318.jpg,chunks,0.0186,382
2025_Conforme_1_Cam_T_6_319.jpg,chataigne,0.0087,113
2025_Conforme_1_Cam_T_6_32.jpg,vide,0.0,1
2025_Conforme_1_Cam_T_6_320.jpg,chataigne,0.0746,2464
2025_Conforme_1_Cam_T_6_321.jpg,chataigne,0.3606,22142
2025_Conforme_1_Cam_T_6_322.jpg,chataigne,0.0199,771
2025_Conforme_1_Cam_T_6_323.jpg,chataigne,0.0792,3569
2025_Conforme_1_Cam_T_6_324.jpg,chataigne,0.0255,1190
2025_Conforme_1_Cam_T_6_325.jpg,chataigne,0.1875,8775
2025_Conforme_1_Cam_T_6_326.jpg,vide,0.0001,3
2025_Conforme_1_Cam_T_6_328.jpg,chunks,0.0006,8
2025_Conforme_1_Cam_T_6_329.jpg,chunks,0.0509,2480
2025_Conforme_1_Cam_T_6_33.jpg,chataigne,0.2456,13250
2025_Conforme_1_Cam_T_6_330.jpg,chataigne,0.0857,1611
2025_Conforme_1_Cam_T_6_331.jpg,chataigne,0.0128,103
2025_Conforme_1_Cam_T_6_332.jpg,vide,0.0004,12
2025_Conforme_1_Cam_T_6_333.jpg,chunks,0.0137,365
2025_Conforme_1_Cam_T_6_334.jpg,chataigne,0.0768,2313
2025_Conforme_1_Cam_T_6_336.jpg,vide,0.0001,3
2025_Conforme_1_Cam_T_6_337.jpg,chunks,0.0005,7
2025_Conforme_1_Cam_T_6_338.jpg,chataigne,0.3019,18435
2025_Conforme_1_Cam_T_6_339.jpg,chataigne,0.2881,15620
2025_Conforme_1_Cam_T_6_34.jpg,chataigne,0.2026,12031
2025_Conforme_1_Cam_T_6_340.jpg,chataigne,0.3499,20829
2025_Conforme_1_Cam_T_6_341.jpg,chataigne,0.0273,985
2025_Conforme_1_Cam_T_6_342.jpg,chataigne,0.2034,10865
2025_Conforme_1_Cam_T_6_343.jpg,chunks,0.0369,1660
2025_Conforme_1_Cam_T_6_344.jpg,chataigne,0.1966,10091
2025_Conforme_1_Cam_T_6_345.jpg,chataigne,0.29,15754
2025_Conforme_1_Cam_T_6_346.jpg,vide,0.0,1
2025_Conforme_1_Cam_T_6_347.jpg,chataigne,0.1912,10827
2025_Conforme_1_Cam_T_6_348.jpg,chataigne,0.057,2959
2025_Conforme_1_Cam_T_6_349.jpg,chataigne,0.047,2403
2025_Conforme_1_Cam_T_6_35.jpg,vide,0.0,0
2025_Conforme_1_Cam_T_6_350.jpg,chunks,0.0614,3348
2025_Conforme_1_Cam_T_6_351.jpg,chataigne,0.147,7100
2025_Conforme_1_Cam_T_6_352.jpg,chataigne,0.146,7438
2025_Conforme_1_Cam_T_6_353.jpg,chataigne,0.2555,14588
2025_Conforme_1_Cam_T_6_354.jpg,vide,0.0,0
2025_Conforme_1_Cam_T_6_355.jpg,vide,0.0001,1
2025_Conforme_1_Cam_T_6_356.jpg,chataigne,0.008,58
2025_Conforme_1_Cam_T_6_357.jpg,chunks,0.0369,2195
2025_Conforme_1_Cam_T_6_358.jpg,chataigne,0.206,11320
2025_Conforme_1_Cam_T_6_359.jpg,chataigne,0.1282,6708
2025_Conforme_1_Cam_T_6_36.jpg,vide,0.0002,4
2025_Conforme_1_Cam_T_6_360.jpg,chataigne,0.132,7824
2025_Conforme_1_Cam_T_6_361.jpg,vide,0.0001,5
2025_Conforme_1_Cam_T_6_362.jpg,chataigne,0.2304,12368
2025_Conforme_1_Cam_T_6_363.jpg,vide,0.0011,8
2025_Conforme_1_Cam_T_6_364.jpg,vide,0.0004,4
2025_Conforme_1_Cam_T_6_365.jpg,vide,0.0015,18
2025_Conforme_1_Cam_T_6_366.jpg,chataigne,0.0241,1256
2025_Conforme_1_Cam_T_6_367.jpg,vide,0.0006,11
2025_Conforme_1_Cam_T_6_368.jpg,vide,0.0002,3
2025_Conforme_1_Cam_T_6_369.jpg,vide,0.0004,6
2025_Conforme_1_Cam_T_6_37.jpg,vide,0.0,1
2025_Conforme_1_Cam_T_6_370.jpg,vide,0.0003,5
2025_Conforme_1_Cam_T_6_371.jpg,vide,0.0,0
2025_Conforme_1_Cam_T_6_372.jpg,chunks,0.011,387
2025_Conforme_1_Cam_T_6_373.jpg,chunks,0.0009,10
2025_Conforme_1_Cam_T_6_374.jpg,chataigne,0.1544,7756
2025_Conforme_1_Cam_T_6_375.jpg,chataigne,0.215,12946
2025_Conforme_1_Cam_T_6_376.jpg,chataigne,0.0731,527
2025_Conforme_1_Cam_T_6_377.jpg,vide,0.0005,6
2025_Conforme_1_Cam_T_6_378.jpg,vide,0.0007,6
2025_Conforme_1_Cam_T_6_379.jpg,vide,0.0001,4
2025_Conforme_1_Cam_T_6_38.jpg,vide,0.0006,6
2025_Conforme_1_Cam_T_6_380.jpg,vide,0.0004,7
2025_Conforme_1_Cam_T_6_381.jpg,vide,0.0004,6
2025_Conforme_1_Cam_T_6_382.jpg,vide,0.0001,2
2025_Conforme_1_Cam_T_6_383.jpg,vide,0.0,2
2025_Conforme_1_Cam_T_6_384.jpg,chataigne,0.0608,2597
2025_Conforme_1_Cam_T_6_385.jpg,chataigne,0.0596,686
2025_Conforme_1_Cam_T_6_386.jpg,chataigne,0.0191,856
2025_Conforme_1_Cam_T_6_387.jpg,chataigne,0.0775,1677
2025_Conforme_1_Cam_T_6_388.jpg,chataigne,0.0342,326
2025_Conforme_1_Cam_T_6_389.jpg,chataigne,0.0316,1163
2025_Conforme_1_Cam_T_6_39.jpg,vide,0.0014,16
2025_Conforme_1_Cam_T_6_390.jpg,chataigne,0.2115,11242
2025_Conforme_1_Cam_T_6_391.jpg,vide,0.0005,6
2025_Conforme_1_Cam_T_6_392.jpg,vide,0.0005,6
2025_Conforme_1_Cam_T_6_393.jpg,chataigne,0.0266,270
2025_Conforme_1_Cam_T_6_394.jpg,vide,0.0001,3
2025_Conforme_1_Cam_T_6_395.jpg,vide,0.0002,3
2025_Conforme_1_Cam_T_6_396.jpg,chunks,0.0144,369
2025_Conforme_1_Cam_T_6_397.jpg,chunks,0.0023,50
2025_Conforme_1_Cam_T_6_398.jpg,vide,0.0015,8
2025_Conforme_1_Cam_T_6_399.jpg,chunks,0.0032,21
2025_Conforme_1_Cam_T_6_4.jpg,vide,0.0001,4
2025_Conforme_1_Cam_T_6_40.jpg,vide,0.0001,1
2025_Conforme_1_Cam_T_6_401.jpg,chataigne,0.2543,15089
2025_Conforme_1_Cam_T_6_402.jpg,chunks,0.0115,334
2025_Conforme_1_Cam_T_6_403.jpg,chataigne,0.206,10858
2025_Conforme_1_Cam_T_6_404.jpg,chataigne,0.0172,547
2025_Conforme_1_Cam_T_6_405.jpg,chataigne,0.0125,447
2025_Conforme_1_Cam_T_6_406.jpg,vide,0.0001,2
2025_Conforme_1_Cam_T_6_407.jpg,vide,0.0001,2
2025_Conforme_1_Cam_T_6_408.jpg,chataigne,0.0256,121
2025_Conforme_1_Cam_T_6_409.jpg,chataigne,0.2699,16187
2025_Conforme_1_Cam_T_6_41.jpg,vide,0.0009,7
2025_Conforme_1_Cam_T_6_410.jpg,chunks,0.0124,225
2025_Conforme_1_Cam_T_6_411.jpg,chunks,0.0004,5
2025_Conforme_1_Cam_T_6_412.jpg,chataigne,0.0419,979
2025_Conforme_1_Cam_T_6_413.jpg,chataigne,0.0678,2292
2025_Conforme_1_Cam_T_6_414.jpg,vide,0.0005,4
2025_Conforme_1_Cam_T_6_415.jpg,chataigne,0.0454,2642
2025_Conforme_1_Cam_T_6_416.jpg,chataigne,0.1275,7359
2025_Conforme_1_Cam_T_6_417.jpg,chataigne,0.0429,383
2025_Conforme_1_Cam_T_6_418.jpg,vide,0.0,0
2025_Conforme_1_Cam_T_6_42.jpg,vide,0.0005,10
2025_Conforme_1_Cam_T_6_420.jpg,chataigne,0.1253,6237
2025_Conforme_1_Cam_T_6_421.jpg,chataigne,0.1597,9578
2025_Conforme_1_Cam_T_6_422.jpg,vide,0.0,3
2025_Conforme_1_Cam_T_6_423.jpg,multiple,0.173,5124
2025_Conforme_1_Cam_T_6_424.jpg,chunks,0.0057,40
2025_Conforme_1_Cam_T_6_425.jpg,chataigne,0.0206,200
2025_Conforme_1_Cam_T_6_426.jpg,chataigne,0.0756,1392
2025_Conforme_1_Cam_T_6_427.jpg,vide,0.0002,4
2025_Conforme_1_Cam_T_6_428.jpg,vide,0.0001,2
2025_Conforme_1_Cam_T_6_429.jpg,chunks,0.0285,606
2025_Conforme_1_Cam_T_6_43.jpg,vide,0.0009,11
2025_Conforme_1_Cam_T_6_430.jpg,chunks,0.0019,8
2025_Conforme_1_Cam_T_6_431.jpg,vide,0.0,1
2025_Conforme_1_Cam_T_6_432.jpg,chataigne,0.0876,4858
2025_Conforme_1_Cam_T_6_433.jpg,vide,0.0,0
2025_Conforme_1_Cam_T_6_435.jpg,chataigne,0.0503,1593
2025_Conforme_1_Cam_T_6_436.jpg,chataigne,0.0538,700
2025_Conforme_1_Cam_T_6_437.jpg,vide,0.0019,8
2025_Conforme_1_Cam_T_6_438.jpg,vide,0.0,1
2025_Conforme_1_Cam_T_6_439.jpg,vide,0.0,0
2025_Conforme_1_Cam_T_6_44.jpg,vide,0.0002,3
2025_Conforme_1_Cam_T_6_440.jpg,vide,0.0004,7
2025_Conforme_1_Cam_T_6_441.jpg,chataigne,0.2662,13364
2025_Conforme_1_Cam_T_6_442.jpg,chataigne,0.2575,14984
2025_Conforme_1_Cam_T_6_443.jpg,chataigne,0.2198,13409
2025_Conforme_1_Cam_T_6_446.jpg,chataigne,0.1027,2918
2025_Conforme_1_Cam_T_6_447.jpg,vide,0.0002,5
2025_Conforme_1_Cam_T_6_449.jpg,chataigne,0.2063,10859
2025_Conforme_1_Cam_T_6_45.jpg,vide,0.001,10
2025_Conforme_1_Cam_T_6_450.jpg,vide,0.0,1
2025_Conforme_1_Cam_T_6_451.jpg,chataigne,0.1146,6759
2025_Conforme_1_Cam_T_6_452.jpg,chataigne,0.1058,5634
2025_Conforme_1_Cam_T_6_453.jpg,chataigne,0.0126,449
2025_Conforme_1_Cam_T_6_454.jpg,chataigne,0.1644,7693
2025_Conforme_1_Cam_T_6_455.jpg,chataigne,0.1885,10600
2025_Conforme_1_Cam_T_6_456.jpg,vide,0.0009,17
2025_Conforme_1_Cam_T_6_457.jpg,chataigne,0.1864,9820
2025_Conforme_1_Cam_T_6_458.jpg,vide,0.0002,4
2025_Conforme_1_Cam_T_6_459.jpg,vide,0.0001,2
2025_Conforme_1_Cam_T_6_46.jpg,chataigne,0.203,10380
2025_Conforme_1_Cam_T_6_460.jpg,chataigne,0.0738,2541
2025_Conforme_1_Cam_T_6_461.jpg,chataigne,0.0423,1611
2025_Conforme_1_Cam_T_6_462.jpg,chataigne,0.2439,13631
2025_Conforme_1_Cam_T_6_463.jpg,vide,0.0003,7
2025_Conforme_1_Cam_T_6_464.jpg,vide,0.0,0
2025_Conforme_1_Cam_T_6_465.jpg,chataigne,0.2231,12028
2025_Conforme_1_Cam_T_6_466.jpg,chunks,0.0001,2
2025_Conforme_1_Cam_T_6_467.jpg,chataigne,0.0631,2505
2025_Conforme_1_Cam_T_6_468.jpg,chataigne,0.1727,9583
2025_Conforme_1_Cam_T_6_469.jpg,chataigne,0.2105,11682
2025_Conforme_1_Cam_T_6_47.jpg,vide,0.0001,2
2025_Conforme_1_Cam_T_6_470.jpg,chunks,0.0001,3
2025_Conforme_1_Cam_T_6_471.jpg,chunks,0.0317,1511
2025_Conforme_1_Cam_T_6_472.jpg,chataigne,0.1943,10707
2025_Conforme_1_Cam_T_6_473.jpg,chataigne,0.2222,12343
2025_Conforme_1_Cam_T_6_474.jpg,chataigne,0.1635,8353
2025_Conforme_1_Cam_T_6_475.jpg,chataigne,0.292,17249
2025_Conforme_1_Cam_T_6_476.jpg,chataigne,0.2679,13281
2025_Conforme_1_Cam_T_6_477.jpg,chataigne,0.1463,6503
2025_Conforme_1_Cam_T_6_478.jpg,chunks,0.0437,1752
2025_Conforme_1_Cam_T_6_48.jpg,chataigne,0.1268,5170
2025_Conforme_1_Cam_T_6_480.jpg,chataigne,0.0104,265
2025_Conforme_1_Cam_T_6_481.jpg,chataigne,0.342,20005
2025_Conforme_1_Cam_T_6_482.jpg,chataigne,0.0373,2075
2025_Conforme_1_Cam_T_6_483.jpg,chunks,0.022,561
2025_Conforme_1_Cam_T_6_484.jpg,chataigne,0.1998,11060
2025_Conforme_1_Cam_T_6_485.jpg,chataigne,0.0551,609
2025_Conforme_1_Cam_T_6_487.jpg,chataigne,0.0154,125
2025_Conforme_1_Cam_T_6_489.jpg,chataigne,0.0473,550
2025_Conforme_1_Cam_T_6_49.jpg,chataigne,0.2168,11637
2025_Conforme_1_Cam_T_6_490.jpg,chataigne,0.0836,3074
2025_Conforme_1_Cam_T_6_491.jpg,chataigne,0.0118,223
2025_Conforme_1_Cam_T_6_492.jpg,chunks,0.0036,97
2025_Conforme_1_Cam_T_6_493.jpg,chunks,0.0128,501
2025_Conforme_1_Cam_T_6_494.jpg,chataigne,0.1825,9717
2025_Conforme_1_Cam_T_6_495.jpg,chataigne,0.0552,1936
2025_Conforme_1_Cam_T_6_496.jpg,chunks,0.002,54
2025_Conforme_1_Cam_T_6_497.jpg,vide,0.0001,3
2025_Conforme_1_Cam_T_6_498.jpg,vide,0.0005,6
2025_Conforme_1_Cam_T_6_499.jpg,chunks,0.0187,323
2025_Conforme_1_Cam_T_6_5.jpg,vide,0.0,0
2025_Conforme_1_Cam_T_6_50.jpg,chataigne,0.0844,4305
2025_Conforme_1_Cam_T_6_500.jpg,chataigne,0.1221,3424
2025_Conforme_1_Cam_T_6_501.jpg,vide,0.0044,11
2025_Conforme_1_Cam_T_6_502.jpg,chataigne,0.1201,6386
2025_Conforme_1_Cam_T_6_503.jpg,chataigne,0.1085,5720
2025_Conforme_1_Cam_T_6_504.jpg,chunks,0.037,1204
2025_Conforme_1_Cam_T_6_506.jpg,vide,0.0001,2
2025_Conforme_1_Cam_T_6_507.jpg,chataigne,0.1854,9986
2025_Conforme_1_Cam_T_6_508.jpg,chunks,0.0024,11
2025_Conforme_1_Cam_T_6_509.jpg,chataigne,0.0758,3832
2025_Conforme_1_Cam_T_6_51.jpg,vide,0.0029,12
2025_Conforme_1_Cam_T_6_510.jpg,chataigne,0.0368,1385
2025_Conforme_1_Cam_T_6_511.jpg,vide,0.0004,6
2025_Conforme_1_Cam_T_6_512.jpg,vide,0.0006,9
2025_Conforme_1_Cam_T_6_513.jpg,vide,0.0004,5
2025_Conforme_1_Cam_T_6_514.jpg,chataigne,0.0493,1499
2025_Conforme_1_Cam_T_6_515.jpg,chataigne,0.0658,2984
2025_Conforme_1_Cam_T_6_517.jpg,chunks,0.0005,6
2025_Conforme_1_Cam_T_6_518.jpg,chataigne,0.0964,1708
2025_Conforme_1_Cam_T_6_519.jpg,chunks,0.0197,206
2025_Conforme_1_Cam_T_6_52.jpg,vide,0.0018,10
2025_Conforme_1_Cam_T_6_53.jpg,chataigne,0.287,17364
2025_Conforme_1_Cam_T_6_54.jpg,chunks,0.0004,9
2025_Conforme_1_Cam_T_6_55.jpg,chataigne,0.1736,8122
2025_Conforme_1_Cam_T_6_56.jpg,vide,0.0,1
2025_Conforme_1_Cam_T_6_57.jpg,chataigne,0.032,875
2025_Conforme_1_Cam_T_6_58.jpg,vide,0.0007,13
2025_Conforme_1_Cam_T_6_59.jpg,vide,0.0,2
2025_Conforme_1_Cam_T_6_6.jpg,vide,0.0008,11
2025_Conforme_1_Cam_T_6_60.jpg,vide,0.0004,5
2025_Conforme_1_Cam_T_6_61.jpg,chunks,0.0014,11
2025_Conforme_1_Cam_T_6_62.jpg,chunks,0.0288,574
2025_Conforme_1_Cam_T_6_63.jpg,chataigne,0.1998,11060
2025_Conforme_1_Cam_T_6_64.jpg,vide,0.0,1
2025_Conforme_1_Cam_T_6_65.jpg,chataigne,0.1001,5303
2025_Conforme_1_Cam_T_6_66.jpg,vide,0.0,0
2025_Conforme_1_Cam_T_6_67.jpg,chataigne,0.0744,3276
2025_Conforme_1_Cam_T_6_68.jpg,chataigne,0.0636,2704
2025_Conforme_1_Cam_T_6_69.jpg,chataigne,0.0331,1170
2025_Conforme_1_Cam_T_6_7.jpg,vide,0.0,1
2025_Conforme_1_Cam_T_6_70.jpg,chataigne,0.1272,6908
2025_Conforme_1_Cam_T_6_71.jpg,chunks,0.012,153
2025_Conforme_1_Cam_T_6_72.jpg,vide,0.0,0
2025_Conforme_1_Cam_T_6_73.jpg,vide,0.0001,1
2025_Conforme_1_Cam_T_6_74.jpg,vide,0.0004,4
2025_Conforme_1_Cam_T_6_75.jpg,chataigne,0.172,10040
2025_Conforme_1_Cam_T_6_76.jpg,vide,0.0003,3
2025_Conforme_1_Cam_T_6_77.jpg,chunks,0.0056,40
2025_Conforme_1_Cam_T_6_78.jpg,chataigne,0.0781,3914
2025_Conforme_1_Cam_T_6_79.jpg,chataigne,0.1317,7057
2025_Conforme_1_Cam_T_6_8.jpg,vide,0.0001,4
2025_Conforme_1_Cam_T_6_80.jpg,chataigne,0.1676,8926
2025_Conforme_1_Cam_T_6_81.jpg,vide,0.0004,6
2025_Conforme_1_Cam_T_6_82.jpg,chataigne,0.1411,7648
2025_Conforme_1_Cam_T_6_83.jpg,vide,0.0009,7
2025_Conforme_1_Cam_T_6_84.jpg,vide,0.0016,9
2025_Conforme_1_Cam_T_6_85.jpg,vide,0.0012,8
2025_Conforme_1_Cam_T_6_86.jpg,chataigne,0.0634,976
2025_Conforme_1_Cam_T_6_87.jpg,vide,0.0015,13
2025_Conforme_1_Cam_T_6_88.jpg,vide,0.0014,12
2025_Conforme_1_Cam_T_6_89.jpg,vide,0.0008,5
2025_Conforme_1_Cam_T_6_9.jpg,vide,0.0002,3
2025_Conforme_1_Cam_T_6_90.jpg,chataigne,0.3588,17989
2025_Conforme_1_Cam_T_6_91.jpg,multiple,0.302,15518
2025_Conforme_1_Cam_T_6_92.jpg,vide,0.0015,9
2025_Conforme_1_Cam_T_6_93.jpg,vide,0.0014,16
2025_Conforme_1_Cam_T_6_94.jpg,vide,0.0007,6
2025_Conforme_1_Cam_T_6_95.jpg,chataigne,0.1067,5330
2025_Conforme_1_Cam_T_6_96.jpg,vide,0.0002,3
2025_Conforme_1_Cam_T_6_97.jpg,vide,0.0001,3
2025_Conforme_1_Cam_T_6_98.jpg,vide,0.0012,11
2025_Conforme_1_Cam_T_6_99.jpg,vide,0.0019,10
2025_Conforme_2_Cam_B_1_0.jpg,vide,0.004,15
2025_Conforme_2_Cam_B_1_1.jpg,vide,0.0029,11
2025_Conforme_2_Cam_B_1_10.jpg,vide,0.0003,3
2025_Conforme_2_Cam_B_1_100.jpg,chunks,0.0671,3151
2025_Conforme_2_Cam_B_1_101.jpg,chataigne,0.1488,8519
2025_Conforme_2_Cam_B_1_102.jpg,chataigne,0.0466,2565
2025_Conforme_2_Cam_B_1_103.jpg,chunks,0.0292,1321
2025_Conforme_2_Cam_B_1_104.jpg,vide,0.0006,4
2025_Conforme_2_Cam_B_1_105.jpg,chataigne,0.2009,11955
2025_Conforme_2_Cam_B_1_106.jpg,chataigne,0.1481,8148
2025_Conforme_2_Cam_B_1_107.jpg,chataigne,0.2119,11320
2025_Conforme_2_Cam_B_1_108.jpg,chataigne,0.1844,11042
2025_Conforme_2_Cam_B_1_109.jpg,vide,0.0024,11
2025_Conforme_2_Cam_B_1_11.jpg,vide,0.0026,12
2025_Conforme_2_Cam_B_1_110.jpg,vide,0.0032,10
2025_Conforme_2_Cam_B_1_111.jpg,multiple,0.4364,25716
2025_Conforme_2_Cam_B_1_112.jpg,chataigne,0.0897,5233
2025_Conforme_2_Cam_B_1_113.jpg,chataigne,0.0741,4202
2025_Conforme_2_Cam_B_1_114.jpg,vide,0.0026,8
2025_Conforme_2_Cam_B_1_115.jpg,chataigne,0.2616,14813
2025_Conforme_2_Cam_B_1_116.jpg,vide,0.0031,11
2025_Conforme_2_Cam_B_1_117.jpg,vide,0.0019,12
2025_Conforme_2_Cam_B_1_118.jpg,vide,0.0012,6
2025_Conforme_2_Cam_B_1_119.jpg,chataigne,0.0844,4979
2025_Conforme_2_Cam_B_1_12.jpg,vide,0.0002,4
2025_Conforme_2_Cam_B_1_120.jpg,vide,0.0065,12
2025_Conforme_2_Cam_B_1_121.jpg,chataigne,0.1682,9998
2025_Conforme_2_Cam_B_1_122.jpg,chataigne,0.1113,6378
2025_Conforme_2_Cam_B_1_123.jpg,vide,0.0022,10
2025_Conforme_2_Cam_B_1_124.jpg,chataigne,0.1108,6487
2025_Conforme_2_Cam_B_1_125.jpg,chataigne,0.0639,2166
2025_Conforme_2_Cam_B_1_126.jpg,chataigne,0.1564,9408
2025_Conforme_2_Cam_B_1_127.jpg,vide,0.002,15
2025_Conforme_2_Cam_B_1_128.jpg,vide,0.0035,10
2025_Conforme_2_Cam_B_1_13.jpg,vide,0.0045,11
2025_Conforme_2_Cam_B_1_130.jpg,vide,0.003,15
2025_Conforme_2_Cam_B_1_131.jpg,chataigne,0.1986,11678
2025_Conforme_2_Cam_B_1_132.jpg,chataigne,0.4665,24562
2025_Conforme_2_Cam_B_1_133.jpg,vide,0.0015,6
2025_Conforme_2_Cam_B_1_134.jpg,chataigne,0.0778,2284
2025_Conforme_2_Cam_B_1_135.jpg,chataigne,0.2236,13356
2025_Conforme_2_Cam_B_1_136.jpg,chataigne,0.1846,10394
2025_Conforme_2_Cam_B_1_137.jpg,chataigne,0.239,12873
2025_Conforme_2_Cam_B_1_138.jpg,chataigne,0.0874,4427
2025_Conforme_2_Cam_B_1_139.jpg,chunks,0.0258,1329
2025_Conforme_2_Cam_B_1_14.jpg,vide,0.0008,6
2025_Conforme_2_Cam_B_1_140.jpg,chunks,0.0042,40
2025_Conforme_2_Cam_B_1_141.jpg,chataigne,0.1699,9251
2025_Conforme_2_Cam_B_1_142.jpg,chataigne,0.3001,18185
2025_Conforme_2_Cam_B_1_144.jpg,chunks,0.0293,1200
2025_Conforme_2_Cam_B_1_145.jpg,chataigne,0.1883,10946
2025_Conforme_2_Cam_B_1_146.jpg,chataigne,0.271,16011
2025_Conforme_2_Cam_B_1_147.jpg,chataigne,0.0541,2894
2025_Conforme_2_Cam_B_1_148.jpg,chataigne,0.0828,4150
2025_Conforme_2_Cam_B_1_149.jpg,chataigne,0.0235,982
2025_Conforme_2_Cam_B_1_15.jpg,vide,0.0018,12
2025_Conforme_2_Cam_B_1_150.jpg,chataigne,0.1712,9195
2025_Conforme_2_Cam_B_1_151.jpg,vide,0.0039,15
2025_Conforme_2_Cam_B_1_152.jpg,chataigne,0.2821,15832
2025_Conforme_2_Cam_B_1_153.jpg,chataigne,0.0927,1874
2025_Conforme_2_Cam_B_1_154.jpg,chataigne,0.3334,19790
2025_Conforme_2_Cam_B_1_155.jpg,chataigne,0.1825,9164
2025_Conforme_2_Cam_B_1_156.jpg,vide,0.0004,6
2025_Conforme_2_Cam_B_1_157.jpg,chunks,0.063,2961
2025_Conforme_2_Cam_B_1_158.jpg,chataigne,0.2185,13172
2025_Conforme_2_Cam_B_1_159.jpg,chataigne,0.0599,2770
2025_Conforme_2_Cam_B_1_16.jpg,vide,0.0024,8
2025_Conforme_2_Cam_B_1_160.jpg,chunks,0.006,29
2025_Conforme_2_Cam_B_1_161.jpg,chataigne,0.1644,9950
2025_Conforme_2_Cam_B_1_162.jpg,chunks,0.0231,515
2025_Conforme_2_Cam_B_1_163.jpg,chataigne,0.1495,7444
2025_Conforme_2_Cam_B_1_164.jpg,chataigne,0.197,9845
2025_Conforme_2_Cam_B_1_165.jpg,chataigne,0.2507,12802
2025_Conforme_2_Cam_B_1_166.jpg,chataigne,0.1502,7479
2025_Conforme_2_Cam_B_1_167.jpg,chataigne,0.1384,8126
2025_Conforme_2_Cam_B_1_168.jpg,chataigne,0.2897,17570
2025_Conforme_2_Cam_B_1_169.jpg,chataigne,0.2227,10446
2025_Conforme_2_Cam_B_1_17.jpg,vide,0.0018,8
2025_Conforme_2_Cam_B_1_170.jpg,chataigne,0.1644,9769
2025_Conforme_2_Cam_B_1_171.jpg,chataigne,0.0809,4294
2025_Conforme_2_Cam_B_1_172.jpg,chataigne,0.1478,8665
2025_Conforme_2_Cam_B_1_173.jpg,chunks,0.0044,105
2025_Conforme_2_Cam_B_1_174.jpg,chataigne,0.1416,8227
2025_Conforme_2_Cam_B_1_175.jpg,chataigne,0.0743,3706
2025_Conforme_2_Cam_B_1_176.jpg,chataigne,0.0823,4345
2025_Conforme_2_Cam_B_1_177.jpg,chataigne,0.2448,14702
2025_Conforme_2_Cam_B_1_178.jpg,chataigne,0.1279,6820
2025_Conforme_2_Cam_B_1_179.jpg,chataigne,0.1617,7978
2025_Conforme_2_Cam_B_1_18.jpg,vide,0.0033,16
2025_Conforme_2_Cam_B_1_180.jpg,chataigne,0.1978,10914
2025_Conforme_2_Cam_B_1_181.jpg,chunks,0.0469,2500
2025_Conforme_2_Cam_B_1_182.jpg,chataigne,0.2287,13190
2025_Conforme_2_Cam_B_1_183.jpg,chataigne,0.0759,4241
2025_Conforme_2_Cam_B_1_184.jpg,chataigne,0.1596,7679
2025_Conforme_2_Cam_B_1_185.jpg,chataigne,0.0829,4680
2025_Conforme_2_Cam_B_1_186.jpg,chataigne,0.3315,19705
2025_Conforme_2_Cam_B_1_187.jpg,chataigne,0.249,14548
2025_Conforme_2_Cam_B_1_188.jpg,chataigne,0.1243,5703
2025_Conforme_2_Cam_B_1_189.jpg,chataigne,0.2654,16065
2025_Conforme_2_Cam_B_1_19.jpg,vide,0.0022,11
2025_Conforme_2_Cam_B_1_190.jpg,chataigne,0.3353,19848
2025_Conforme_2_Cam_B_1_191.jpg,vide,0.0032,12
2025_Conforme_2_Cam_B_1_192.jpg,vide,0.0022,10
2025_Conforme_2_Cam_B_1_193.jpg,chataigne,0.1259,5861
2025_Conforme_2_Cam_B_1_194.jpg,chataigne,0.0693,3585
2025_Conforme_2_Cam_B_1_195.jpg,chataigne,0.0487,2531
2025_Conforme_2_Cam_B_1_196.jpg,chataigne,0.0708,2793
2025_Conforme_2_Cam_B_1_197.jpg,chataigne,0.064,2430
2025_Conforme_2_Cam_B_1_198.jpg,chataigne,0.2007,10705
2025_Conforme_2_Cam_B_1_199.jpg,multiple,0.193,11514
2025_Conforme_2_Cam_B_1_2.jpg,vide,0.004,15
2025_Conforme_2_Cam_B_1_20.jpg,vide,0.001,9
2025_Conforme_2_Cam_B_1_200.jpg,chataigne,0.1951,10601
2025_Conforme_2_Cam_B_1_201.jpg,chataigne,0.1628,8893
2025_Conforme_2_Cam_B_1_202.jpg,chunks,0.0376,1998
2025_Conforme_2_Cam_B_1_203.jpg,chunks,0.0797,4564
2025_Conforme_2_Cam_B_1_204.jpg,chataigne,0.2562,12708
2025_Conforme_2_Cam_B_1_205.jpg,chataigne,0.1408,6954
2025_Conforme_2_Cam_B_1_206.jpg,vide,0.0023,15
2025_Conforme_2_Cam_B_1_207.jpg,chataigne,0.1729,9751
2025_Conforme_2_Cam_B_1_208.jpg,chataigne,0.1026,5488
2025_Conforme_2_Cam_B_1_209.jpg,chunks,0.0013,8
2025_Conforme_2_Cam_B_1_21.jpg,vide,0.0026,12
2025_Conforme_2_Cam_B_1_210.jpg,chataigne,0.1821,10661
2025_Conforme_2_Cam_B_1_211.jpg,multiple,0.2252,11519
2025_Conforme_2_Cam_B_1_212.jpg,multiple,0.3097,18127
2025_Conforme_2_Cam_B_1_213.jpg,chataigne,0.1079,6022
2025_Conforme_2_Cam_B_1_214.jpg,chataigne,0.2406,13561
2025_Conforme_2_Cam_B_1_215.jpg,chataigne,0.2043,12091
2025_Conforme_2_Cam_B_1_216.jpg,chataigne,0.1509,8957
2025_Conforme_2_Cam_B_1_217.jpg,chataigne,0.1979,11206
2025_Conforme_2_Cam_B_1_218.jpg,chataigne,0.3614,21736
2025_Conforme_2_Cam_B_1_219.jpg,chataigne,0.2216,12178
2025_Conforme_2_Cam_B_1_22.jpg,vide,0.0042,10
2025_Conforme_2_Cam_B_1_220.jpg,chunks,0.0379,1802
2025_Conforme_2_Cam_B_1_221.jpg,chunks,0.0323,1813
2025_Conforme_2_Cam_B_1_222.jpg,chataigne,0.2481,14937
2025_Conforme_2_Cam_B_1_223.jpg,vide,0.0034,12
2025_Conforme_2_Cam_B_1_224.jpg,vide,0.0038,12
2025_Conforme_2_Cam_B_1_225.jpg,vide,0.0018,8
2025_Conforme_2_Cam_B_1_226.jpg,chataigne,0.1172,6035
2025_Conforme_2_Cam_B_1_227.jpg,multiple,0.2559,13537
2025_Conforme_2_Cam_B_1_228.jpg,chataigne,0.2378,14272
2025_Conforme_2_Cam_B_1_229.jpg,chataigne,0.1369,7404
2025_Conforme_2_Cam_B_1_23.jpg,vide,0.0041,13
2025_Conforme_2_Cam_B_1_230.jpg,chataigne,0.044,1965
2025_Conforme_2_Cam_B_1_231.jpg,chataigne,0.187,11060
2025_Conforme_2_Cam_B_1_232.jpg,chataigne,0.2964,17378
2025_Conforme_2_Cam_B_1_233.jpg,chataigne,0.1516,8588
2025_Conforme_2_Cam_B_1_234.jpg,chataigne,0.2035,12018
2025_Conforme_2_Cam_B_1_235.jpg,chunks,0.0066,34
2025_Conforme_2_Cam_B_1_236.jpg,vide,0.0018,11
2025_Conforme_2_Cam_B_1_237.jpg,chunks,0.0271,870
2025_Conforme_2_Cam_B_1_238.jpg,chataigne,0.3065,18031
2025_Conforme_2_Cam_B_1_239.jpg,chataigne,0.1144,6695
2025_Conforme_2_Cam_B_1_24.jpg,vide,0.006,14
2025_Conforme_2_Cam_B_1_240.jpg,chataigne,0.2536,15726
2025_Conforme_2_Cam_B_1_241.jpg,chataigne,0.2434,13609
2025_Conforme_2_Cam_B_1_242.jpg,chataigne,0.2265,13724
2025_Conforme_2_Cam_B_1_243.jpg,chataigne,0.3017,18249
2025_Conforme_2_Cam_B_1_244.jpg,chataigne,0.1365,7914
2025_Conforme_2_Cam_B_1_245.jpg,chataigne,0.2465,13836
2025_Conforme_2_Cam_B_1_246.jpg,vide,0.0035,9
2025_Conforme_2_Cam_B_1_247.jpg,vide,0.0031,13
2025_Conforme_2_Cam_B_1_248.jpg,vide,0.0023,8
2025_Conforme_2_Cam_B_1_249.jpg,chataigne,0.2397,14121
2025_Conforme_2_Cam_B_1_25.jpg,vide,0.0044,15
2025_Conforme_2_Cam_B_1_250.jpg,chataigne,0.3537,20246
2025_Conforme_2_Cam_B_1_251.jpg,vide,0.0037,12
2025_Conforme_2_Cam_B_1_252.jpg,chataigne,0.3001,18090
2025_Conforme_2_Cam_B_1_253.jpg,chunks,0.1183,6133
2025_Conforme_2_Cam_B_1_254.jpg,chunks,0.002,9
2025_Conforme_2_Cam_B_1_255.jpg,vide,0.0039,15
2025_Conforme_2_Cam_B_1_256.jpg,chunks,0.1154,5963
2025_Conforme_2_Cam_B_1_257.jpg,vide,0.0033,9
2025_Conforme_2_Cam_B_1_258.jpg,vide,0.0034,12
2025_Conforme_2_Cam_B_1_259.jpg,chataigne,0.2614,15275
2025_Conforme_2_Cam_B_1_26.jpg,vide,0.0016,9
2025_Conforme_2_Cam_B_1_260.jpg,chataigne,0.2245,11654
2025_Conforme_2_Cam_B_1_261.jpg,chataigne,0.3429,20055
2025_Conforme_2_Cam_B_1_262.jpg,chataigne,0.3596,20599
2025_Conforme_2_Cam_B_1_263.jpg,chataigne,0.1782,9251
2025_Conforme_2_Cam_B_1_264.jpg,chataigne,0.302,18103
2025_Conforme_2_Cam_B_1_265.jpg,chataigne,0.2741,16252
2025_Conforme_2_Cam_B_1_266.jpg,chataigne,0.179,9875
2025_Conforme_2_Cam_B_1_267.jpg,chataigne,0.1529,8905
2025_Conforme_2_Cam_B_1_268.jpg,vide,0.0036,13
2025_Conforme_2_Cam_B_1_269.jpg,chunks,0.0058,19
2025_Conforme_2_Cam_B_1_27.jpg,vide,0.0026,9
2025_Conforme_2_Cam_B_1_270.jpg,chataigne,0.1754,8985
2025_Conforme_2_Cam_B_1_271.jpg,vide,0.0017,7
2025_Conforme_2_Cam_B_1_272.jpg,chataigne,0.3134,18885
2025_Conforme_2_Cam_B_1_273.jpg,chataigne,0.2675,14061
2025_Conforme_2_Cam_B_1_274.jpg,chataigne,0.304,15883
2025_Conforme_2_Cam_B_1_275.jpg,chataigne,0.2001,11921
2025_Conforme_2_Cam_B_1_276.jpg,chataigne,0.1597,9414
2025_Conforme_2_Cam_B_1_277.jpg,chataigne,0.1532,8655
2025_Conforme_2_Cam_B_1_278.jpg,multiple,0.0922,5360
2025_Conforme_2_Cam_B_1_279.jpg,chunks,0.0035,41
2025_Conforme_2_Cam_B_1_28.jpg,vide,0.0039,10
2025_Conforme_2_Cam_B_1_280.jpg,chataigne,0.2071,12165
2025_Conforme_2_Cam_B_1_281.jpg,chataigne,0.1011,4780
2025_Conforme_2_Cam_B_1_282.jpg,chunks,0.0528,2518
2025_Conforme_2_Cam_B_1_283.jpg,vide,0.0011,9
2025_Conforme_2_Cam_B_1_284.jpg,vide,0.003,10
2025_Conforme_2_Cam_B_1_285.jpg,chataigne,0.0872,5180
2025_Conforme_2_Cam_B_1_286.jpg,chataigne,0.1263,7390
2025_Conforme_2_Cam_B_1_287.jpg,chataigne,0.1498,7881
2025_Conforme_2_Cam_B_1_288.jpg,chataigne,0.1535,8917
2025_Conforme_2_Cam_B_1_289.jpg,chataigne,0.2845,16778
2025_Conforme_2_Cam_B_1_29.jpg,vide,0.0049,16
2025_Conforme_2_Cam_B_1_290.jpg,chataigne,0.2077,12010
2025_Conforme_2_Cam_B_1_291.jpg,chataigne,0.1676,9122
2025_Conforme_2_Cam_B_1_292.jpg,chataigne,0.0185,705
2025_Conforme_2_Cam_B_1_293.jpg,chataigne,0.1198,6197
2025_Conforme_2_Cam_B_1_294.jpg,chataigne,0.0872,4156
2025_Conforme_2_Cam_B_1_295.jpg,vide,0.0022,8
2025_Conforme_2_Cam_B_1_296.jpg,chataigne,0.1413,8118
2025_Conforme_2_Cam_B_1_297.jpg,chataigne,0.1025,5516
2025_Conforme_2_Cam_B_1_298.jpg,vide,0.0014,6
2025_Conforme_2_Cam_B_1_299.jpg,chataigne,0.2324,14048
2025_Conforme_2_Cam_B_1_3.jpg,vide,0.0037,11
2025_Conforme_2_Cam_B_1_30.jpg,vide,0.0062,13
2025_Conforme_2_Cam_B_1_300.jpg,chataigne,0.2516,15116
2025_Conforme_2_Cam_B_1_301.jpg,chataigne,0.3016,18107
2025_Conforme_2_Cam_B_1_302.jpg,chataigne,0.2935,16180
2025_Conforme_2_Cam_B_1_303.jpg,chataigne,0.1121,6145
2025_Conforme_2_Cam_B_1_304.jpg,chataigne,0.2241,12173
2025_Conforme_2_Cam_B_1_305.jpg,chataigne,0.205,11407
2025_Conforme_2_Cam_B_1_306.jpg,chunks,0.0349,1711
2025_Conforme_2_Cam_B_1_307.jpg,chataigne,0.1548,7232
2025_Conforme_2_Cam_B_1_308.jpg,chataigne,0.2363,12598
2025_Conforme_2_Cam_B_1_309.jpg,chataigne,0.1802,9370
2025_Conforme_2_Cam_B_1_31.jpg,vide,0.0061,14
2025_Conforme_2_Cam_B_1_310.jpg,chataigne,0.1471,6923
2025_Conforme_2_Cam_B_1_311.jpg,chataigne,0.2358,14154
2025_Conforme_2_Cam_B_1_312.jpg,chataigne,0.1899,11081
2025_Conforme_2_Cam_B_1_313.jpg,multiple,0.242,13874
2025_Conforme_2_Cam_B_1_314.jpg,chataigne,0.1544,9041
2025_Conforme_2_Cam_B_1_315.jpg,chunks,0.0037,70
2025_Conforme_2_Cam_B_1_316.jpg,chataigne,0.0572,2762
2025_Conforme_2_Cam_B_1_317.jpg,chataigne,0.1219,7078
2025_Conforme_2_Cam_B_1_318.jpg,chunks,0.0042,11
2025_Conforme_2_Cam_B_1_319.jpg,chataigne,0.1824,10867
2025_Conforme_2_Cam_B_1_32.jpg,vide,0.0046,16
2025_Conforme_2_Cam_B_1_320.jpg,chataigne,0.1582,9409
2025_Conforme_2_Cam_B_1_321.jpg,chataigne,0.2627,15507
2025_Conforme_2_Cam_B_1_322.jpg,chunks,0.0427,2183
2025_Conforme_2_Cam_B_1_323.jpg,chataigne,0.1521,8988
2025_Conforme_2_Cam_B_1_324.jpg,multiple,0.2743,16234
2025_Conforme_2_Cam_B_1_325.jpg,chataigne,0.1244,6621
2025_Conforme_2_Cam_B_1_326.jpg,chataigne,0.2018,11261
2025_Conforme_2_Cam_B_1_327.jpg,chataigne,0.2109,12517
2025_Conforme_2_Cam_B_1_328.jpg,vide,0.002,12
2025_Conforme_2_Cam_B_1_329.jpg,chataigne,0.258,15295
2025_Conforme_2_Cam_B_1_33.jpg,vide,0.0037,14
2025_Conforme_2_Cam_B_1_330.jpg,vide,0.0062,12
2025_Conforme_2_Cam_B_1_331.jpg,chataigne,0.3106,18234
2025_Conforme_2_Cam_B_1_332.jpg,chataigne,0.3052,14711
2025_Conforme_2_Cam_B_1_333.jpg,chataigne,0.1751,9794
2025_Conforme_2_Cam_B_1_334.jpg,chataigne,0.381,21368
2025_Conforme_2_Cam_B_1_335.jpg,chataigne,0.2143,11904
2025_Conforme_2_Cam_B_1_336.jpg,chataigne,0.2767,16218
2025_Conforme_2_Cam_B_1_337.jpg,chataigne,0.153,7630
2025_Conforme_2_Cam_B_1_338.jpg,chataigne,0.3038,15531
2025_Conforme_2_Cam_B_1_339.jpg,chataigne,0.0876,4835
2025_Conforme_2_Cam_B_1_34.jpg,chataigne,0.348,20588
2025_Conforme_2_Cam_B_1_340.jpg,chataigne,0.1793,9717
2025_Conforme_2_Cam_B_1_341.jpg,vide,0.0003,9
2025_Conforme_2_Cam_B_1_342.jpg,chataigne,0.1679,10033
2025_Conforme_2_Cam_B_1_343.jpg,chataigne,0.0324,799
2025_Conforme_2_Cam_B_1_344.jpg,chataigne,0.222,13459
2025_Conforme_2_Cam_B_1_345.jpg,chataigne,0.1668,8690
2025_Conforme_2_Cam_B_1_346.jpg,chunks,0.0564,2508
2025_Conforme_2_Cam_B_1_347.jpg,chataigne,0.1322,7760
2025_Conforme_2_Cam_B_1_348.jpg,chataigne,0.0886,5048
2025_Conforme_2_Cam_B_1_349.jpg,vide,0.0019,8
2025_Conforme_2_Cam_B_1_35.jpg,chataigne,0.1437,7883
2025_Conforme_2_Cam_B_1_350.jpg,chataigne,0.019,354
2025_Conforme_2_Cam_B_1_351.jpg,chataigne,0.1112,4156
2025_Conforme_2_Cam_B_1_352.jpg,chunks,0.0383,1907
2025_Conforme_2_Cam_B_1_353.jpg,chataigne,0.2099,12050
2025_Conforme_2_Cam_B_1_354.jpg,chunks,0.0039,36
2025_Conforme_2_Cam_B_1_355.jpg,chataigne,0.1603,7696
2025_Conforme_2_Cam_B_1_356.jpg,chataigne,0.2039,11723
2025_Conforme_2_Cam_B_1_357.jpg,chataigne,0.1761,9941
2025_Conforme_2_Cam_B_1_358.jpg,chataigne,0.336,17980
2025_Conforme_2_Cam_B_1_359.jpg,chataigne,0.1723,8063
2025_Conforme_2_Cam_B_1_36.jpg,vide,0.0061,16
2025_Conforme_2_Cam_B_1_360.jpg,chataigne,0.1724,10199
2025_Conforme_2_Cam_B_1_361.jpg,chataigne,0.2104,11507
2025_Conforme_2_Cam_B_1_362.jpg,chataigne,0.2443,13630
2025_Conforme_2_Cam_B_1_363.jpg,chataigne,0.1911,10051
2025_Conforme_2_Cam_B_1_364.jpg,chataigne,0.1621,9139
2025_Conforme_2_Cam_B_1_365.jpg,chunks,0.0759,3687
2025_Conforme_2_Cam_B_1_366.jpg,chataigne,0.2565,12808
2025_Conforme_2_Cam_B_1_367.jpg,chataigne,0.1025,5794
2025_Conforme_2_Cam_B_1_368.jpg,chataigne,0.175,10325
2025_Conforme_2_Cam_B_1_369.jpg,chataigne,0.1577,7555
2025_Conforme_2_Cam_B_1_37.jpg,chataigne,0.3,16627
2025_Conforme_2_Cam_B_1_370.jpg,chataigne,0.1338,7140
2025_Conforme_2_Cam_B_1_371.jpg,chataigne,0.1994,11408
2025_Conforme_2_Cam_B_1_372.jpg,chataigne,0.258,15342
2025_Conforme_2_Cam_B_1_373.jpg,vide,0.0019,13
2025_Conforme_2_Cam_B_1_374.jpg,vide,0.0019,8
2025_Conforme_2_Cam_B_1_375.jpg,chunks,0.0031,64
2025_Conforme_2_Cam_B_1_376.jpg,vide,0.0016,10
2025_Conforme_2_Cam_B_1_377.jpg,vide,0.005,20
2025_Conforme_2_Cam_B_1_378.jpg,chataigne,0.1966,11321
2025_Conforme_2_Cam_B_1_379.jpg,chataigne,0.2837,16618
2025_Conforme_2_Cam_B_1_38.jpg,chataigne,0.1901,9688
2025_Conforme_2_Cam_B_1_380.jpg,vide,0.0048,17
2025_Conforme_2_Cam_B_1_381.jpg,chataigne,0.1941,10414
2025_Conforme_2_Cam_B_1_382.jpg,chataigne,0.2002,10484
2025_Conforme_2_Cam_B_1_383.jpg,vide,0.0044,14
2025_Conforme_2_Cam_B_1_384.jpg,chataigne,0.2923,16648
2025_Conforme_2_Cam_B_1_385.jpg,chataigne,0.1431,7189
2025_Conforme_2_Cam_B_1_386.jpg,chataigne,0.1664,9759
2025_Conforme_2_Cam_B_1_387.jpg,vide,0.0004,5
2025_Conforme_2_Cam_B_1_388.jpg,chataigne,0.1611,7810
2025_Conforme_2_Cam_B_1_389.jpg,chataigne,0.1112,6637
2025_Conforme_2_Cam_B_1_39.jpg,chataigne,0.2222,11515
2025_Conforme_2_Cam_B_1_390.jpg,chataigne,0.3207,19050
2025_Conforme_2_Cam_B_1_391.jpg,chataigne,0.1431,8361
2025_Conforme_2_Cam_B_1_392.jpg,chataigne,0.2701,16389
2025_Conforme_2_Cam_B_1_393.jpg,chunks,0.0037,17
2025_Conforme_2_Cam_B_1_394.jpg,chataigne,0.3254,17557
2025_Conforme_2_Cam_B_1_395.jpg,chataigne,0.1421,8292
2025_Conforme_2_Cam_B_1_396.jpg,chataigne,0.2105,11720
2025_Conforme_2_Cam_B_1_397.jpg,vide,0.005,12
2025_Conforme_2_Cam_B_1_398.jpg,chunks,0.044,1951
2025_Conforme_2_Cam_B_1_399.jpg,chataigne,0.2503,14932
2025_Conforme_2_Cam_B_1_4.jpg,vide,0.0058,14
2025_Conforme_2_Cam_B_1_40.jpg,chataigne,0.2683,14406
2025_Conforme_2_Cam_B_1_400.jpg,vide,0.0055,13
2025_Conforme_2_Cam_B_1_401.jpg,chataigne,0.2968,17579
2025_Conforme_2_Cam_B_1_402.jpg,chataigne,0.2791,16432
2025_Conforme_2_Cam_B_1_403.jpg,chataigne,0.0809,4484
2025_Conforme_2_Cam_B_1_404.jpg,chataigne,0.1371,7040
2025_Conforme_2_Cam_B_1_405.jpg,chataigne,0.0473,2519
2025_Conforme_2_Cam_B_1_406.jpg,chataigne,0.2216,13373
2025_Conforme_2_Cam_B_1_407.jpg,chunks,0.0304,1327
2025_Conforme_2_Cam_B_1_408.jpg,chataigne,0.1711,10093
2025_Conforme_2_Cam_B_1_409.jpg,chataigne,0.2333,12363
2025_Conforme_2_Cam_B_1_41.jpg,chataigne,0.196,11207
2025_Conforme_2_Cam_B_1_410.jpg,chataigne,0.2791,16823
2025_Conforme_2_Cam_B_1_411.jpg,chunks,0.0237,1047
2025_Conforme_2_Cam_B_1_412.jpg,chataigne,0.1964,9862
2025_Conforme_2_Cam_B_1_413.jpg,chunks,0.0475,2233
2025_Conforme_2_Cam_B_1_414.jpg,chataigne,0.0601,2308
2025_Conforme_2_Cam_B_1_415.jpg,chataigne,0.3454,19310
2025_Conforme_2_Cam_B_1_416.jpg,vide,0.0025,8
2025_Conforme_2_Cam_B_1_417.jpg,vide,0.0047,10
2025_Conforme_2_Cam_B_1_418.jpg,chunks,0.0671,3563
2025_Conforme_2_Cam_B_1_419.jpg,vide,0.0024,12
2025_Conforme_2_Cam_B_1_42.jpg,chataigne,0.2286,12508
2025_Conforme_2_Cam_B_1_420.jpg,chataigne,0.0761,3678
2025_Conforme_2_Cam_B_1_421.jpg,vide,0.0021,10
2025_Conforme_2_Cam_B_1_422.jpg,multiple,0.0576,2463
2025_Conforme_2_Cam_B_1_423.jpg,chunks,0.086,4423
2025_Conforme_2_Cam_B_1_424.jpg,chataigne,0.2299,12114
2025_Conforme_2_Cam_B_1_425.jpg,multiple,0.2789,16629
2025_Conforme_2_Cam_B_1_426.jpg,chataigne,0.074,1711
2025_Conforme_2_Cam_B_1_427.jpg,chataigne,0.1433,7914
2025_Conforme_2_Cam_B_1_428.jpg,chataigne,0.274,16351
2025_Conforme_2_Cam_B_1_429.jpg,chataigne,0.3497,21124
2025_Conforme_2_Cam_B_1_43.jpg,vide,0.005,15
2025_Conforme_2_Cam_B_1_430.jpg,chataigne,0.3679,21782
2025_Conforme_2_Cam_B_1_431.jpg,chataigne,0.3047,17923
2025_Conforme_2_Cam_B_1_432.jpg,chataigne,0.1357,7033
2025_Conforme_2_Cam_B_1_433.jpg,chataigne,0.0421,1239
2025_Conforme_2_Cam_B_1_434.jpg,vide,0.0018,7
2025_Conforme_2_Cam_B_1_435.jpg,vide,0.0007,6
2025_Conforme_2_Cam_B_1_436.jpg,vide,0.0024,10
2025_Conforme_2_Cam_B_1_437.jpg,vide,0.0016,12
2025_Conforme_2_Cam_B_1_438.jpg,vide,0.0014,9
2025_Conforme_2_Cam_B_1_439.jpg,vide,0.0034,10
2025_Conforme_2_Cam_B_1_44.jpg,chataigne,0.1614,9710
2025_Conforme_2_Cam_B_1_440.jpg,vide,0.0042,10
2025_Conforme_2_Cam_B_1_441.jpg,vide,0.0041,15
2025_Conforme_2_Cam_B_1_442.jpg,vide,0.0033,28
2025_Conforme_2_Cam_B_1_443.jpg,chataigne,0.1472,8527
2025_Conforme_2_Cam_B_1_444.jpg,chunks,0.0046,50
2025_Conforme_2_Cam_B_1_445.jpg,chataigne,0.2175,12004
2025_Conforme_2_Cam_B_1_446.jpg,chataigne,0.2886,17128
2025_Conforme_2_Cam_B_1_447.jpg,vide,0.0039,15
2025_Conforme_2_Cam_B_1_448.jpg,vide,0.0004,3
2025_Conforme_2_Cam_B_1_449.jpg,chataigne,0.0901,5114
2025_Conforme_2_Cam_B_1_45.jpg,vide,0.0027,12
2025_Conforme_2_Cam_B_1_450.jpg,vide,0.001,8
2025_Conforme_2_Cam_B_1_451.jpg,chataigne,0.0517,2903
2025_Conforme_2_Cam_B_1_452.jpg,vide,0.0017,10
2025_Conforme_2_Cam_B_1_453.jpg,chataigne,0.1573,8268
2025_Conforme_2_Cam_B_1_454.jpg,chunks,0.0182,383
2025_Conforme_2_Cam_B_1_455.jpg,chataigne,0.2855,16178
2025_Conforme_2_Cam_B_1_456.jpg,vide,0.004,10
2025_Conforme_2_Cam_B_1_457.jpg,chataigne,0.2146,10111
2025_Conforme_2_Cam_B_1_458.jpg,chataigne,0.2609,14365
2025_Conforme_2_Cam_B_1_459.jpg,chataigne,0.2558,15481
2025_Conforme_2_Cam_B_1_46.jpg,chataigne,0.3189,18623
2025_Conforme_2_Cam_B_1_460.jpg,vide,0.0042,19
2025_Conforme_2_Cam_B_1_461.jpg,chataigne,0.1191,6950
2025_Conforme_2_Cam_B_1_462.jpg,chataigne,0.1429,7579
2025_Conforme_2_Cam_B_1_463.jpg,vide,0.0046,15
2025_Conforme_2_Cam_B_1_464.jpg,chataigne,0.1964,11754
2025_Conforme_2_Cam_B_1_465.jpg,chataigne,0.1279,7049
2025_Conforme_2_Cam_B_1_466.jpg,chataigne,0.1954,11641
2025_Conforme_2_Cam_B_1_467.jpg,vide,0.0017,13
2025_Conforme_2_Cam_B_1_468.jpg,chataigne,0.0465,2160
2025_Conforme_2_Cam_B_1_469.jpg,chataigne,0.0273,1294
2025_Conforme_2_Cam_B_1_47.jpg,chataigne,0.1072,5612
2025_Conforme_2_Cam_B_1_470.jpg,chunks,0.0011,5
2025_Conforme_2_Cam_B_1_471.jpg,chataigne,0.0069,45
2025_Conforme_2_Cam_B_1_472.jpg,chataigne,0.1647,9895
2025_Conforme_2_Cam_B_1_473.jpg,chunks,0.0031,7
2025_Conforme_2_Cam_B_1_474.jpg,chataigne,0.222,13022
2025_Conforme_2_Cam_B_1_475.jpg,vide,0.0031,11
2025_Conforme_2_Cam_B_1_476.jpg,chataigne,0.1488,8330
2025_Conforme_2_Cam_B_1_477.jpg,chataigne,0.2112,12247
2025_Conforme_2_Cam_B_1_478.jpg,chataigne,0.1426,6841
2025_Conforme_2_Cam_B_1_479.jpg,chunks,0.0314,1560
2025_Conforme_2_Cam_B_1_48.jpg,chataigne,0.0861,4738
2025_Conforme_2_Cam_B_1_480.jpg,chataigne,0.3275,19912
2025_Conforme_2_Cam_B_1_481.jpg,chataigne,0.2702,15686
2025_Conforme_2_Cam_B_1_482.jpg,chataigne,0.1683,9961
2025_Conforme_2_Cam_B_1_483.jpg,vide,0.0033,8
2025_Conforme_2_Cam_B_1_484.jpg,vide,0.0019,9
2025_Conforme_2_Cam_B_1_485.jpg,chataigne,0.3098,18920
2025_Conforme_2_Cam_B_1_486.jpg,chataigne,0.3234,18047
2025_Conforme_2_Cam_B_1_487.jpg,chataigne,0.1503,7404
2025_Conforme_2_Cam_B_1_488.jpg,vide,0.0016,12
2025_Conforme_2_Cam_B_1_489.jpg,chataigne,0.0825,4600
2025_Conforme_2_Cam_B_1_49.jpg,chataigne,0.2034,12055
2025_Conforme_2_Cam_B_1_490.jpg,chataigne,0.3354,16878
2025_Conforme_2_Cam_B_1_491.jpg,vide,0.0006,6
2025_Conforme_2_Cam_B_1_492.jpg,chataigne,0.1337,7468
2025_Conforme_2_Cam_B_1_493.jpg,multiple,0.2396,13891
2025_Conforme_2_Cam_B_1_494.jpg,chataigne,0.4647,26179
2025_Conforme_2_Cam_B_1_495.jpg,chataigne,0.2212,12987
2025_Conforme_2_Cam_B_1_496.jpg,multiple,0.321,18941
2025_Conforme_2_Cam_B_1_497.jpg,chataigne,0.1478,8629
2025_Conforme_2_Cam_B_1_498.jpg,chunks,0.0453,2356
2025_Conforme_2_Cam_B_1_499.jpg,chataigne,0.0894,3418
2025_Conforme_2_Cam_B_1_5.jpg,vide,0.0025,8
2025_Conforme_2_Cam_B_1_50.jpg,chataigne,0.1171,5616
2025_Conforme_2_Cam_B_1_500.jpg,chataigne,0.0475,882
2025_Conforme_2_Cam_B_1_501.jpg,multiple,0.1104,3565
2025_Conforme_2_Cam_B_1_502.jpg,chataigne,0.1975,10518
2025_Conforme_2_Cam_B_1_503.jpg,chunks,0.0656,3157
2025_Conforme_2_Cam_B_1_504.jpg,chataigne,0.1575,8627
2025_Conforme_2_Cam_B_1_505.jpg,chataigne,0.1111,5737
2025_Conforme_2_Cam_B_1_506.jpg,chataigne,0.1372,8142
2025_Conforme_2_Cam_B_1_507.jpg,chataigne,0.05,2700
2025_Conforme_2_Cam_B_1_508.jpg,chataigne,0.3027,18194
2025_Conforme_2_Cam_B_1_509.jpg,chunks,0.1292,7850
2025_Conforme_2_Cam_B_1_51.jpg,vide,0.0007,7
2025_Conforme_2_Cam_B_1_510.jpg,vide,0.0016,6
2025_Conforme_2_Cam_B_1_511.jpg,chataigne,0.2124,10898
2025_Conforme_2_Cam_B_1_512.jpg,chataigne,0.2907,17431
2025_Conforme_2_Cam_B_1_513.jpg,chataigne,0.1946,11454
2025_Conforme_2_Cam_B_1_514.jpg,chataigne,0.177,10330
2025_Conforme_2_Cam_B_1_515.jpg,chataigne,0.2051,11681
2025_Conforme_2_Cam_B_1_516.jpg,chataigne,0.2897,14619
2025_Conforme_2_Cam_B_1_517.jpg,chataigne,0.1972,11655
2025_Conforme_2_Cam_B_1_518.jpg,chataigne,0.3048,18329
2025_Conforme_2_Cam_B_1_519.jpg,vide,0.0002,8
2025_Conforme_2_Cam_B_1_52.jpg,vide,0.0005,5
2025_Conforme_2_Cam_B_1_520.jpg,chataigne,0.2475,13023
2025_Conforme_2_Cam_B_1_521.jpg,chataigne,0.24,14063
2025_Conforme_2_Cam_B_1_522.jpg,chataigne,0.2613,14700
2025_Conforme_2_Cam_B_1_523.jpg,chataigne,0.1885,10773
2025_Conforme_2_Cam_B_1_524.jpg,chataigne,0.1331,7650
2025_Conforme_2_Cam_B_1_525.jpg,chataigne,0.0951,5522
2025_Conforme_2_Cam_B_1_526.jpg,vide,0.004,14
2025_Conforme_2_Cam_B_1_527.jpg,chataigne,0.2875,17537
2025_Conforme_2_Cam_B_1_528.jpg,chataigne,0.1166,6768
2025_Conforme_2_Cam_B_1_529.jpg,vide,0.0027,12
2025_Conforme_2_Cam_B_1_53.jpg,vide,0.0034,10
2025_Conforme_2_Cam_B_1_530.jpg,chataigne,0.3062,16246
2025_Conforme_2_Cam_B_1_531.jpg,chataigne,0.0416,1287
2025_Conforme_2_Cam_B_1_532.jpg,chataigne,0.3014,16556
2025_Conforme_2_Cam_B_1_54.jpg,chataigne,0.2181,12079
2025_Conforme_2_Cam_B_1_55.jpg,chataigne,0.0943,5605
2025_Conforme_2_Cam_B_1_56.jpg,chataigne,0.2279,13601
2025_Conforme_2_Cam_B_1_57.jpg,chataigne,0.1956,11417
2025_Conforme_2_Cam_B_1_58.jpg,chataigne,0.1772,10241
2025_Conforme_2_Cam_B_1_59.jpg,vide,0.0028,8
2025_Conforme_2_Cam_B_1_6.jpg,vide,0.0021,10
2025_Conforme_2_Cam_B_1_60.jpg,chataigne,0.1348,7361
2025_Conforme_2_Cam_B_1_61.jpg,chunks,0.0058,30
2025_Conforme_2_Cam_B_1_62.jpg,chunks,0.0645,3675
2025_Conforme_2_Cam_B_1_63.jpg,chataigne,0.4214,23459
2025_Conforme_2_Cam_B_1_64.jpg,chataigne,0.1927,10717
2025_Conforme_2_Cam_B_1_65.jpg,vide,0.004,18
2025_Conforme_2_Cam_B_1_66.jpg,chataigne,0.2187,13232
2025_Conforme_2_Cam_B_1_67.jpg,chataigne,0.1665,9223
2025_Conforme_2_Cam_B_1_68.jpg,chataigne,0.1613,8875
2025_Conforme_2_Cam_B_1_69.jpg,chataigne,0.208,10241
2025_Conforme_2_Cam_B_1_7.jpg,vide,0.0035,12
2025_Conforme_2_Cam_B_1_70.jpg,chataigne,0.2867,17046
2025_Conforme_2_Cam_B_1_71.jpg,vide,0.006,18
2025_Conforme_2_Cam_B_1_72.jpg,vide,0.0035,10
2025_Conforme_2_Cam_B_1_73.jpg,vide,0.0009,8
2025_Conforme_2_Cam_B_1_74.jpg,chataigne,0.0959,5289
2025_Conforme_2_Cam_B_1_75.jpg,chataigne,0.1726,9353
2025_Conforme_2_Cam_B_1_76.jpg,chataigne,0.2472,14545
2025_Conforme_2_Cam_B_1_77.jpg,chataigne,0.292,17869
2025_Conforme_2_Cam_B_1_78.jpg,chataigne,0.1969,10469
2025_Conforme_2_Cam_B_1_79.jpg,chataigne,0.1702,9034
2025_Conforme_2_Cam_B_1_80.jpg,chunks,0.0674,2711
2025_Conforme_2_Cam_B_1_82.jpg,chataigne,0.159,8148
2025_Conforme_2_Cam_B_1_83.jpg,chataigne,0.3322,20213
2025_Conforme_2_Cam_B_1_84.jpg,chataigne,0.2306,14058
2025_Conforme_2_Cam_B_1_85.jpg,chunks,0.0731,3928
2025_Conforme_2_Cam_B_1_86.jpg,chataigne,0.1976,11537
2025_Conforme_2_Cam_B_1_87.jpg,chataigne,0.0854,4559
2025_Conforme_2_Cam_B_1_88.jpg,chataigne,0.2209,13185
2025_Conforme_2_Cam_B_1_89.jpg,chataigne,0.2187,11311
2025_Conforme_2_Cam_B_1_9.jpg,vide,0.0037,8
2025_Conforme_2_Cam_B_1_90.jpg,chataigne,0.1541,9109
2025_Conforme_2_Cam_B_1_91.jpg,chataigne,0.0753,4474
2025_Conforme_2_Cam_B_1_92.jpg,chataigne,0.1812,9656
2025_Conforme_2_Cam_B_1_93.jpg,chataigne,0.2315,13350
2025_Conforme_2_Cam_B_1_94.jpg,chataigne,0.2439,14414
2025_Conforme_2_Cam_B_1_95.jpg,chataigne,0.0956,5427
2025_Conforme_2_Cam_B_1_96.jpg,chataigne,0.1674,9666
2025_Conforme_2_Cam_B_1_97.jpg,chataigne,0.2689,13630
2025_Conforme_2_Cam_B_1_98.jpg,chataigne,0.1579,9329
2025_Conforme_2_Cam_B_1_99.jpg,vide,0.0045,8
2025_Conforme_2_Cam_B_2_0.jpg,vide,0.0023,9
2025_Conforme_2_Cam_B_2_1.jpg,vide,0.0049,13
2025_Conforme_2_Cam_B_2_10.jpg,vide,0.0017,10
2025_Conforme_2_Cam_B_2_100.jpg,chunks,0.048,2831
2025_Conforme_2_Cam_B_2_101.jpg,chunks,0.0956,5425
2025_Conforme_2_Cam_B_2_102.jpg,chataigne,0.1431,7357
2025_Conforme_2_Cam_B_2_103.jpg,chataigne,0.2196,10849
2025_Conforme_2_Cam_B_2_104.jpg,chataigne,0.2843,13324
2025_Conforme_2_Cam_B_2_105.jpg,chataigne,0.3673,19770
2025_Conforme_2_Cam_B_2_106.jpg,chataigne,0.1085,6385
2025_Conforme_2_Cam_B_2_107.jpg,chunks,0.0238,1104
2025_Conforme_2_Cam_B_2_108.jpg,chunks,0.0999,4914
2025_Conforme_2_Cam_B_2_109.jpg,chataigne,0.2122,12739
2025_Conforme_2_Cam_B_2_11.jpg,vide,0.0022,17
2025_Conforme_2_Cam_B_2_110.jpg,chataigne,0.1621,8449
2025_Conforme_2_Cam_B_2_111.jpg,chunks,0.1024,5239
2025_Conforme_2_Cam_B_2_112.jpg,chataigne,0.24,11374
2025_Conforme_2_Cam_B_2_113.jpg,chataigne,0.3144,19155
2025_Conforme_2_Cam_B_2_114.jpg,chataigne,0.2067,12222
2025_Conforme_2_Cam_B_2_115.jpg,chataigne,0.1162,6403
2025_Conforme_2_Cam_B_2_116.jpg,chunks,0.0562,3021
2025_Conforme_2_Cam_B_2_117.jpg,chunks,0.0788,4562
2025_Conforme_2_Cam_B_2_118.jpg,chataigne,0.2116,12746
2025_Conforme_2_Cam_B_2_119.jpg,chataigne,0.0966,5639
2025_Conforme_2_Cam_B_2_12.jpg,vide,0.0027,13
2025_Conforme_2_Cam_B_2_120.jpg,chataigne,0.2427,12767
2025_Conforme_2_Cam_B_2_121.jpg,chataigne,0.1981,11906
2025_Conforme_2_Cam_B_2_122.jpg,chataigne,0.2293,12857
2025_Conforme_2_Cam_B_2_123.jpg,multiple,0.2617,15230
2025_Conforme_2_Cam_B_2_124.jpg,chataigne,0.186,9514
2025_Conforme_2_Cam_B_2_125.jpg,chataigne,0.0555,2742
2025_Conforme_2_Cam_B_2_126.jpg,chataigne,0.3251,19808
2025_Conforme_2_Cam_B_2_127.jpg,vide,0.0002,8
2025_Conforme_2_Cam_B_2_128.jpg,chataigne,0.208,12326
2025_Conforme_2_Cam_B_2_129.jpg,vide,0.0023,12
2025_Conforme_2_Cam_B_2_13.jpg,vide,0.0009,10
2025_Conforme_2_Cam_B_2_130.jpg,chataigne,0.2451,12898
2025_Conforme_2_Cam_B_2_131.jpg,chataigne,0.1005,5767
2025_Conforme_2_Cam_B_2_132.jpg,vide,0.0004,5
2025_Conforme_2_Cam_B_2_133.jpg,chataigne,0.1248,5876
2025_Conforme_2_Cam_B_2_134.jpg,vide,0.0016,10
2025_Conforme_2_Cam_B_2_135.jpg,chataigne,0.238,11344
2025_Conforme_2_Cam_B_2_136.jpg,chataigne,0.1982,11830
2025_Conforme_2_Cam_B_2_137.jpg,chataigne,0.1515,7642
2025_Conforme_2_Cam_B_2_138.jpg,chataigne,0.3009,18361
2025_Conforme_2_Cam_B_2_139.jpg,chataigne,0.1556,9183
2025_Conforme_2_Cam_B_2_14.jpg,vide,0.0011,17
2025_Conforme_2_Cam_B_2_140.jpg,chataigne,0.3128,18636
2025_Conforme_2_Cam_B_2_141.jpg,chataigne,0.215,12735
2025_Conforme_2_Cam_B_2_142.jpg,chataigne,0.0878,5114
2025_Conforme_2_Cam_B_2_143.jpg,chataigne,0.454,23257
2025_Conforme_2_Cam_B_2_144.jpg,chataigne,0.1289,7283
2025_Conforme_2_Cam_B_2_145.jpg,chataigne,0.2662,15850
2025_Conforme_2_Cam_B_2_146.jpg,chunks,0.0309,1504
2025_Conforme_2_Cam_B_2_147.jpg,chataigne,0.0766,4307
2025_Conforme_2_Cam_B_2_148.jpg,chataigne,0.3178,15912
2025_Conforme_2_Cam_B_2_149.jpg,chataigne,0.2729,15634
2025_Conforme_2_Cam_B_2_15.jpg,vide,0.0008,4
2025_Conforme_2_Cam_B_2_150.jpg,chataigne,0.0985,4752
2025_Conforme_2_Cam_B_2_151.jpg,chataigne,0.1359,8101
2025_Conforme_2_Cam_B_2_152.jpg,chunks,0.0156,310
2025_Conforme_2_Cam_B_2_153.jpg,chataigne,0.3195,18998
2025_Conforme_2_Cam_B_2_154.jpg,chataigne,0.2767,16236
2025_Conforme_2_Cam_B_2_155.jpg,chataigne,0.153,7930
2025_Conforme_2_Cam_B_2_156.jpg,chataigne,0.3239,19588
2025_Conforme_2_Cam_B_2_157.jpg,chataigne,0.2913,17206
2025_Conforme_2_Cam_B_2_158.jpg,chataigne,0.2044,11722
2025_Conforme_2_Cam_B_2_159.jpg,chataigne,0.1993,11679
2025_Conforme_2_Cam_B_2_16.jpg,vide,0.001,23
2025_Conforme_2_Cam_B_2_160.jpg,vide,0.0025,8
2025_Conforme_2_Cam_B_2_161.jpg,chataigne,0.2952,16800
2025_Conforme_2_Cam_B_2_162.jpg,chataigne,0.3704,22618
2025_Conforme_2_Cam_B_2_163.jpg,chataigne,0.0832,4222
2025_Conforme_2_Cam_B_2_164.jpg,chataigne,0.2883,16346
2025_Conforme_2_Cam_B_2_165.jpg,chataigne,0.2279,11868
2025_Conforme_2_Cam_B_2_166.jpg,chataigne,0.1507,8760
2025_Conforme_2_Cam_B_2_167.jpg,chataigne,0.244,13674
2025_Conforme_2_Cam_B_2_168.jpg,chataigne,0.1826,10649
2025_Conforme_2_Cam_B_2_169.jpg,multiple,0.2545,15090
2025_Conforme_2_Cam_B_2_17.jpg,vide,0.001,11
2025_Conforme_2_Cam_B_2_170.jpg,chataigne,0.153,7980
2025_Conforme_2_Cam_B_2_171.jpg,chataigne,0.0662,3220
2025_Conforme_2_Cam_B_2_172.jpg,chataigne,0.1247,5783
2025_Conforme_2_Cam_B_2_173.jpg,chataigne,0.3094,18729
2025_Conforme_2_Cam_B_2_174.jpg,chataigne,0.4556,27285
2025_Conforme_2_Cam_B_2_175.jpg,chataigne,0.1836,8660
2025_Conforme_2_Cam_B_2_176.jpg,chunks,0.0876,5138
2025_Conforme_2_Cam_B_2_177.jpg,chataigne,0.4091,24317
2025_Conforme_2_Cam_B_2_178.jpg,chunks,0.019,806
2025_Conforme_2_Cam_B_2_179.jpg,chataigne,0.2026,12275
2025_Conforme_2_Cam_B_2_18.jpg,vide,0.0002,4
2025_Conforme_2_Cam_B_2_180.jpg,chataigne,0.3198,19189
2025_Conforme_2_Cam_B_2_181.jpg,chataigne,0.2383,11701
2025_Conforme_2_Cam_B_2_182.jpg,multiple,0.2758,14361
2025_Conforme_2_Cam_B_2_183.jpg,chataigne,0.4325,23507
2025_Conforme_2_Cam_B_2_184.jpg,chataigne,0.29,17303
2025_Conforme_2_Cam_B_2_185.jpg,chataigne,0.279,15833
2025_Conforme_2_Cam_B_2_186.jpg,chataigne,0.2239,11757
2025_Conforme_2_Cam_B_2_187.jpg,chataigne,0.2378,13011
2025_Conforme_2_Cam_B_2_188.jpg,chataigne,0.1759,10414
2025_Conforme_2_Cam_B_2_189.jpg,multiple,0.4149,24989
2025_Conforme_2_Cam_B_2_19.jpg,chunks,0.018,435
2025_Conforme_2_Cam_B_2_190.jpg,chataigne,0.1395,8284
2025_Conforme_2_Cam_B_2_191.jpg,chunks,0.0669,3469
2025_Conforme_2_Cam_B_2_192.jpg,chataigne,0.0318,1709
2025_Conforme_2_Cam_B_2_193.jpg,chataigne,0.0803,4705
2025_Conforme_2_Cam_B_2_194.jpg,chunks,0.0493,2526
2025_Conforme_2_Cam_B_2_195.jpg,vide,0.0013,12
2025_Conforme_2_Cam_B_2_196.jpg,chataigne,0.2167,12076
2025_Conforme_2_Cam_B_2_197.jpg,chataigne,0.264,15158
2025_Conforme_2_Cam_B_2_198.jpg,chataigne,0.1525,8507
2025_Conforme_2_Cam_B_2_199.jpg,chataigne,0.3002,18342
2025_Conforme_2_Cam_B_2_2.jpg,vide,0.0044,16
2025_Conforme_2_Cam_B_2_20.jpg,vide,0.0003,4
2025_Conforme_2_Cam_B_2_200.jpg,chataigne,0.1991,10005
2025_Conforme_2_Cam_B_2_201.jpg,chataigne,0.2849,16969
2025_Conforme_2_Cam_B_2_202.jpg,chataigne,0.2586,15519
2025_Conforme_2_Cam_B_2_203.jpg,vide,0.0019,10
2025_Conforme_2_Cam_B_2_204.jpg,chataigne,0.1263,7343
2025_Conforme_2_Cam_B_2_205.jpg,vide,0.0006,9
2025_Conforme_2_Cam_B_2_206.jpg,chunks,0.0377,2025
2025_Conforme_2_Cam_B_2_207.jpg,vide,0.0004,3
2025_Conforme_2_Cam_B_2_208.jpg,chataigne,0.2982,16791
2025_Conforme_2_Cam_B_2_209.jpg,chataigne,0.2696,15969
2025_Conforme_2_Cam_B_2_21.jpg,vide,0.0018,8
2025_Conforme_2_Cam_B_2_210.jpg,chunks,0.0214,1041
2025_Conforme_2_Cam_B_2_211.jpg,chataigne,0.3503,21249
2025_Conforme_2_Cam_B_2_212.jpg,chataigne,0.1109,5456
2025_Conforme_2_Cam_B_2_213.jpg,chataigne,0.2644,13991
2025_Conforme_2_Cam_B_2_214.jpg,chataigne,0.2267,11678
2025_Conforme_2_Cam_B_2_215.jpg,chataigne,0.1627,9591
2025_Conforme_2_Cam_B_2_216.jpg,chataigne,0.0527,3006
2025_Conforme_2_Cam_B_2_217.jpg,chataigne,0.1832,10646
2025_Conforme_2_Cam_B_2_218.jpg,chataigne,0.2396,13619
2025_Conforme_2_Cam_B_2_219.jpg,chataigne,0.2364,14397
2025_Conforme_2_Cam_B_2_22.jpg,vide,0.0016,11
2025_Conforme_2_Cam_B_2_220.jpg,chataigne,0.1839,10545
2025_Conforme_2_Cam_B_2_221.jpg,chataigne,0.139,8321
2025_Conforme_2_Cam_B_2_222.jpg,chataigne,0.1217,7216
2025_Conforme_2_Cam_B_2_223.jpg,chataigne,0.2473,13982
2025_Conforme_2_Cam_B_2_224.jpg,chataigne,0.1613,8334
2025_Conforme_2_Cam_B_2_225.jpg,vide,0.0,1
2025_Conforme_2_Cam_B_2_226.jpg,chataigne,0.3167,18209
2025_Conforme_2_Cam_B_2_227.jpg,chataigne,0.2155,11861
2025_Conforme_2_Cam_B_2_228.jpg,chataigne,0.216,11021
2025_Conforme_2_Cam_B_2_229.jpg,chataigne,0.2659,13518
2025_Conforme_2_Cam_B_2_23.jpg,vide,0.0002,4
2025_Conforme_2_Cam_B_2_230.jpg,chunks,0.0728,3840
2025_Conforme_2_Cam_B_2_231.jpg,chataigne,0.1816,10992
2025_Conforme_2_Cam_B_2_232.jpg,multiple,0.1883,9725
2025_Conforme_2_Cam_B_2_233.jpg,chataigne,0.251,13325
2025_Conforme_2_Cam_B_2_234.jpg,chataigne,0.2292,12159
2025_Conforme_2_Cam_B_2_235.jpg,chataigne,0.2857,14857
2025_Conforme_2_Cam_B_2_236.jpg,chataigne,0.1206,6229
2025_Conforme_2_Cam_B_2_237.jpg,chataigne,0.0303,346
2025_Conforme_2_Cam_B_2_238.jpg,chataigne,0.2123,10715
2025_Conforme_2_Cam_B_2_239.jpg,chataigne,0.1307,6700
2025_Conforme_2_Cam_B_2_24.jpg,vide,0.0023,12
2025_Conforme_2_Cam_B_2_240.jpg,chataigne,0.0933,5114
2025_Conforme_2_Cam_B_2_241.jpg,chataigne,0.2482,14846
2025_Conforme_2_Cam_B_2_242.jpg,chataigne,0.3807,22910
2025_Conforme_2_Cam_B_2_243.jpg,chataigne,0.1101,6183
2025_Conforme_2_Cam_B_2_244.jpg,chataigne,0.0941,5576
2025_Conforme_2_Cam_B_2_245.jpg,chataigne,0.2541,14835
2025_Conforme_2_Cam_B_2_246.jpg,chataigne,0.1681,9680
2025_Conforme_2_Cam_B_2_247.jpg,vide,0.0003,3
2025_Conforme_2_Cam_B_2_248.jpg,chataigne,0.2136,10812
2025_Conforme_2_Cam_B_2_249.jpg,chataigne,0.1036,6285
2025_Conforme_2_Cam_B_2_25.jpg,vide,0.0,2
2025_Conforme_2_Cam_B_2_250.jpg,chataigne,0.0795,4035
2025_Conforme_2_Cam_B_2_251.jpg,chataigne,0.1541,7655
2025_Conforme_2_Cam_B_2_252.jpg,chataigne,0.1368,7906
2025_Conforme_2_Cam_B_2_253.jpg,chataigne,0.2386,14446
2025_Conforme_2_Cam_B_2_254.jpg,chataigne,0.1752,10554
2025_Conforme_2_Cam_B_2_255.jpg,chataigne,0.1136,6846
2025_Conforme_2_Cam_B_2_256.jpg,chataigne,0.4043,22689
2025_Conforme_2_Cam_B_2_257.jpg,chataigne,0.1768,9965
2025_Conforme_2_Cam_B_2_258.jpg,chataigne,0.334,20093
2025_Conforme_2_Cam_B_2_259.jpg,chataigne,0.2435,13331
2025_Conforme_2_Cam_B_2_26.jpg,vide,0.0011,13
2025_Conforme_2_Cam_B_2_260.jpg,vide,0.001,10
2025_Conforme_2_Cam_B_2_261.jpg,vide,0.0026,11
2025_Conforme_2_Cam_B_2_262.jpg,chataigne,0.1686,9864
2025_Conforme_2_Cam_B_2_263.jpg,chataigne,0.0701,3678
2025_Conforme_2_Cam_B_2_264.jpg,vide,0.0011,8
2025_Conforme_2_Cam_B_2_265.jpg,chataigne,0.2505,12696
2025_Conforme_2_Cam_B_2_266.jpg,chataigne,0.4093,22318
2025_Conforme_2_Cam_B_2_267.jpg,chataigne,0.1253,7625
2025_Conforme_2_Cam_B_2_268.jpg,chunks,0.0147,554
2025_Conforme_2_Cam_B_2_269.jpg,chataigne,0.1879,9767
2025_Conforme_2_Cam_B_2_27.jpg,vide,0.0008,7
2025_Conforme_2_Cam_B_2_270.jpg,chataigne,0.1815,10726
2025_Conforme_2_Cam_B_2_271.jpg,chataigne,0.116,5805
2025_Conforme_2_Cam_B_2_272.jpg,vide,0.0034,9
2025_Conforme_2_Cam_B_2_273.jpg,chataigne,0.1563,8746
2025_Conforme_2_Cam_B_2_274.jpg,chataigne,0.2181,11367
2025_Conforme_2_Cam_B_2_275.jpg,chataigne,0.317,18904
2025_Conforme_2_Cam_B_2_276.jpg,chataigne,0.1872,10341
2025_Conforme_2_Cam_B_2_277.jpg,vide,0.0007,7
2025_Conforme_2_Cam_B_2_278.jpg,chataigne,0.1557,8434
2025_Conforme_2_Cam_B_2_279.jpg,chataigne,0.1372,7978
2025_Conforme_2_Cam_B_2_28.jpg,vide,0.0005,5
2025_Conforme_2_Cam_B_2_280.jpg,chataigne,0.1978,9980
2025_Conforme_2_Cam_B_2_281.jpg,chataigne,0.3933,20941
2025_Conforme_2_Cam_B_2_282.jpg,chataigne,0.1112,6183
2025_Conforme_2_Cam_B_2_283.jpg,chataigne,0.191,9643
2025_Conforme_2_Cam_B_2_284.jpg,chataigne,0.2458,14506
2025_Conforme_2_Cam_B_2_285.jpg,chataigne,0.093,5239
2025_Conforme_2_Cam_B_2_286.jpg,chunks,0.0618,3194
2025_Conforme_2_Cam_B_2_287.jpg,chataigne,0.1708,10024
2025_Conforme_2_Cam_B_2_288.jpg,chataigne,0.1246,7464
2025_Conforme_2_Cam_B_2_289.jpg,vide,0.0001,1
2025_Conforme_2_Cam_B_2_29.jpg,vide,0.0016,10
2025_Conforme_2_Cam_B_2_290.jpg,chataigne,0.1744,9301
2025_Conforme_2_Cam_B_2_291.jpg,vide,0.0027,11
2025_Conforme_2_Cam_B_2_292.jpg,chataigne,0.1427,7432
2025_Conforme_2_Cam_B_2_293.jpg,chataigne,0.2538,14647
2025_Conforme_2_Cam_B_2_294.jpg,chataigne,0.1772,10406
2025_Conforme_2_Cam_B_2_295.jpg,chataigne,0.0511,2733
2025_Conforme_2_Cam_B_2_296.jpg,chataigne,0.2771,16469
2025_Conforme_2_Cam_B_2_297.jpg,chataigne,0.0885,5241
2025_Conforme_2_Cam_B_2_298.jpg,chataigne,0.1695,8639
2025_Conforme_2_Cam_B_2_299.jpg,chataigne,0.1254,6657
2025_Conforme_2_Cam_B_2_3.jpg,vide,0.0036,11
2025_Conforme_2_Cam_B_2_30.jpg,vide,0.0026,10
2025_Conforme_2_Cam_B_2_300.jpg,chataigne,0.2195,11444
2025_Conforme_2_Cam_B_2_301.jpg,chataigne,0.1935,11684
2025_Conforme_2_Cam_B_2_302.jpg,chataigne,0.2652,16088
2025_Conforme_2_Cam_B_2_303.jpg,chataigne,0.1408,8212
2025_Conforme_2_Cam_B_2_304.jpg,chataigne,0.1278,4578
2025_Conforme_2_Cam_B_2_305.jpg,chunks,0.0535,2765
2025_Conforme_2_Cam_B_2_306.jpg,chataigne,0.2132,12773
2025_Conforme_2_Cam_B_2_307.jpg,vide,0.0018,7
2025_Conforme_2_Cam_B_2_308.jpg,chataigne,0.1639,9882
2025_Conforme_2_Cam_B_2_309.jpg,chunks,0.0957,4798
2025_Conforme_2_Cam_B_2_31.jpg,vide,0.0007,6
2025_Conforme_2_Cam_B_2_310.jpg,vide,0.0001,4
2025_Conforme_2_Cam_B_2_311.jpg,vide,0.0019,10
2025_Conforme_2_Cam_B_2_312.jpg,chataigne,0.3086,18456
2025_Conforme_2_Cam_B_2_313.jpg,chataigne,0.1761,10022
2025_Conforme_2_Cam_B_2_314.jpg,chataigne,0.3395,19034
2025_Conforme_2_Cam_B_2_315.jpg,chataigne,0.238,11960
2025_Conforme_2_Cam_B_2_316.jpg,vide,0.0012,11
2025_Conforme_2_Cam_B_2_317.jpg,chataigne,0.1966,11525
2025_Conforme_2_Cam_B_2_318.jpg,chunks,0.0754,4460
2025_Conforme_2_Cam_B_2_319.jpg,chataigne,0.1873,9780
2025_Conforme_2_Cam_B_2_32.jpg,vide,0.0019,7
2025_Conforme_2_Cam_B_2_320.jpg,vide,0.0038,13
2025_Conforme_2_Cam_B_2_321.jpg,chataigne,0.1958,11746
2025_Conforme_2_Cam_B_2_322.jpg,chataigne,0.4292,24848
2025_Conforme_2_Cam_B_2_323.jpg,chunks,0.0871,5021
2025_Conforme_2_Cam_B_2_324.jpg,chataigne,0.2478,14515
2025_Conforme_2_Cam_B_2_325.jpg,chataigne,0.2669,15721
2025_Conforme_2_Cam_B_2_326.jpg,chataigne,0.2105,12663
2025_Conforme_2_Cam_B_2_327.jpg,chataigne,0.147,8523
2025_Conforme_2_Cam_B_2_328.jpg,chataigne,0.2902,17540
2025_Conforme_2_Cam_B_2_329.jpg,chataigne,0.4281,23677
2025_Conforme_2_Cam_B_2_33.jpg,vide,0.0021,13
2025_Conforme_2_Cam_B_2_330.jpg,chataigne,0.2093,10839
2025_Conforme_2_Cam_B_2_331.jpg,chataigne,0.0993,5672
2025_Conforme_2_Cam_B_2_332.jpg,chataigne,0.1472,7639
2025_Conforme_2_Cam_B_2_333.jpg,chataigne,0.2215,12524
2025_Conforme_2_Cam_B_2_334.jpg,chataigne,0.172,8823
2025_Conforme_2_Cam_B_2_335.jpg,chataigne,0.1379,8132
2025_Conforme_2_Cam_B_2_336.jpg,chataigne,0.2174,12941
2025_Conforme_2_Cam_B_2_337.jpg,chataigne,0.2598,15532
2025_Conforme_2_Cam_B_2_338.jpg,chataigne,0.2992,18014
2025_Conforme_2_Cam_B_2_339.jpg,chunks,0.0384,2155
2025_Conforme_2_Cam_B_2_34.jpg,vide,0.0008,7
2025_Conforme_2_Cam_B_2_340.jpg,chataigne,0.1319,7413
2025_Conforme_2_Cam_B_2_341.jpg,chunks,0.0498,2513
2025_Conforme_2_Cam_B_2_342.jpg,chataigne,0.1155,5801
2025_Conforme_2_Cam_B_2_343.jpg,chataigne,0.1345,7192
2025_Conforme_2_Cam_B_2_344.jpg,chataigne,0.3417,18043
2025_Conforme_2_Cam_B_2_345.jpg,chataigne,0.129,7528
2025_Conforme_2_Cam_B_2_346.jpg,chataigne,0.1208,7166
2025_Conforme_2_Cam_B_2_347.jpg,chataigne,0.2601,15183
2025_Conforme_2_Cam_B_2_348.jpg,chataigne,0.3999,20442
2025_Conforme_2_Cam_B_2_349.jpg,chataigne,0.292,17785
2025_Conforme_2_Cam_B_2_35.jpg,vide,0.0015,9
2025_Conforme_2_Cam_B_2_350.jpg,chataigne,0.1184,5907
2025_Conforme_2_Cam_B_2_351.jpg,chataigne,0.122,6320
2025_Conforme_2_Cam_B_2_352.jpg,chataigne,0.1465,8319
2025_Conforme_2_Cam_B_2_353.jpg,vide,0.001,4
2025_Conforme_2_Cam_B_2_354.jpg,chunks,0.03,1370
2025_Conforme_2_Cam_B_2_355.jpg,chunks,0.0931,4631
2025_Conforme_2_Cam_B_2_356.jpg,chataigne,0.317,16959
2025_Conforme_2_Cam_B_2_357.jpg,chataigne,0.2376,14194
2025_Conforme_2_Cam_B_2_358.jpg,chataigne,0.1773,8842
2025_Conforme_2_Cam_B_2_359.jpg,chataigne,0.1891,11144
2025_Conforme_2_Cam_B_2_36.jpg,vide,0.0026,15
2025_Conforme_2_Cam_B_2_360.jpg,chataigne,0.195,10921
2025_Conforme_2_Cam_B_2_361.jpg,chataigne,0.3482,18256
2025_Conforme_2_Cam_B_2_362.jpg,chunks,0.0757,4423
2025_Conforme_2_Cam_B_2_363.jpg,chataigne,0.1798,10148
2025_Conforme_2_Cam_B_2_364.jpg,chataigne,0.1097,5353
2025_Conforme_2_Cam_B_2_365.jpg,chataigne,0.347,20001
2025_Conforme_2_Cam_B_2_366.jpg,chataigne,0.2626,13788
2025_Conforme_2_Cam_B_2_367.jpg,chataigne,0.313,18837
2025_Conforme_2_Cam_B_2_368.jpg,chataigne,0.3338,20159
2025_Conforme_2_Cam_B_2_369.jpg,chataigne,0.1264,6924
2025_Conforme_2_Cam_B_2_37.jpg,chataigne,0.2003,12139
2025_Conforme_2_Cam_B_2_370.jpg,chataigne,0.2101,12524
2025_Conforme_2_Cam_B_2_371.jpg,chataigne,0.1745,10516
2025_Conforme_2_Cam_B_2_372.jpg,chataigne,0.3163,17082
2025_Conforme_2_Cam_B_2_373.jpg,vide,0.0006,6
2025_Conforme_2_Cam_B_2_374.jpg,chataigne,0.2663,15777
2025_Conforme_2_Cam_B_2_375.jpg,chataigne,0.1101,5751
2025_Conforme_2_Cam_B_2_376.jpg,chataigne,0.3394,18351
2025_Conforme_2_Cam_B_2_377.jpg,chataigne,0.3233,19149
2025_Conforme_2_Cam_B_2_378.jpg,chataigne,0.305,17324
2025_Conforme_2_Cam_B_2_379.jpg,vide,0.0026,9
2025_Conforme_2_Cam_B_2_38.jpg,chataigne,0.2719,16407
2025_Conforme_2_Cam_B_2_380.jpg,chunks,0.0863,4331
2025_Conforme_2_Cam_B_2_381.jpg,chataigne,0.1739,10431
2025_Conforme_2_Cam_B_2_382.jpg,vide,0.0067,13
2025_Conforme_2_Cam_B_2_383.jpg,chataigne,0.3187,19233
2025_Conforme_2_Cam_B_2_384.jpg,chataigne,0.6194,33156
2025_Conforme_2_Cam_B_2_385.jpg,chataigne,0.2638,14099
2025_Conforme_2_Cam_B_2_386.jpg,chataigne,0.1241,7606
2025_Conforme_2_Cam_B_2_387.jpg,chunks,0.0322,1455
2025_Conforme_2_Cam_B_2_388.jpg,chataigne,0.2659,13518
2025_Conforme_2_Cam_B_2_389.jpg,chunks,0.0334,1413
2025_Conforme_2_Cam_B_2_39.jpg,chataigne,0.2537,14600
2025_Conforme_2_Cam_B_2_390.jpg,chataigne,0.2238,12567
2025_Conforme_2_Cam_B_2_391.jpg,chunks,0.0045,20
2025_Conforme_2_Cam_B_2_392.jpg,chataigne,0.2809,16734
2025_Conforme_2_Cam_B_2_393.jpg,chataigne,0.09,5188
2025_Conforme_2_Cam_B_2_394.jpg,chataigne,0.0928,5607
2025_Conforme_2_Cam_B_2_395.jpg,chataigne,0.3454,20708
2025_Conforme_2_Cam_B_2_396.jpg,vide,0.0037,15
2025_Conforme_2_Cam_B_2_397.jpg,vide,0.0053,15
2025_Conforme_2_Cam_B_2_398.jpg,chataigne,0.2875,17348
2025_Conforme_2_Cam_B_2_399.jpg,vide,0.0032,8
2025_Conforme_2_Cam_B_2_4.jpg,vide,0.0042,15
2025_Conforme_2_Cam_B_2_40.jpg,vide,0.0026,11
2025_Conforme_2_Cam_B_2_400.jpg,chataigne,0.1765,9867
2025_Conforme_2_Cam_B_2_401.jpg,chataigne,0.2546,14256
2025_Conforme_2_Cam_B_2_402.jpg,chataigne,0.0523,2627
2025_Conforme_2_Cam_B_2_403.jpg,chataigne,0.1307,6909
2025_Conforme_2_Cam_B_2_404.jpg,chataigne,0.2768,15026
2025_Conforme_2_Cam_B_2_405.jpg,chataigne,0.1724,9986
2025_Conforme_2_Cam_B_2_406.jpg,vide,0.0028,9
2025_Conforme_2_Cam_B_2_407.jpg,vide,0.0039,14
2025_Conforme_2_Cam_B_2_408.jpg,chataigne,0.0451,1978
2025_Conforme_2_Cam_B_2_409.jpg,chataigne,0.1932,9759
2025_Conforme_2_Cam_B_2_41.jpg,chataigne,0.1477,8669
2025_Conforme_2_Cam_B_2_410.jpg,chataigne,0.3267,18258
2025_Conforme_2_Cam_B_2_411.jpg,chataigne,0.0684,4018
2025_Conforme_2_Cam_B_2_412.jpg,chataigne,0.2502,14856
2025_Conforme_2_Cam_B_2_413.jpg,vide,0.0038,16
2025_Conforme_2_Cam_B_2_414.jpg,chataigne,0.2721,15198
2025_Conforme_2_Cam_B_2_415.jpg,chataigne,0.2465,13834
2025_Conforme_2_Cam_B_2_416.jpg,chataigne,0.31,17520
2025_Conforme_2_Cam_B_2_417.jpg,chataigne,0.0856,4542
2025_Conforme_2_Cam_B_2_418.jpg,vide,0.0009,6
2025_Conforme_2_Cam_B_2_419.jpg,vide,0.0013,8
2025_Conforme_2_Cam_B_2_42.jpg,vide,0.0013,7
2025_Conforme_2_Cam_B_2_420.jpg,chataigne,0.079,3671
2025_Conforme_2_Cam_B_2_421.jpg,chataigne,0.0873,4947
2025_Conforme_2_Cam_B_2_422.jpg,vide,0.0013,9
2025_Conforme_2_Cam_B_2_423.jpg,chataigne,0.2481,13975
2025_Conforme_2_Cam_B_2_424.jpg,chataigne,0.2478,13441
2025_Conforme_2_Cam_B_2_425.jpg,chataigne,0.2067,10745
2025_Conforme_2_Cam_B_2_426.jpg,chataigne,0.0856,5066
2025_Conforme_2_Cam_B_2_427.jpg,chataigne,0.4052,23109
2025_Conforme_2_Cam_B_2_428.jpg,chunks,0.0628,3506
2025_Conforme_2_Cam_B_2_429.jpg,chataigne,0.2504,14744
2025_Conforme_2_Cam_B_2_43.jpg,chataigne,0.2249,12719
2025_Conforme_2_Cam_B_2_430.jpg,chunks,0.0193,599
2025_Conforme_2_Cam_B_2_431.jpg,chataigne,0.3688,19795
2025_Conforme_2_Cam_B_2_432.jpg,chataigne,0.2802,15917
2025_Conforme_2_Cam_B_2_433.jpg,chataigne,0.0566,2272
2025_Conforme_2_Cam_B_2_434.jpg,chataigne,0.2093,10997
2025_Conforme_2_Cam_B_2_435.jpg,chataigne,0.2639,13706
2025_Conforme_2_Cam_B_2_436.jpg,multiple,0.4036,22508
2025_Conforme_2_Cam_B_2_437.jpg,chataigne,0.1534,9061
2025_Conforme_2_Cam_B_2_438.jpg,chataigne,0.2277,13875
2025_Conforme_2_Cam_B_2_439.jpg,chataigne,0.1173,6196
2025_Conforme_2_Cam_B_2_44.jpg,chataigne,0.0905,5236
2025_Conforme_2_Cam_B_2_440.jpg,chataigne,0.3386,18904
2025_Conforme_2_Cam_B_2_441.jpg,chataigne,0.1694,8475
2025_Conforme_2_Cam_B_2_442.jpg,chunks,0.0218,1054
2025_Conforme_2_Cam_B_2_443.jpg,chataigne,0.0978,5014
2025_Conforme_2_Cam_B_2_444.jpg,chataigne,0.125,7336
2025_Conforme_2_Cam_B_2_445.jpg,chataigne,0.2136,13019
2025_Conforme_2_Cam_B_2_446.jpg,chataigne,0.1886,11395
2025_Conforme_2_Cam_B_2_447.jpg,chataigne,0.2971,17843
2025_Conforme_2_Cam_B_2_448.jpg,chataigne,0.1026,5864
2025_Conforme_2_Cam_B_2_449.jpg,vide,0.0015,8
2025_Conforme_2_Cam_B_2_45.jpg,chataigne,0.2627,14895
2025_Conforme_2_Cam_B_2_450.jpg,chataigne,0.2085,11437
2025_Conforme_2_Cam_B_2_451.jpg,chataigne,0.1612,9593
2025_Conforme_2_Cam_B_2_452.jpg,chunks,0.0345,1714
2025_Conforme_2_Cam_B_2_453.jpg,chataigne,0.232,13943
2025_Conforme_2_Cam_B_2_454.jpg,vide,0.0018,8
2025_Conforme_2_Cam_B_2_455.jpg,chataigne,0.333,19769
2025_Conforme_2_Cam_B_2_456.jpg,chataigne,0.2884,16206
2025_Conforme_2_Cam_B_2_457.jpg,chataigne,0.1131,6485
2025_Conforme_2_Cam_B_2_458.jpg,chataigne,0.242,14451
2025_Conforme_2_Cam_B_2_459.jpg,chataigne,0.1894,10082
2025_Conforme_2_Cam_B_2_46.jpg,chataigne,0.3021,17488
2025_Conforme_2_Cam_B_2_460.jpg,chataigne,0.1816,10858
2025_Conforme_2_Cam_B_2_461.jpg,chataigne,0.1065,5460
2025_Conforme_2_Cam_B_2_462.jpg,chataigne,0.299,18189
2025_Conforme_2_Cam_B_2_463.jpg,chataigne,0.1625,9248
2025_Conforme_2_Cam_B_2_464.jpg,chataigne,0.1717,10123
2025_Conforme_2_Cam_B_2_465.jpg,chataigne,0.2629,15832
2025_Conforme_2_Cam_B_2_466.jpg,chataigne,0.1774,10548
2025_Conforme_2_Cam_B_2_467.jpg,chataigne,0.32,18447
2025_Conforme_2_Cam_B_2_468.jpg,chataigne,0.3017,15805
2025_Conforme_2_Cam_B_2_469.jpg,chataigne,0.1205,6498
2025_Conforme_2_Cam_B_2_47.jpg,chataigne,0.2886,16709
2025_Conforme_2_Cam_B_2_470.jpg,chataigne,0.0891,5183
2025_Conforme_2_Cam_B_2_471.jpg,chataigne,0.35,18812
2025_Conforme_2_Cam_B_2_472.jpg,chataigne,0.3021,16149
2025_Conforme_2_Cam_B_2_473.jpg,chataigne,0.1339,7144
2025_Conforme_2_Cam_B_2_474.jpg,chataigne,0.1319,7631
2025_Conforme_2_Cam_B_2_475.jpg,chataigne,0.2459,12892
2025_Conforme_2_Cam_B_2_476.jpg,chataigne,0.3248,19510
2025_Conforme_2_Cam_B_2_477.jpg,chataigne,0.2489,15103
2025_Conforme_2_Cam_B_2_478.jpg,chataigne,0.1993,11898
2025_Conforme_2_Cam_B_2_479.jpg,chataigne,0.3581,20402
2025_Conforme_2_Cam_B_2_48.jpg,vide,0.0049,11
2025_Conforme_2_Cam_B_2_480.jpg,chunks,0.0614,3043
2025_Conforme_2_Cam_B_2_481.jpg,chataigne,0.3126,19071
2025_Conforme_2_Cam_B_2_482.jpg,chataigne,0.1792,10337
2025_Conforme_2_Cam_B_2_483.jpg,chataigne,0.2552,14226
2025_Conforme_2_Cam_B_2_484.jpg,chataigne,0.1109,5080
2025_Conforme_2_Cam_B_2_485.jpg,chataigne,0.3672,21160
2025_Conforme_2_Cam_B_2_486.jpg,chataigne,0.1857,10077
2025_Conforme_2_Cam_B_2_487.jpg,chunks,0.0288,937
2025_Conforme_2_Cam_B_2_488.jpg,chataigne,0.1592,8394
2025_Conforme_2_Cam_B_2_489.jpg,chataigne,0.0746,4387
2025_Conforme_2_Cam_B_2_49.jpg,vide,0.0034,20
2025_Conforme_2_Cam_B_2_490.jpg,chunks,0.006,32
2025_Conforme_2_Cam_B_2_491.jpg,chataigne,0.2584,15129
2025_Conforme_2_Cam_B_2_492.jpg,chataigne,0.2417,12624
2025_Conforme_2_Cam_B_2_493.jpg,chataigne,0.1817,10886
2025_Conforme_2_Cam_B_2_494.jpg,chataigne,0.1558,8990
2025_Conforme_2_Cam_B_2_495.jpg,chataigne,0.2716,16340
2025_Conforme_2_Cam_B_2_496.jpg,chataigne,0.3539,20285
2025_Conforme_2_Cam_B_2_497.jpg,vide,0.0039,10
2025_Conforme_2_Cam_B_2_498.jpg,chunks,0.0261,1367
2025_Conforme_2_Cam_B_2_499.jpg,chataigne,0.0708,4125
2025_Conforme_2_Cam_B_2_5.jpg,vide,0.002,11
2025_Conforme_2_Cam_B_2_50.jpg,chataigne,0.3118,15830
2025_Conforme_2_Cam_B_2_500.jpg,chataigne,0.2441,12726
2025_Conforme_2_Cam_B_2_501.jpg,vide,0.0026,9
2025_Conforme_2_Cam_B_2_502.jpg,chataigne,0.354,20434
2025_Conforme_2_Cam_B_2_503.jpg,chataigne,0.1436,8538
2025_Conforme_2_Cam_B_2_504.jpg,chataigne,0.1396,7443
2025_Conforme_2_Cam_B_2_505.jpg,chataigne,0.1236,5967
2025_Conforme_2_Cam_B_2_506.jpg,chataigne,0.2998,15244
2025_Conforme_2_Cam_B_2_507.jpg,chataigne,0.2672,15986
2025_Conforme_2_Cam_B_2_508.jpg,vide,0.0034,10
2025_Conforme_2_Cam_B_2_509.jpg,chataigne,0.3659,22019
2025_Conforme_2_Cam_B_2_51.jpg,chataigne,0.2407,12829
2025_Conforme_2_Cam_B_2_510.jpg,chataigne,0.1198,6193
2025_Conforme_2_Cam_B_2_511.jpg,vide,0.0009,5
2025_Conforme_2_Cam_B_2_512.jpg,chataigne,0.2345,13161
2025_Conforme_2_Cam_B_2_513.jpg,chataigne,0.0469,1582
2025_Conforme_2_Cam_B_2_514.jpg,chunks,0.0262,846
2025_Conforme_2_Cam_B_2_515.jpg,chataigne,0.291,13903
2025_Conforme_2_Cam_B_2_516.jpg,chataigne,0.226,13343
2025_Conforme_2_Cam_B_2_517.jpg,chunks,0.0448,2339
2025_Conforme_2_Cam_B_2_518.jpg,multiple,0.1223,5922
2025_Conforme_2_Cam_B_2_52.jpg,chataigne,0.3033,17463
2025_Conforme_2_Cam_B_2_53.jpg,chataigne,0.1196,6904
2025_Conforme_2_Cam_B_2_54.jpg,chataigne,0.2833,15926
2025_Conforme_2_Cam_B_2_55.jpg,vide,0.0024,13
2025_Conforme_2_Cam_B_2_56.jpg,chataigne,0.2013,11908
2025_Conforme_2_Cam_B_2_57.jpg,chataigne,0.2214,12221
2025_Conforme_2_Cam_B_2_58.jpg,chataigne,0.1243,6452
2025_Conforme_2_Cam_B_2_59.jpg,chataigne,0.1279,6965
2025_Conforme_2_Cam_B_2_6.jpg,vide,0.0007,9
2025_Conforme_2_Cam_B_2_60.jpg,vide,0.0014,10
2025_Conforme_2_Cam_B_2_61.jpg,vide,0.0038,18
2025_Conforme_2_Cam_B_2_62.jpg,chataigne,0.0654,3407
2025_Conforme_2_Cam_B_2_63.jpg,chataigne,0.1336,7410
2025_Conforme_2_Cam_B_2_64.jpg,chataigne,0.1918,9798
2025_Conforme_2_Cam_B_2_65.jpg,chataigne,0.1185,4622
2025_Conforme_2_Cam_B_2_66.jpg,chataigne,0.1875,9458
2025_Conforme_2_Cam_B_2_67.jpg,chataigne,0.2199,13281
2025_Conforme_2_Cam_B_2_68.jpg,chataigne,0.0567,3057
2025_Conforme_2_Cam_B_2_69.jpg,chataigne,0.0751,4330
2025_Conforme_2_Cam_B_2_7.jpg,vide,0.0007,7
2025_Conforme_2_Cam_B_2_70.jpg,chataigne,0.3093,18382
2025_Conforme_2_Cam_B_2_71.jpg,chataigne,0.0649,3433
2025_Conforme_2_Cam_B_2_72.jpg,chataigne,0.4552,22906
2025_Conforme_2_Cam_B_2_73.jpg,chataigne,0.2855,16922
2025_Conforme_2_Cam_B_2_74.jpg,chataigne,0.0955,5812
2025_Conforme_2_Cam_B_2_75.jpg,chunks,0.0909,4747
2025_Conforme_2_Cam_B_2_76.jpg,chataigne,0.2827,16983
2025_Conforme_2_Cam_B_2_77.jpg,chataigne,0.1924,10580
2025_Conforme_2_Cam_B_2_78.jpg,chataigne,0.3306,19594
2025_Conforme_2_Cam_B_2_79.jpg,multiple,0.5434,29085
2025_Conforme_2_Cam_B_2_8.jpg,vide,0.0022,10
2025_Conforme_2_Cam_B_2_80.jpg,chataigne,0.2245,12110
2025_Conforme_2_Cam_B_2_81.jpg,chataigne,0.1232,7141
2025_Conforme_2_Cam_B_2_82.jpg,chataigne,0.2346,11936
2025_Conforme_2_Cam_B_2_83.jpg,chataigne,0.2315,12907
2025_Conforme_2_Cam_B_2_84.jpg,chataigne,0.2252,12104
2025_Conforme_2_Cam_B_2_85.jpg,chataigne,0.2756,13828
2025_Conforme_2_Cam_B_2_86.jpg,chataigne,0.196,11797
2025_Conforme_2_Cam_B_2_87.jpg,chataigne,0.0868,5150
2025_Conforme_2_Cam_B_2_88.jpg,chataigne,0.1253,5072
2025_Conforme_2_Cam_B_2_89.jpg,chataigne,0.188,11030
2025_Conforme_2_Cam_B_2_9.jpg,vide,0.0005,10
2025_Conforme_2_Cam_B_2_90.jpg,chataigne,0.1539,9273
2025_Conforme_2_Cam_B_2_91.jpg,chataigne,0.2894,17706
2025_Conforme_2_Cam_B_2_92.jpg,chataigne,0.2572,13527
2025_Conforme_2_Cam_B_2_93.jpg,chataigne,0.2111,11693
2025_Conforme_2_Cam_B_2_94.jpg,chataigne,0.2521,12536
2025_Conforme_2_Cam_B_2_95.jpg,chataigne,0.2688,13658
2025_Conforme_2_Cam_B_2_96.jpg,chataigne,0.291,17578
2025_Conforme_2_Cam_B_2_97.jpg,chataigne,0.1758,10725
2025_Conforme_2_Cam_B_2_98.jpg,chataigne,0.2771,16577
2025_Conforme_2_Cam_B_2_99.jpg,chataigne,0.1664,9825
2025_Conforme_2_Cam_B_3_0.jpg,vide,0.0022,10
2025_Conforme_2_Cam_B_3_1.jpg,vide,0.0009,6
2025_Conforme_2_Cam_B_3_10.jpg,vide,0.0014,8
2025_Conforme_2_Cam_B_3_100.jpg,chataigne,0.1659,9781
2025_Conforme_2_Cam_B_3_101.jpg,chataigne,0.183,11021
2025_Conforme_2_Cam_B_3_102.jpg,chataigne,0.1963,11318
2025_Conforme_2_Cam_B_3_103.jpg,chataigne,0.1649,8447
2025_Conforme_2_Cam_B_3_104.jpg,vide,0.0017,10
2025_Conforme_2_Cam_B_3_106.jpg,chataigne,0.2917,17773
2025_Conforme_2_Cam_B_3_107.jpg,vide,0.0003,5
2025_Conforme_2_Cam_B_3_108.jpg,chataigne,0.1243,7462
2025_Conforme_2_Cam_B_3_109.jpg,vide,0.0011,8
2025_Conforme_2_Cam_B_3_11.jpg,vide,0.0012,13
2025_Conforme_2_Cam_B_3_110.jpg,chataigne,0.1487,7870
2025_Conforme_2_Cam_B_3_111.jpg,vide,0.0026,9
2025_Conforme_2_Cam_B_3_112.jpg,chataigne,0.3042,18486
2025_Conforme_2_Cam_B_3_113.jpg,vide,0.0006,3
2025_Conforme_2_Cam_B_3_114.jpg,chataigne,0.2919,17170
2025_Conforme_2_Cam_B_3_115.jpg,chataigne,0.1528,8725
2025_Conforme_2_Cam_B_3_116.jpg,vide,0.0004,3
2025_Conforme_2_Cam_B_3_117.jpg,chataigne,0.2684,16058
2025_Conforme_2_Cam_B_3_118.jpg,chataigne,0.224,12576
2025_Conforme_2_Cam_B_3_119.jpg,vide,0.0013,7
2025_Conforme_2_Cam_B_3_12.jpg,vide,0.0012,17
2025_Conforme_2_Cam_B_3_120.jpg,chataigne,0.13,6967
2025_Conforme_2_Cam_B_3_121.jpg,chataigne,0.2922,15419
2025_Conforme_2_Cam_B_3_122.jpg,vide,0.0004,6
2025_Conforme_2_Cam_B_3_123.jpg,vide,0.0016,12
2025_Conforme_2_Cam_B_3_124.jpg,chataigne,0.2283,12830
2025_Conforme_2_Cam_B_3_125.jpg,chataigne,0.1965,10527
2025_Conforme_2_Cam_B_3_126.jpg,chataigne,0.2837,16639
2025_Conforme_2_Cam_B_3_127.jpg,chataigne,0.2155,12230
2025_Conforme_2_Cam_B_3_128.jpg,chataigne,0.2373,14146
2025_Conforme_2_Cam_B_3_129.jpg,vide,0.0015,16
2025_Conforme_2_Cam_B_3_13.jpg,vide,0.0038,13
2025_Conforme_2_Cam_B_3_130.jpg,chataigne,0.0952,5567
2025_Conforme_2_Cam_B_3_131.jpg,chataigne,0.2253,12238
2025_Conforme_2_Cam_B_3_132.jpg,vide,0.0013,11
2025_Conforme_2_Cam_B_3_133.jpg,chataigne,0.1357,8127
2025_Conforme_2_Cam_B_3_134.jpg,chataigne,0.1973,11136
2025_Conforme_2_Cam_B_3_135.jpg,vide,0.0022,10
2025_Conforme_2_Cam_B_3_136.jpg,vide,0.0033,13
2025_Conforme_2_Cam_B_3_137.jpg,vide,0.0014,10
2025_Conforme_2_Cam_B_3_138.jpg,vide,0.0005,6
2025_Conforme_2_Cam_B_3_139.jpg,chataigne,0.285,15459
2025_Conforme_2_Cam_B_3_14.jpg,vide,0.0011,8
2025_Conforme_2_Cam_B_3_140.jpg,chataigne,0.2862,16962
2025_Conforme_2_Cam_B_3_141.jpg,chunks,0.1134,5215
2025_Conforme_2_Cam_B_3_142.jpg,vide,0.0027,10
2025_Conforme_2_Cam_B_3_143.jpg,chunks,0.0978,5497
2025_Conforme_2_Cam_B_3_144.jpg,chataigne,0.1294,7726
2025_Conforme_2_Cam_B_3_145.jpg,chunks,0.0392,1560
2025_Conforme_2_Cam_B_3_146.jpg,vide,0.0014,6
2025_Conforme_2_Cam_B_3_147.jpg,vide,0.0017,12
2025_Conforme_2_Cam_B_3_148.jpg,chataigne,0.171,10232
2025_Conforme_2_Cam_B_3_149.jpg,chataigne,0.2533,12567
2025_Conforme_2_Cam_B_3_15.jpg,vide,0.0019,11
2025_Conforme_2_Cam_B_3_150.jpg,multiple,0.2757,16493
2025_Conforme_2_Cam_B_3_151.jpg,vide,0.0012,12
2025_Conforme_2_Cam_B_3_152.jpg,chataigne,0.1425,7488
2025_Conforme_2_Cam_B_3_153.jpg,vide,0.0022,10
2025_Conforme_2_Cam_B_3_154.jpg,chataigne,0.1373,7920
2025_Conforme_2_Cam_B_3_155.jpg,chataigne,0.1705,9684
2025_Conforme_2_Cam_B_3_156.jpg,chataigne,0.0662,921
2025_Conforme_2_Cam_B_3_157.jpg,chataigne,0.1254,6703
2025_Conforme_2_Cam_B_3_158.jpg,vide,0.0,0
2025_Conforme_2_Cam_B_3_159.jpg,chunks,0.0027,19
2025_Conforme_2_Cam_B_3_16.jpg,vide,0.0025,11
2025_Conforme_2_Cam_B_3_160.jpg,vide,0.0005,4
2025_Conforme_2_Cam_B_3_161.jpg,chunks,0.0155,815
2025_Conforme_2_Cam_B_3_162.jpg,chataigne,0.1687,9910
2025_Conforme_2_Cam_B_3_163.jpg,vide,0.002,12
2025_Conforme_2_Cam_B_3_164.jpg,chataigne,0.1777,10323
2025_Conforme_2_Cam_B_3_165.jpg,chataigne,0.1397,7282
2025_Conforme_2_Cam_B_3_166.jpg,chataigne,0.1665,7664
2025_Conforme_2_Cam_B_3_167.jpg,chataigne,0.2894,16370
2025_Conforme_2_Cam_B_3_168.jpg,chataigne,0.1078,6149
2025_Conforme_2_Cam_B_3_169.jpg,chataigne,0.2175,12828
2025_Conforme_2_Cam_B_3_17.jpg,vide,0.0017,18
2025_Conforme_2_Cam_B_3_170.jpg,chunks,0.0096,453
2025_Conforme_2_Cam_B_3_171.jpg,chataigne,0.0656,3396
2025_Conforme_2_Cam_B_3_172.jpg,chataigne,0.171,10279
2025_Conforme_2_Cam_B_3_173.jpg,chataigne,0.2234,11890
2025_Conforme_2_Cam_B_3_174.jpg,chataigne,0.1972,11223
2025_Conforme_2_Cam_B_3_175.jpg,chataigne,0.1354,7171
2025_Conforme_2_Cam_B_3_176.jpg,chataigne,0.2497,13236
2025_Conforme_2_Cam_B_3_177.jpg,chataigne,0.133,7707
2025_Conforme_2_Cam_B_3_178.jpg,chataigne,0.2162,11562
2025_Conforme_2_Cam_B_3_179.jpg,vide,0.0021,8
2025_Conforme_2_Cam_B_3_18.jpg,vide,0.0009,4
2025_Conforme_2_Cam_B_3_180.jpg,chataigne,0.1853,10296
2025_Conforme_2_Cam_B_3_181.jpg,vide,0.0021,8
2025_Conforme_2_Cam_B_3_182.jpg,chataigne,0.2746,13757
2025_Conforme_2_Cam_B_3_183.jpg,vide,0.0017,8
2025_Conforme_2_Cam_B_3_184.jpg,vide,0.0011,8
2025_Conforme_2_Cam_B_3_185.jpg,vide,0.0017,11
2025_Conforme_2_Cam_B_3_186.jpg,chataigne,0.1243,7560
2025_Conforme_2_Cam_B_3_187.jpg,chataigne,0.2509,14599
2025_Conforme_2_Cam_B_3_188.jpg,chunks,0.0062,128
2025_Conforme_2_Cam_B_3_189.jpg,chataigne,0.0823,4766
2025_Conforme_2_Cam_B_3_19.jpg,vide,0.0026,16
2025_Conforme_2_Cam_B_3_190.jpg,chataigne,0.1063,5592
2025_Conforme_2_Cam_B_3_191.jpg,chataigne,0.1,5285
2025_Conforme_2_Cam_B_3_192.jpg,chataigne,0.2833,16686
2025_Conforme_2_Cam_B_3_193.jpg,chataigne,0.2576,14567
2025_Conforme_2_Cam_B_3_194.jpg,multiple,0.3085,17760
2025_Conforme_2_Cam_B_3_195.jpg,chataigne,0.1992,10509
2025_Conforme_2_Cam_B_3_196.jpg,chataigne,0.2089,11620
2025_Conforme_2_Cam_B_3_197.jpg,chunks,0.0821,4520
2025_Conforme_2_Cam_B_3_198.jpg,chataigne,0.1224,6882
2025_Conforme_2_Cam_B_3_199.jpg,chataigne,0.2834,17278
2025_Conforme_2_Cam_B_3_2.jpg,vide,0.0017,6
2025_Conforme_2_Cam_B_3_20.jpg,vide,0.001,7
2025_Conforme_2_Cam_B_3_200.jpg,chataigne,0.3016,18010
2025_Conforme_2_Cam_B_3_201.jpg,chataigne,0.1556,8259
2025_Conforme_2_Cam_B_3_202.jpg,chunks,0.0653,3307
2025_Conforme_2_Cam_B_3_203.jpg,multiple,0.3617,19378
2025_Conforme_2_Cam_B_3_204.jpg,chataigne,0.3365,18310
2025_Conforme_2_Cam_B_3_205.jpg,chataigne,0.1554,7991
2025_Conforme_2_Cam_B_3_206.jpg,chataigne,0.2751,15788
2025_Conforme_2_Cam_B_3_207.jpg,chataigne,0.2039,12261
2025_Conforme_2_Cam_B_3_208.jpg,chataigne,0.166,9253
2025_Conforme_2_Cam_B_3_209.jpg,chunks,0.0668,3528
2025_Conforme_2_Cam_B_3_21.jpg,vide,0.0001,2
2025_Conforme_2_Cam_B_3_210.jpg,chataigne,0.1062,5974
2025_Conforme_2_Cam_B_3_211.jpg,chataigne,0.2516,13429
2025_Conforme_2_Cam_B_3_212.jpg,multiple,0.3228,19204
2025_Conforme_2_Cam_B_3_213.jpg,chataigne,0.1825,10495
2025_Conforme_2_Cam_B_3_214.jpg,chataigne,0.0971,5645
2025_Conforme_2_Cam_B_3_215.jpg,chataigne,0.2327,12370
2025_Conforme_2_Cam_B_3_216.jpg,multiple,0.2279,12865
2025_Conforme_2_Cam_B_3_217.jpg,chataigne,0.2805,15713
2025_Conforme_2_Cam_B_3_218.jpg,chataigne,0.1577,8009
2025_Conforme_2_Cam_B_3_219.jpg,chunks,0.0251,1241
2025_Conforme_2_Cam_B_3_22.jpg,vide,0.0014,11
2025_Conforme_2_Cam_B_3_220.jpg,chataigne,0.1107,5832
2025_Conforme_2_Cam_B_3_221.jpg,chataigne,0.1516,8240
2025_Conforme_2_Cam_B_3_222.jpg,chataigne,0.1542,9165
2025_Conforme_2_Cam_B_3_223.jpg,chataigne,0.1996,10805
2025_Conforme_2_Cam_B_3_224.jpg,chataigne,0.2355,13175
2025_Conforme_2_Cam_B_3_225.jpg,chataigne,0.0828,4343
2025_Conforme_2_Cam_B_3_226.jpg,chunks,0.0388,1748
2025_Conforme_2_Cam_B_3_227.jpg,chataigne,0.1762,10271
2025_Conforme_2_Cam_B_3_228.jpg,vide,0.0013,9
2025_Conforme_2_Cam_B_3_229.jpg,chataigne,0.2263,13808
2025_Conforme_2_Cam_B_3_23.jpg,vide,0.0013,11
2025_Conforme_2_Cam_B_3_230.jpg,chataigne,0.2474,14815
2025_Conforme_2_Cam_B_3_231.jpg,chunks,0.0015,11
2025_Conforme_2_Cam_B_3_232.jpg,chataigne,0.0498,1704
2025_Conforme_2_Cam_B_3_233.jpg,chataigne,0.3467,19927
2025_Conforme_2_Cam_B_3_234.jpg,chataigne,0.2454,13102
2025_Conforme_2_Cam_B_3_235.jpg,chataigne,0.126,6682
2025_Conforme_2_Cam_B_3_236.jpg,chataigne,0.1402,8464
2025_Conforme_2_Cam_B_3_237.jpg,chataigne,0.1901,11333
2025_Conforme_2_Cam_B_3_238.jpg,chunks,0.0123,635
2025_Conforme_2_Cam_B_3_239.jpg,chataigne,0.2247,13318
2025_Conforme_2_Cam_B_3_24.jpg,vide,0.0006,9
2025_Conforme_2_Cam_B_3_240.jpg,chataigne,0.2062,11513
2025_Conforme_2_Cam_B_3_241.jpg,chataigne,0.1236,7115
2025_Conforme_2_Cam_B_3_242.jpg,chataigne,0.2344,12741
2025_Conforme_2_Cam_B_3_243.jpg,chataigne,0.2034,11311
2025_Conforme_2_Cam_B_3_244.jpg,multiple,0.3291,20102
2025_Conforme_2_Cam_B_3_245.jpg,vide,0.0023,12
2025_Conforme_2_Cam_B_3_246.jpg,vide,0.0017,7
2025_Conforme_2_Cam_B_3_247.jpg,chataigne,0.1467,8906
2025_Conforme_2_Cam_B_3_248.jpg,chataigne,0.3155,17487
2025_Conforme_2_Cam_B_3_249.jpg,chataigne,0.316,16810
2025_Conforme_2_Cam_B_3_25.jpg,vide,0.001,11
2025_Conforme_2_Cam_B_3_250.jpg,chataigne,0.1894,10984
2025_Conforme_2_Cam_B_3_251.jpg,vide,0.0027,12
2025_Conforme_2_Cam_B_3_252.jpg,chunks,0.0048,29
2025_Conforme_2_Cam_B_3_253.jpg,chataigne,0.1886,9985
2025_Conforme_2_Cam_B_3_254.jpg,chataigne,0.2148,13002
2025_Conforme_2_Cam_B_3_255.jpg,chataigne,0.1392,8325
2025_Conforme_2_Cam_B_3_256.jpg,chataigne,0.1417,7819
2025_Conforme_2_Cam_B_3_257.jpg,chataigne,0.347,19730
2025_Conforme_2_Cam_B_3_258.jpg,chunks,0.0756,4181
2025_Conforme_2_Cam_B_3_259.jpg,chunks,0.0848,4104
2025_Conforme_2_Cam_B_3_26.jpg,vide,0.0009,12
2025_Conforme_2_Cam_B_3_260.jpg,chataigne,0.2388,13693
2025_Conforme_2_Cam_B_3_261.jpg,chataigne,0.2048,11992
2025_Conforme_2_Cam_B_3_262.jpg,chataigne,0.2496,13980
2025_Conforme_2_Cam_B_3_263.jpg,chataigne,0.1174,6851
2025_Conforme_2_Cam_B_3_264.jpg,chataigne,0.1615,8488
2025_Conforme_2_Cam_B_3_265.jpg,chataigne,0.2471,14828
2025_Conforme_2_Cam_B_3_266.jpg,chataigne,0.1588,8776
2025_Conforme_2_Cam_B_3_267.jpg,chataigne,0.1016,6130
2025_Conforme_2_Cam_B_3_268.jpg,chataigne,0.1669,10014
2025_Conforme_2_Cam_B_3_269.jpg,chataigne,0.2963,16001
2025_Conforme_2_Cam_B_3_27.jpg,vide,0.0012,19
2025_Conforme_2_Cam_B_3_270.jpg,chataigne,0.3009,18036
2025_Conforme_2_Cam_B_3_271.jpg,chataigne,0.0964,4018
2025_Conforme_2_Cam_B_3_272.jpg,chataigne,0.1157,6119
2025_Conforme_2_Cam_B_3_273.jpg,chunks,0.0048,215
2025_Conforme_2_Cam_B_3_274.jpg,chataigne,0.3047,18343
2025_Conforme_2_Cam_B_3_275.jpg,chataigne,0.2715,15239
2025_Conforme_2_Cam_B_3_276.jpg,chataigne,0.2643,14181
2025_Conforme_2_Cam_B_3_277.jpg,chataigne,0.1376,7390
2025_Conforme_2_Cam_B_3_278.jpg,chataigne,0.2029,11333
2025_Conforme_2_Cam_B_3_279.jpg,chataigne,0.1796,10167
2025_Conforme_2_Cam_B_3_28.jpg,chataigne,0.1059,5604
2025_Conforme_2_Cam_B_3_280.jpg,chataigne,0.1791,9744
2025_Conforme_2_Cam_B_3_281.jpg,chataigne,0.2363,14314
2025_Conforme_2_Cam_B_3_282.jpg,chunks,0.0906,4947
2025_Conforme_2_Cam_B_3_283.jpg,chataigne,0.1455,8706
2025_Conforme_2_Cam_B_3_284.jpg,chataigne,0.1527,9132
2025_Conforme_2_Cam_B_3_285.jpg,chataigne,0.1845,10988
2025_Conforme_2_Cam_B_3_286.jpg,chataigne,0.2119,11989
2025_Conforme_2_Cam_B_3_287.jpg,chataigne,0.0922,4087
2025_Conforme_2_Cam_B_3_288.jpg,chataigne,0.1339,8023
2025_Conforme_2_Cam_B_3_289.jpg,chataigne,0.1589,8491
2025_Conforme_2_Cam_B_3_29.jpg,vide,0.0002,3
2025_Conforme_2_Cam_B_3_290.jpg,chataigne,0.1627,9658
2025_Conforme_2_Cam_B_3_291.jpg,chataigne,0.1675,8889
2025_Conforme_2_Cam_B_3_292.jpg,vide,0.0027,11
2025_Conforme_2_Cam_B_3_293.jpg,chataigne,0.0765,4250
2025_Conforme_2_Cam_B_3_294.jpg,chunks,0.0522,2882
2025_Conforme_2_Cam_B_3_295.jpg,chataigne,0.246,13134
2025_Conforme_2_Cam_B_3_296.jpg,chataigne,0.2232,11683
2025_Conforme_2_Cam_B_3_297.jpg,chataigne,0.1684,8897
2025_Conforme_2_Cam_B_3_298.jpg,chataigne,0.2656,15684
2025_Conforme_2_Cam_B_3_299.jpg,chataigne,0.1442,7981
2025_Conforme_2_Cam_B_3_3.jpg,vide,0.001,5
2025_Conforme_2_Cam_B_3_30.jpg,vide,0.0,1
2025_Conforme_2_Cam_B_3_300.jpg,chataigne,0.224,11935
2025_Conforme_2_Cam_B_3_301.jpg,vide,0.0007,4
2025_Conforme_2_Cam_B_3_302.jpg,chataigne,0.3507,18571
2025_Conforme_2_Cam_B_3_303.jpg,chataigne,0.3104,17361
2025_Conforme_2_Cam_B_3_304.jpg,chataigne,0.2357,12412
2025_Conforme_2_Cam_B_3_305.jpg,chataigne,0.2915,15727
2025_Conforme_2_Cam_B_3_306.jpg,chataigne,0.2509,12570
2025_Conforme_2_Cam_B_3_307.jpg,chataigne,0.1307,7085
2025_Conforme_2_Cam_B_3_308.jpg,chataigne,0.1805,10790
2025_Conforme_2_Cam_B_3_309.jpg,chataigne,0.2719,15674
2025_Conforme_2_Cam_B_3_31.jpg,vide,0.0016,12
2025_Conforme_2_Cam_B_3_310.jpg,vide,0.0004,4
2025_Conforme_2_Cam_B_3_311.jpg,chataigne,0.3177,18018
2025_Conforme_2_Cam_B_3_312.jpg,vide,0.0027,12
2025_Conforme_2_Cam_B_3_313.jpg,vide,0.0016,10
2025_Conforme_2_Cam_B_3_314.jpg,vide,0.0006,4
2025_Conforme_2_Cam_B_3_315.jpg,chataigne,0.0616,2561
2025_Conforme_2_Cam_B_3_316.jpg,chataigne,0.1684,9539
2025_Conforme_2_Cam_B_3_317.jpg,chataigne,0.1121,6486
2025_Conforme_2_Cam_B_3_318.jpg,chataigne,0.1755,9855
2025_Conforme_2_Cam_B_3_319.jpg,chataigne,0.069,3832
2025_Conforme_2_Cam_B_3_32.jpg,vide,0.0001,3
2025_Conforme_2_Cam_B_3_320.jpg,chataigne,0.082,4962
2025_Conforme_2_Cam_B_3_321.jpg,vide,0.0014,11
2025_Conforme_2_Cam_B_3_322.jpg,chataigne,0.2371,13445
2025_Conforme_2_Cam_B_3_323.jpg,chataigne,0.1927,11634
2025_Conforme_2_Cam_B_3_324.jpg,chataigne,0.1367,8025
2025_Conforme_2_Cam_B_3_325.jpg,chataigne,0.1315,7371
2025_Conforme_2_Cam_B_3_326.jpg,chunks,0.0183,1048
2025_Conforme_2_Cam_B_3_327.jpg,chunks,0.027,1110
2025_Conforme_2_Cam_B_3_328.jpg,chataigne,0.1409,8108
2025_Conforme_2_Cam_B_3_329.jpg,vide,0.0001,3
2025_Conforme_2_Cam_B_3_33.jpg,vide,0.0008,6
2025_Conforme_2_Cam_B_3_330.jpg,chataigne,0.2406,12958
2025_Conforme_2_Cam_B_3_331.jpg,chataigne,0.0452,2245
2025_Conforme_2_Cam_B_3_332.jpg,chataigne,0.2603,14772
2025_Conforme_2_Cam_B_3_333.jpg,chataigne,0.2159,12461
2025_Conforme_2_Cam_B_3_334.jpg,chataigne,0.2946,15725
2025_Conforme_2_Cam_B_3_335.jpg,multiple,0.3874,19877
2025_Conforme_2_Cam_B_3_336.jpg,chataigne,0.2745,15680
2025_Conforme_2_Cam_B_3_337.jpg,chataigne,0.2392,13547
2025_Conforme_2_Cam_B_3_338.jpg,chataigne,0.2709,14404
2025_Conforme_2_Cam_B_3_339.jpg,chataigne,0.1756,10420
2025_Conforme_2_Cam_B_3_34.jpg,vide,0.0001,3
2025_Conforme_2_Cam_B_3_340.jpg,chataigne,0.1841,10923
2025_Conforme_2_Cam_B_3_341.jpg,chataigne,0.2463,13378
2025_Conforme_2_Cam_B_3_342.jpg,chataigne,0.1123,6699
2025_Conforme_2_Cam_B_3_343.jpg,chataigne,0.0952,4619
2025_Conforme_2_Cam_B_3_344.jpg,chataigne,0.2073,11079
2025_Conforme_2_Cam_B_3_345.jpg,chataigne,0.169,9961
2025_Conforme_2_Cam_B_3_346.jpg,chunks,0.0742,4228
2025_Conforme_2_Cam_B_3_347.jpg,chataigne,0.1549,8697
2025_Conforme_2_Cam_B_3_348.jpg,chataigne,0.2204,11557
2025_Conforme_2_Cam_B_3_349.jpg,chunks,0.1707,8861
2025_Conforme_2_Cam_B_3_35.jpg,vide,0.0018,10
2025_Conforme_2_Cam_B_3_350.jpg,chunks,0.0869,4803
2025_Conforme_2_Cam_B_3_351.jpg,chataigne,0.3113,18616
2025_Conforme_2_Cam_B_3_352.jpg,chataigne,0.2854,17419
2025_Conforme_2_Cam_B_3_353.jpg,chataigne,0.27,15455
2025_Conforme_2_Cam_B_3_354.jpg,chataigne,0.1833,10077
2025_Conforme_2_Cam_B_3_355.jpg,chataigne,0.1313,6765
2025_Conforme_2_Cam_B_3_356.jpg,chataigne,0.281,13817
2025_Conforme_2_Cam_B_3_357.jpg,multiple,0.1603,7688
2025_Conforme_2_Cam_B_3_358.jpg,chataigne,0.0884,2678
2025_Conforme_2_Cam_B_3_359.jpg,chataigne,0.0435,1118
2025_Conforme_2_Cam_B_3_36.jpg,chataigne,0.0836,4771
2025_Conforme_2_Cam_B_3_360.jpg,multiple,0.1987,10443
2025_Conforme_2_Cam_B_3_361.jpg,chataigne,0.2185,10384
2025_Conforme_2_Cam_B_3_362.jpg,chataigne,0.1528,9078
2025_Conforme_2_Cam_B_3_363.jpg,chataigne,0.1874,9536
2025_Conforme_2_Cam_B_3_364.jpg,chataigne,0.2702,15266
2025_Conforme_2_Cam_B_3_365.jpg,chunks,0.0027,12
2025_Conforme_2_Cam_B_3_366.jpg,chataigne,0.3325,16525
2025_Conforme_2_Cam_B_3_367.jpg,chataigne,0.0682,3879
2025_Conforme_2_Cam_B_3_368.jpg,chataigne,0.3186,17075
2025_Conforme_2_Cam_B_3_369.jpg,chataigne,0.1111,6542
2025_Conforme_2_Cam_B_3_37.jpg,chunks,0.0143,589
2025_Conforme_2_Cam_B_3_370.jpg,chataigne,0.0884,4650
2025_Conforme_2_Cam_B_3_371.jpg,chataigne,0.1674,9443
2025_Conforme_2_Cam_B_3_372.jpg,chataigne,0.3111,16991
2025_Conforme_2_Cam_B_3_373.jpg,chataigne,0.1447,8546
2025_Conforme_2_Cam_B_3_374.jpg,chunks,0.0684,3733
2025_Conforme_2_Cam_B_3_375.jpg,chataigne,0.0779,3664
2025_Conforme_2_Cam_B_3_376.jpg,chataigne,0.0745,4172
2025_Conforme_2_Cam_B_3_377.jpg,chunks,0.036,1655
2025_Conforme_2_Cam_B_3_378.jpg,chataigne,0.0892,4839
2025_Conforme_2_Cam_B_3_379.jpg,chataigne,0.1675,9589
2025_Conforme_2_Cam_B_3_38.jpg,chunks,0.0502,2445
2025_Conforme_2_Cam_B_3_380.jpg,chataigne,0.1164,6326
2025_Conforme_2_Cam_B_3_381.jpg,chataigne,0.0754,4171
2025_Conforme_2_Cam_B_3_382.jpg,vide,0.0018,15
2025_Conforme_2_Cam_B_3_383.jpg,chataigne,0.1831,9538
2025_Conforme_2_Cam_B_3_384.jpg,chataigne,0.1773,10493
2025_Conforme_2_Cam_B_3_385.jpg,vide,0.0033,13
2025_Conforme_2_Cam_B_3_386.jpg,chataigne,0.3506,21053
2025_Conforme_2_Cam_B_3_387.jpg,chataigne,0.2948,16460
2025_Conforme_2_Cam_B_3_388.jpg,chataigne,0.2165,12914
2025_Conforme_2_Cam_B_3_389.jpg,chataigne,0.248,13187
2025_Conforme_2_Cam_B_3_39.jpg,chataigne,0.2321,13822
2025_Conforme_2_Cam_B_3_390.jpg,vide,0.0025,8
2025_Conforme_2_Cam_B_3_391.jpg,chataigne,0.2726,15192
2025_Conforme_2_Cam_B_3_392.jpg,vide,0.0022,15
2025_Conforme_2_Cam_B_3_393.jpg,chataigne,0.2451,13609
2025_Conforme_2_Cam_B_3_394.jpg,chataigne,0.3222,19390
2025_Conforme_2_Cam_B_3_395.jpg,multiple,0.2272,13786
2025_Conforme_2_Cam_B_3_396.jpg,chataigne,0.1018,5636
2025_Conforme_2_Cam_B_3_397.jpg,chataigne,0.1726,9827
2025_Conforme_2_Cam_B_3_398.jpg,vide,0.0021,9
2025_Conforme_2_Cam_B_3_399.jpg,chataigne,0.2743,15066
2025_Conforme_2_Cam_B_3_4.jpg,vide,0.0022,15
2025_Conforme_2_Cam_B_3_40.jpg,vide,0.0015,12
2025_Conforme_2_Cam_B_3_400.jpg,multiple,0.1606,7764
2025_Conforme_2_Cam_B_3_401.jpg,multiple,0.3095,18544
2025_Conforme_2_Cam_B_3_402.jpg,chunks,0.0477,2745
2025_Conforme_2_Cam_B_3_403.jpg,chataigne,0.3058,17146
2025_Conforme_2_Cam_B_3_404.jpg,vide,0.0013,13
2025_Conforme_2_Cam_B_3_405.jpg,vide,0.0004,6
2025_Conforme_2_Cam_B_3_406.jpg,vide,0.0017,20
2025_Conforme_2_Cam_B_3_407.jpg,chataigne,0.202,11029
2025_Conforme_2_Cam_B_3_408.jpg,chataigne,0.2665,13233
2025_Conforme_2_Cam_B_3_409.jpg,chataigne,0.1512,7921
2025_Conforme_2_Cam_B_3_41.jpg,vide,0.0016,10
2025_Conforme_2_Cam_B_3_410.jpg,multiple,0.1946,11412
2025_Conforme_2_Cam_B_3_411.jpg,chataigne,0.091,4660
2025_Conforme_2_Cam_B_3_412.jpg,vide,0.0024,15
2025_Conforme_2_Cam_B_3_414.jpg,vide,0.0008,6
2025_Conforme_2_Cam_B_3_415.jpg,vide,0.0009,5
2025_Conforme_2_Cam_B_3_416.jpg,vide,0.0005,7
2025_Conforme_2_Cam_B_3_417.jpg,chataigne,0.2576,14682
2025_Conforme_2_Cam_B_3_418.jpg,vide,0.003,11
2025_Conforme_2_Cam_B_3_419.jpg,vide,0.0008,10
2025_Conforme_2_Cam_B_3_42.jpg,vide,0.0026,10
2025_Conforme_2_Cam_B_3_420.jpg,vide,0.0027,9
2025_Conforme_2_Cam_B_3_421.jpg,vide,0.0025,8
2025_Conforme_2_Cam_B_3_422.jpg,vide,0.0023,10
2025_Conforme_2_Cam_B_3_423.jpg,vide,0.0018,15
2025_Conforme_2_Cam_B_3_424.jpg,vide,0.0007,14
2025_Conforme_2_Cam_B_3_425.jpg,vide,0.002,84
2025_Conforme_2_Cam_B_3_426.jpg,vide,0.0011,14
2025_Conforme_2_Cam_B_3_427.jpg,chunks,0.0792,4256
2025_Conforme_2_Cam_B_3_428.jpg,chataigne,0.1504,7895
2025_Conforme_2_Cam_B_3_429.jpg,vide,0.0022,8
2025_Conforme_2_Cam_B_3_43.jpg,chataigne,0.1069,5674
2025_Conforme_2_Cam_B_3_430.jpg,chataigne,0.1794,9523
2025_Conforme_2_Cam_B_3_431.jpg,chataigne,0.1851,8854
2025_Conforme_2_Cam_B_3_432.jpg,chataigne,0.178,9839
2025_Conforme_2_Cam_B_3_433.jpg,multiple,0.402,21105
2025_Conforme_2_Cam_B_3_434.jpg,chataigne,0.195,9205
2025_Conforme_2_Cam_B_3_435.jpg,multiple,0.322,18201
2025_Conforme_2_Cam_B_3_436.jpg,multiple,0.2111,11148
2025_Conforme_2_Cam_B_3_437.jpg,multiple,0.1112,5836
2025_Conforme_2_Cam_B_3_438.jpg,multiple,0.1861,10830
2025_Conforme_2_Cam_B_3_439.jpg,chataigne,0.0898,3732
2025_Conforme_2_Cam_B_3_44.jpg,chataigne,0.4062,23340
2025_Conforme_2_Cam_B_3_440.jpg,multiple,0.4141,23049
2025_Conforme_2_Cam_B_3_441.jpg,multiple,0.3366,16269
2025_Conforme_2_Cam_B_3_442.jpg,chunks,0.0601,3145
2025_Conforme_2_Cam_B_3_443.jpg,chataigne,0.1005,5523
2025_Conforme_2_Cam_B_3_444.jpg,multiple,0.3052,16229
2025_Conforme_2_Cam_B_3_445.jpg,multiple,0.37,21292
2025_Conforme_2_Cam_B_3_446.jpg,vide,0.0001,3
2025_Conforme_2_Cam_B_3_447.jpg,multiple,0.2102,8067
2025_Conforme_2_Cam_B_3_448.jpg,chataigne,0.1906,9995
2025_Conforme_2_Cam_B_3_449.jpg,multiple,0.3153,16325
2025_Conforme_2_Cam_B_3_45.jpg,multiple,0.2989,17875
2025_Conforme_2_Cam_B_3_450.jpg,chataigne,0.2542,14452
2025_Conforme_2_Cam_B_3_451.jpg,chataigne,0.2167,11034
2025_Conforme_2_Cam_B_3_452.jpg,chataigne,0.1118,6749
2025_Conforme_2_Cam_B_3_453.jpg,chataigne,0.1541,9380
2025_Conforme_2_Cam_B_3_454.jpg,chataigne,0.1361,7956
2025_Conforme_2_Cam_B_3_455.jpg,chunks,0.0308,1304
2025_Conforme_2_Cam_B_3_456.jpg,chataigne,0.1847,11237
2025_Conforme_2_Cam_B_3_457.jpg,chataigne,0.0851,4703
2025_Conforme_2_Cam_B_3_458.jpg,chataigne,0.1067,5699
2025_Conforme_2_Cam_B_3_459.jpg,chataigne,0.0313,1121
2025_Conforme_2_Cam_B_3_46.jpg,chataigne,0.2311,12386
2025_Conforme_2_Cam_B_3_460.jpg,chataigne,0.1957,11148
2025_Conforme_2_Cam_B_3_461.jpg,multiple,0.3406,19386
2025_Conforme_2_Cam_B_3_462.jpg,vide,0.0022,11
2025_Conforme_2_Cam_B_3_463.jpg,chataigne,0.1612,9037
2025_Conforme_2_Cam_B_3_464.jpg,chataigne,0.2075,11928
2025_Conforme_2_Cam_B_3_465.jpg,chataigne,0.377,17588
2025_Conforme_2_Cam_B_3_466.jpg,chataigne,0.201,10669
2025_Conforme_2_Cam_B_3_467.jpg,chataigne,0.2741,14854
2025_Conforme_2_Cam_B_3_468.jpg,vide,0.002,15
2025_Conforme_2_Cam_B_3_469.jpg,chataigne,0.2869,17493
2025_Conforme_2_Cam_B_3_47.jpg,chataigne,0.2052,11029
2025_Conforme_2_Cam_B_3_470.jpg,chataigne,0.0753,4260
2025_Conforme_2_Cam_B_3_471.jpg,chataigne,0.3106,18568
2025_Conforme_2_Cam_B_3_472.jpg,chataigne,0.2779,16697
2025_Conforme_2_Cam_B_3_473.jpg,chunks,0.0595,3255
2025_Conforme_2_Cam_B_3_474.jpg,multiple,0.1812,9461
2025_Conforme_2_Cam_B_3_475.jpg,chataigne,0.151,8827
2025_Conforme_2_Cam_B_3_476.jpg,chataigne,0.1822,9812
2025_Conforme_2_Cam_B_3_477.jpg,chataigne,0.0707,3306
2025_Conforme_2_Cam_B_3_478.jpg,chataigne,0.0497,1809
2025_Conforme_2_Cam_B_3_479.jpg,chataigne,0.1783,10062
2025_Conforme_2_Cam_B_3_48.jpg,chataigne,0.2195,12839
2025_Conforme_2_Cam_B_3_480.jpg,chataigne,0.2011,10881
2025_Conforme_2_Cam_B_3_481.jpg,chataigne,0.1496,7863
2025_Conforme_2_Cam_B_3_482.jpg,chunks,0.0362,1600
2025_Conforme_2_Cam_B_3_483.jpg,chataigne,0.2944,17697
2025_Conforme_2_Cam_B_3_484.jpg,chataigne,0.2539,14968
2025_Conforme_2_Cam_B_3_485.jpg,multiple,0.4434,22064
2025_Conforme_2_Cam_B_3_486.jpg,chataigne,0.194,11547
2025_Conforme_2_Cam_B_3_487.jpg,chunks,0.0535,2840
2025_Conforme_2_Cam_B_3_488.jpg,chataigne,0.2705,14669
2025_Conforme_2_Cam_B_3_489.jpg,chataigne,0.0773,3910
2025_Conforme_2_Cam_B_3_49.jpg,multiple,0.1873,9947
2025_Conforme_2_Cam_B_3_490.jpg,chunks,0.0133,255
2025_Conforme_2_Cam_B_3_491.jpg,chataigne,0.0866,4698
2025_Conforme_2_Cam_B_3_492.jpg,chataigne,0.3731,19021
2025_Conforme_2_Cam_B_3_493.jpg,chataigne,0.2999,16105
2025_Conforme_2_Cam_B_3_494.jpg,chataigne,0.0443,1930
2025_Conforme_2_Cam_B_3_495.jpg,vide,0.0017,8
2025_Conforme_2_Cam_B_3_496.jpg,chataigne,0.218,11852
2025_Conforme_2_Cam_B_3_497.jpg,chataigne,0.2451,12177
2025_Conforme_2_Cam_B_3_498.jpg,chataigne,0.1862,9915
2025_Conforme_2_Cam_B_3_499.jpg,chataigne,0.2124,12744
2025_Conforme_2_Cam_B_3_5.jpg,vide,0.0013,8
2025_Conforme_2_Cam_B_3_50.jpg,chataigne,0.2917,17566
2025_Conforme_2_Cam_B_3_500.jpg,chataigne,0.2574,13718
2025_Conforme_2_Cam_B_3_501.jpg,chataigne,0.2705,14367
2025_Conforme_2_Cam_B_3_502.jpg,chataigne,0.1533,8463
2025_Conforme_2_Cam_B_3_503.jpg,vide,0.0013,10
2025_Conforme_2_Cam_B_3_504.jpg,chataigne,0.2303,12227
2025_Conforme_2_Cam_B_3_505.jpg,multiple,0.401,22675
2025_Conforme_2_Cam_B_3_506.jpg,vide,0.0024,11
2025_Conforme_2_Cam_B_3_507.jpg,chataigne,0.0845,4696
2025_Conforme_2_Cam_B_3_508.jpg,chataigne,0.2863,17414
2025_Conforme_2_Cam_B_3_509.jpg,chataigne,0.3599,21822
2025_Conforme_2_Cam_B_3_51.jpg,chataigne,0.1258,7139
2025_Conforme_2_Cam_B_3_510.jpg,chunks,0.0727,3944
2025_Conforme_2_Cam_B_3_511.jpg,chataigne,0.2109,12480
2025_Conforme_2_Cam_B_3_512.jpg,chataigne,0.1146,6691
2025_Conforme_2_Cam_B_3_513.jpg,chataigne,0.2988,15498
2025_Conforme_2_Cam_B_3_514.jpg,chataigne,0.0815,4896
2025_Conforme_2_Cam_B_3_515.jpg,chataigne,0.1795,10732
2025_Conforme_2_Cam_B_3_516.jpg,chataigne,0.3099,16569
2025_Conforme_2_Cam_B_3_517.jpg,chataigne,0.1663,8897
2025_Conforme_2_Cam_B_3_518.jpg,chataigne,0.2217,11014
2025_Conforme_2_Cam_B_3_519.jpg,chataigne,0.0363,2052
2025_Conforme_2_Cam_B_3_52.jpg,multiple,0.3976,21226
2025_Conforme_2_Cam_B_3_520.jpg,chataigne,0.3689,19739
2025_Conforme_2_Cam_B_3_521.jpg,chataigne,0.1922,10501
2025_Conforme_2_Cam_B_3_522.jpg,multiple,0.2495,13772
2025_Conforme_2_Cam_B_3_523.jpg,chunks,0.0627,3671
2025_Conforme_2_Cam_B_3_524.jpg,multiple,0.1997,6229
2025_Conforme_2_Cam_B_3_525.jpg,chataigne,0.2166,10409
2025_Conforme_2_Cam_B_3_526.jpg,chataigne,0.1876,10791
2025_Conforme_2_Cam_B_3_527.jpg,chataigne,0.123,6498
2025_Conforme_2_Cam_B_3_528.jpg,chataigne,0.2144,12609
2025_Conforme_2_Cam_B_3_529.jpg,chataigne,0.1644,9514
2025_Conforme_2_Cam_B_3_53.jpg,chataigne,0.2045,11795
2025_Conforme_2_Cam_B_3_530.jpg,chataigne,0.1888,9955
2025_Conforme_2_Cam_B_3_54.jpg,chataigne,0.2078,10893
2025_Conforme_2_Cam_B_3_55.jpg,chataigne,0.2248,11394
2025_Conforme_2_Cam_B_3_56.jpg,vide,0.0039,13
2025_Conforme_2_Cam_B_3_57.jpg,chataigne,0.195,11005
2025_Conforme_2_Cam_B_3_58.jpg,chataigne,0.2559,15391
2025_Conforme_2_Cam_B_3_59.jpg,chataigne,0.2303,13772
2025_Conforme_2_Cam_B_3_6.jpg,vide,0.0003,3
2025_Conforme_2_Cam_B_3_60.jpg,chataigne,0.1917,11068
2025_Conforme_2_Cam_B_3_61.jpg,chataigne,0.2957,17019
2025_Conforme_2_Cam_B_3_62.jpg,chunks,0.0532,2882
2025_Conforme_2_Cam_B_3_63.jpg,multiple,0.4073,18641
2025_Conforme_2_Cam_B_3_64.jpg,chataigne,0.1779,10463
2025_Conforme_2_Cam_B_3_65.jpg,chataigne,0.1652,9561
2025_Conforme_2_Cam_B_3_66.jpg,chataigne,0.249,15209
2025_Conforme_2_Cam_B_3_67.jpg,chataigne,0.1431,8587
2025_Conforme_2_Cam_B_3_68.jpg,chataigne,0.2624,15923
2025_Conforme_2_Cam_B_3_69.jpg,vide,0.0021,10
2025_Conforme_2_Cam_B_3_7.jpg,vide,0.0002,5
2025_Conforme_2_Cam_B_3_70.jpg,vide,0.0009,6
2025_Conforme_2_Cam_B_3_71.jpg,vide,0.0024,15
2025_Conforme_2_Cam_B_3_72.jpg,chataigne,0.1919,9378
2025_Conforme_2_Cam_B_3_73.jpg,chataigne,0.2543,12238
2025_Conforme_2_Cam_B_3_74.jpg,vide,0.0029,11
2025_Conforme_2_Cam_B_3_75.jpg,chataigne,0.2476,12877
2025_Conforme_2_Cam_B_3_76.jpg,chataigne,0.1004,5782
2025_Conforme_2_Cam_B_3_77.jpg,chataigne,0.2787,15503
2025_Conforme_2_Cam_B_3_78.jpg,vide,0.0026,11
2025_Conforme_2_Cam_B_3_79.jpg,vide,0.0009,12
2025_Conforme_2_Cam_B_3_8.jpg,vide,0.0017,18
2025_Conforme_2_Cam_B_3_80.jpg,chataigne,0.2471,14589
2025_Conforme_2_Cam_B_3_81.jpg,chataigne,0.0726,3774
2025_Conforme_2_Cam_B_3_82.jpg,vide,0.0001,2
2025_Conforme_2_Cam_B_3_83.jpg,chataigne,0.2188,12080
2025_Conforme_2_Cam_B_3_84.jpg,vide,0.0016,9
2025_Conforme_2_Cam_B_3_85.jpg,chunks,0.0004,6
2025_Conforme_2_Cam_B_3_86.jpg,vide,0.0005,4
2025_Conforme_2_Cam_B_3_87.jpg,vide,0.001,9
2025_Conforme_2_Cam_B_3_88.jpg,chataigne,0.1859,11033
2025_Conforme_2_Cam_B_3_89.jpg,vide,0.0028,14
2025_Conforme_2_Cam_B_3_9.jpg,vide,0.0005,5
2025_Conforme_2_Cam_B_3_90.jpg,vide,0.0015,12
2025_Conforme_2_Cam_B_3_91.jpg,chataigne,0.1058,6189
2025_Conforme_2_Cam_B_3_92.jpg,vide,0.0007,4
2025_Conforme_2_Cam_B_3_93.jpg,vide,0.0005,4
2025_Conforme_2_Cam_B_3_94.jpg,vide,0.0014,10
2025_Conforme_2_Cam_B_3_95.jpg,vide,0.001,11
2025_Conforme_2_Cam_B_3_96.jpg,chataigne,0.2161,12774
2025_Conforme_2_Cam_B_3_97.jpg,chataigne,0.1319,7650
2025_Conforme_2_Cam_B_3_98.jpg,multiple,0.3463,18545
2025_Conforme_2_Cam_B_3_99.jpg,chataigne,0.3603,18649
2025_Conforme_2_Cam_B_4_0.jpg,vide,0.0042,13
2025_Conforme_2_Cam_B_4_100.jpg,chataigne,0.1766,10487
2025_Conforme_2_Cam_B_4_101.jpg,chunks,0.0449,2327
2025_Conforme_2_Cam_B_4_102.jpg,chataigne,0.254,13389
2025_Conforme_2_Cam_B_4_103.jpg,chataigne,0.2663,15935
2025_Conforme_2_Cam_B_4_104.jpg,chataigne,0.3222,19320
2025_Conforme_2_Cam_B_4_105.jpg,chataigne,0.2693,16226
2025_Conforme_2_Cam_B_4_106.jpg,multiple,0.2646,15743
2025_Conforme_2_Cam_B_4_107.jpg,vide,0.0004,4
2025_Conforme_2_Cam_B_4_108.jpg,chataigne,0.1452,8155
2025_Conforme_2_Cam_B_4_109.jpg,chunks,0.0164,728
2025_Conforme_2_Cam_B_4_11.jpg,vide,0.0021,12
2025_Conforme_2_Cam_B_4_110.jpg,chunks,0.099,5960
2025_Conforme_2_Cam_B_4_111.jpg,chunks,0.0544,2346
2025_Conforme_2_Cam_B_4_112.jpg,vide,0.0045,13
2025_Conforme_2_Cam_B_4_113.jpg,chataigne,0.313,17397
2025_Conforme_2_Cam_B_4_114.jpg,chataigne,0.1776,8599
2025_Conforme_2_Cam_B_4_115.jpg,chataigne,0.266,15354
2025_Conforme_2_Cam_B_4_116.jpg,chunks,0.0051,85
2025_Conforme_2_Cam_B_4_117.jpg,vide,0.0054,13
2025_Conforme_2_Cam_B_4_118.jpg,chataigne,0.2147,13029
2025_Conforme_2_Cam_B_4_119.jpg,chataigne,0.162,9783
2025_Conforme_2_Cam_B_4_12.jpg,vide,0.0059,16
2025_Conforme_2_Cam_B_4_120.jpg,vide,0.0062,19
2025_Conforme_2_Cam_B_4_121.jpg,chataigne,0.3561,19107
2025_Conforme_2_Cam_B_4_122.jpg,chataigne,0.1008,5462
2025_Conforme_2_Cam_B_4_123.jpg,chataigne,0.1966,10939
2025_Conforme_2_Cam_B_4_124.jpg,chataigne,0.0405,1394
2025_Conforme_2_Cam_B_4_125.jpg,chataigne,0.2839,13637
2025_Conforme_2_Cam_B_4_126.jpg,chataigne,0.1905,11607
2025_Conforme_2_Cam_B_4_127.jpg,chataigne,0.1489,8583
2025_Conforme_2_Cam_B_4_128.jpg,chataigne,0.2496,13827
2025_Conforme_2_Cam_B_4_129.jpg,chataigne,0.3119,17921
2025_Conforme_2_Cam_B_4_13.jpg,vide,0.0028,11
2025_Conforme_2_Cam_B_4_130.jpg,chataigne,0.3145,19209
2025_Conforme_2_Cam_B_4_131.jpg,chataigne,0.2083,11732
2025_Conforme_2_Cam_B_4_132.jpg,chataigne,0.1782,10002
2025_Conforme_2_Cam_B_4_133.jpg,chataigne,0.177,10792
2025_Conforme_2_Cam_B_4_134.jpg,chataigne,0.3248,19355
2025_Conforme_2_Cam_B_4_135.jpg,vide,0.003,10
2025_Conforme_2_Cam_B_4_136.jpg,chataigne,0.2483,14604
2025_Conforme_2_Cam_B_4_137.jpg,chunks,0.0599,2541
2025_Conforme_2_Cam_B_4_138.jpg,chataigne,0.3602,20549
2025_Conforme_2_Cam_B_4_139.jpg,multiple,0.1987,11735
2025_Conforme_2_Cam_B_4_14.jpg,vide,0.0012,7
2025_Conforme_2_Cam_B_4_140.jpg,chataigne,0.1352,7992
2025_Conforme_2_Cam_B_4_141.jpg,chataigne,0.2909,17131
2025_Conforme_2_Cam_B_4_142.jpg,chunks,0.0942,4038
2025_Conforme_2_Cam_B_4_143.jpg,chataigne,0.3315,16677
2025_Conforme_2_Cam_B_4_144.jpg,vide,0.0009,7
2025_Conforme_2_Cam_B_4_145.jpg,chataigne,0.0932,5553
2025_Conforme_2_Cam_B_4_146.jpg,chataigne,0.1744,8600
2025_Conforme_2_Cam_B_4_147.jpg,chataigne,0.3296,19809
2025_Conforme_2_Cam_B_4_148.jpg,chataigne,0.2871,17112
2025_Conforme_2_Cam_B_4_149.jpg,chataigne,0.3256,19485
2025_Conforme_2_Cam_B_4_15.jpg,vide,0.003,10
2025_Conforme_2_Cam_B_4_150.jpg,chataigne,0.1892,10703
2025_Conforme_2_Cam_B_4_151.jpg,chunks,0.0575,2926
2025_Conforme_2_Cam_B_4_152.jpg,chataigne,0.2968,17991
2025_Conforme_2_Cam_B_4_153.jpg,chataigne,0.1635,9433
2025_Conforme_2_Cam_B_4_154.jpg,chataigne,0.0983,5752
2025_Conforme_2_Cam_B_4_155.jpg,chataigne,0.317,19170
2025_Conforme_2_Cam_B_4_156.jpg,chataigne,0.1463,8322
2025_Conforme_2_Cam_B_4_157.jpg,chataigne,0.1122,6252
2025_Conforme_2_Cam_B_4_158.jpg,chataigne,0.1492,8177
2025_Conforme_2_Cam_B_4_159.jpg,multiple,0.2743,15845
2025_Conforme_2_Cam_B_4_16.jpg,vide,0.001,11
2025_Conforme_2_Cam_B_4_160.jpg,chataigne,0.3627,21732
2025_Conforme_2_Cam_B_4_161.jpg,chataigne,0.2057,12254
2025_Conforme_2_Cam_B_4_162.jpg,chataigne,0.2671,14835
2025_Conforme_2_Cam_B_4_163.jpg,chataigne,0.1584,9482
2025_Conforme_2_Cam_B_4_164.jpg,chataigne,0.3057,17529
2025_Conforme_2_Cam_B_4_165.jpg,chataigne,0.276,15299
2025_Conforme_2_Cam_B_4_166.jpg,chataigne,0.1456,6888
2025_Conforme_2_Cam_B_4_168.jpg,chataigne,0.1545,8782
2025_Conforme_2_Cam_B_4_169.jpg,chataigne,0.2877,17383
2025_Conforme_2_Cam_B_4_170.jpg,chataigne,0.1301,7366
2025_Conforme_2_Cam_B_4_171.jpg,chataigne,0.4116,22909
2025_Conforme_2_Cam_B_4_172.jpg,chataigne,0.2427,13932
2025_Conforme_2_Cam_B_4_173.jpg,chataigne,0.2522,13413
2025_Conforme_2_Cam_B_4_174.jpg,chataigne,0.1264,7471
2025_Conforme_2_Cam_B_4_175.jpg,chataigne,0.1396,8102
2025_Conforme_2_Cam_B_4_176.jpg,chataigne,0.2417,14608
2025_Conforme_2_Cam_B_4_177.jpg,chataigne,0.3124,18784
2025_Conforme_2_Cam_B_4_178.jpg,chataigne,0.1666,8983
2025_Conforme_2_Cam_B_4_179.jpg,chataigne,0.2949,15493
2025_Conforme_2_Cam_B_4_18.jpg,vide,0.0015,9
2025_Conforme_2_Cam_B_4_180.jpg,chataigne,0.1226,5896
2025_Conforme_2_Cam_B_4_181.jpg,chataigne,0.2112,12436
2025_Conforme_2_Cam_B_4_182.jpg,chataigne,0.2807,15671
2025_Conforme_2_Cam_B_4_183.jpg,chataigne,0.1619,9564
2025_Conforme_2_Cam_B_4_184.jpg,chunks,0.0063,19
2025_Conforme_2_Cam_B_4_185.jpg,chataigne,0.3343,18411
2025_Conforme_2_Cam_B_4_186.jpg,chataigne,0.2408,12517
2025_Conforme_2_Cam_B_4_187.jpg,multiple,0.3877,21683
2025_Conforme_2_Cam_B_4_188.jpg,chataigne,0.1361,8033
2025_Conforme_2_Cam_B_4_189.jpg,chataigne,0.1062,5103
2025_Conforme_2_Cam_B_4_19.jpg,vide,0.0008,12
2025_Conforme_2_Cam_B_4_190.jpg,chataigne,0.1614,9623
2025_Conforme_2_Cam_B_4_191.jpg,chataigne,0.1968,9927
2025_Conforme_2_Cam_B_4_192.jpg,chataigne,0.1643,8043
2025_Conforme_2_Cam_B_4_193.jpg,chataigne,0.2634,15809
2025_Conforme_2_Cam_B_4_194.jpg,chataigne,0.3173,18269
2025_Conforme_2_Cam_B_4_195.jpg,vide,0.0007,5
2025_Conforme_2_Cam_B_4_196.jpg,chataigne,0.2671,15205
2025_Conforme_2_Cam_B_4_197.jpg,chataigne,0.1405,8381
2025_Conforme_2_Cam_B_4_198.jpg,chataigne,0.2933,17953
2025_Conforme_2_Cam_B_4_199.jpg,chataigne,0.2866,16826
2025_Conforme_2_Cam_B_4_2.jpg,vide,0.001,6
2025_Conforme_2_Cam_B_4_20.jpg,vide,0.0014,12
2025_Conforme_2_Cam_B_4_200.jpg,chataigne,0.2877,16528
2025_Conforme_2_Cam_B_4_201.jpg,chataigne,0.1782,10388
2025_Conforme_2_Cam_B_4_202.jpg,chataigne,0.0502,2467
2025_Conforme_2_Cam_B_4_203.jpg,chataigne,0.1484,8491
2025_Conforme_2_Cam_B_4_204.jpg,chataigne,0.1108,5416
2025_Conforme_2_Cam_B_4_205.jpg,chataigne,0.1357,6997
2025_Conforme_2_Cam_B_4_206.jpg,chataigne,0.4214,24299
2025_Conforme_2_Cam_B_4_207.jpg,chataigne,0.0986,3950
2025_Conforme_2_Cam_B_4_208.jpg,chataigne,0.1853,10570
2025_Conforme_2_Cam_B_4_209.jpg,chataigne,0.2853,14524
2025_Conforme_2_Cam_B_4_21.jpg,vide,0.0015,9
2025_Conforme_2_Cam_B_4_210.jpg,chataigne,0.1883,11129
2025_Conforme_2_Cam_B_4_211.jpg,chunks,0.0806,3525
2025_Conforme_2_Cam_B_4_212.jpg,chataigne,0.3322,19673
2025_Conforme_2_Cam_B_4_213.jpg,chataigne,0.2321,12959
2025_Conforme_2_Cam_B_4_214.jpg,vide,0.006,17
2025_Conforme_2_Cam_B_4_215.jpg,chataigne,0.0801,4007
2025_Conforme_2_Cam_B_4_216.jpg,chataigne,0.1632,9630
2025_Conforme_2_Cam_B_4_217.jpg,chataigne,0.358,20052
2025_Conforme_2_Cam_B_4_218.jpg,chataigne,0.2414,13711
2025_Conforme_2_Cam_B_4_219.jpg,chunks,0.0229,451
2025_Conforme_2_Cam_B_4_22.jpg,vide,0.0013,11
2025_Conforme_2_Cam_B_4_220.jpg,chataigne,0.2107,10223
2025_Conforme_2_Cam_B_4_221.jpg,chataigne,0.1773,10130
2025_Conforme_2_Cam_B_4_222.jpg,chataigne,0.1547,8527
2025_Conforme_2_Cam_B_4_223.jpg,chataigne,0.152,6927
2025_Conforme_2_Cam_B_4_224.jpg,chataigne,0.4037,23758
2025_Conforme_2_Cam_B_4_225.jpg,chataigne,0.21,11476
2025_Conforme_2_Cam_B_4_226.jpg,chataigne,0.2735,16208
2025_Conforme_2_Cam_B_4_227.jpg,chataigne,0.1746,10064
2025_Conforme_2_Cam_B_4_228.jpg,chataigne,0.4184,23685
2025_Conforme_2_Cam_B_4_229.jpg,chataigne,0.3053,17526
2025_Conforme_2_Cam_B_4_230.jpg,chunks,0.0582,2879
2025_Conforme_2_Cam_B_4_231.jpg,chataigne,0.1336,7752
2025_Conforme_2_Cam_B_4_232.jpg,chataigne,0.2026,11247
2025_Conforme_2_Cam_B_4_233.jpg,chataigne,0.2086,11833
2025_Conforme_2_Cam_B_4_234.jpg,chataigne,0.1896,10605
2025_Conforme_2_Cam_B_4_235.jpg,chataigne,0.2362,14218
2025_Conforme_2_Cam_B_4_236.jpg,chataigne,0.348,19992
2025_Conforme_2_Cam_B_4_237.jpg,chataigne,0.0985,4947
2025_Conforme_2_Cam_B_4_238.jpg,chataigne,0.148,8424
2025_Conforme_2_Cam_B_4_239.jpg,chataigne,0.2386,12823
2025_Conforme_2_Cam_B_4_24.jpg,vide,0.0031,11
2025_Conforme_2_Cam_B_4_240.jpg,chataigne,0.4317,24150
2025_Conforme_2_Cam_B_4_241.jpg,chataigne,0.2496,14711
2025_Conforme_2_Cam_B_4_242.jpg,chataigne,0.2209,13084
2025_Conforme_2_Cam_B_4_243.jpg,chataigne,0.2104,11089
2025_Conforme_2_Cam_B_4_244.jpg,chataigne,0.3365,17639
2025_Conforme_2_Cam_B_4_245.jpg,chataigne,0.1368,8337
2025_Conforme_2_Cam_B_4_246.jpg,chataigne,0.2617,15108
2025_Conforme_2_Cam_B_4_247.jpg,chataigne,0.2631,15756
2025_Conforme_2_Cam_B_4_248.jpg,chataigne,0.075,4385
2025_Conforme_2_Cam_B_4_249.jpg,chataigne,0.2282,11165
2025_Conforme_2_Cam_B_4_25.jpg,vide,0.0044,12
2025_Conforme_2_Cam_B_4_250.jpg,chataigne,0.366,21939
2025_Conforme_2_Cam_B_4_251.jpg,vide,0.0014,9
2025_Conforme_2_Cam_B_4_252.jpg,chataigne,0.3548,19189
2025_Conforme_2_Cam_B_4_253.jpg,chataigne,0.149,8863
2025_Conforme_2_Cam_B_4_254.jpg,chataigne,0.2032,11532
2025_Conforme_2_Cam_B_4_255.jpg,vide,0.0005,7
2025_Conforme_2_Cam_B_4_256.jpg,chataigne,0.2307,12049
2025_Conforme_2_Cam_B_4_257.jpg,chataigne,0.1357,8206
2025_Conforme_2_Cam_B_4_258.jpg,chataigne,0.235,14345
2025_Conforme_2_Cam_B_4_259.jpg,chataigne,0.368,22434
2025_Conforme_2_Cam_B_4_260.jpg,chataigne,0.2715,16157
2025_Conforme_2_Cam_B_4_261.jpg,vide,0.0013,6
2025_Conforme_2_Cam_B_4_262.jpg,chataigne,0.0846,5040
2025_Conforme_2_Cam_B_4_263.jpg,chataigne,0.2975,18043
2025_Conforme_2_Cam_B_4_264.jpg,chataigne,0.2138,11649
2025_Conforme_2_Cam_B_4_265.jpg,chataigne,0.0962,5006
2025_Conforme_2_Cam_B_4_266.jpg,chataigne,0.3235,19357
2025_Conforme_2_Cam_B_4_267.jpg,chataigne,0.4475,24959
2025_Conforme_2_Cam_B_4_268.jpg,chataigne,0.1191,7048
2025_Conforme_2_Cam_B_4_269.jpg,chataigne,0.3701,22372
2025_Conforme_2_Cam_B_4_27.jpg,vide,0.0031,19
2025_Conforme_2_Cam_B_4_270.jpg,chataigne,0.16,9634
2025_Conforme_2_Cam_B_4_271.jpg,chataigne,0.2598,13562
2025_Conforme_2_Cam_B_4_272.jpg,chataigne,0.1706,10054
2025_Conforme_2_Cam_B_4_273.jpg,chataigne,0.0578,2791
2025_Conforme_2_Cam_B_4_274.jpg,chunks,0.043,1597
2025_Conforme_2_Cam_B_4_275.jpg,chataigne,0.134,7563
2025_Conforme_2_Cam_B_4_276.jpg,vide,0.0029,13
2025_Conforme_2_Cam_B_4_277.jpg,multiple,0.4865,27532
2025_Conforme_2_Cam_B_4_278.jpg,chataigne,0.2726,13561
2025_Conforme_2_Cam_B_4_279.jpg,chataigne,0.1764,9293
2025_Conforme_2_Cam_B_4_28.jpg,chataigne,0.1888,10751
2025_Conforme_2_Cam_B_4_280.jpg,chataigne,0.2463,11951
2025_Conforme_2_Cam_B_4_281.jpg,chataigne,0.3467,19622
2025_Conforme_2_Cam_B_4_282.jpg,chataigne,0.0578,2584
2025_Conforme_2_Cam_B_4_283.jpg,chataigne,0.5385,30829
2025_Conforme_2_Cam_B_4_284.jpg,chataigne,0.2821,16489
2025_Conforme_2_Cam_B_4_285.jpg,chataigne,0.2187,13163
2025_Conforme_2_Cam_B_4_286.jpg,chataigne,0.2001,11164
2025_Conforme_2_Cam_B_4_287.jpg,chataigne,0.1936,9542
2025_Conforme_2_Cam_B_4_288.jpg,chataigne,0.2294,11793
2025_Conforme_2_Cam_B_4_289.jpg,chataigne,0.136,7536
2025_Conforme_2_Cam_B_4_29.jpg,vide,0.0043,14
2025_Conforme_2_Cam_B_4_290.jpg,chataigne,0.1132,6642
2025_Conforme_2_Cam_B_4_292.jpg,chataigne,0.0767,4127
2025_Conforme_2_Cam_B_4_293.jpg,chataigne,0.3061,18387
2025_Conforme_2_Cam_B_4_294.jpg,chataigne,0.1136,5355
2025_Conforme_2_Cam_B_4_295.jpg,chataigne,0.1693,9945
2025_Conforme_2_Cam_B_4_296.jpg,chataigne,0.407,23020
2025_Conforme_2_Cam_B_4_297.jpg,chataigne,0.3674,18325
2025_Conforme_2_Cam_B_4_298.jpg,chataigne,0.2439,14060
2025_Conforme_2_Cam_B_4_299.jpg,chunks,0.0139,158
2025_Conforme_2_Cam_B_4_3.jpg,vide,0.0022,16
2025_Conforme_2_Cam_B_4_30.jpg,vide,0.0041,21
2025_Conforme_2_Cam_B_4_300.jpg,chataigne,0.1397,8027
2025_Conforme_2_Cam_B_4_301.jpg,chataigne,0.302,17785
2025_Conforme_2_Cam_B_4_302.jpg,chataigne,0.2775,13737
2025_Conforme_2_Cam_B_4_303.jpg,chataigne,0.3129,18182
2025_Conforme_2_Cam_B_4_304.jpg,chataigne,0.1663,9976
2025_Conforme_2_Cam_B_4_305.jpg,chataigne,0.123,5892
2025_Conforme_2_Cam_B_4_306.jpg,chataigne,0.296,17750
2025_Conforme_2_Cam_B_4_307.jpg,chataigne,0.3357,18727
2025_Conforme_2_Cam_B_4_308.jpg,chataigne,0.1213,6858
2025_Conforme_2_Cam_B_4_309.jpg,chataigne,0.1508,8649
2025_Conforme_2_Cam_B_4_31.jpg,chataigne,0.3424,20565
2025_Conforme_2_Cam_B_4_310.jpg,chataigne,0.1475,8472
2025_Conforme_2_Cam_B_4_311.jpg,chataigne,0.3572,21128
2025_Conforme_2_Cam_B_4_312.jpg,chataigne,0.0804,4677
2025_Conforme_2_Cam_B_4_313.jpg,chataigne,0.248,13840
2025_Conforme_2_Cam_B_4_314.jpg,chataigne,0.348,20982
2025_Conforme_2_Cam_B_4_315.jpg,chataigne,0.124,7332
2025_Conforme_2_Cam_B_4_316.jpg,chataigne,0.0925,5110
2025_Conforme_2_Cam_B_4_317.jpg,vide,0.0059,22
2025_Conforme_2_Cam_B_4_318.jpg,vide,0.0075,15
2025_Conforme_2_Cam_B_4_319.jpg,chataigne,0.0684,3538
2025_Conforme_2_Cam_B_4_32.jpg,vide,0.0052,16
2025_Conforme_2_Cam_B_4_320.jpg,vide,0.0045,15
2025_Conforme_2_Cam_B_4_322.jpg,chunks,0.0302,1424
2025_Conforme_2_Cam_B_4_323.jpg,chataigne,0.2423,14626
2025_Conforme_2_Cam_B_4_324.jpg,chataigne,0.2007,11908
2025_Conforme_2_Cam_B_4_325.jpg,chataigne,0.1945,11436
2025_Conforme_2_Cam_B_4_326.jpg,chataigne,0.1404,6965
2025_Conforme_2_Cam_B_4_327.jpg,chataigne,0.1702,10149
2025_Conforme_2_Cam_B_4_328.jpg,chataigne,0.2597,15316
2025_Conforme_2_Cam_B_4_329.jpg,vide,0.0005,4
2025_Conforme_2_Cam_B_4_33.jpg,vide,0.0047,12
2025_Conforme_2_Cam_B_4_330.jpg,chataigne,0.3177,18758
2025_Conforme_2_Cam_B_4_331.jpg,chataigne,0.164,9823
2025_Conforme_2_Cam_B_4_332.jpg,chunks,0.0288,1570
2025_Conforme_2_Cam_B_4_333.jpg,chunks,0.1284,5858
2025_Conforme_2_Cam_B_4_334.jpg,vide,0.0009,6
2025_Conforme_2_Cam_B_4_335.jpg,vide,0.0046,9
2025_Conforme_2_Cam_B_4_336.jpg,chataigne,0.3132,18640
2025_Conforme_2_Cam_B_4_337.jpg,chataigne,0.045,1986
2025_Conforme_2_Cam_B_4_338.jpg,chataigne,0.2537,13117
2025_Conforme_2_Cam_B_4_339.jpg,chunks,0.0092,152
2025_Conforme_2_Cam_B_4_34.jpg,chataigne,0.2351,14075
2025_Conforme_2_Cam_B_4_340.jpg,chataigne,0.2512,13031
2025_Conforme_2_Cam_B_4_341.jpg,chataigne,0.4014,24322
2025_Conforme_2_Cam_B_4_342.jpg,chataigne,0.091,5504
2025_Conforme_2_Cam_B_4_343.jpg,vide,0.0023,8
2025_Conforme_2_Cam_B_4_344.jpg,chataigne,0.2678,14064
2025_Conforme_2_Cam_B_4_345.jpg,chataigne,0.2413,14488
2025_Conforme_2_Cam_B_4_346.jpg,vide,0.0035,14
2025_Conforme_2_Cam_B_4_347.jpg,chataigne,0.4371,26398
2025_Conforme_2_Cam_B_4_348.jpg,vide,0.0059,14
2025_Conforme_2_Cam_B_4_349.jpg,chataigne,0.2593,13561
2025_Conforme_2_Cam_B_4_35.jpg,vide,0.0036,17
2025_Conforme_2_Cam_B_4_350.jpg,chataigne,0.4384,24826
2025_Conforme_2_Cam_B_4_351.jpg,vide,0.0065,12
2025_Conforme_2_Cam_B_4_352.jpg,chataigne,0.38,22331
2025_Conforme_2_Cam_B_4_353.jpg,chataigne,0.2458,13633
2025_Conforme_2_Cam_B_4_354.jpg,chataigne,0.3847,21270
2025_Conforme_2_Cam_B_4_355.jpg,vide,0.0038,17
2025_Conforme_2_Cam_B_4_356.jpg,chataigne,0.2698,16310
2025_Conforme_2_Cam_B_4_357.jpg,chataigne,0.2514,14514
2025_Conforme_2_Cam_B_4_358.jpg,chataigne,0.2842,17049
2025_Conforme_2_Cam_B_4_359.jpg,chataigne,0.014,163
2025_Conforme_2_Cam_B_4_36.jpg,vide,0.0035,9
2025_Conforme_2_Cam_B_4_360.jpg,chataigne,0.3883,23421
2025_Conforme_2_Cam_B_4_361.jpg,chataigne,0.2899,15758
2025_Conforme_2_Cam_B_4_362.jpg,chataigne,0.2663,15937
2025_Conforme_2_Cam_B_4_363.jpg,chataigne,0.2256,12380
2025_Conforme_2_Cam_B_4_364.jpg,chataigne,0.2778,15709
2025_Conforme_2_Cam_B_4_365.jpg,chunks,0.0722,3563
2025_Conforme_2_Cam_B_4_366.jpg,chataigne,0.2319,12819
2025_Conforme_2_Cam_B_4_367.jpg,chataigne,0.3798,22416
2025_Conforme_2_Cam_B_4_368.jpg,chataigne,0.22,11521
2025_Conforme_2_Cam_B_4_369.jpg,chataigne,0.1797,9921
2025_Conforme_2_Cam_B_4_37.jpg,chataigne,0.2029,11241
2025_Conforme_2_Cam_B_4_370.jpg,chataigne,0.1412,8294
2025_Conforme_2_Cam_B_4_371.jpg,chataigne,0.2151,12802
2025_Conforme_2_Cam_B_4_373.jpg,chataigne,0.1465,7560
2025_Conforme_2_Cam_B_4_374.jpg,chataigne,0.2944,17772
2025_Conforme_2_Cam_B_4_375.jpg,chataigne,0.1791,10359
2025_Conforme_2_Cam_B_4_376.jpg,chunks,0.0645,3238
2025_Conforme_2_Cam_B_4_377.jpg,chataigne,0.0894,3628
2025_Conforme_2_Cam_B_4_378.jpg,chataigne,0.219,12921
2025_Conforme_2_Cam_B_4_379.jpg,vide,0.0026,12
2025_Conforme_2_Cam_B_4_380.jpg,vide,0.0032,13
2025_Conforme_2_Cam_B_4_381.jpg,chataigne,0.3596,21848
2025_Conforme_2_Cam_B_4_382.jpg,chataigne,0.3447,20723
2025_Conforme_2_Cam_B_4_383.jpg,chataigne,0.3645,21966
2025_Conforme_2_Cam_B_4_384.jpg,chataigne,0.3459,19763
2025_Conforme_2_Cam_B_4_385.jpg,chataigne,0.2322,13764
2025_Conforme_2_Cam_B_4_386.jpg,chataigne,0.3568,18583
2025_Conforme_2_Cam_B_4_387.jpg,chataigne,0.2114,11634
2025_Conforme_2_Cam_B_4_388.jpg,chataigne,0.2982,18210
2025_Conforme_2_Cam_B_4_389.jpg,chataigne,0.3409,19808
2025_Conforme_2_Cam_B_4_39.jpg,chunks,0.0997,5182
2025_Conforme_2_Cam_B_4_390.jpg,chataigne,0.1436,8618
2025_Conforme_2_Cam_B_4_391.jpg,chataigne,0.3719,22797
2025_Conforme_2_Cam_B_4_392.jpg,chunks,0.0522,2640
2025_Conforme_2_Cam_B_4_393.jpg,chataigne,0.2765,15573
2025_Conforme_2_Cam_B_4_394.jpg,chunks,0.015,508
2025_Conforme_2_Cam_B_4_395.jpg,chataigne,0.1662,9791
2025_Conforme_2_Cam_B_4_396.jpg,chataigne,0.2969,17731
2025_Conforme_2_Cam_B_4_397.jpg,chataigne,0.1184,7033
2025_Conforme_2_Cam_B_4_398.jpg,chataigne,0.3918,23618
2025_Conforme_2_Cam_B_4_399.jpg,chataigne,0.2228,13462
2025_Conforme_2_Cam_B_4_40.jpg,chataigne,0.291,14773
2025_Conforme_2_Cam_B_4_400.jpg,multiple,0.0462,364
2025_Conforme_2_Cam_B_4_401.jpg,chataigne,0.2489,14684
2025_Conforme_2_Cam_B_4_402.jpg,chataigne,0.2839,17041
2025_Conforme_2_Cam_B_4_403.jpg,chataigne,0.2357,11708
2025_Conforme_2_Cam_B_4_404.jpg,chataigne,0.2414,11045
2025_Conforme_2_Cam_B_4_405.jpg,chataigne,0.2312,13565
2025_Conforme_2_Cam_B_4_406.jpg,chataigne,0.1531,8810
2025_Conforme_2_Cam_B_4_408.jpg,chataigne,0.1232,7438
2025_Conforme_2_Cam_B_4_409.jpg,chunks,0.0125,291
2025_Conforme_2_Cam_B_4_41.jpg,chataigne,0.0997,5026
2025_Conforme_2_Cam_B_4_410.jpg,chataigne,0.2167,12790
2025_Conforme_2_Cam_B_4_411.jpg,chataigne,0.3612,21317
2025_Conforme_2_Cam_B_4_412.jpg,chataigne,0.2766,16326
2025_Conforme_2_Cam_B_4_413.jpg,chataigne,0.39,22353
2025_Conforme_2_Cam_B_4_414.jpg,chataigne,0.144,7953
2025_Conforme_2_Cam_B_4_415.jpg,chataigne,0.0939,5129
2025_Conforme_2_Cam_B_4_416.jpg,chataigne,0.4015,21501
2025_Conforme_2_Cam_B_4_417.jpg,chataigne,0.1809,10090
2025_Conforme_2_Cam_B_4_418.jpg,multiple,0.2472,14682
2025_Conforme_2_Cam_B_4_419.jpg,chataigne,0.1144,6812
2025_Conforme_2_Cam_B_4_42.jpg,chataigne,0.3631,22175
2025_Conforme_2_Cam_B_4_420.jpg,chataigne,0.2354,13488
2025_Conforme_2_Cam_B_4_421.jpg,vide,0.002,12
2025_Conforme_2_Cam_B_4_422.jpg,chataigne,0.2372,13789
2025_Conforme_2_Cam_B_4_423.jpg,vide,0.0051,15
2025_Conforme_2_Cam_B_4_424.jpg,chataigne,0.008,14
2025_Conforme_2_Cam_B_4_425.jpg,chataigne,0.1277,6126
2025_Conforme_2_Cam_B_4_426.jpg,chataigne,0.14,7399
2025_Conforme_2_Cam_B_4_427.jpg,vide,0.0028,16
2025_Conforme_2_Cam_B_4_428.jpg,chataigne,0.3331,20033
2025_Conforme_2_Cam_B_4_429.jpg,chataigne,0.2892,14274
2025_Conforme_2_Cam_B_4_43.jpg,chataigne,0.1932,11167
2025_Conforme_2_Cam_B_4_430.jpg,chunks,0.0158,674
2025_Conforme_2_Cam_B_4_431.jpg,chataigne,0.2585,15355
2025_Conforme_2_Cam_B_4_432.jpg,vide,0.0067,13
2025_Conforme_2_Cam_B_4_433.jpg,chataigne,0.1991,11738
2025_Conforme_2_Cam_B_4_434.jpg,chataigne,0.2152,12981
2025_Conforme_2_Cam_B_4_435.jpg,chataigne,0.4133,24978
2025_Conforme_2_Cam_B_4_436.jpg,chataigne,0.3402,19209
2025_Conforme_2_Cam_B_4_437.jpg,chataigne,0.3074,18328
2025_Conforme_2_Cam_B_4_438.jpg,chataigne,0.3736,22463
2025_Conforme_2_Cam_B_4_439.jpg,chunks,0.0181,682
2025_Conforme_2_Cam_B_4_44.jpg,vide,0.0007,6
2025_Conforme_2_Cam_B_4_440.jpg,chataigne,0.3857,22785
2025_Conforme_2_Cam_B_4_441.jpg,chataigne,0.1544,8371
2025_Conforme_2_Cam_B_4_442.jpg,chataigne,0.1304,7485
2025_Conforme_2_Cam_B_4_443.jpg,chataigne,0.343,20512
2025_Conforme_2_Cam_B_4_444.jpg,chataigne,0.3482,20726
2025_Conforme_2_Cam_B_4_445.jpg,chataigne,0.1112,6457
2025_Conforme_2_Cam_B_4_446.jpg,chataigne,0.3072,17295
2025_Conforme_2_Cam_B_4_447.jpg,chataigne,0.2179,11596
2025_Conforme_2_Cam_B_4_448.jpg,chataigne,0.1195,6470
2025_Conforme_2_Cam_B_4_449.jpg,chataigne,0.0918,4093
2025_Conforme_2_Cam_B_4_45.jpg,chataigne,0.1149,7040
2025_Conforme_2_Cam_B_4_450.jpg,chataigne,0.1361,7862
2025_Conforme_2_Cam_B_4_451.jpg,chataigne,0.2897,17635
2025_Conforme_2_Cam_B_4_452.jpg,chataigne,0.373,22793
2025_Conforme_2_Cam_B_4_453.jpg,chataigne,0.2603,15883
2025_Conforme_2_Cam_B_4_454.jpg,chataigne,0.2834,15231
2025_Conforme_2_Cam_B_4_455.jpg,chataigne,0.2133,12973
2025_Conforme_2_Cam_B_4_456.jpg,chunks,0.0517,2239
2025_Conforme_2_Cam_B_4_457.jpg,chataigne,0.2967,17519
2025_Conforme_2_Cam_B_4_458.jpg,chataigne,0.4065,22967
2025_Conforme_2_Cam_B_4_459.jpg,chataigne,0.2011,11885
2025_Conforme_2_Cam_B_4_46.jpg,chataigne,0.1004,5835
2025_Conforme_2_Cam_B_4_460.jpg,chataigne,0.3724,18816
2025_Conforme_2_Cam_B_4_461.jpg,chataigne,0.2252,13052
2025_Conforme_2_Cam_B_4_462.jpg,chataigne,0.3453,20706
2025_Conforme_2_Cam_B_4_463.jpg,chataigne,0.3707,22094
2025_Conforme_2_Cam_B_4_464.jpg,chunks,0.0354,1576
2025_Conforme_2_Cam_B_4_466.jpg,vide,0.0019,8
2025_Conforme_2_Cam_B_4_467.jpg,chataigne,0.3296,18208
2025_Conforme_2_Cam_B_4_469.jpg,chataigne,0.1383,7423
2025_Conforme_2_Cam_B_4_47.jpg,chataigne,0.2415,14348
2025_Conforme_2_Cam_B_4_470.jpg,vide,0.0025,11
2025_Conforme_2_Cam_B_4_471.jpg,chataigne,0.3379,20582
2025_Conforme_2_Cam_B_4_472.jpg,chataigne,0.3497,20795
2025_Conforme_2_Cam_B_4_473.jpg,chataigne,0.1416,7820
2025_Conforme_2_Cam_B_4_474.jpg,multiple,0.2111,11296
2025_Conforme_2_Cam_B_4_475.jpg,chataigne,0.1959,11817
2025_Conforme_2_Cam_B_4_476.jpg,chataigne,0.1671,9813
2025_Conforme_2_Cam_B_4_477.jpg,chataigne,0.094,5454
2025_Conforme_2_Cam_B_4_478.jpg,chataigne,0.4326,23222
2025_Conforme_2_Cam_B_4_479.jpg,vide,0.0031,19
2025_Conforme_2_Cam_B_4_48.jpg,chunks,0.0448,2128
2025_Conforme_2_Cam_B_4_480.jpg,chataigne,0.1566,9158
2025_Conforme_2_Cam_B_4_481.jpg,chataigne,0.2163,12818
2025_Conforme_2_Cam_B_4_482.jpg,chataigne,0.3012,18335
2025_Conforme_2_Cam_B_4_483.jpg,chataigne,0.2983,17872
2025_Conforme_2_Cam_B_4_484.jpg,chataigne,0.2238,13173
2025_Conforme_2_Cam_B_4_485.jpg,chataigne,0.2169,13061
2025_Conforme_2_Cam_B_4_486.jpg,chataigne,0.3801,22998
2025_Conforme_2_Cam_B_4_487.jpg,chataigne,0.1428,8074
2025_Conforme_2_Cam_B_4_488.jpg,chataigne,0.1627,8007
2025_Conforme_2_Cam_B_4_489.jpg,vide,0.0035,8
2025_Conforme_2_Cam_B_4_49.jpg,chataigne,0.1968,11758
2025_Conforme_2_Cam_B_4_490.jpg,chataigne,0.2804,15863
2025_Conforme_2_Cam_B_4_491.jpg,chataigne,0.0087,16
2025_Conforme_2_Cam_B_4_493.jpg,chataigne,0.4618,26641
2025_Conforme_2_Cam_B_4_494.jpg,chataigne,0.3424,19794
2025_Conforme_2_Cam_B_4_495.jpg,chataigne,0.1963,11692
2025_Conforme_2_Cam_B_4_496.jpg,chataigne,0.3302,18129
2025_Conforme_2_Cam_B_4_5.jpg,vide,0.001,6
2025_Conforme_2_Cam_B_4_50.jpg,chataigne,0.2723,15991
2025_Conforme_2_Cam_B_4_51.jpg,chataigne,0.2513,13579
2025_Conforme_2_Cam_B_4_52.jpg,chunks,0.0033,28
2025_Conforme_2_Cam_B_4_53.jpg,chataigne,0.1647,9801
2025_Conforme_2_Cam_B_4_54.jpg,chataigne,0.2865,15370
2025_Conforme_2_Cam_B_4_55.jpg,chataigne,0.1933,11200
2025_Conforme_2_Cam_B_4_56.jpg,chataigne,0.1826,10348
2025_Conforme_2_Cam_B_4_57.jpg,chataigne,0.3355,19941
2025_Conforme_2_Cam_B_4_58.jpg,chataigne,0.2862,14799
2025_Conforme_2_Cam_B_4_59.jpg,chataigne,0.3452,20427
2025_Conforme_2_Cam_B_4_6.jpg,vide,0.0013,9
2025_Conforme_2_Cam_B_4_60.jpg,chataigne,0.2488,11930
2025_Conforme_2_Cam_B_4_61.jpg,chataigne,0.4071,24975
2025_Conforme_2_Cam_B_4_62.jpg,chataigne,0.2091,12036
2025_Conforme_2_Cam_B_4_63.jpg,multiple,0.3244,19220
2025_Conforme_2_Cam_B_4_64.jpg,chataigne,0.1749,10377
2025_Conforme_2_Cam_B_4_65.jpg,chataigne,0.3673,22369
2025_Conforme_2_Cam_B_4_66.jpg,chataigne,0.3393,19729
2025_Conforme_2_Cam_B_4_67.jpg,chataigne,0.1846,11105
2025_Conforme_2_Cam_B_4_68.jpg,chataigne,0.2091,11942
2025_Conforme_2_Cam_B_4_69.jpg,chataigne,0.2032,11876
2025_Conforme_2_Cam_B_4_70.jpg,chataigne,0.2885,15238
2025_Conforme_2_Cam_B_4_71.jpg,multiple,0.3081,18673
2025_Conforme_2_Cam_B_4_72.jpg,chataigne,0.3127,15541
2025_Conforme_2_Cam_B_4_73.jpg,chataigne,0.1914,11564
2025_Conforme_2_Cam_B_4_74.jpg,multiple,0.2958,16909
2025_Conforme_2_Cam_B_4_75.jpg,chataigne,0.2335,12816
2025_Conforme_2_Cam_B_4_76.jpg,chataigne,0.1859,11251
2025_Conforme_2_Cam_B_4_77.jpg,vide,0.0036,14
2025_Conforme_2_Cam_B_4_78.jpg,chataigne,0.2534,14588
2025_Conforme_2_Cam_B_4_79.jpg,multiple,0.5348,30450
2025_Conforme_2_Cam_B_4_8.jpg,vide,0.0027,10
2025_Conforme_2_Cam_B_4_80.jpg,chataigne,0.2553,15016
2025_Conforme_2_Cam_B_4_81.jpg,chataigne,0.3901,23706
2025_Conforme_2_Cam_B_4_82.jpg,chataigne,0.2906,16854
2025_Conforme_2_Cam_B_4_83.jpg,chataigne,0.3287,19499
2025_Conforme_2_Cam_B_4_84.jpg,chataigne,0.2631,15553
2025_Conforme_2_Cam_B_4_85.jpg,chataigne,0.0963,5649
2025_Conforme_2_Cam_B_4_86.jpg,chataigne,0.2545,14367
2025_Conforme_2_Cam_B_4_87.jpg,chataigne,0.3167,18670
2025_Conforme_2_Cam_B_4_88.jpg,vide,0.0001,1
2025_Conforme_2_Cam_B_4_89.jpg,chataigne,0.1405,7889
2025_Conforme_2_Cam_B_4_9.jpg,vide,0.0004,5
2025_Conforme_2_Cam_B_4_90.jpg,chataigne,0.2643,15227
2025_Conforme_2_Cam_B_4_91.jpg,chataigne,0.4003,24407
2025_Conforme_2_Cam_B_4_92.jpg,chataigne,0.2508,14699
2025_Conforme_2_Cam_B_4_93.jpg,chataigne,0.2672,16005
2025_Conforme_2_Cam_B_4_94.jpg,chataigne,0.2935,17490
2025_Conforme_2_Cam_B_4_95.jpg,multiple,0.2844,16824
2025_Conforme_2_Cam_B_4_96.jpg,chataigne,0.1733,9253
2025_Conforme_2_Cam_B_4_97.jpg,chataigne,0.2178,12888
2025_Conforme_2_Cam_B_4_98.jpg,vide,0.0015,7
2025_Conforme_2_Cam_B_4_99.jpg,chataigne,0.1086,6161
2025_Conforme_2_Cam_B_5_0.jpg,vide,0.0022,8
2025_Conforme_2_Cam_B_5_1.jpg,vide,0.0031,12
2025_Conforme_2_Cam_B_5_10.jpg,vide,0.0007,4
2025_Conforme_2_Cam_B_5_100.jpg,chataigne,0.0965,5460
2025_Conforme_2_Cam_B_5_101.jpg,multiple,0.6511,39231
2025_Conforme_2_Cam_B_5_102.jpg,chataigne,0.2471,14914
2025_Conforme_2_Cam_B_5_103.jpg,chataigne,0.1921,11580
2025_Conforme_2_Cam_B_5_104.jpg,chataigne,0.2238,13491
2025_Conforme_2_Cam_B_5_105.jpg,multiple,0.2334,14177
2025_Conforme_2_Cam_B_5_106.jpg,vide,0.0027,15
2025_Conforme_2_Cam_B_5_107.jpg,chataigne,0.3355,20544
2025_Conforme_2_Cam_B_5_108.jpg,chataigne,0.2653,15113
2025_Conforme_2_Cam_B_5_109.jpg,vide,0.0012,14
2025_Conforme_2_Cam_B_5_11.jpg,vide,0.0001,5
2025_Conforme_2_Cam_B_5_110.jpg,chataigne,0.2888,16432
2025_Conforme_2_Cam_B_5_111.jpg,chataigne,0.1356,7309
2025_Conforme_2_Cam_B_5_112.jpg,vide,0.0004,5
2025_Conforme_2_Cam_B_5_113.jpg,chataigne,0.1351,7895
2025_Conforme_2_Cam_B_5_114.jpg,vide,0.0033,15
2025_Conforme_2_Cam_B_5_115.jpg,chataigne,0.3932,22683
2025_Conforme_2_Cam_B_5_116.jpg,chataigne,0.1811,9742
2025_Conforme_2_Cam_B_5_117.jpg,vide,0.0029,12
2025_Conforme_2_Cam_B_5_118.jpg,chataigne,0.2983,15589
2025_Conforme_2_Cam_B_5_119.jpg,chataigne,0.1465,7670
2025_Conforme_2_Cam_B_5_12.jpg,vide,0.0006,6
2025_Conforme_2_Cam_B_5_120.jpg,chunks,0.0279,1469
2025_Conforme_2_Cam_B_5_121.jpg,chataigne,0.1075,6550
2025_Conforme_2_Cam_B_5_122.jpg,chataigne,0.0965,5926
2025_Conforme_2_Cam_B_5_123.jpg,chataigne,0.4123,24374
2025_Conforme_2_Cam_B_5_124.jpg,chataigne,0.2918,16509
2025_Conforme_2_Cam_B_5_125.jpg,chataigne,0.1092,6557
2025_Conforme_2_Cam_B_5_126.jpg,chataigne,0.2011,12209
2025_Conforme_2_Cam_B_5_127.jpg,chataigne,0.1655,9778
2025_Conforme_2_Cam_B_5_128.jpg,chataigne,0.2881,16589
2025_Conforme_2_Cam_B_5_129.jpg,chataigne,0.1649,9767
2025_Conforme_2_Cam_B_5_13.jpg,vide,0.001,8
2025_Conforme_2_Cam_B_5_130.jpg,chunks,0.0553,3123
2025_Conforme_2_Cam_B_5_131.jpg,chataigne,0.305,18502
2025_Conforme_2_Cam_B_5_132.jpg,chataigne,0.1906,11034
2025_Conforme_2_Cam_B_5_133.jpg,chataigne,0.172,10223
2025_Conforme_2_Cam_B_5_134.jpg,chataigne,0.2598,15761
2025_Conforme_2_Cam_B_5_135.jpg,chataigne,0.1978,11633
2025_Conforme_2_Cam_B_5_136.jpg,chataigne,0.3012,16378
2025_Conforme_2_Cam_B_5_137.jpg,chataigne,0.2561,15702
2025_Conforme_2_Cam_B_5_138.jpg,chataigne,0.1803,9746
2025_Conforme_2_Cam_B_5_139.jpg,chataigne,0.1696,10110
2025_Conforme_2_Cam_B_5_14.jpg,vide,0.0002,5
2025_Conforme_2_Cam_B_5_140.jpg,chataigne,0.2209,12354
2025_Conforme_2_Cam_B_5_141.jpg,chataigne,0.1295,7263
2025_Conforme_2_Cam_B_5_142.jpg,multiple,0.3898,21679
2025_Conforme_2_Cam_B_5_143.jpg,chataigne,0.1311,7924
2025_Conforme_2_Cam_B_5_144.jpg,chataigne,0.3282,20087
2025_Conforme_2_Cam_B_5_145.jpg,chunks,0.0026,13
2025_Conforme_2_Cam_B_5_146.jpg,multiple,0.2165,10828
2025_Conforme_2_Cam_B_5_147.jpg,chataigne,0.263,16036
2025_Conforme_2_Cam_B_5_148.jpg,chataigne,0.3344,19772
2025_Conforme_2_Cam_B_5_149.jpg,chataigne,0.2748,16061
2025_Conforme_2_Cam_B_5_15.jpg,chataigne,0.2011,11960
2025_Conforme_2_Cam_B_5_150.jpg,chataigne,0.0888,5216
2025_Conforme_2_Cam_B_5_151.jpg,chataigne,0.3522,21354
2025_Conforme_2_Cam_B_5_152.jpg,vide,0.0036,15
2025_Conforme_2_Cam_B_5_153.jpg,chataigne,0.1964,12007
2025_Conforme_2_Cam_B_5_154.jpg,chataigne,0.1635,9048
2025_Conforme_2_Cam_B_5_155.jpg,chataigne,0.073,3738
2025_Conforme_2_Cam_B_5_156.jpg,chataigne,0.2339,13853
2025_Conforme_2_Cam_B_5_157.jpg,vide,0.0023,9
2025_Conforme_2_Cam_B_5_158.jpg,chunks,0.0738,4360
2025_Conforme_2_Cam_B_5_159.jpg,vide,0.0033,35
2025_Conforme_2_Cam_B_5_16.jpg,vide,0.0011,11
2025_Conforme_2_Cam_B_5_160.jpg,vide,0.0019,12
2025_Conforme_2_Cam_B_5_161.jpg,vide,0.0027,12
2025_Conforme_2_Cam_B_5_162.jpg,vide,0.0014,6
2025_Conforme_2_Cam_B_5_163.jpg,vide,0.003,10
2025_Conforme_2_Cam_B_5_164.jpg,chataigne,0.2894,17751
2025_Conforme_2_Cam_B_5_165.jpg,chataigne,0.1129,6750
2025_Conforme_2_Cam_B_5_166.jpg,chataigne,0.0705,3537
2025_Conforme_2_Cam_B_5_167.jpg,chataigne,0.0876,4172
2025_Conforme_2_Cam_B_5_168.jpg,chataigne,0.1182,6891
2025_Conforme_2_Cam_B_5_169.jpg,vide,0.001,11
2025_Conforme_2_Cam_B_5_17.jpg,vide,0.0,1
2025_Conforme_2_Cam_B_5_170.jpg,chataigne,0.166,9739
2025_Conforme_2_Cam_B_5_171.jpg,chataigne,0.0794,4259
2025_Conforme_2_Cam_B_5_172.jpg,chataigne,0.3061,18070
2025_Conforme_2_Cam_B_5_173.jpg,chataigne,0.3033,17996
2025_Conforme_2_Cam_B_5_174.jpg,multiple,0.2363,13952
2025_Conforme_2_Cam_B_5_175.jpg,chataigne,0.3227,18878
2025_Conforme_2_Cam_B_5_176.jpg,chataigne,0.2846,17026
2025_Conforme_2_Cam_B_5_177.jpg,multiple,0.3043,18195
2025_Conforme_2_Cam_B_5_178.jpg,chataigne,0.1351,7933
2025_Conforme_2_Cam_B_5_179.jpg,chataigne,0.3607,21273
2025_Conforme_2_Cam_B_5_18.jpg,vide,0.0026,9
2025_Conforme_2_Cam_B_5_180.jpg,chataigne,0.2831,16235
2025_Conforme_2_Cam_B_5_181.jpg,chataigne,0.2316,13942
2025_Conforme_2_Cam_B_5_182.jpg,chataigne,0.334,20061
2025_Conforme_2_Cam_B_5_183.jpg,chataigne,0.2564,15390
2025_Conforme_2_Cam_B_5_184.jpg,chataigne,0.3878,22733
2025_Conforme_2_Cam_B_5_185.jpg,chataigne,0.1007,5955
2025_Conforme_2_Cam_B_5_186.jpg,chataigne,0.2116,12675
2025_Conforme_2_Cam_B_5_187.jpg,chataigne,0.1998,11931
2025_Conforme_2_Cam_B_5_188.jpg,chataigne,0.1398,8220
2025_Conforme_2_Cam_B_5_189.jpg,chataigne,0.3637,20583
2025_Conforme_2_Cam_B_5_19.jpg,vide,0.0009,5
2025_Conforme_2_Cam_B_5_190.jpg,chataigne,0.1499,9102
2025_Conforme_2_Cam_B_5_191.jpg,chataigne,0.2681,15648
2025_Conforme_2_Cam_B_5_192.jpg,chataigne,0.1502,7871
2025_Conforme_2_Cam_B_5_193.jpg,chataigne,0.1979,11944
2025_Conforme_2_Cam_B_5_194.jpg,chataigne,0.2696,16547
2025_Conforme_2_Cam_B_5_195.jpg,chataigne,0.2025,12211
2025_Conforme_2_Cam_B_5_196.jpg,chataigne,0.2927,17285
2025_Conforme_2_Cam_B_5_197.jpg,vide,0.003,9
2025_Conforme_2_Cam_B_5_198.jpg,chataigne,0.2689,15968
2025_Conforme_2_Cam_B_5_199.jpg,chataigne,0.2737,16309
2025_Conforme_2_Cam_B_5_2.jpg,vide,0.0045,21
2025_Conforme_2_Cam_B_5_20.jpg,vide,0.0012,7
2025_Conforme_2_Cam_B_5_200.jpg,chunks,0.0782,4488
2025_Conforme_2_Cam_B_5_201.jpg,chataigne,0.1394,7674
2025_Conforme_2_Cam_B_5_202.jpg,chataigne,0.3629,19313
2025_Conforme_2_Cam_B_5_203.jpg,chataigne,0.2566,15150
2025_Conforme_2_Cam_B_5_204.jpg,chataigne,0.0998,5872
2025_Conforme_2_Cam_B_5_205.jpg,chataigne,0.0813,4456
2025_Conforme_2_Cam_B_5_206.jpg,chataigne,0.2836,16875
2025_Conforme_2_Cam_B_5_207.jpg,chataigne,0.0966,5580
2025_Conforme_2_Cam_B_5_208.jpg,chataigne,0.3615,21153
2025_Conforme_2_Cam_B_5_209.jpg,chataigne,0.2096,12721
2025_Conforme_2_Cam_B_5_21.jpg,vide,0.0011,9
2025_Conforme_2_Cam_B_5_210.jpg,chataigne,0.2445,14721
2025_Conforme_2_Cam_B_5_211.jpg,chataigne,0.0863,4867
2025_Conforme_2_Cam_B_5_212.jpg,chataigne,0.1062,2795
2025_Conforme_2_Cam_B_5_213.jpg,chataigne,0.1467,8198
2025_Conforme_2_Cam_B_5_214.jpg,chataigne,0.0981,5859
2025_Conforme_2_Cam_B_5_215.jpg,chataigne,0.2273,13051
2025_Conforme_2_Cam_B_5_216.jpg,chataigne,0.1461,7620
2025_Conforme_2_Cam_B_5_217.jpg,chataigne,0.2876,17320
2025_Conforme_2_Cam_B_5_218.jpg,chataigne,0.1663,9037
2025_Conforme_2_Cam_B_5_219.jpg,chataigne,0.4424,26595
2025_Conforme_2_Cam_B_5_22.jpg,vide,0.0022,11
2025_Conforme_2_Cam_B_5_220.jpg,chataigne,0.1472,8634
2025_Conforme_2_Cam_B_5_221.jpg,vide,0.0019,13
2025_Conforme_2_Cam_B_5_222.jpg,chataigne,0.1041,5943
2025_Conforme_2_Cam_B_5_223.jpg,chataigne,0.0921,5381
2025_Conforme_2_Cam_B_5_224.jpg,vide,0.0015,7
2025_Conforme_2_Cam_B_5_225.jpg,chataigne,0.044,1211
2025_Conforme_2_Cam_B_5_226.jpg,chataigne,0.2358,14217
2025_Conforme_2_Cam_B_5_227.jpg,multiple,0.2035,12404
2025_Conforme_2_Cam_B_5_228.jpg,vide,0.0033,15
2025_Conforme_2_Cam_B_5_229.jpg,chataigne,0.2594,14487
2025_Conforme_2_Cam_B_5_23.jpg,vide,0.0023,11
2025_Conforme_2_Cam_B_5_230.jpg,chataigne,0.2947,16729
2025_Conforme_2_Cam_B_5_231.jpg,chataigne,0.0737,4234
2025_Conforme_2_Cam_B_5_232.jpg,chataigne,0.2619,15614
2025_Conforme_2_Cam_B_5_233.jpg,chunks,0.0442,2192
2025_Conforme_2_Cam_B_5_234.jpg,multiple,0.1651,7984
2025_Conforme_2_Cam_B_5_235.jpg,chataigne,0.2931,17462
2025_Conforme_2_Cam_B_5_236.jpg,chataigne,0.1629,9029
2025_Conforme_2_Cam_B_5_237.jpg,chataigne,0.0384,1025
2025_Conforme_2_Cam_B_5_238.jpg,chataigne,0.0718,4349
2025_Conforme_2_Cam_B_5_239.jpg,multiple,0.2662,16264
2025_Conforme_2_Cam_B_5_24.jpg,vide,0.0003,6
2025_Conforme_2_Cam_B_5_240.jpg,chataigne,0.1812,10827
2025_Conforme_2_Cam_B_5_241.jpg,chataigne,0.1707,9738
2025_Conforme_2_Cam_B_5_242.jpg,chataigne,0.1518,9279
2025_Conforme_2_Cam_B_5_243.jpg,chataigne,0.1225,7276
2025_Conforme_2_Cam_B_5_244.jpg,chunks,0.07,3431
2025_Conforme_2_Cam_B_5_245.jpg,chataigne,0.2753,16653
2025_Conforme_2_Cam_B_5_246.jpg,chataigne,0.1005,6125
2025_Conforme_2_Cam_B_5_247.jpg,chataigne,0.2718,16420
2025_Conforme_2_Cam_B_5_248.jpg,chataigne,0.0871,5175
2025_Conforme_2_Cam_B_5_249.jpg,chataigne,0.2968,16037
2025_Conforme_2_Cam_B_5_25.jpg,vide,0.0031,15
2025_Conforme_2_Cam_B_5_250.jpg,chataigne,0.2369,13389
2025_Conforme_2_Cam_B_5_251.jpg,chataigne,0.1248,7423
2025_Conforme_2_Cam_B_5_252.jpg,chataigne,0.1746,10548
2025_Conforme_2_Cam_B_5_253.jpg,chataigne,0.1649,8781
2025_Conforme_2_Cam_B_5_254.jpg,chataigne,0.1777,9416
2025_Conforme_2_Cam_B_5_255.jpg,chataigne,0.1762,10501
2025_Conforme_2_Cam_B_5_256.jpg,chataigne,0.2388,14312
2025_Conforme_2_Cam_B_5_257.jpg,chunks,0.0109,583
2025_Conforme_2_Cam_B_5_258.jpg,chataigne,0.2636,15283
2025_Conforme_2_Cam_B_5_259.jpg,chataigne,0.2709,16559
2025_Conforme_2_Cam_B_5_26.jpg,vide,0.002,12
2025_Conforme_2_Cam_B_5_260.jpg,chataigne,0.0914,5439
2025_Conforme_2_Cam_B_5_261.jpg,chataigne,0.1904,10338
2025_Conforme_2_Cam_B_5_262.jpg,chataigne,0.164,9848
2025_Conforme_2_Cam_B_5_263.jpg,chataigne,0.2994,17083
2025_Conforme_2_Cam_B_5_264.jpg,chataigne,0.1616,9080
2025_Conforme_2_Cam_B_5_265.jpg,chataigne,0.1599,9561
2025_Conforme_2_Cam_B_5_266.jpg,chataigne,0.1273,7045
2025_Conforme_2_Cam_B_5_267.jpg,chataigne,0.1447,8719
2025_Conforme_2_Cam_B_5_268.jpg,chataigne,0.2062,12396
2025_Conforme_2_Cam_B_5_269.jpg,vide,0.0015,14
2025_Conforme_2_Cam_B_5_27.jpg,vide,0.0022,13
2025_Conforme_2_Cam_B_5_270.jpg,vide,0.006,18
2025_Conforme_2_Cam_B_5_271.jpg,vide,0.003,7
2025_Conforme_2_Cam_B_5_272.jpg,vide,0.0027,10
2025_Conforme_2_Cam_B_5_273.jpg,vide,0.0051,19
2025_Conforme_2_Cam_B_5_274.jpg,chataigne,0.3331,19441
2025_Conforme_2_Cam_B_5_275.jpg,chataigne,0.0377,1911
2025_Conforme_2_Cam_B_5_276.jpg,chataigne,0.1024,5929
2025_Conforme_2_Cam_B_5_277.jpg,multiple,0.2353,13879
2025_Conforme_2_Cam_B_5_278.jpg,chataigne,0.2895,17630
2025_Conforme_2_Cam_B_5_279.jpg,chataigne,0.1548,9462
2025_Conforme_2_Cam_B_5_28.jpg,vide,0.0018,7
2025_Conforme_2_Cam_B_5_280.jpg,chataigne,0.2925,16447
2025_Conforme_2_Cam_B_5_281.jpg,chataigne,0.2389,14589
2025_Conforme_2_Cam_B_5_282.jpg,chataigne,0.2143,11930
2025_Conforme_2_Cam_B_5_283.jpg,chataigne,0.1858,11221
2025_Conforme_2_Cam_B_5_284.jpg,chataigne,0.2534,15152
2025_Conforme_2_Cam_B_5_285.jpg,chataigne,0.3415,20566
2025_Conforme_2_Cam_B_5_286.jpg,chataigne,0.1512,8912
2025_Conforme_2_Cam_B_5_287.jpg,chataigne,0.1703,9563
2025_Conforme_2_Cam_B_5_288.jpg,chataigne,0.3816,23342
2025_Conforme_2_Cam_B_5_289.jpg,chataigne,0.0904,5357
2025_Conforme_2_Cam_B_5_29.jpg,vide,0.0015,10
2025_Conforme_2_Cam_B_5_290.jpg,chataigne,0.3418,20973
2025_Conforme_2_Cam_B_5_291.jpg,chataigne,0.2288,13865
2025_Conforme_2_Cam_B_5_292.jpg,chataigne,0.2666,16094
2025_Conforme_2_Cam_B_5_293.jpg,chataigne,0.1212,6413
2025_Conforme_2_Cam_B_5_294.jpg,chataigne,0.2453,14770
2025_Conforme_2_Cam_B_5_295.jpg,chataigne,0.1692,10215
2025_Conforme_2_Cam_B_5_296.jpg,chataigne,0.1986,11867
2025_Conforme_2_Cam_B_5_297.jpg,chataigne,0.1676,9990
2025_Conforme_2_Cam_B_5_298.jpg,chataigne,0.1792,10840
2025_Conforme_2_Cam_B_5_299.jpg,chataigne,0.2561,15199
2025_Conforme_2_Cam_B_5_3.jpg,vide,0.0035,15
2025_Conforme_2_Cam_B_5_30.jpg,vide,0.0002,6
2025_Conforme_2_Cam_B_5_300.jpg,chunks,0.0466,1306
2025_Conforme_2_Cam_B_5_301.jpg,chataigne,0.1677,10015
2025_Conforme_2_Cam_B_5_302.jpg,chataigne,0.2223,13028
2025_Conforme_2_Cam_B_5_303.jpg,vide,0.0039,14
2025_Conforme_2_Cam_B_5_304.jpg,chataigne,0.3386,20314
2025_Conforme_2_Cam_B_5_305.jpg,chataigne,0.1307,7328
2025_Conforme_2_Cam_B_5_306.jpg,multiple,0.1637,9775
2025_Conforme_2_Cam_B_5_307.jpg,chataigne,0.3623,19687
2025_Conforme_2_Cam_B_5_308.jpg,chataigne,0.3202,19162
2025_Conforme_2_Cam_B_5_309.jpg,chataigne,0.3273,18270
2025_Conforme_2_Cam_B_5_31.jpg,vide,0.0018,11
2025_Conforme_2_Cam_B_5_310.jpg,chataigne,0.2731,16440
2025_Conforme_2_Cam_B_5_311.jpg,chataigne,0.1431,8116
2025_Conforme_2_Cam_B_5_312.jpg,chataigne,0.1956,11492
2025_Conforme_2_Cam_B_5_313.jpg,chataigne,0.2667,15729
2025_Conforme_2_Cam_B_5_314.jpg,chataigne,0.2655,16158
2025_Conforme_2_Cam_B_5_315.jpg,multiple,0.2278,13380
2025_Conforme_2_Cam_B_5_316.jpg,chataigne,0.3157,18929
2025_Conforme_2_Cam_B_5_317.jpg,chataigne,0.2296,12778
2025_Conforme_2_Cam_B_5_318.jpg,chataigne,0.3419,20673
2025_Conforme_2_Cam_B_5_319.jpg,chataigne,0.0952,5300
2025_Conforme_2_Cam_B_5_32.jpg,vide,0.0033,8
2025_Conforme_2_Cam_B_5_320.jpg,chataigne,0.0658,3892
2025_Conforme_2_Cam_B_5_321.jpg,chunks,0.0825,4847
2025_Conforme_2_Cam_B_5_322.jpg,chataigne,0.0521,1611
2025_Conforme_2_Cam_B_5_323.jpg,chataigne,0.2692,16255
2025_Conforme_2_Cam_B_5_324.jpg,chataigne,0.2208,13357
2025_Conforme_2_Cam_B_5_325.jpg,chataigne,0.1711,9732
2025_Conforme_2_Cam_B_5_326.jpg,chataigne,0.2591,15141
2025_Conforme_2_Cam_B_5_327.jpg,chataigne,0.1691,10220
2025_Conforme_2_Cam_B_5_328.jpg,vide,0.0009,7
2025_Conforme_2_Cam_B_5_329.jpg,vide,0.0018,7
2025_Conforme_2_Cam_B_5_33.jpg,chataigne,0.3614,21955
2025_Conforme_2_Cam_B_5_330.jpg,chataigne,0.4165,25275
2025_Conforme_2_Cam_B_5_331.jpg,vide,0.0004,6
2025_Conforme_2_Cam_B_5_332.jpg,chataigne,0.201,10554
2025_Conforme_2_Cam_B_5_333.jpg,chataigne,0.1412,8688
2025_Conforme_2_Cam_B_5_334.jpg,chataigne,0.2634,15995
2025_Conforme_2_Cam_B_5_335.jpg,chataigne,0.0813,4906
2025_Conforme_2_Cam_B_5_336.jpg,chataigne,0.185,11227
2025_Conforme_2_Cam_B_5_337.jpg,vide,0.0006,5
2025_Conforme_2_Cam_B_5_338.jpg,vide,0.0022,14
2025_Conforme_2_Cam_B_5_339.jpg,chataigne,0.0459,1383
2025_Conforme_2_Cam_B_5_34.jpg,vide,0.005,12
2025_Conforme_2_Cam_B_5_340.jpg,chataigne,0.1894,11570
2025_Conforme_2_Cam_B_5_341.jpg,chataigne,0.3694,19942
2025_Conforme_2_Cam_B_5_342.jpg,vide,0.0007,7
2025_Conforme_2_Cam_B_5_343.jpg,chataigne,0.1262,7585
2025_Conforme_2_Cam_B_5_344.jpg,chataigne,0.2141,10790
2025_Conforme_2_Cam_B_5_345.jpg,chataigne,0.1563,8933
2025_Conforme_2_Cam_B_5_346.jpg,vide,0.0003,4
2025_Conforme_2_Cam_B_5_347.jpg,chataigne,0.1962,11689
2025_Conforme_2_Cam_B_5_348.jpg,chunks,0.0029,14
2025_Conforme_2_Cam_B_5_349.jpg,chataigne,0.0193,431
2025_Conforme_2_Cam_B_5_35.jpg,vide,0.0028,13
2025_Conforme_2_Cam_B_5_350.jpg,chunks,0.0031,28
2025_Conforme_2_Cam_B_5_351.jpg,vide,0.001,6
2025_Conforme_2_Cam_B_5_352.jpg,chataigne,0.0948,4818
2025_Conforme_2_Cam_B_5_353.jpg,chataigne,0.1254,7485
2025_Conforme_2_Cam_B_5_354.jpg,chataigne,0.3565,21483
2025_Conforme_2_Cam_B_5_355.jpg,chataigne,0.2598,14928
2025_Conforme_2_Cam_B_5_356.jpg,vide,0.0015,9
2025_Conforme_2_Cam_B_5_357.jpg,multiple,0.3742,20873
2025_Conforme_2_Cam_B_5_358.jpg,chataigne,0.1877,11443
2025_Conforme_2_Cam_B_5_359.jpg,chataigne,0.1723,9569
2025_Conforme_2_Cam_B_5_36.jpg,chataigne,0.2291,13674
2025_Conforme_2_Cam_B_5_360.jpg,chataigne,0.1304,7870
2025_Conforme_2_Cam_B_5_361.jpg,vide,0.0037,8
2025_Conforme_2_Cam_B_5_362.jpg,chataigne,0.1997,11394
2025_Conforme_2_Cam_B_5_363.jpg,chataigne,0.2192,13002
2025_Conforme_2_Cam_B_5_364.jpg,chataigne,0.3213,19373
2025_Conforme_2_Cam_B_5_365.jpg,chataigne,0.2247,12676
2025_Conforme_2_Cam_B_5_366.jpg,chataigne,0.2228,12998
2025_Conforme_2_Cam_B_5_367.jpg,chataigne,0.2109,12685
2025_Conforme_2_Cam_B_5_368.jpg,multiple,0.3268,19921
2025_Conforme_2_Cam_B_5_369.jpg,chataigne,0.2543,15394
2025_Conforme_2_Cam_B_5_37.jpg,vide,0.004,16
2025_Conforme_2_Cam_B_5_370.jpg,chataigne,0.2667,14892
2025_Conforme_2_Cam_B_5_371.jpg,chataigne,0.0754,2396
2025_Conforme_2_Cam_B_5_372.jpg,chataigne,0.136,7822
2025_Conforme_2_Cam_B_5_373.jpg,vide,0.005,16
2025_Conforme_2_Cam_B_5_374.jpg,vide,0.0032,12
2025_Conforme_2_Cam_B_5_375.jpg,vide,0.002,15
2025_Conforme_2_Cam_B_5_376.jpg,chataigne,0.1867,11014
2025_Conforme_2_Cam_B_5_377.jpg,chataigne,0.1446,8651
2025_Conforme_2_Cam_B_5_378.jpg,chataigne,0.148,8789
2025_Conforme_2_Cam_B_5_379.jpg,chataigne,0.1583,9327
2025_Conforme_2_Cam_B_5_38.jpg,chataigne,0.3681,21046
2025_Conforme_2_Cam_B_5_380.jpg,chataigne,0.1951,10794
2025_Conforme_2_Cam_B_5_381.jpg,chataigne,0.1343,8130
2025_Conforme_2_Cam_B_5_382.jpg,chataigne,0.1403,8383
2025_Conforme_2_Cam_B_5_383.jpg,chataigne,0.0616,3124
2025_Conforme_2_Cam_B_5_384.jpg,chataigne,0.2787,16704
2025_Conforme_2_Cam_B_5_385.jpg,chataigne,0.2282,13858
2025_Conforme_2_Cam_B_5_386.jpg,chataigne,0.1641,9108
2025_Conforme_2_Cam_B_5_387.jpg,chataigne,0.2342,14313
2025_Conforme_2_Cam_B_5_388.jpg,vide,0.0017,12
2025_Conforme_2_Cam_B_5_389.jpg,chataigne,0.1808,10988
2025_Conforme_2_Cam_B_5_39.jpg,chunks,0.0411,2207
2025_Conforme_2_Cam_B_5_390.jpg,chunks,0.0739,4323
2025_Conforme_2_Cam_B_5_391.jpg,vide,0.0056,19
2025_Conforme_2_Cam_B_5_392.jpg,chataigne,0.2438,14513
2025_Conforme_2_Cam_B_5_393.jpg,vide,0.0002,5
2025_Conforme_2_Cam_B_5_394.jpg,vide,0.0001,3
2025_Conforme_2_Cam_B_5_395.jpg,chataigne,0.0404,236
2025_Conforme_2_Cam_B_5_396.jpg,chataigne,0.1245,7486
2025_Conforme_2_Cam_B_5_397.jpg,chataigne,0.2059,12516
2025_Conforme_2_Cam_B_5_398.jpg,chataigne,0.2597,15565
2025_Conforme_2_Cam_B_5_399.jpg,chataigne,0.2979,18173
2025_Conforme_2_Cam_B_5_4.jpg,vide,0.0008,7
2025_Conforme_2_Cam_B_5_40.jpg,vide,0.005,11
2025_Conforme_2_Cam_B_5_400.jpg,chataigne,0.1622,9182
2025_Conforme_2_Cam_B_5_401.jpg,chataigne,0.1847,11181
2025_Conforme_2_Cam_B_5_402.jpg,chataigne,0.2737,16381
2025_Conforme_2_Cam_B_5_403.jpg,chataigne,0.143,8494
2025_Conforme_2_Cam_B_5_404.jpg,vide,0.0016,10
2025_Conforme_2_Cam_B_5_405.jpg,vide,0.0007,4
2025_Conforme_2_Cam_B_5_406.jpg,vide,0.0,1
2025_Conforme_2_Cam_B_5_407.jpg,vide,0.002,10
2025_Conforme_2_Cam_B_5_408.jpg,chataigne,0.1037,6096
2025_Conforme_2_Cam_B_5_409.jpg,chataigne,0.296,18089
2025_Conforme_2_Cam_B_5_41.jpg,chataigne,0.2384,13971
2025_Conforme_2_Cam_B_5_410.jpg,chataigne,0.1615,9707
2025_Conforme_2_Cam_B_5_411.jpg,chataigne,0.3479,20614
2025_Conforme_2_Cam_B_5_412.jpg,chataigne,0.081,4611
2025_Conforme_2_Cam_B_5_413.jpg,chataigne,0.1661,9888
2025_Conforme_2_Cam_B_5_414.jpg,chataigne,0.0982,5968
2025_Conforme_2_Cam_B_5_415.jpg,chataigne,0.1469,7919
2025_Conforme_2_Cam_B_5_416.jpg,chunks,0.0499,2860
2025_Conforme_2_Cam_B_5_417.jpg,chataigne,0.2682,15272
2025_Conforme_2_Cam_B_5_418.jpg,chataigne,0.2666,14255
2025_Conforme_2_Cam_B_5_419.jpg,vide,0.0027,17
2025_Conforme_2_Cam_B_5_42.jpg,chataigne,0.1539,9375
2025_Conforme_2_Cam_B_5_420.jpg,chataigne,0.1113,6604
2025_Conforme_2_Cam_B_5_421.jpg,chataigne,0.2447,14417
2025_Conforme_2_Cam_B_5_422.jpg,multiple,0.4983,30350
2025_Conforme_2_Cam_B_5_423.jpg,chataigne,0.2471,14474
2025_Conforme_2_Cam_B_5_424.jpg,chataigne,0.2674,14421
2025_Conforme_2_Cam_B_5_425.jpg,vide,0.0,1
2025_Conforme_2_Cam_B_5_426.jpg,chataigne,0.0858,5185
2025_Conforme_2_Cam_B_5_427.jpg,chataigne,0.1858,11079
2025_Conforme_2_Cam_B_5_428.jpg,chataigne,0.337,19161
2025_Conforme_2_Cam_B_5_429.jpg,chataigne,0.2679,16121
2025_Conforme_2_Cam_B_5_43.jpg,vide,0.0035,14
2025_Conforme_2_Cam_B_5_430.jpg,multiple,0.3796,22525
2025_Conforme_2_Cam_B_5_431.jpg,chataigne,0.3138,17034
2025_Conforme_2_Cam_B_5_432.jpg,chataigne,0.1711,10370
2025_Conforme_2_Cam_B_5_433.jpg,vide,0.0007,11
2025_Conforme_2_Cam_B_5_434.jpg,chataigne,0.2798,16759
2025_Conforme_2_Cam_B_5_435.jpg,chataigne,0.2409,14564
2025_Conforme_2_Cam_B_5_436.jpg,chunks,0.0018,12
2025_Conforme_2_Cam_B_5_437.jpg,chataigne,0.2142,12866
2025_Conforme_2_Cam_B_5_438.jpg,vide,0.0031,13
2025_Conforme_2_Cam_B_5_439.jpg,chataigne,0.3058,18056
2025_Conforme_2_Cam_B_5_44.jpg,vide,0.0035,13
2025_Conforme_2_Cam_B_5_440.jpg,chunks,0.0764,4481
2025_Conforme_2_Cam_B_5_441.jpg,vide,0.0055,13
2025_Conforme_2_Cam_B_5_442.jpg,vide,0.0024,10
2025_Conforme_2_Cam_B_5_443.jpg,chunks,0.0037,13
2025_Conforme_2_Cam_B_5_444.jpg,vide,0.0003,4
2025_Conforme_2_Cam_B_5_445.jpg,vide,0.001,9
2025_Conforme_2_Cam_B_5_446.jpg,vide,0.0016,8
2025_Conforme_2_Cam_B_5_447.jpg,vide,0.0,1
2025_Conforme_2_Cam_B_5_448.jpg,vide,0.0009,7
2025_Conforme_2_Cam_B_5_449.jpg,chunks,0.0277,1466
2025_Conforme_2_Cam_B_5_45.jpg,chataigne,0.2384,14447
2025_Conforme_2_Cam_B_5_450.jpg,chataigne,0.3402,20838
2025_Conforme_2_Cam_B_5_451.jpg,chataigne,0.0982,5742
2025_Conforme_2_Cam_B_5_452.jpg,vide,0.0013,7
2025_Conforme_2_Cam_B_5_453.jpg,chataigne,0.0215,499
2025_Conforme_2_Cam_B_5_454.jpg,chataigne,0.1465,8630
2025_Conforme_2_Cam_B_5_455.jpg,chataigne,0.0869,5117
2025_Conforme_2_Cam_B_5_456.jpg,vide,0.0023,7
2025_Conforme_2_Cam_B_5_457.jpg,vide,0.0019,7
2025_Conforme_2_Cam_B_5_458.jpg,vide,0.0013,6
2025_Conforme_2_Cam_B_5_459.jpg,vide,0.0017,17
2025_Conforme_2_Cam_B_5_46.jpg,chataigne,0.2504,14200
2025_Conforme_2_Cam_B_5_460.jpg,vide,0.0027,8
2025_Conforme_2_Cam_B_5_461.jpg,vide,0.0037,13
2025_Conforme_2_Cam_B_5_462.jpg,vide,0.0039,13
2025_Conforme_2_Cam_B_5_463.jpg,vide,0.0039,10
2025_Conforme_2_Cam_B_5_464.jpg,vide,0.0015,8
2025_Conforme_2_Cam_B_5_465.jpg,vide,0.001,6
2025_Conforme_2_Cam_B_5_466.jpg,vide,0.0019,9
2025_Conforme_2_Cam_B_5_467.jpg,vide,0.0006,6
2025_Conforme_2_Cam_B_5_468.jpg,vide,0.0012,10
2025_Conforme_2_Cam_B_5_469.jpg,vide,0.001,8
2025_Conforme_2_Cam_B_5_47.jpg,chataigne,0.0721,4167
2025_Conforme_2_Cam_B_5_470.jpg,vide,0.0014,9
2025_Conforme_2_Cam_B_5_471.jpg,vide,0.0002,4
2025_Conforme_2_Cam_B_5_472.jpg,vide,0.0012,9
2025_Conforme_2_Cam_B_5_473.jpg,vide,0.0011,12
2025_Conforme_2_Cam_B_5_474.jpg,vide,0.0012,9
2025_Conforme_2_Cam_B_5_475.jpg,vide,0.0009,9
2025_Conforme_2_Cam_B_5_476.jpg,chataigne,0.2573,15421
2025_Conforme_2_Cam_B_5_477.jpg,vide,0.0013,8
2025_Conforme_2_Cam_B_5_478.jpg,vide,0.001,6
2025_Conforme_2_Cam_B_5_479.jpg,chataigne,0.2196,13124
2025_Conforme_2_Cam_B_5_48.jpg,chataigne,0.1022,5990
2025_Conforme_2_Cam_B_5_480.jpg,vide,0.0038,18
2025_Conforme_2_Cam_B_5_481.jpg,vide,0.0011,10
2025_Conforme_2_Cam_B_5_482.jpg,vide,0.0036,12
2025_Conforme_2_Cam_B_5_483.jpg,vide,0.0029,15
2025_Conforme_2_Cam_B_5_484.jpg,vide,0.0058,13
2025_Conforme_2_Cam_B_5_485.jpg,vide,0.001,6
2025_Conforme_2_Cam_B_5_486.jpg,vide,0.0005,5
2025_Conforme_2_Cam_B_5_487.jpg,vide,0.0014,7
2025_Conforme_2_Cam_B_5_488.jpg,vide,0.0005,5
2025_Conforme_2_Cam_B_5_489.jpg,vide,0.0028,15
2025_Conforme_2_Cam_B_5_49.jpg,chataigne,0.1516,9090
2025_Conforme_2_Cam_B_5_490.jpg,vide,0.0001,3
2025_Conforme_2_Cam_B_5_491.jpg,vide,0.0026,13
2025_Conforme_2_Cam_B_5_492.jpg,vide,0.002,10
2025_Conforme_2_Cam_B_5_493.jpg,chataigne,0.2886,17193
2025_Conforme_2_Cam_B_5_494.jpg,chunks,0.0369,2017
2025_Conforme_2_Cam_B_5_495.jpg,chataigne,0.0819,4918
2025_Conforme_2_Cam_B_5_496.jpg,vide,0.0012,9
2025_Conforme_2_Cam_B_5_497.jpg,vide,0.0021,7
2025_Conforme_2_Cam_B_5_498.jpg,vide,0.0001,3
2025_Conforme_2_Cam_B_5_499.jpg,vide,0.0022,9
2025_Conforme_2_Cam_B_5_5.jpg,vide,0.0021,14
2025_Conforme_2_Cam_B_5_50.jpg,chataigne,0.3584,21568
2025_Conforme_2_Cam_B_5_500.jpg,vide,0.0003,4
2025_Conforme_2_Cam_B_5_501.jpg,chataigne,0.2734,16560
2025_Conforme_2_Cam_B_5_502.jpg,vide,0.0037,23
2025_Conforme_2_Cam_B_5_503.jpg,chataigne,0.2995,17494
2025_Conforme_2_Cam_B_5_504.jpg,vide,0.0052,11
2025_Conforme_2_Cam_B_5_505.jpg,chataigne,0.2025,12084
2025_Conforme_2_Cam_B_5_506.jpg,vide,0.0045,13
2025_Conforme_2_Cam_B_5_507.jpg,vide,0.0003,4
2025_Conforme_2_Cam_B_5_508.jpg,chataigne,0.2459,14919
2025_Conforme_2_Cam_B_5_509.jpg,chataigne,0.1992,10733
2025_Conforme_2_Cam_B_5_51.jpg,vide,0.0035,10
2025_Conforme_2_Cam_B_5_510.jpg,chataigne,0.0769,4155
2025_Conforme_2_Cam_B_5_511.jpg,chataigne,0.1775,10431
2025_Conforme_2_Cam_B_5_512.jpg,chataigne,0.1713,9276
2025_Conforme_2_Cam_B_5_513.jpg,chataigne,0.2609,15891
2025_Conforme_2_Cam_B_5_514.jpg,vide,0.0016,8
2025_Conforme_2_Cam_B_5_515.jpg,chataigne,0.2373,14575
2025_Conforme_2_Cam_B_5_516.jpg,vide,0.003,13
2025_Conforme_2_Cam_B_5_517.jpg,chataigne,0.2185,13094
2025_Conforme_2_Cam_B_5_518.jpg,chataigne,0.1615,8981
2025_Conforme_2_Cam_B_5_519.jpg,chataigne,0.1477,8929
2025_Conforme_2_Cam_B_5_52.jpg,chataigne,0.3832,22640
2025_Conforme_2_Cam_B_5_520.jpg,chataigne,0.3086,18441
2025_Conforme_2_Cam_B_5_521.jpg,chataigne,0.2661,16208
2025_Conforme_2_Cam_B_5_522.jpg,vide,0.0022,9
2025_Conforme_2_Cam_B_5_523.jpg,chataigne,0.2567,14817
2025_Conforme_2_Cam_B_5_524.jpg,vide,0.0008,10
2025_Conforme_2_Cam_B_5_525.jpg,vide,0.0011,6
2025_Conforme_2_Cam_B_5_526.jpg,vide,0.006,185
2025_Conforme_2_Cam_B_5_527.jpg,chataigne,0.2722,16472
2025_Conforme_2_Cam_B_5_528.jpg,chataigne,0.1176,6916
2025_Conforme_2_Cam_B_5_529.jpg,vide,0.0023,14
2025_Conforme_2_Cam_B_5_53.jpg,chataigne,0.2227,13424
2025_Conforme_2_Cam_B_5_530.jpg,chunks,0.1077,6262
2025_Conforme_2_Cam_B_5_531.jpg,chunks,0.0688,3852
2025_Conforme_2_Cam_B_5_532.jpg,chunks,0.0902,5232
2025_Conforme_2_Cam_B_5_533.jpg,chataigne,0.1703,9903
2025_Conforme_2_Cam_B_5_534.jpg,chataigne,0.0454,2029
2025_Conforme_2_Cam_B_5_535.jpg,chataigne,0.3624,21939
2025_Conforme_2_Cam_B_5_536.jpg,chataigne,0.3425,20868
2025_Conforme_2_Cam_B_5_54.jpg,chataigne,0.2643,14823
2025_Conforme_2_Cam_B_5_55.jpg,chataigne,0.1991,11724
2025_Conforme_2_Cam_B_5_56.jpg,chataigne,0.1806,10716
2025_Conforme_2_Cam_B_5_57.jpg,chataigne,0.2155,12635
2025_Conforme_2_Cam_B_5_58.jpg,chataigne,0.2322,13722
2025_Conforme_2_Cam_B_5_59.jpg,chataigne,0.2573,15699
2025_Conforme_2_Cam_B_5_6.jpg,vide,0.0003,4
2025_Conforme_2_Cam_B_5_60.jpg,chataigne,0.0898,5106
2025_Conforme_2_Cam_B_5_61.jpg,chataigne,0.2575,14426
2025_Conforme_2_Cam_B_5_62.jpg,chunks,0.09,5259
2025_Conforme_2_Cam_B_5_63.jpg,chataigne,0.2282,13764
2025_Conforme_2_Cam_B_5_64.jpg,chataigne,0.1055,6214
2025_Conforme_2_Cam_B_5_65.jpg,chataigne,0.2859,16800
2025_Conforme_2_Cam_B_5_66.jpg,chataigne,0.2397,14728
2025_Conforme_2_Cam_B_5_67.jpg,chataigne,0.1838,11163
2025_Conforme_2_Cam_B_5_68.jpg,chataigne,0.1608,8937
2025_Conforme_2_Cam_B_5_69.jpg,chataigne,0.2388,14031
2025_Conforme_2_Cam_B_5_7.jpg,vide,0.0005,12
2025_Conforme_2_Cam_B_5_70.jpg,chataigne,0.2424,14823
2025_Conforme_2_Cam_B_5_71.jpg,chataigne,0.1564,9093
2025_Conforme_2_Cam_B_5_72.jpg,chataigne,0.1583,9038
2025_Conforme_2_Cam_B_5_73.jpg,chataigne,0.2621,15925
2025_Conforme_2_Cam_B_5_74.jpg,chataigne,0.2661,15082
2025_Conforme_2_Cam_B_5_75.jpg,chataigne,0.3001,15994
2025_Conforme_2_Cam_B_5_76.jpg,chunks,0.0789,4126
2025_Conforme_2_Cam_B_5_77.jpg,chataigne,0.2529,15424
2025_Conforme_2_Cam_B_5_78.jpg,multiple,0.338,19733
2025_Conforme_2_Cam_B_5_79.jpg,chataigne,0.1911,11610
2025_Conforme_2_Cam_B_5_8.jpg,vide,0.0007,6
2025_Conforme_2_Cam_B_5_80.jpg,chunks,0.0898,5151
2025_Conforme_2_Cam_B_5_81.jpg,chataigne,0.1655,9309
2025_Conforme_2_Cam_B_5_82.jpg,multiple,0.3963,23870
2025_Conforme_2_Cam_B_5_83.jpg,chataigne,0.2219,13405
2025_Conforme_2_Cam_B_5_84.jpg,chataigne,0.255,13802
2025_Conforme_2_Cam_B_5_85.jpg,vide,0.0024,16
2025_Conforme_2_Cam_B_5_86.jpg,chunks,0.0144,655
2025_Conforme_2_Cam_B_5_87.jpg,chataigne,0.246,14939
2025_Conforme_2_Cam_B_5_88.jpg,chataigne,0.2466,15137
2025_Conforme_2_Cam_B_5_89.jpg,chataigne,0.0478,1860
2025_Conforme_2_Cam_B_5_9.jpg,vide,0.0009,6
2025_Conforme_2_Cam_B_5_90.jpg,chunks,0.0306,1706
2025_Conforme_2_Cam_B_5_91.jpg,chataigne,0.2243,12579
2025_Conforme_2_Cam_B_5_92.jpg,chataigne,0.1254,7635
2025_Conforme_2_Cam_B_5_93.jpg,chataigne,0.376,22631
2025_Conforme_2_Cam_B_5_94.jpg,chataigne,0.1299,7819
2025_Conforme_2_Cam_B_5_95.jpg,chataigne,0.0809,4495
2025_Conforme_2_Cam_B_5_96.jpg,chataigne,0.3186,17584
2025_Conforme_2_Cam_B_5_97.jpg,chataigne,0.2912,15807
2025_Conforme_2_Cam_B_5_98.jpg,chataigne,0.329,20136
2025_Conforme_2_Cam_B_5_99.jpg,chataigne,0.168,10220
2025_Conforme_2_Cam_B_6_0.jpg,vide,0.0045,13
2025_Conforme_2_Cam_B_6_1.jpg,vide,0.0044,8
2025_Conforme_2_Cam_B_6_10.jpg,vide,0.0019,16
2025_Conforme_2_Cam_B_6_100.jpg,vide,0.0021,19
2025_Conforme_2_Cam_B_6_102.jpg,chataigne,0.2824,16252
2025_Conforme_2_Cam_B_6_103.jpg,chataigne,0.1656,8799
2025_Conforme_2_Cam_B_6_104.jpg,chunks,0.0559,2991
2025_Conforme_2_Cam_B_6_105.jpg,chataigne,0.1644,9966
2025_Conforme_2_Cam_B_6_106.jpg,chataigne,0.1388,8109
2025_Conforme_2_Cam_B_6_107.jpg,chataigne,0.2299,13639
2025_Conforme_2_Cam_B_6_108.jpg,chataigne,0.2296,13614
2025_Conforme_2_Cam_B_6_109.jpg,vide,0.0026,9
2025_Conforme_2_Cam_B_6_11.jpg,vide,0.0017,8
2025_Conforme_2_Cam_B_6_110.jpg,chataigne,0.0765,2223
2025_Conforme_2_Cam_B_6_111.jpg,vide,0.0014,8
2025_Conforme_2_Cam_B_6_112.jpg,chataigne,0.0849,4550
2025_Conforme_2_Cam_B_6_113.jpg,chataigne,0.1318,6894
2025_Conforme_2_Cam_B_6_114.jpg,chunks,0.089,4788
2025_Conforme_2_Cam_B_6_115.jpg,chataigne,0.1561,8909
2025_Conforme_2_Cam_B_6_116.jpg,chataigne,0.1331,7891
2025_Conforme_2_Cam_B_6_117.jpg,chataigne,0.038,310
2025_Conforme_2_Cam_B_6_119.jpg,vide,0.0026,13
2025_Conforme_2_Cam_B_6_12.jpg,vide,0.0012,7
2025_Conforme_2_Cam_B_6_120.jpg,chataigne,0.2357,14246
2025_Conforme_2_Cam_B_6_121.jpg,chataigne,0.1759,10277
2025_Conforme_2_Cam_B_6_122.jpg,vide,0.0049,19
2025_Conforme_2_Cam_B_6_123.jpg,chataigne,0.1579,8188
2025_Conforme_2_Cam_B_6_124.jpg,vide,0.0056,19
2025_Conforme_2_Cam_B_6_125.jpg,chataigne,0.1582,9389
2025_Conforme_2_Cam_B_6_126.jpg,chataigne,0.1049,5380
2025_Conforme_2_Cam_B_6_127.jpg,vide,0.0011,8
2025_Conforme_2_Cam_B_6_130.jpg,vide,0.0031,12
2025_Conforme_2_Cam_B_6_131.jpg,vide,0.0033,16
2025_Conforme_2_Cam_B_6_132.jpg,chataigne,0.4567,27425
2025_Conforme_2_Cam_B_6_133.jpg,chataigne,0.1789,9964
2025_Conforme_2_Cam_B_6_134.jpg,chataigne,0.0974,5221
2025_Conforme_2_Cam_B_6_135.jpg,chataigne,0.224,11960
2025_Conforme_2_Cam_B_6_136.jpg,vide,0.0005,4
2025_Conforme_2_Cam_B_6_137.jpg,chataigne,0.105,5414
2025_Conforme_2_Cam_B_6_138.jpg,chataigne,0.1789,10166
2025_Conforme_2_Cam_B_6_139.jpg,chataigne,0.1168,6856
2025_Conforme_2_Cam_B_6_140.jpg,chataigne,0.1733,10298
2025_Conforme_2_Cam_B_6_141.jpg,chataigne,0.0923,5173
2025_Conforme_2_Cam_B_6_142.jpg,chunks,0.0387,1992
2025_Conforme_2_Cam_B_6_143.jpg,chataigne,0.1736,10290
2025_Conforme_2_Cam_B_6_144.jpg,chataigne,0.045,1990
2025_Conforme_2_Cam_B_6_146.jpg,chataigne,0.0674,3965
2025_Conforme_2_Cam_B_6_147.jpg,chataigne,0.059,2729
2025_Conforme_2_Cam_B_6_148.jpg,chataigne,0.2382,13452
2025_Conforme_2_Cam_B_6_149.jpg,chataigne,0.3294,19939
2025_Conforme_2_Cam_B_6_15.jpg,vide,0.0037,14
2025_Conforme_2_Cam_B_6_150.jpg,vide,0.0033,11
2025_Conforme_2_Cam_B_6_151.jpg,chunks,0.0321,929
2025_Conforme_2_Cam_B_6_152.jpg,chataigne,0.0951,5512
2025_Conforme_2_Cam_B_6_153.jpg,vide,0.003,9
2025_Conforme_2_Cam_B_6_155.jpg,chataigne,0.0884,4379
2025_Conforme_2_Cam_B_6_156.jpg,vide,0.0018,10
2025_Conforme_2_Cam_B_6_157.jpg,chataigne,0.1642,9959
2025_Conforme_2_Cam_B_6_158.jpg,chataigne,0.1295,7763
2025_Conforme_2_Cam_B_6_159.jpg,chataigne,0.2834,16237
2025_Conforme_2_Cam_B_6_16.jpg,vide,0.0028,12
2025_Conforme_2_Cam_B_6_160.jpg,chataigne,0.1444,7793
2025_Conforme_2_Cam_B_6_161.jpg,chataigne,0.1417,8150
2025_Conforme_2_Cam_B_6_162.jpg,vide,0.0047,14
2025_Conforme_2_Cam_B_6_163.jpg,chataigne,0.199,11727
2025_Conforme_2_Cam_B_6_164.jpg,chataigne,0.2521,14987
2025_Conforme_2_Cam_B_6_165.jpg,chataigne,0.1062,6202
2025_Conforme_2_Cam_B_6_166.jpg,vide,0.0014,9
2025_Conforme_2_Cam_B_6_167.jpg,chataigne,0.134,7635
2025_Conforme_2_Cam_B_6_168.jpg,chataigne,0.0339,1663
2025_Conforme_2_Cam_B_6_169.jpg,vide,0.0034,20
2025_Conforme_2_Cam_B_6_17.jpg,vide,0.0024,10
2025_Conforme_2_Cam_B_6_170.jpg,chataigne,0.1708,10086
2025_Conforme_2_Cam_B_6_171.jpg,chataigne,0.1403,8173
2025_Conforme_2_Cam_B_6_172.jpg,chataigne,0.2817,15603
2025_Conforme_2_Cam_B_6_173.jpg,chataigne,0.1698,10295
2025_Conforme_2_Cam_B_6_174.jpg,chataigne,0.0879,4628
2025_Conforme_2_Cam_B_6_175.jpg,chataigne,0.2378,14306
2025_Conforme_2_Cam_B_6_176.jpg,chataigne,0.1628,9055
2025_Conforme_2_Cam_B_6_177.jpg,vide,0.0027,10
2025_Conforme_2_Cam_B_6_178.jpg,chataigne,0.3067,17513
2025_Conforme_2_Cam_B_6_179.jpg,chataigne,0.1645,9827
2025_Conforme_2_Cam_B_6_180.jpg,chataigne,0.2138,12443
2025_Conforme_2_Cam_B_6_181.jpg,chataigne,0.3344,17679
2025_Conforme_2_Cam_B_6_183.jpg,chataigne,0.1728,8737
2025_Conforme_2_Cam_B_6_184.jpg,vide,0.0042,9
2025_Conforme_2_Cam_B_6_187.jpg,chataigne,0.0474,1788
2025_Conforme_2_Cam_B_6_188.jpg,chataigne,0.0865,4990
2025_Conforme_2_Cam_B_6_189.jpg,chataigne,0.2733,16444
2025_Conforme_2_Cam_B_6_19.jpg,vide,0.0055,12
2025_Conforme_2_Cam_B_6_190.jpg,chataigne,0.1791,9705
2025_Conforme_2_Cam_B_6_191.jpg,chataigne,0.3008,18113
2025_Conforme_2_Cam_B_6_192.jpg,chataigne,0.1519,9106
2025_Conforme_2_Cam_B_6_193.jpg,chataigne,0.17,10213
2025_Conforme_2_Cam_B_6_194.jpg,chataigne,0.1182,6502
2025_Conforme_2_Cam_B_6_195.jpg,chataigne,0.1284,7574
2025_Conforme_2_Cam_B_6_196.jpg,vide,0.0039,21
2025_Conforme_2_Cam_B_6_197.jpg,chataigne,0.3838,20477
2025_Conforme_2_Cam_B_6_198.jpg,chataigne,0.2373,14329
2025_Conforme_2_Cam_B_6_199.jpg,chataigne,0.0982,5792
2025_Conforme_2_Cam_B_6_2.jpg,vide,0.0041,13
2025_Conforme_2_Cam_B_6_20.jpg,vide,0.0042,10
2025_Conforme_2_Cam_B_6_200.jpg,chataigne,0.2211,13153
2025_Conforme_2_Cam_B_6_201.jpg,vide,0.0041,10
2025_Conforme_2_Cam_B_6_202.jpg,chataigne,0.1535,8901
2025_Conforme_2_Cam_B_6_203.jpg,chataigne,0.0941,5181
2025_Conforme_2_Cam_B_6_204.jpg,chataigne,0.3254,19529
2025_Conforme_2_Cam_B_6_205.jpg,chunks,0.0661,3199
2025_Conforme_2_Cam_B_6_206.jpg,vide,0.0042,14
2025_Conforme_2_Cam_B_6_207.jpg,chataigne,0.1677,9925
2025_Conforme_2_Cam_B_6_208.jpg,vide,0.0018,11
2025_Conforme_2_Cam_B_6_209.jpg,chataigne,0.2102,12682
2025_Conforme_2_Cam_B_6_21.jpg,vide,0.003,12
2025_Conforme_2_Cam_B_6_211.jpg,vide,0.0035,15
2025_Conforme_2_Cam_B_6_212.jpg,chataigne,0.2339,13590
2025_Conforme_2_Cam_B_6_213.jpg,chataigne,0.137,7919
2025_Conforme_2_Cam_B_6_214.jpg,chataigne,0.2539,14617
2025_Conforme_2_Cam_B_6_215.jpg,chataigne,0.3363,20407
2025_Conforme_2_Cam_B_6_216.jpg,chataigne,0.1787,10609
2025_Conforme_2_Cam_B_6_217.jpg,chataigne,0.159,9676
2025_Conforme_2_Cam_B_6_218.jpg,vide,0.0012,7
2025_Conforme_2_Cam_B_6_219.jpg,chataigne,0.0906,4706
2025_Conforme_2_Cam_B_6_22.jpg,vide,0.0022,11
2025_Conforme_2_Cam_B_6_220.jpg,chataigne,0.1539,9352
2025_Conforme_2_Cam_B_6_221.jpg,chataigne,0.0818,4207
2025_Conforme_2_Cam_B_6_222.jpg,chataigne,0.188,11213
2025_Conforme_2_Cam_B_6_223.jpg,chataigne,0.2154,12769
2025_Conforme_2_Cam_B_6_225.jpg,chataigne,0.1547,9311
2025_Conforme_2_Cam_B_6_226.jpg,chataigne,0.1332,7336
2025_Conforme_2_Cam_B_6_227.jpg,vide,0.004,23
2025_Conforme_2_Cam_B_6_228.jpg,chataigne,0.2271,13704
2025_Conforme_2_Cam_B_6_229.jpg,chataigne,0.2267,12291
2025_Conforme_2_Cam_B_6_230.jpg,chataigne,0.2699,15220
2025_Conforme_2_Cam_B_6_231.jpg,chataigne,0.2869,17505
2025_Conforme_2_Cam_B_6_232.jpg,vide,0.0008,8
2025_Conforme_2_Cam_B_6_233.jpg,chataigne,0.1482,8917
2025_Conforme_2_Cam_B_6_234.jpg,chataigne,0.2516,14830
2025_Conforme_2_Cam_B_6_235.jpg,chataigne,0.2739,14320
2025_Conforme_2_Cam_B_6_236.jpg,chataigne,0.2867,17107
2025_Conforme_2_Cam_B_6_237.jpg,chataigne,0.2494,13284
2025_Conforme_2_Cam_B_6_238.jpg,chataigne,0.1433,8277
2025_Conforme_2_Cam_B_6_239.jpg,chataigne,0.151,8040
2025_Conforme_2_Cam_B_6_24.jpg,vide,0.0035,9
2025_Conforme_2_Cam_B_6_240.jpg,chunks,0.0442,1926
2025_Conforme_2_Cam_B_6_241.jpg,chataigne,0.0781,4392
2025_Conforme_2_Cam_B_6_242.jpg,chataigne,0.2302,13655
2025_Conforme_2_Cam_B_6_243.jpg,vide,0.0037,16
2025_Conforme_2_Cam_B_6_244.jpg,vide,0.0052,23
2025_Conforme_2_Cam_B_6_245.jpg,chataigne,0.2019,12138
2025_Conforme_2_Cam_B_6_246.jpg,multiple,0.1601,9496
2025_Conforme_2_Cam_B_6_247.jpg,vide,0.0027,10
2025_Conforme_2_Cam_B_6_248.jpg,vide,0.0031,17
2025_Conforme_2_Cam_B_6_249.jpg,chataigne,0.2225,13401
2025_Conforme_2_Cam_B_6_25.jpg,vide,0.0032,11
2025_Conforme_2_Cam_B_6_250.jpg,chataigne,0.1047,6204
2025_Conforme_2_Cam_B_6_251.jpg,vide,0.0033,12
2025_Conforme_2_Cam_B_6_252.jpg,chataigne,0.141,8303
2025_Conforme_2_Cam_B_6_253.jpg,chataigne,0.1562,9248
2025_Conforme_2_Cam_B_6_254.jpg,chataigne,0.1616,9755
2025_Conforme_2_Cam_B_6_255.jpg,vide,0.0026,23
2025_Conforme_2_Cam_B_6_256.jpg,chataigne,0.1688,9360
2025_Conforme_2_Cam_B_6_257.jpg,chataigne,0.0579,3019
2025_Conforme_2_Cam_B_6_259.jpg,chataigne,0.0237,247
2025_Conforme_2_Cam_B_6_26.jpg,vide,0.0028,9
2025_Conforme_2_Cam_B_6_260.jpg,chataigne,0.0082,56
2025_Conforme_2_Cam_B_6_264.jpg,vide,0.0027,23
2025_Conforme_2_Cam_B_6_265.jpg,chataigne,0.0495,2819
2025_Conforme_2_Cam_B_6_266.jpg,chataigne,0.3178,16399
2025_Conforme_2_Cam_B_6_267.jpg,vide,0.0033,12
2025_Conforme_2_Cam_B_6_268.jpg,chataigne,0.1279,7647
2025_Conforme_2_Cam_B_6_269.jpg,chataigne,0.1883,11483
2025_Conforme_2_Cam_B_6_27.jpg,chataigne,0.2142,12640
2025_Conforme_2_Cam_B_6_270.jpg,chataigne,0.1528,9248
2025_Conforme_2_Cam_B_6_271.jpg,chunks,0.0107,456
2025_Conforme_2_Cam_B_6_272.jpg,chataigne,0.0817,4244
2025_Conforme_2_Cam_B_6_273.jpg,vide,0.0025,11
2025_Conforme_2_Cam_B_6_274.jpg,chataigne,0.2545,15238
2025_Conforme_2_Cam_B_6_275.jpg,chataigne,0.1908,10615
2025_Conforme_2_Cam_B_6_276.jpg,chataigne,0.3581,21495
2025_Conforme_2_Cam_B_6_277.jpg,chataigne,0.3153,18853
2025_Conforme_2_Cam_B_6_278.jpg,chataigne,0.2001,11896
2025_Conforme_2_Cam_B_6_279.jpg,chataigne,0.2495,14775
2025_Conforme_2_Cam_B_6_28.jpg,vide,0.0044,14
2025_Conforme_2_Cam_B_6_280.jpg,chataigne,0.1678,9383
2025_Conforme_2_Cam_B_6_281.jpg,chataigne,0.2652,15079
2025_Conforme_2_Cam_B_6_282.jpg,vide,0.0027,8
2025_Conforme_2_Cam_B_6_283.jpg,chataigne,0.1543,8160
2025_Conforme_2_Cam_B_6_284.jpg,chataigne,0.1329,7768
2025_Conforme_2_Cam_B_6_285.jpg,chataigne,0.2112,12611
2025_Conforme_2_Cam_B_6_287.jpg,chataigne,0.2289,13764
2025_Conforme_2_Cam_B_6_288.jpg,vide,0.0055,14
2025_Conforme_2_Cam_B_6_289.jpg,chataigne,0.1874,11166
2025_Conforme_2_Cam_B_6_29.jpg,vide,0.0026,12
2025_Conforme_2_Cam_B_6_290.jpg,vide,0.0025,13
2025_Conforme_2_Cam_B_6_291.jpg,vide,0.0057,17
2025_Conforme_2_Cam_B_6_292.jpg,chataigne,0.3263,17987
2025_Conforme_2_Cam_B_6_296.jpg,chataigne,0.0083,154
2025_Conforme_2_Cam_B_6_297.jpg,multiple,0.1916,9376
2025_Conforme_2_Cam_B_6_298.jpg,chataigne,0.1808,10827
2025_Conforme_2_Cam_B_6_299.jpg,vide,0.001,7
2025_Conforme_2_Cam_B_6_3.jpg,vide,0.0039,19
2025_Conforme_2_Cam_B_6_30.jpg,vide,0.0047,11
2025_Conforme_2_Cam_B_6_300.jpg,chataigne,0.0875,5281
2025_Conforme_2_Cam_B_6_301.jpg,chataigne,0.1615,7963
2025_Conforme_2_Cam_B_6_304.jpg,vide,0.0006,6
2025_Conforme_2_Cam_B_6_306.jpg,chataigne,0.2937,17873
2025_Conforme_2_Cam_B_6_307.jpg,chunks,0.0279,1426
2025_Conforme_2_Cam_B_6_309.jpg,chataigne,0.1176,6332
2025_Conforme_2_Cam_B_6_31.jpg,vide,0.0039,15
2025_Conforme_2_Cam_B_6_310.jpg,chunks,0.0308,1171
2025_Conforme_2_Cam_B_6_311.jpg,chataigne,0.1752,9158
2025_Conforme_2_Cam_B_6_312.jpg,chataigne,0.2518,15077
2025_Conforme_2_Cam_B_6_313.jpg,chataigne,0.1265,7621
2025_Conforme_2_Cam_B_6_314.jpg,chataigne,0.1217,7056
2025_Conforme_2_Cam_B_6_315.jpg,chataigne,0.1354,8029
2025_Conforme_2_Cam_B_6_316.jpg,chataigne,0.2601,15716
2025_Conforme_2_Cam_B_6_317.jpg,chataigne,0.1525,8940
2025_Conforme_2_Cam_B_6_318.jpg,chataigne,0.1999,10537
2025_Conforme_2_Cam_B_6_319.jpg,vide,0.0041,16
2025_Conforme_2_Cam_B_6_32.jpg,chataigne,0.1384,7736
2025_Conforme_2_Cam_B_6_320.jpg,chataigne,0.1296,7473
2025_Conforme_2_Cam_B_6_321.jpg,chataigne,0.2355,14248
2025_Conforme_2_Cam_B_6_322.jpg,chataigne,0.0993,5341
2025_Conforme_2_Cam_B_6_323.jpg,chataigne,0.2574,14549
2025_Conforme_2_Cam_B_6_324.jpg,chataigne,0.1981,11190
2025_Conforme_2_Cam_B_6_325.jpg,chataigne,0.1381,8049
2025_Conforme_2_Cam_B_6_326.jpg,chataigne,0.1501,7910
2025_Conforme_2_Cam_B_6_327.jpg,vide,0.0049,20
2025_Conforme_2_Cam_B_6_328.jpg,chataigne,0.1411,8513
2025_Conforme_2_Cam_B_6_329.jpg,chunks,0.0528,2871
2025_Conforme_2_Cam_B_6_33.jpg,chataigne,0.2245,11988
2025_Conforme_2_Cam_B_6_330.jpg,chataigne,0.2848,16726
2025_Conforme_2_Cam_B_6_331.jpg,chataigne,0.1566,9454
2025_Conforme_2_Cam_B_6_332.jpg,vide,0.0024,8
2025_Conforme_2_Cam_B_6_333.jpg,vide,0.0027,9
2025_Conforme_2_Cam_B_6_334.jpg,vide,0.0007,7
2025_Conforme_2_Cam_B_6_335.jpg,chataigne,0.192,10735
2025_Conforme_2_Cam_B_6_336.jpg,vide,0.0034,18
2025_Conforme_2_Cam_B_6_337.jpg,chunks,0.0468,2511
2025_Conforme_2_Cam_B_6_338.jpg,chunks,0.0957,4582
2025_Conforme_2_Cam_B_6_339.jpg,chunks,0.0879,4156
2025_Conforme_2_Cam_B_6_34.jpg,vide,0.0036,10
2025_Conforme_2_Cam_B_6_340.jpg,vide,0.0034,16
2025_Conforme_2_Cam_B_6_341.jpg,chataigne,0.2498,14973
2025_Conforme_2_Cam_B_6_342.jpg,chataigne,0.2915,15309
2025_Conforme_2_Cam_B_6_343.jpg,vide,0.0033,12
2025_Conforme_2_Cam_B_6_344.jpg,chataigne,0.3195,19486
2025_Conforme_2_Cam_B_6_345.jpg,chataigne,0.1517,9210
2025_Conforme_2_Cam_B_6_348.jpg,vide,0.003,15
2025_Conforme_2_Cam_B_6_349.jpg,chunks,0.0362,1507
2025_Conforme_2_Cam_B_6_35.jpg,vide,0.0028,9
2025_Conforme_2_Cam_B_6_351.jpg,chataigne,0.3664,21949
2025_Conforme_2_Cam_B_6_352.jpg,vide,0.0034,14
2025_Conforme_2_Cam_B_6_353.jpg,chataigne,0.1735,10541
2025_Conforme_2_Cam_B_6_354.jpg,chataigne,0.1454,8393
2025_Conforme_2_Cam_B_6_355.jpg,chataigne,0.3164,18874
2025_Conforme_2_Cam_B_6_356.jpg,chataigne,0.2873,16156
2025_Conforme_2_Cam_B_6_357.jpg,chataigne,0.1952,11493
2025_Conforme_2_Cam_B_6_358.jpg,vide,0.0059,12
2025_Conforme_2_Cam_B_6_359.jpg,chataigne,0.1181,6436
2025_Conforme_2_Cam_B_6_36.jpg,chataigne,0.0959,5464
2025_Conforme_2_Cam_B_6_360.jpg,chataigne,0.1154,3844
2025_Conforme_2_Cam_B_6_361.jpg,chataigne,0.1666,9261
2025_Conforme_2_Cam_B_6_362.jpg,chataigne,0.1588,9482
2025_Conforme_2_Cam_B_6_363.jpg,chataigne,0.1677,9377
2025_Conforme_2_Cam_B_6_365.jpg,chataigne,0.2026,12282
2025_Conforme_2_Cam_B_6_366.jpg,chataigne,0.2506,15136
2025_Conforme_2_Cam_B_6_367.jpg,chataigne,0.23,13565
2025_Conforme_2_Cam_B_6_368.jpg,chataigne,0.1761,9895
2025_Conforme_2_Cam_B_6_369.jpg,chataigne,0.1463,8601
2025_Conforme_2_Cam_B_6_37.jpg,vide,0.0055,12
2025_Conforme_2_Cam_B_6_370.jpg,chunks,0.0523,2684
2025_Conforme_2_Cam_B_6_371.jpg,chataigne,0.1787,9891
2025_Conforme_2_Cam_B_6_372.jpg,chataigne,0.1805,10914
2025_Conforme_2_Cam_B_6_373.jpg,vide,0.0026,11
2025_Conforme_2_Cam_B_6_374.jpg,chataigne,0.3028,18132
2025_Conforme_2_Cam_B_6_375.jpg,chunks,0.0693,3841
2025_Conforme_2_Cam_B_6_376.jpg,vide,0.0013,10
2025_Conforme_2_Cam_B_6_377.jpg,chataigne,0.2427,13098
2025_Conforme_2_Cam_B_6_378.jpg,chataigne,0.294,16369
2025_Conforme_2_Cam_B_6_379.jpg,chataigne,0.2692,15427
2025_Conforme_2_Cam_B_6_38.jpg,chataigne,0.2076,10557
2025_Conforme_2_Cam_B_6_380.jpg,chataigne,0.3521,18162
2025_Conforme_2_Cam_B_6_381.jpg,chataigne,0.1669,9708
2025_Conforme_2_Cam_B_6_382.jpg,chataigne,0.1145,6822
2025_Conforme_2_Cam_B_6_383.jpg,chataigne,0.0769,878
2025_Conforme_2_Cam_B_6_385.jpg,chataigne,0.193,10579
2025_Conforme_2_Cam_B_6_386.jpg,chataigne,0.0977,5409
2025_Conforme_2_Cam_B_6_387.jpg,chataigne,0.1598,9002
2025_Conforme_2_Cam_B_6_388.jpg,chataigne,0.2331,14149
2025_Conforme_2_Cam_B_6_389.jpg,chataigne,0.2559,15211
2025_Conforme_2_Cam_B_6_39.jpg,chataigne,0.1669,9361
2025_Conforme_2_Cam_B_6_390.jpg,chataigne,0.2604,14819
2025_Conforme_2_Cam_B_6_391.jpg,vide,0.0027,8
2025_Conforme_2_Cam_B_6_392.jpg,chataigne,0.103,5364
2025_Conforme_2_Cam_B_6_393.jpg,chataigne,0.1479,7637
2025_Conforme_2_Cam_B_6_394.jpg,chataigne,0.1986,11866
2025_Conforme_2_Cam_B_6_395.jpg,chataigne,0.1048,6189
2025_Conforme_2_Cam_B_6_396.jpg,chataigne,0.2159,12930
2025_Conforme_2_Cam_B_6_397.jpg,vide,0.0057,18
2025_Conforme_2_Cam_B_6_4.jpg,vide,0.0047,14
2025_Conforme_2_Cam_B_6_40.jpg,vide,0.0052,17
2025_Conforme_2_Cam_B_6_400.jpg,vide,0.0024,11
2025_Conforme_2_Cam_B_6_401.jpg,chataigne,0.1325,7581
2025_Conforme_2_Cam_B_6_402.jpg,chataigne,0.3301,20038
2025_Conforme_2_Cam_B_6_403.jpg,chataigne,0.0243,396
2025_Conforme_2_Cam_B_6_404.jpg,chunks,0.0257,978
2025_Conforme_2_Cam_B_6_405.jpg,chataigne,0.106,6286
2025_Conforme_2_Cam_B_6_406.jpg,chataigne,0.2333,12830
2025_Conforme_2_Cam_B_6_407.jpg,chataigne,0.1445,7771
2025_Conforme_2_Cam_B_6_408.jpg,chunks,0.0484,2181
2025_Conforme_2_Cam_B_6_409.jpg,vide,0.0025,8
2025_Conforme_2_Cam_B_6_41.jpg,chataigne,0.1319,6708
2025_Conforme_2_Cam_B_6_410.jpg,chataigne,0.3319,18587
2025_Conforme_2_Cam_B_6_411.jpg,chataigne,0.2677,15403
2025_Conforme_2_Cam_B_6_412.jpg,chataigne,0.1873,11136
2025_Conforme_2_Cam_B_6_413.jpg,vide,0.0008,11
2025_Conforme_2_Cam_B_6_414.jpg,chataigne,0.2135,11793
2025_Conforme_2_Cam_B_6_415.jpg,chataigne,0.2871,16289
2025_Conforme_2_Cam_B_6_416.jpg,chataigne,0.1531,8922
2025_Conforme_2_Cam_B_6_417.jpg,chataigne,0.1794,9404
2025_Conforme_2_Cam_B_6_418.jpg,vide,0.0046,14
2025_Conforme_2_Cam_B_6_419.jpg,chataigne,0.2793,16209
2025_Conforme_2_Cam_B_6_42.jpg,chataigne,0.1584,9269
2025_Conforme_2_Cam_B_6_420.jpg,chataigne,0.2154,11346
2025_Conforme_2_Cam_B_6_421.jpg,multiple,0.2661,15594
2025_Conforme_2_Cam_B_6_422.jpg,chataigne,0.1237,7241
2025_Conforme_2_Cam_B_6_423.jpg,chataigne,0.3032,17995
2025_Conforme_2_Cam_B_6_424.jpg,chataigne,0.2297,13827
2025_Conforme_2_Cam_B_6_425.jpg,chataigne,0.1627,8618
2025_Conforme_2_Cam_B_6_426.jpg,chataigne,0.2071,12354
2025_Conforme_2_Cam_B_6_427.jpg,chataigne,0.1525,9112
2025_Conforme_2_Cam_B_6_428.jpg,chunks,0.0637,3697
2025_Conforme_2_Cam_B_6_429.jpg,vide,0.0048,11
2025_Conforme_2_Cam_B_6_43.jpg,chataigne,0.2799,15537
2025_Conforme_2_Cam_B_6_430.jpg,chataigne,0.2557,15588
2025_Conforme_2_Cam_B_6_431.jpg,chataigne,0.1365,8299
2025_Conforme_2_Cam_B_6_433.jpg,vide,0.0016,6
2025_Conforme_2_Cam_B_6_434.jpg,chataigne,0.1043,6147
2025_Conforme_2_Cam_B_6_436.jpg,chataigne,0.2821,16644
2025_Conforme_2_Cam_B_6_437.jpg,chataigne,0.1547,9305
2025_Conforme_2_Cam_B_6_438.jpg,chunks,0.0304,1479
2025_Conforme_2_Cam_B_6_439.jpg,chataigne,0.1903,10994
2025_Conforme_2_Cam_B_6_44.jpg,chataigne,0.1672,9953
2025_Conforme_2_Cam_B_6_440.jpg,chataigne,0.1914,11471
2025_Conforme_2_Cam_B_6_441.jpg,vide,0.0027,9
2025_Conforme_2_Cam_B_6_442.jpg,chataigne,0.192,11392
2025_Conforme_2_Cam_B_6_443.jpg,chataigne,0.1792,10223
2025_Conforme_2_Cam_B_6_444.jpg,chataigne,0.0979,5377
2025_Conforme_2_Cam_B_6_445.jpg,vide,0.0019,13
2025_Conforme_2_Cam_B_6_446.jpg,chunks,0.062,3134
2025_Conforme_2_Cam_B_6_447.jpg,chataigne,0.3409,19205
2025_Conforme_2_Cam_B_6_448.jpg,vide,0.0037,13
2025_Conforme_2_Cam_B_6_449.jpg,chataigne,0.2523,14977
2025_Conforme_2_Cam_B_6_45.jpg,chataigne,0.1484,7758
2025_Conforme_2_Cam_B_6_450.jpg,chunks,0.1191,6847
2025_Conforme_2_Cam_B_6_451.jpg,chataigne,0.1998,11170
2025_Conforme_2_Cam_B_6_452.jpg,vide,0.0039,15
2025_Conforme_2_Cam_B_6_453.jpg,chataigne,0.3027,15668
2025_Conforme_2_Cam_B_6_454.jpg,chataigne,0.219,12476
2025_Conforme_2_Cam_B_6_455.jpg,chataigne,0.1965,11920
2025_Conforme_2_Cam_B_6_456.jpg,chataigne,0.2872,17353
2025_Conforme_2_Cam_B_6_457.jpg,chataigne,0.0782,4348
2025_Conforme_2_Cam_B_6_458.jpg,chunks,0.0506,2675
2025_Conforme_2_Cam_B_6_459.jpg,chataigne,0.0955,5032
2025_Conforme_2_Cam_B_6_46.jpg,chataigne,0.2487,14096
2025_Conforme_2_Cam_B_6_460.jpg,chataigne,0.1115,6439
2025_Conforme_2_Cam_B_6_461.jpg,chataigne,0.1019,5165
2025_Conforme_2_Cam_B_6_464.jpg,chataigne,0.1356,7341
2025_Conforme_2_Cam_B_6_465.jpg,chataigne,0.2586,15770
2025_Conforme_2_Cam_B_6_466.jpg,chataigne,0.0864,4521
2025_Conforme_2_Cam_B_6_467.jpg,chataigne,0.1803,10815
2025_Conforme_2_Cam_B_6_468.jpg,chataigne,0.3449,19690
2025_Conforme_2_Cam_B_6_469.jpg,chataigne,0.1752,10575
2025_Conforme_2_Cam_B_6_47.jpg,vide,0.0023,12
2025_Conforme_2_Cam_B_6_470.jpg,vide,0.0034,22
2025_Conforme_2_Cam_B_6_471.jpg,chunks,0.0755,3675
2025_Conforme_2_Cam_B_6_472.jpg,chataigne,0.3108,18704
2025_Conforme_2_Cam_B_6_473.jpg,chataigne,0.2818,16857
2025_Conforme_2_Cam_B_6_474.jpg,vide,0.0005,6
2025_Conforme_2_Cam_B_6_475.jpg,vide,0.0047,17
2025_Conforme_2_Cam_B_6_476.jpg,vide,0.0037,15
2025_Conforme_2_Cam_B_6_477.jpg,chataigne,0.1842,10972
2025_Conforme_2_Cam_B_6_478.jpg,chataigne,0.1264,7368
2025_Conforme_2_Cam_B_6_479.jpg,vide,0.0056,14
2025_Conforme_2_Cam_B_6_48.jpg,chataigne,0.1118,6144
2025_Conforme_2_Cam_B_6_480.jpg,chataigne,0.0501,2837
2025_Conforme_2_Cam_B_6_481.jpg,chataigne,0.1523,9141
2025_Conforme_2_Cam_B_6_482.jpg,chataigne,0.2473,14659
2025_Conforme_2_Cam_B_6_484.jpg,chataigne,0.3065,17616
2025_Conforme_2_Cam_B_6_485.jpg,vide,0.0031,15
2025_Conforme_2_Cam_B_6_486.jpg,vide,0.0063,13
2025_Conforme_2_Cam_B_6_487.jpg,chunks,0.0572,2768
2025_Conforme_2_Cam_B_6_489.jpg,chunks,0.0487,2667
2025_Conforme_2_Cam_B_6_49.jpg,chataigne,0.1177,6739
2025_Conforme_2_Cam_B_6_490.jpg,chataigne,0.0577,3087
2025_Conforme_2_Cam_B_6_491.jpg,chataigne,0.1578,9313
2025_Conforme_2_Cam_B_6_492.jpg,chataigne,0.2861,17322
2025_Conforme_2_Cam_B_6_493.jpg,chataigne,0.1473,8012
2025_Conforme_2_Cam_B_6_494.jpg,chataigne,0.1214,7126
2025_Conforme_2_Cam_B_6_495.jpg,chataigne,0.1557,9237
2025_Conforme_2_Cam_B_6_496.jpg,chunks,0.055,2933
2025_Conforme_2_Cam_B_6_497.jpg,chataigne,0.2361,14316
2025_Conforme_2_Cam_B_6_498.jpg,vide,0.003,10
2025_Conforme_2_Cam_B_6_499.jpg,chataigne,0.0752,4030
2025_Conforme_2_Cam_B_6_5.jpg,vide,0.002,12
2025_Conforme_2_Cam_B_6_50.jpg,chataigne,0.1085,5748
2025_Conforme_2_Cam_B_6_500.jpg,chataigne,0.0958,2773
2025_Conforme_2_Cam_B_6_501.jpg,vide,0.0019,12
2025_Conforme_2_Cam_B_6_502.jpg,chataigne,0.271,14591
2025_Conforme_2_Cam_B_6_503.jpg,chataigne,0.1481,8612
2025_Conforme_2_Cam_B_6_505.jpg,chataigne,0.1639,9217
2025_Conforme_2_Cam_B_6_506.jpg,vide,0.0009,10
2025_Conforme_2_Cam_B_6_507.jpg,chataigne,0.2164,13084
2025_Conforme_2_Cam_B_6_508.jpg,chataigne,0.0973,5587
2025_Conforme_2_Cam_B_6_509.jpg,chunks,0.0358,1426
2025_Conforme_2_Cam_B_6_51.jpg,vide,0.0038,15
2025_Conforme_2_Cam_B_6_510.jpg,chataigne,0.0776,2378
2025_Conforme_2_Cam_B_6_511.jpg,chataigne,0.1793,10245
2025_Conforme_2_Cam_B_6_512.jpg,vide,0.0033,9
2025_Conforme_2_Cam_B_6_513.jpg,chataigne,0.2379,13853
2025_Conforme_2_Cam_B_6_514.jpg,chataigne,0.1467,8576
2025_Conforme_2_Cam_B_6_515.jpg,chataigne,0.16,9013
2025_Conforme_2_Cam_B_6_52.jpg,chataigne,0.0765,4281
2025_Conforme_2_Cam_B_6_53.jpg,chataigne,0.2283,13770
2025_Conforme_2_Cam_B_6_54.jpg,vide,0.0043,11
2025_Conforme_2_Cam_B_6_55.jpg,vide,0.0024,11
2025_Conforme_2_Cam_B_6_57.jpg,chataigne,0.2111,12731
2025_Conforme_2_Cam_B_6_59.jpg,chataigne,0.1623,9180
2025_Conforme_2_Cam_B_6_6.jpg,vide,0.0007,10
2025_Conforme_2_Cam_B_6_60.jpg,chataigne,0.2416,14373
2025_Conforme_2_Cam_B_6_61.jpg,chataigne,0.2974,17755
2025_Conforme_2_Cam_B_6_62.jpg,vide,0.002,9
2025_Conforme_2_Cam_B_6_64.jpg,chataigne,0.1452,8701
2025_Conforme_2_Cam_B_6_65.jpg,chataigne,0.1615,8269
2025_Conforme_2_Cam_B_6_66.jpg,chataigne,0.0611,2840
2025_Conforme_2_Cam_B_6_68.jpg,chataigne,0.1177,6785
2025_Conforme_2_Cam_B_6_69.jpg,chataigne,0.2728,14619
2025_Conforme_2_Cam_B_6_7.jpg,vide,0.0045,20
2025_Conforme_2_Cam_B_6_70.jpg,chunks,0.0335,1853
2025_Conforme_2_Cam_B_6_71.jpg,chataigne,0.2783,16930
2025_Conforme_2_Cam_B_6_72.jpg,chataigne,0.2254,11722
2025_Conforme_2_Cam_B_6_73.jpg,chataigne,0.1503,8947
2025_Conforme_2_Cam_B_6_74.jpg,vide,0.001,10
2025_Conforme_2_Cam_B_6_75.jpg,vide,0.0022,12
2025_Conforme_2_Cam_B_6_76.jpg,vide,0.0034,11
2025_Conforme_2_Cam_B_6_77.jpg,chataigne,0.3038,18165
2025_Conforme_2_Cam_B_6_78.jpg,chataigne,0.2007,11982
2025_Conforme_2_Cam_B_6_79.jpg,chataigne,0.2613,15798
2025_Conforme_2_Cam_B_6_8.jpg,vide,0.0016,9
2025_Conforme_2_Cam_B_6_80.jpg,chunks,0.0341,1786
2025_Conforme_2_Cam_B_6_81.jpg,chataigne,0.1085,6380
2025_Conforme_2_Cam_B_6_82.jpg,chunks,0.0875,5085
2025_Conforme_2_Cam_B_6_84.jpg,vide,0.0028,9
2025_Conforme_2_Cam_B_6_85.jpg,chataigne,0.1163,6872
2025_Conforme_2_Cam_B_6_86.jpg,chataigne,0.1101,5967
2025_Conforme_2_Cam_B_6_87.jpg,chataigne,0.1262,7574
2025_Conforme_2_Cam_B_6_88.jpg,chataigne,0.1951,11549
2025_Conforme_2_Cam_B_6_89.jpg,chataigne,0.1999,11903
2025_Conforme_2_Cam_B_6_9.jpg,vide,0.0006,4
2025_Conforme_2_Cam_B_6_90.jpg,chataigne,0.0736,4466
2025_Conforme_2_Cam_B_6_91.jpg,chataigne,0.1064,6067
2025_Conforme_2_Cam_B_6_92.jpg,chunks,0.019,852
2025_Conforme_2_Cam_B_6_93.jpg,vide,0.0009,6
2025_Conforme_2_Cam_B_6_94.jpg,chataigne,0.0641,3805
2025_Conforme_2_Cam_B_6_95.jpg,chataigne,0.2813,15013
2025_Conforme_2_Cam_B_6_96.jpg,chataigne,0.2603,13547
2025_Conforme_2_Cam_B_6_97.jpg,vide,0.003,10
2025_Conforme_2_Cam_B_6_98.jpg,vide,0.0046,13
2025_Conforme_2_Cam_B_6_99.jpg,chataigne,0.1618,9299
2025_Conforme_2_Cam_T_1_1.jpg,vide,0.0002,4
2025_Conforme_2_Cam_T_1_10.jpg,vide,0.0015,13
2025_Conforme_2_Cam_T_1_100.jpg,chataigne,0.2167,16686
2025_Conforme_2_Cam_T_1_101.jpg,chataigne,0.2226,17207
2025_Conforme_2_Cam_T_1_102.jpg,vide,0.0005,5
2025_Conforme_2_Cam_T_1_103.jpg,chataigne,0.2059,16248
2025_Conforme_2_Cam_T_1_104.jpg,chataigne,0.1117,8670
2025_Conforme_2_Cam_T_1_105.jpg,vide,0.0008,6
2025_Conforme_2_Cam_T_1_106.jpg,chataigne,0.0459,2917
2025_Conforme_2_Cam_T_1_107.jpg,chataigne,0.2295,18138
2025_Conforme_2_Cam_T_1_108.jpg,chunks,0.0199,297
2025_Conforme_2_Cam_T_1_109.jpg,chunks,0.0998,6710
2025_Conforme_2_Cam_T_1_11.jpg,vide,0.0008,11
2025_Conforme_2_Cam_T_1_110.jpg,vide,0.0006,8
2025_Conforme_2_Cam_T_1_111.jpg,chataigne,0.1398,9406
2025_Conforme_2_Cam_T_1_112.jpg,chataigne,0.3962,28179
2025_Conforme_2_Cam_T_1_113.jpg,chataigne,0.1771,12998
2025_Conforme_2_Cam_T_1_114.jpg,chataigne,0.1517,11655
2025_Conforme_2_Cam_T_1_115.jpg,chataigne,0.2646,21081
2025_Conforme_2_Cam_T_1_116.jpg,multiple,0.46,32596
2025_Conforme_2_Cam_T_1_117.jpg,chataigne,0.1188,9028
2025_Conforme_2_Cam_T_1_118.jpg,chataigne,0.0997,7378
2025_Conforme_2_Cam_T_1_119.jpg,vide,0.0019,10
2025_Conforme_2_Cam_T_1_12.jpg,vide,0.0034,20
2025_Conforme_2_Cam_T_1_120.jpg,chataigne,0.2685,20124
2025_Conforme_2_Cam_T_1_121.jpg,vide,0.0002,4
2025_Conforme_2_Cam_T_1_122.jpg,vide,0.0004,6
2025_Conforme_2_Cam_T_1_123.jpg,vide,0.0009,9
2025_Conforme_2_Cam_T_1_124.jpg,chataigne,0.0439,2793
2025_Conforme_2_Cam_T_1_125.jpg,vide,0.001,11
2025_Conforme_2_Cam_T_1_126.jpg,chataigne,0.1508,11107
2025_Conforme_2_Cam_T_1_127.jpg,chataigne,0.1687,12374
2025_Conforme_2_Cam_T_1_128.jpg,vide,0.001,15
2025_Conforme_2_Cam_T_1_129.jpg,chataigne,0.0773,5351
2025_Conforme_2_Cam_T_1_13.jpg,vide,0.0002,5
2025_Conforme_2_Cam_T_1_130.jpg,chataigne,0.1355,8334
2025_Conforme_2_Cam_T_1_131.jpg,chataigne,0.1037,7795
2025_Conforme_2_Cam_T_1_132.jpg,vide,0.0008,18
2025_Conforme_2_Cam_T_1_133.jpg,vide,0.0001,4
2025_Conforme_2_Cam_T_1_134.jpg,vide,0.0003,4
2025_Conforme_2_Cam_T_1_135.jpg,multiple,0.3668,29398
2025_Conforme_2_Cam_T_1_136.jpg,chataigne,0.3073,22476
2025_Conforme_2_Cam_T_1_137.jpg,chataigne,0.5251,39238
2025_Conforme_2_Cam_T_1_138.jpg,chataigne,0.2686,21252
2025_Conforme_2_Cam_T_1_139.jpg,chataigne,0.0448,1226
2025_Conforme_2_Cam_T_1_14.jpg,vide,0.0005,6
2025_Conforme_2_Cam_T_1_140.jpg,chataigne,0.1787,12835
2025_Conforme_2_Cam_T_1_141.jpg,chataigne,0.1376,10362
2025_Conforme_2_Cam_T_1_142.jpg,chataigne,0.1998,13543
2025_Conforme_2_Cam_T_1_143.jpg,chataigne,0.1612,12036
2025_Conforme_2_Cam_T_1_144.jpg,chunks,0.0055,263
2025_Conforme_2_Cam_T_1_145.jpg,chataigne,0.1718,12473
2025_Conforme_2_Cam_T_1_146.jpg,chataigne,0.2806,22141
2025_Conforme_2_Cam_T_1_147.jpg,vide,0.0004,5
2025_Conforme_2_Cam_T_1_148.jpg,chunks,0.0042,56
2025_Conforme_2_Cam_T_1_149.jpg,chataigne,0.2303,16799
2025_Conforme_2_Cam_T_1_15.jpg,vide,0.0017,9
2025_Conforme_2_Cam_T_1_150.jpg,chataigne,0.2295,15171
2025_Conforme_2_Cam_T_1_151.jpg,chunks,0.0734,4938
2025_Conforme_2_Cam_T_1_152.jpg,chataigne,0.1881,14780
2025_Conforme_2_Cam_T_1_153.jpg,chataigne,0.1243,9318
2025_Conforme_2_Cam_T_1_154.jpg,chataigne,0.1471,5830
2025_Conforme_2_Cam_T_1_155.jpg,vide,0.0,1
2025_Conforme_2_Cam_T_1_156.jpg,chataigne,0.2118,16127
2025_Conforme_2_Cam_T_1_157.jpg,multiple,0.1996,12785
2025_Conforme_2_Cam_T_1_158.jpg,chataigne,0.2805,21915
2025_Conforme_2_Cam_T_1_159.jpg,chataigne,0.2225,17376
2025_Conforme_2_Cam_T_1_16.jpg,vide,0.0002,8
2025_Conforme_2_Cam_T_1_160.jpg,vide,0.0004,10
2025_Conforme_2_Cam_T_1_161.jpg,chunks,0.0024,48
2025_Conforme_2_Cam_T_1_162.jpg,multiple,0.2579,19900
2025_Conforme_2_Cam_T_1_163.jpg,chataigne,0.0791,4964
2025_Conforme_2_Cam_T_1_164.jpg,chataigne,0.0247,394
2025_Conforme_2_Cam_T_1_165.jpg,chataigne,0.2257,17646
2025_Conforme_2_Cam_T_1_166.jpg,chataigne,0.123,5888
2025_Conforme_2_Cam_T_1_167.jpg,chataigne,0.1168,8857
2025_Conforme_2_Cam_T_1_168.jpg,chataigne,0.237,18058
2025_Conforme_2_Cam_T_1_169.jpg,chataigne,0.1632,12540
2025_Conforme_2_Cam_T_1_17.jpg,vide,0.0009,9
2025_Conforme_2_Cam_T_1_170.jpg,chataigne,0.0985,6442
2025_Conforme_2_Cam_T_1_171.jpg,chataigne,0.1293,8799
2025_Conforme_2_Cam_T_1_172.jpg,chataigne,0.31,24568
2025_Conforme_2_Cam_T_1_173.jpg,chataigne,0.162,12454
2025_Conforme_2_Cam_T_1_174.jpg,chataigne,0.1433,10478
2025_Conforme_2_Cam_T_1_175.jpg,chataigne,0.2396,18630
2025_Conforme_2_Cam_T_1_176.jpg,chataigne,0.0669,4574
2025_Conforme_2_Cam_T_1_177.jpg,chataigne,0.214,16651
2025_Conforme_2_Cam_T_1_178.jpg,chataigne,0.104,7336
2025_Conforme_2_Cam_T_1_179.jpg,chataigne,0.1802,13898
2025_Conforme_2_Cam_T_1_18.jpg,vide,0.0011,8
2025_Conforme_2_Cam_T_1_180.jpg,chataigne,0.3166,25277
2025_Conforme_2_Cam_T_1_181.jpg,vide,0.0015,33
2025_Conforme_2_Cam_T_1_182.jpg,chataigne,0.2238,15257
2025_Conforme_2_Cam_T_1_183.jpg,chataigne,0.1522,9942
2025_Conforme_2_Cam_T_1_184.jpg,chataigne,0.2197,15730
2025_Conforme_2_Cam_T_1_185.jpg,chataigne,0.0988,7040
2025_Conforme_2_Cam_T_1_186.jpg,chataigne,0.3042,23329
2025_Conforme_2_Cam_T_1_187.jpg,chataigne,0.1018,7596
2025_Conforme_2_Cam_T_1_188.jpg,chataigne,0.3533,28026
2025_Conforme_2_Cam_T_1_189.jpg,chataigne,0.32,24854
2025_Conforme_2_Cam_T_1_19.jpg,vide,0.0003,7
2025_Conforme_2_Cam_T_1_190.jpg,chataigne,0.1999,15994
2025_Conforme_2_Cam_T_1_191.jpg,chataigne,0.298,19994
2025_Conforme_2_Cam_T_1_192.jpg,chataigne,0.3249,25590
2025_Conforme_2_Cam_T_1_193.jpg,vide,0.0001,2
2025_Conforme_2_Cam_T_1_194.jpg,vide,0.0004,5
2025_Conforme_2_Cam_T_1_195.jpg,chataigne,0.1175,5583
2025_Conforme_2_Cam_T_1_196.jpg,chataigne,0.1378,10696
2025_Conforme_2_Cam_T_1_197.jpg,chataigne,0.0975,7537
2025_Conforme_2_Cam_T_1_198.jpg,chataigne,0.0411,1997
2025_Conforme_2_Cam_T_1_199.jpg,chataigne,0.0189,357
2025_Conforme_2_Cam_T_1_2.jpg,vide,0.0003,7
2025_Conforme_2_Cam_T_1_20.jpg,vide,0.0,3
2025_Conforme_2_Cam_T_1_200.jpg,chataigne,0.1489,10532
2025_Conforme_2_Cam_T_1_201.jpg,chataigne,0.1611,10738
2025_Conforme_2_Cam_T_1_202.jpg,chunks,0.0031,54
2025_Conforme_2_Cam_T_1_203.jpg,multiple,0.322,13474
2025_Conforme_2_Cam_T_1_204.jpg,chataigne,0.1595,12722
2025_Conforme_2_Cam_T_1_205.jpg,vide,0.001,7
2025_Conforme_2_Cam_T_1_206.jpg,chataigne,0.1861,14240
2025_Conforme_2_Cam_T_1_207.jpg,vide,0.0011,14
2025_Conforme_2_Cam_T_1_208.jpg,chunks,0.0079,204
2025_Conforme_2_Cam_T_1_209.jpg,chataigne,0.0877,5830
2025_Conforme_2_Cam_T_1_21.jpg,vide,0.0028,16
2025_Conforme_2_Cam_T_1_210.jpg,multiple,0.3491,25499
2025_Conforme_2_Cam_T_1_211.jpg,multiple,0.1784,13591
2025_Conforme_2_Cam_T_1_212.jpg,chataigne,0.2527,20085
2025_Conforme_2_Cam_T_1_213.jpg,chataigne,0.208,16475
2025_Conforme_2_Cam_T_1_214.jpg,chataigne,0.1667,11135
2025_Conforme_2_Cam_T_1_215.jpg,chataigne,0.2334,17283
2025_Conforme_2_Cam_T_1_216.jpg,chataigne,0.3587,24178
2025_Conforme_2_Cam_T_1_217.jpg,chataigne,0.2256,13005
2025_Conforme_2_Cam_T_1_218.jpg,chunks,0.0054,147
2025_Conforme_2_Cam_T_1_219.jpg,chataigne,0.1968,13340
2025_Conforme_2_Cam_T_1_22.jpg,vide,0.0018,13
2025_Conforme_2_Cam_T_1_220.jpg,vide,0.0012,9
2025_Conforme_2_Cam_T_1_221.jpg,vide,0.0015,14
2025_Conforme_2_Cam_T_1_222.jpg,vide,0.0004,14
2025_Conforme_2_Cam_T_1_223.jpg,chataigne,0.2795,21906
2025_Conforme_2_Cam_T_1_224.jpg,multiple,0.3751,29616
2025_Conforme_2_Cam_T_1_225.jpg,chataigne,0.2979,23600
2025_Conforme_2_Cam_T_1_226.jpg,chunks,0.0252,1563
2025_Conforme_2_Cam_T_1_227.jpg,chataigne,0.2181,17225
2025_Conforme_2_Cam_T_1_228.jpg,chataigne,0.2426,18773
2025_Conforme_2_Cam_T_1_229.jpg,chataigne,0.1719,12806
2025_Conforme_2_Cam_T_1_23.jpg,vide,0.0004,5
2025_Conforme_2_Cam_T_1_230.jpg,chataigne,0.2042,15987
2025_Conforme_2_Cam_T_1_231.jpg,chunks,0.0153,664
2025_Conforme_2_Cam_T_1_232.jpg,vide,0.0012,38
2025_Conforme_2_Cam_T_1_233.jpg,chataigne,0.1254,9717
2025_Conforme_2_Cam_T_1_234.jpg,chataigne,0.1998,15771
2025_Conforme_2_Cam_T_1_235.jpg,chataigne,0.0388,2455
2025_Conforme_2_Cam_T_1_236.jpg,chataigne,0.2426,15313
2025_Conforme_2_Cam_T_1_237.jpg,chataigne,0.1098,7696
2025_Conforme_2_Cam_T_1_238.jpg,chataigne,0.2183,16010
2025_Conforme_2_Cam_T_1_239.jpg,chataigne,0.1793,13602
2025_Conforme_2_Cam_T_1_24.jpg,vide,0.0002,4
2025_Conforme_2_Cam_T_1_240.jpg,vide,0.0,0
2025_Conforme_2_Cam_T_1_241.jpg,vide,0.0001,5
2025_Conforme_2_Cam_T_1_242.jpg,vide,0.0002,4
2025_Conforme_2_Cam_T_1_243.jpg,multiple,0.1792,14199
2025_Conforme_2_Cam_T_1_244.jpg,chataigne,0.3253,25737
2025_Conforme_2_Cam_T_1_245.jpg,chataigne,0.239,18106
2025_Conforme_2_Cam_T_1_246.jpg,chataigne,0.1274,10082
2025_Conforme_2_Cam_T_1_247.jpg,vide,0.0004,8
2025_Conforme_2_Cam_T_1_248.jpg,vide,0.0004,7
2025_Conforme_2_Cam_T_1_249.jpg,chataigne,0.1768,13310
2025_Conforme_2_Cam_T_1_25.jpg,vide,0.0009,7
2025_Conforme_2_Cam_T_1_250.jpg,vide,0.0019,15
2025_Conforme_2_Cam_T_1_251.jpg,vide,0.0014,9
2025_Conforme_2_Cam_T_1_252.jpg,chataigne,0.3356,25848
2025_Conforme_2_Cam_T_1_253.jpg,chataigne,0.3186,25127
2025_Conforme_2_Cam_T_1_254.jpg,chataigne,0.1781,14174
2025_Conforme_2_Cam_T_1_255.jpg,chataigne,0.2167,15641
2025_Conforme_2_Cam_T_1_256.jpg,chataigne,0.2351,17869
2025_Conforme_2_Cam_T_1_257.jpg,vide,0.0008,11
2025_Conforme_2_Cam_T_1_258.jpg,chataigne,0.2526,16981
2025_Conforme_2_Cam_T_1_259.jpg,chataigne,0.2352,15916
2025_Conforme_2_Cam_T_1_26.jpg,vide,0.0,1
2025_Conforme_2_Cam_T_1_260.jpg,vide,0.0008,18
2025_Conforme_2_Cam_T_1_261.jpg,chunks,0.0987,7452
2025_Conforme_2_Cam_T_1_262.jpg,chataigne,0.137,9923
2025_Conforme_2_Cam_T_1_263.jpg,vide,0.0003,7
2025_Conforme_2_Cam_T_1_264.jpg,chataigne,0.2291,17288
2025_Conforme_2_Cam_T_1_265.jpg,chataigne,0.3171,21720
2025_Conforme_2_Cam_T_1_266.jpg,vide,0.0004,12
2025_Conforme_2_Cam_T_1_267.jpg,chataigne,0.2381,18954
2025_Conforme_2_Cam_T_1_27.jpg,vide,0.0028,16
2025_Conforme_2_Cam_T_1_28.jpg,vide,0.0006,7
2025_Conforme_2_Cam_T_1_29.jpg,vide,0.0035,29
2025_Conforme_2_Cam_T_1_3.jpg,vide,0.0003,4
2025_Conforme_2_Cam_T_1_30.jpg,vide,0.001,11
2025_Conforme_2_Cam_T_1_31.jpg,vide,0.0004,7
2025_Conforme_2_Cam_T_1_32.jpg,vide,0.0003,4
2025_Conforme_2_Cam_T_1_33.jpg,vide,0.0,1
2025_Conforme_2_Cam_T_1_34.jpg,vide,0.0015,8
2025_Conforme_2_Cam_T_1_35.jpg,vide,0.0011,7
2025_Conforme_2_Cam_T_1_36.jpg,vide,0.0021,20
2025_Conforme_2_Cam_T_1_37.jpg,vide,0.0002,4
2025_Conforme_2_Cam_T_1_38.jpg,vide,0.0005,6
2025_Conforme_2_Cam_T_1_39.jpg,vide,0.0002,3
2025_Conforme_2_Cam_T_1_4.jpg,vide,0.0002,4
2025_Conforme_2_Cam_T_1_40.jpg,vide,0.0044,72
2025_Conforme_2_Cam_T_1_41.jpg,vide,0.0001,3
2025_Conforme_2_Cam_T_1_42.jpg,chataigne,0.3154,24599
2025_Conforme_2_Cam_T_1_43.jpg,chataigne,0.2234,17365
2025_Conforme_2_Cam_T_1_44.jpg,chataigne,0.2707,21370
2025_Conforme_2_Cam_T_1_45.jpg,chataigne,0.2281,10370
2025_Conforme_2_Cam_T_1_46.jpg,chataigne,0.1595,11062
2025_Conforme_2_Cam_T_1_47.jpg,chataigne,0.1706,12659
2025_Conforme_2_Cam_T_1_48.jpg,vide,0.0004,6
2025_Conforme_2_Cam_T_1_49.jpg,chataigne,0.1394,10207
2025_Conforme_2_Cam_T_1_5.jpg,vide,0.0028,17
2025_Conforme_2_Cam_T_1_50.jpg,vide,0.0005,6
2025_Conforme_2_Cam_T_1_51.jpg,chataigne,0.3844,30025
2025_Conforme_2_Cam_T_1_52.jpg,chataigne,0.1785,13812
2025_Conforme_2_Cam_T_1_53.jpg,chataigne,0.1292,9170
2025_Conforme_2_Cam_T_1_54.jpg,chataigne,0.2121,15347
2025_Conforme_2_Cam_T_1_55.jpg,chataigne,0.1784,14118
2025_Conforme_2_Cam_T_1_56.jpg,vide,0.0003,6
2025_Conforme_2_Cam_T_1_57.jpg,vide,0.0004,7
2025_Conforme_2_Cam_T_1_58.jpg,vide,0.0006,8
2025_Conforme_2_Cam_T_1_59.jpg,chataigne,0.2163,16994
2025_Conforme_2_Cam_T_1_6.jpg,vide,0.0001,2
2025_Conforme_2_Cam_T_1_60.jpg,chataigne,0.1238,9600
2025_Conforme_2_Cam_T_1_61.jpg,chataigne,0.2663,21199
2025_Conforme_2_Cam_T_1_62.jpg,chataigne,0.1904,13675
2025_Conforme_2_Cam_T_1_63.jpg,chataigne,0.2395,18129
2025_Conforme_2_Cam_T_1_64.jpg,vide,0.0002,5
2025_Conforme_2_Cam_T_1_65.jpg,vide,0.0001,4
2025_Conforme_2_Cam_T_1_66.jpg,chataigne,0.2237,17361
2025_Conforme_2_Cam_T_1_67.jpg,chataigne,0.1926,14402
2025_Conforme_2_Cam_T_1_68.jpg,chataigne,0.1092,7764
2025_Conforme_2_Cam_T_1_69.jpg,chataigne,0.1703,12532
2025_Conforme_2_Cam_T_1_7.jpg,vide,0.0002,4
2025_Conforme_2_Cam_T_1_70.jpg,chunks,0.051,3245
2025_Conforme_2_Cam_T_1_71.jpg,vide,0.0003,5
2025_Conforme_2_Cam_T_1_72.jpg,chataigne,0.2578,20047
2025_Conforme_2_Cam_T_1_73.jpg,chataigne,0.1383,9163
2025_Conforme_2_Cam_T_1_74.jpg,chataigne,0.1741,13260
2025_Conforme_2_Cam_T_1_75.jpg,multiple,0.1055,3970
2025_Conforme_2_Cam_T_1_76.jpg,chataigne,0.298,20224
2025_Conforme_2_Cam_T_1_77.jpg,vide,0.0002,3
2025_Conforme_2_Cam_T_1_78.jpg,vide,0.0004,7
2025_Conforme_2_Cam_T_1_79.jpg,vide,0.0014,8
2025_Conforme_2_Cam_T_1_8.jpg,vide,0.0005,6
2025_Conforme_2_Cam_T_1_80.jpg,chataigne,0.1193,7981
2025_Conforme_2_Cam_T_1_81.jpg,chataigne,0.1843,14584
2025_Conforme_2_Cam_T_1_82.jpg,chataigne,0.2837,22194
2025_Conforme_2_Cam_T_1_83.jpg,chataigne,0.1736,11868
2025_Conforme_2_Cam_T_1_84.jpg,chataigne,0.2806,21886
2025_Conforme_2_Cam_T_1_85.jpg,chataigne,0.1476,11008
2025_Conforme_2_Cam_T_1_86.jpg,chataigne,0.219,16902
2025_Conforme_2_Cam_T_1_87.jpg,vide,0.0003,7
2025_Conforme_2_Cam_T_1_88.jpg,chataigne,0.108,7318
2025_Conforme_2_Cam_T_1_89.jpg,vide,0.0002,3
2025_Conforme_2_Cam_T_1_9.jpg,vide,0.0014,9
2025_Conforme_2_Cam_T_1_90.jpg,chataigne,0.2316,17908
2025_Conforme_2_Cam_T_1_91.jpg,chataigne,0.3225,24604
2025_Conforme_2_Cam_T_1_92.jpg,chataigne,0.1884,13614
2025_Conforme_2_Cam_T_1_93.jpg,chunks,0.0409,2633
2025_Conforme_2_Cam_T_1_94.jpg,chataigne,0.1199,8948
2025_Conforme_2_Cam_T_1_95.jpg,chataigne,0.3253,25913
2025_Conforme_2_Cam_T_1_96.jpg,chataigne,0.1685,11230
2025_Conforme_2_Cam_T_1_97.jpg,chataigne,0.1442,10968
2025_Conforme_2_Cam_T_1_98.jpg,chunks,0.07,4497
2025_Conforme_2_Cam_T_1_99.jpg,chataigne,0.2233,16952
2025_Conforme_2_Cam_T_2_0.jpg,vide,0.002,11
2025_Conforme_2_Cam_T_2_1.jpg,vide,0.0006,6
2025_Conforme_2_Cam_T_2_10.jpg,chataigne,0.0241,184
2025_Conforme_2_Cam_T_2_100.jpg,chataigne,0.2989,22443
2025_Conforme_2_Cam_T_2_101.jpg,chataigne,0.2019,14909
2025_Conforme_2_Cam_T_2_102.jpg,chataigne,0.3171,24274
2025_Conforme_2_Cam_T_2_103.jpg,chataigne,0.2382,17806
2025_Conforme_2_Cam_T_2_104.jpg,chataigne,0.1976,14464
2025_Conforme_2_Cam_T_2_105.jpg,chataigne,0.3129,23744
2025_Conforme_2_Cam_T_2_106.jpg,chataigne,0.1585,10613
2025_Conforme_2_Cam_T_2_107.jpg,chataigne,0.0915,6749
2025_Conforme_2_Cam_T_2_108.jpg,chataigne,0.1765,12581
2025_Conforme_2_Cam_T_2_109.jpg,chataigne,0.3519,27355
2025_Conforme_2_Cam_T_2_11.jpg,vide,0.0074,63
2025_Conforme_2_Cam_T_2_110.jpg,chataigne,0.1805,12410
2025_Conforme_2_Cam_T_2_111.jpg,chataigne,0.1542,8814
2025_Conforme_2_Cam_T_2_112.jpg,chataigne,0.1422,10806
2025_Conforme_2_Cam_T_2_113.jpg,vide,0.0024,34
2025_Conforme_2_Cam_T_2_114.jpg,chataigne,0.2817,21796
2025_Conforme_2_Cam_T_2_115.jpg,chataigne,0.3451,26301
2025_Conforme_2_Cam_T_2_116.jpg,chunks,0.0731,4901
2025_Conforme_2_Cam_T_2_117.jpg,chataigne,0.2904,23030
2025_Conforme_2_Cam_T_2_118.jpg,chataigne,0.2215,17009
2025_Conforme_2_Cam_T_2_119.jpg,chataigne,0.3628,29536
2025_Conforme_2_Cam_T_2_12.jpg,vide,0.0058,19
2025_Conforme_2_Cam_T_2_120.jpg,chataigne,0.2124,14426
2025_Conforme_2_Cam_T_2_121.jpg,chataigne,0.0726,2286
2025_Conforme_2_Cam_T_2_122.jpg,chataigne,0.2107,16027
2025_Conforme_2_Cam_T_2_123.jpg,chataigne,0.3028,24086
2025_Conforme_2_Cam_T_2_124.jpg,chataigne,0.2135,15553
2025_Conforme_2_Cam_T_2_125.jpg,chataigne,0.2898,22246
2025_Conforme_2_Cam_T_2_126.jpg,chataigne,0.2546,18316
2025_Conforme_2_Cam_T_2_127.jpg,chataigne,0.492,36755
2025_Conforme_2_Cam_T_2_128.jpg,chataigne,0.3202,24938
2025_Conforme_2_Cam_T_2_129.jpg,chataigne,0.1863,12378
2025_Conforme_2_Cam_T_2_13.jpg,vide,0.0014,10
2025_Conforme_2_Cam_T_2_130.jpg,chataigne,0.2227,17425
2025_Conforme_2_Cam_T_2_131.jpg,chataigne,0.1558,9371
2025_Conforme_2_Cam_T_2_132.jpg,chataigne,0.1713,11775
2025_Conforme_2_Cam_T_2_133.jpg,chataigne,0.2781,20772
2025_Conforme_2_Cam_T_2_134.jpg,vide,0.0052,197
2025_Conforme_2_Cam_T_2_135.jpg,chataigne,0.1482,11472
2025_Conforme_2_Cam_T_2_136.jpg,vide,0.0012,11
2025_Conforme_2_Cam_T_2_137.jpg,chunks,0.0304,2332
2025_Conforme_2_Cam_T_2_138.jpg,chataigne,0.144,9421
2025_Conforme_2_Cam_T_2_139.jpg,vide,0.0024,15
2025_Conforme_2_Cam_T_2_14.jpg,vide,0.0028,12
2025_Conforme_2_Cam_T_2_140.jpg,chataigne,0.1185,4277
2025_Conforme_2_Cam_T_2_141.jpg,chunks,0.0072,214
2025_Conforme_2_Cam_T_2_142.jpg,chataigne,0.1877,14651
2025_Conforme_2_Cam_T_2_143.jpg,vide,0.0012,40
2025_Conforme_2_Cam_T_2_144.jpg,chataigne,0.1577,12152
2025_Conforme_2_Cam_T_2_145.jpg,chataigne,0.1647,12658
2025_Conforme_2_Cam_T_2_146.jpg,chataigne,0.1817,12935
2025_Conforme_2_Cam_T_2_147.jpg,chataigne,0.2889,19395
2025_Conforme_2_Cam_T_2_148.jpg,chataigne,0.2825,18713
2025_Conforme_2_Cam_T_2_149.jpg,chataigne,0.3224,22430
2025_Conforme_2_Cam_T_2_15.jpg,vide,0.0031,16
2025_Conforme_2_Cam_T_2_150.jpg,multiple,0.3757,29063
2025_Conforme_2_Cam_T_2_151.jpg,chataigne,0.3089,23740
2025_Conforme_2_Cam_T_2_152.jpg,multiple,0.3162,25098
2025_Conforme_2_Cam_T_2_153.jpg,chataigne,0.3551,27150
2025_Conforme_2_Cam_T_2_154.jpg,chataigne,0.129,10072
2025_Conforme_2_Cam_T_2_155.jpg,chataigne,0.0627,4397
2025_Conforme_2_Cam_T_2_156.jpg,chataigne,0.2107,16617
2025_Conforme_2_Cam_T_2_157.jpg,chataigne,0.1555,11909
2025_Conforme_2_Cam_T_2_158.jpg,chataigne,0.205,14686
2025_Conforme_2_Cam_T_2_159.jpg,chataigne,0.2503,16545
2025_Conforme_2_Cam_T_2_16.jpg,vide,0.0034,18
2025_Conforme_2_Cam_T_2_160.jpg,chunks,0.1081,7866
2025_Conforme_2_Cam_T_2_161.jpg,chataigne,0.249,19140
2025_Conforme_2_Cam_T_2_162.jpg,chataigne,0.2302,17631
2025_Conforme_2_Cam_T_2_163.jpg,chataigne,0.2983,23036
2025_Conforme_2_Cam_T_2_164.jpg,chataigne,0.1112,8111
2025_Conforme_2_Cam_T_2_165.jpg,chataigne,0.209,16263
2025_Conforme_2_Cam_T_2_166.jpg,chataigne,0.2536,19825
2025_Conforme_2_Cam_T_2_167.jpg,chunks,0.1221,8011
2025_Conforme_2_Cam_T_2_168.jpg,chataigne,0.1378,9020
2025_Conforme_2_Cam_T_2_169.jpg,chataigne,0.4317,32653
2025_Conforme_2_Cam_T_2_17.jpg,vide,0.0013,14
2025_Conforme_2_Cam_T_2_170.jpg,chataigne,0.3652,28922
2025_Conforme_2_Cam_T_2_171.jpg,chataigne,0.3519,26294
2025_Conforme_2_Cam_T_2_172.jpg,chataigne,0.1175,8976
2025_Conforme_2_Cam_T_2_173.jpg,chataigne,0.1812,11986
2025_Conforme_2_Cam_T_2_174.jpg,chataigne,0.1649,12598
2025_Conforme_2_Cam_T_2_175.jpg,chataigne,0.2838,21190
2025_Conforme_2_Cam_T_2_176.jpg,chataigne,0.0917,5713
2025_Conforme_2_Cam_T_2_177.jpg,chataigne,0.1922,11745
2025_Conforme_2_Cam_T_2_178.jpg,chataigne,0.1456,10207
2025_Conforme_2_Cam_T_2_179.jpg,chataigne,0.2499,19353
2025_Conforme_2_Cam_T_2_18.jpg,vide,0.0026,57
2025_Conforme_2_Cam_T_2_180.jpg,chataigne,0.2286,15430
2025_Conforme_2_Cam_T_2_181.jpg,chataigne,0.1024,7090
2025_Conforme_2_Cam_T_2_182.jpg,vide,0.0024,19
2025_Conforme_2_Cam_T_2_183.jpg,chataigne,0.2742,21386
2025_Conforme_2_Cam_T_2_184.jpg,chataigne,0.3045,23639
2025_Conforme_2_Cam_T_2_185.jpg,chataigne,0.2745,20093
2025_Conforme_2_Cam_T_2_186.jpg,chunks,0.0164,964
2025_Conforme_2_Cam_T_2_187.jpg,chataigne,0.1816,14006
2025_Conforme_2_Cam_T_2_188.jpg,chataigne,0.2481,18611
2025_Conforme_2_Cam_T_2_189.jpg,chataigne,0.2224,15025
2025_Conforme_2_Cam_T_2_19.jpg,vide,0.0011,9
2025_Conforme_2_Cam_T_2_190.jpg,vide,0.0004,4
2025_Conforme_2_Cam_T_2_191.jpg,chunks,0.0234,1709
2025_Conforme_2_Cam_T_2_192.jpg,chunks,0.1009,6481
2025_Conforme_2_Cam_T_2_193.jpg,chataigne,0.1985,13469
2025_Conforme_2_Cam_T_2_194.jpg,chataigne,0.2469,16787
2025_Conforme_2_Cam_T_2_195.jpg,chataigne,0.3155,23860
2025_Conforme_2_Cam_T_2_196.jpg,chunks,0.0077,57
2025_Conforme_2_Cam_T_2_197.jpg,chataigne,0.2895,22861
2025_Conforme_2_Cam_T_2_198.jpg,chataigne,0.1518,10178
2025_Conforme_2_Cam_T_2_199.jpg,chataigne,0.284,21771
2025_Conforme_2_Cam_T_2_2.jpg,vide,0.0003,6
2025_Conforme_2_Cam_T_2_20.jpg,vide,0.0063,31
2025_Conforme_2_Cam_T_2_200.jpg,chunks,0.0087,68
2025_Conforme_2_Cam_T_2_201.jpg,chataigne,0.1378,9718
2025_Conforme_2_Cam_T_2_202.jpg,chataigne,0.2232,14814
2025_Conforme_2_Cam_T_2_203.jpg,multiple,0.3744,25623
2025_Conforme_2_Cam_T_2_204.jpg,chataigne,0.3416,23869
2025_Conforme_2_Cam_T_2_205.jpg,chataigne,0.0946,5352
2025_Conforme_2_Cam_T_2_206.jpg,chataigne,0.2736,21479
2025_Conforme_2_Cam_T_2_207.jpg,chataigne,0.1976,15615
2025_Conforme_2_Cam_T_2_208.jpg,chataigne,0.2425,17268
2025_Conforme_2_Cam_T_2_209.jpg,chataigne,0.1304,8684
2025_Conforme_2_Cam_T_2_21.jpg,vide,0.0024,20
2025_Conforme_2_Cam_T_2_210.jpg,vide,0.0006,4
2025_Conforme_2_Cam_T_2_211.jpg,chataigne,0.271,18403
2025_Conforme_2_Cam_T_2_212.jpg,vide,0.0009,8
2025_Conforme_2_Cam_T_2_213.jpg,chataigne,0.0709,5128
2025_Conforme_2_Cam_T_2_214.jpg,chataigne,0.1135,7553
2025_Conforme_2_Cam_T_2_215.jpg,vide,0.0017,11
2025_Conforme_2_Cam_T_2_216.jpg,chataigne,0.3436,24555
2025_Conforme_2_Cam_T_2_217.jpg,vide,0.0019,9
2025_Conforme_2_Cam_T_2_218.jpg,vide,0.0021,10
2025_Conforme_2_Cam_T_2_219.jpg,chunks,0.0756,5487
2025_Conforme_2_Cam_T_2_22.jpg,vide,0.0027,32
2025_Conforme_2_Cam_T_2_220.jpg,vide,0.001,6
2025_Conforme_2_Cam_T_2_221.jpg,vide,0.0011,10
2025_Conforme_2_Cam_T_2_222.jpg,chataigne,0.2465,18720
2025_Conforme_2_Cam_T_2_223.jpg,chataigne,0.162,11905
2025_Conforme_2_Cam_T_2_224.jpg,chataigne,0.2264,17437
2025_Conforme_2_Cam_T_2_225.jpg,chataigne,0.1224,9086
2025_Conforme_2_Cam_T_2_226.jpg,chunks,0.0102,203
2025_Conforme_2_Cam_T_2_227.jpg,chunks,0.0839,6332
2025_Conforme_2_Cam_T_2_228.jpg,chataigne,0.1706,12135
2025_Conforme_2_Cam_T_2_229.jpg,chataigne,0.2948,22417
2025_Conforme_2_Cam_T_2_23.jpg,vide,0.0026,24
2025_Conforme_2_Cam_T_2_230.jpg,chataigne,0.2085,15290
2025_Conforme_2_Cam_T_2_231.jpg,chataigne,0.1699,11427
2025_Conforme_2_Cam_T_2_232.jpg,chataigne,0.2905,23086
2025_Conforme_2_Cam_T_2_233.jpg,chataigne,0.3163,24927
2025_Conforme_2_Cam_T_2_234.jpg,vide,0.0026,12
2025_Conforme_2_Cam_T_2_235.jpg,chataigne,0.3254,25719
2025_Conforme_2_Cam_T_2_236.jpg,chataigne,0.2425,18880
2025_Conforme_2_Cam_T_2_237.jpg,vide,0.0018,12
2025_Conforme_2_Cam_T_2_238.jpg,chataigne,0.3298,24954
2025_Conforme_2_Cam_T_2_239.jpg,chataigne,0.1952,14791
2025_Conforme_2_Cam_T_2_24.jpg,vide,0.0023,8
2025_Conforme_2_Cam_T_2_240.jpg,chataigne,0.2399,18411
2025_Conforme_2_Cam_T_2_241.jpg,chunks,0.0678,4541
2025_Conforme_2_Cam_T_2_242.jpg,chataigne,0.2712,18103
2025_Conforme_2_Cam_T_2_243.jpg,chataigne,0.1067,6972
2025_Conforme_2_Cam_T_2_244.jpg,multiple,0.3527,23405
2025_Conforme_2_Cam_T_2_245.jpg,chataigne,0.1458,10897
2025_Conforme_2_Cam_T_2_246.jpg,chataigne,0.2888,19247
2025_Conforme_2_Cam_T_2_247.jpg,multiple,0.2433,18100
2025_Conforme_2_Cam_T_2_248.jpg,chataigne,0.0663,2971
2025_Conforme_2_Cam_T_2_249.jpg,chataigne,0.1349,10318
2025_Conforme_2_Cam_T_2_25.jpg,vide,0.0015,8
2025_Conforme_2_Cam_T_2_250.jpg,chataigne,0.3946,29779
2025_Conforme_2_Cam_T_2_251.jpg,chataigne,0.4547,34759
2025_Conforme_2_Cam_T_2_252.jpg,chataigne,0.3784,26767
2025_Conforme_2_Cam_T_2_253.jpg,chataigne,0.096,6426
2025_Conforme_2_Cam_T_2_254.jpg,chataigne,0.3503,27152
2025_Conforme_2_Cam_T_2_255.jpg,chataigne,0.1845,13934
2025_Conforme_2_Cam_T_2_256.jpg,chataigne,0.2245,16812
2025_Conforme_2_Cam_T_2_257.jpg,chataigne,0.1081,7147
2025_Conforme_2_Cam_T_2_258.jpg,chataigne,0.1099,8408
2025_Conforme_2_Cam_T_2_259.jpg,chataigne,0.0804,6160
2025_Conforme_2_Cam_T_2_26.jpg,vide,0.0062,59
2025_Conforme_2_Cam_T_2_260.jpg,chataigne,0.2693,21216
2025_Conforme_2_Cam_T_2_261.jpg,chataigne,0.0793,4925
2025_Conforme_2_Cam_T_2_262.jpg,chunks,0.062,4097
2025_Conforme_2_Cam_T_2_263.jpg,chataigne,0.2177,15243
2025_Conforme_2_Cam_T_2_264.jpg,chataigne,0.2197,15835
2025_Conforme_2_Cam_T_2_265.jpg,chataigne,0.1184,9365
2025_Conforme_2_Cam_T_2_266.jpg,chataigne,0.0821,6029
2025_Conforme_2_Cam_T_2_267.jpg,chataigne,0.2771,21862
2025_Conforme_2_Cam_T_2_268.jpg,chataigne,0.2688,20180
2025_Conforme_2_Cam_T_2_269.jpg,chataigne,0.3099,21007
2025_Conforme_2_Cam_T_2_27.jpg,vide,0.0015,14
2025_Conforme_2_Cam_T_2_270.jpg,chataigne,0.2626,17706
2025_Conforme_2_Cam_T_2_271.jpg,chataigne,0.2649,19214
2025_Conforme_2_Cam_T_2_272.jpg,chataigne,0.4501,35449
2025_Conforme_2_Cam_T_2_28.jpg,vide,0.0021,18
2025_Conforme_2_Cam_T_2_29.jpg,vide,0.001,9
2025_Conforme_2_Cam_T_2_3.jpg,vide,0.0039,30
2025_Conforme_2_Cam_T_2_30.jpg,vide,0.0022,28
2025_Conforme_2_Cam_T_2_31.jpg,vide,0.0006,10
2025_Conforme_2_Cam_T_2_32.jpg,vide,0.0034,29
2025_Conforme_2_Cam_T_2_33.jpg,chataigne,0.0088,44
2025_Conforme_2_Cam_T_2_34.jpg,vide,0.0053,36
2025_Conforme_2_Cam_T_2_35.jpg,vide,0.0008,18
2025_Conforme_2_Cam_T_2_36.jpg,vide,0.0034,23
2025_Conforme_2_Cam_T_2_37.jpg,vide,0.0036,28
2025_Conforme_2_Cam_T_2_38.jpg,vide,0.0007,8
2025_Conforme_2_Cam_T_2_39.jpg,chataigne,0.1775,13068
2025_Conforme_2_Cam_T_2_4.jpg,vide,0.0013,8
2025_Conforme_2_Cam_T_2_40.jpg,chataigne,0.2998,22219
2025_Conforme_2_Cam_T_2_41.jpg,chataigne,0.2843,22235
2025_Conforme_2_Cam_T_2_42.jpg,vide,0.0011,7
2025_Conforme_2_Cam_T_2_43.jpg,chataigne,0.1853,14222
2025_Conforme_2_Cam_T_2_44.jpg,vide,0.0046,110
2025_Conforme_2_Cam_T_2_45.jpg,chataigne,0.2256,16861
2025_Conforme_2_Cam_T_2_46.jpg,chataigne,0.1172,7761
2025_Conforme_2_Cam_T_2_47.jpg,chataigne,0.2381,17690
2025_Conforme_2_Cam_T_2_48.jpg,chataigne,0.2961,22198
2025_Conforme_2_Cam_T_2_49.jpg,chataigne,0.2118,16055
2025_Conforme_2_Cam_T_2_5.jpg,vide,0.0003,4
2025_Conforme_2_Cam_T_2_50.jpg,vide,0.0032,11
2025_Conforme_2_Cam_T_2_51.jpg,vide,0.0049,14
2025_Conforme_2_Cam_T_2_52.jpg,vide,0.005,13
2025_Conforme_2_Cam_T_2_53.jpg,vide,0.0021,14
2025_Conforme_2_Cam_T_2_54.jpg,vide,0.0007,5
2025_Conforme_2_Cam_T_2_55.jpg,chataigne,0.1262,9087
2025_Conforme_2_Cam_T_2_56.jpg,chataigne,0.1233,9402
2025_Conforme_2_Cam_T_2_57.jpg,chataigne,0.2859,22290
2025_Conforme_2_Cam_T_2_58.jpg,chataigne,0.3024,23455
2025_Conforme_2_Cam_T_2_59.jpg,chataigne,0.0842,5672
2025_Conforme_2_Cam_T_2_6.jpg,vide,0.0019,11
2025_Conforme_2_Cam_T_2_60.jpg,multiple,0.328,24473
2025_Conforme_2_Cam_T_2_61.jpg,chataigne,0.1866,12724
2025_Conforme_2_Cam_T_2_62.jpg,chataigne,0.1076,7841
2025_Conforme_2_Cam_T_2_63.jpg,vide,0.0022,16
2025_Conforme_2_Cam_T_2_64.jpg,chunks,0.0043,87
2025_Conforme_2_Cam_T_2_65.jpg,chataigne,0.2661,20538
2025_Conforme_2_Cam_T_2_66.jpg,chataigne,0.3489,23759
2025_Conforme_2_Cam_T_2_67.jpg,chataigne,0.4744,37687
2025_Conforme_2_Cam_T_2_68.jpg,chataigne,0.2677,18727
2025_Conforme_2_Cam_T_2_69.jpg,chataigne,0.1692,11499
2025_Conforme_2_Cam_T_2_7.jpg,vide,0.0062,120
2025_Conforme_2_Cam_T_2_70.jpg,chataigne,0.2773,19559
2025_Conforme_2_Cam_T_2_71.jpg,chunks,0.0944,6184
2025_Conforme_2_Cam_T_2_72.jpg,chataigne,0.3227,24810
2025_Conforme_2_Cam_T_2_73.jpg,multiple,0.191,14226
2025_Conforme_2_Cam_T_2_74.jpg,chataigne,0.1844,12486
2025_Conforme_2_Cam_T_2_75.jpg,multiple,0.3535,26970
2025_Conforme_2_Cam_T_2_76.jpg,chunks,0.1474,10579
2025_Conforme_2_Cam_T_2_77.jpg,chataigne,0.3907,29182
2025_Conforme_2_Cam_T_2_78.jpg,chataigne,0.3666,28379
2025_Conforme_2_Cam_T_2_79.jpg,chataigne,0.2944,22847
2025_Conforme_2_Cam_T_2_8.jpg,vide,0.0007,8
2025_Conforme_2_Cam_T_2_80.jpg,multiple,0.3237,23935
2025_Conforme_2_Cam_T_2_81.jpg,chataigne,0.2918,22353
2025_Conforme_2_Cam_T_2_82.jpg,chataigne,0.4708,34895
2025_Conforme_2_Cam_T_2_83.jpg,chataigne,0.278,21492
2025_Conforme_2_Cam_T_2_84.jpg,chataigne,0.1664,12724
2025_Conforme_2_Cam_T_2_85.jpg,chataigne,0.1491,10580
2025_Conforme_2_Cam_T_2_86.jpg,chunks,0.1196,8255
2025_Conforme_2_Cam_T_2_87.jpg,chataigne,0.2679,20121
2025_Conforme_2_Cam_T_2_88.jpg,chunks,0.0101,155
2025_Conforme_2_Cam_T_2_89.jpg,chataigne,0.307,23711
2025_Conforme_2_Cam_T_2_9.jpg,vide,0.0028,14
2025_Conforme_2_Cam_T_2_90.jpg,chataigne,0.242,18691
2025_Conforme_2_Cam_T_2_91.jpg,chataigne,0.105,6232
2025_Conforme_2_Cam_T_2_92.jpg,chataigne,0.1336,10115
2025_Conforme_2_Cam_T_2_93.jpg,chataigne,0.3058,22453
2025_Conforme_2_Cam_T_2_94.jpg,chataigne,0.3222,24655
2025_Conforme_2_Cam_T_2_95.jpg,chataigne,0.1726,12460
2025_Conforme_2_Cam_T_2_96.jpg,chataigne,0.2868,22038
2025_Conforme_2_Cam_T_2_97.jpg,chataigne,0.2719,19274
2025_Conforme_2_Cam_T_2_98.jpg,chataigne,0.3242,24111
2025_Conforme_2_Cam_T_2_99.jpg,chataigne,0.236,15957
2025_Conforme_2_Cam_T_3_0.jpg,vide,0.0029,12
2025_Conforme_2_Cam_T_3_1.jpg,vide,0.0,0
2025_Conforme_2_Cam_T_3_10.jpg,vide,0.0,0
2025_Conforme_2_Cam_T_3_100.jpg,vide,0.0003,6
2025_Conforme_2_Cam_T_3_101.jpg,chataigne,0.3339,19165
2025_Conforme_2_Cam_T_3_102.jpg,chataigne,0.2685,15863
2025_Conforme_2_Cam_T_3_103.jpg,chataigne,0.1874,11215
2025_Conforme_2_Cam_T_3_104.jpg,chunks,0.0469,2629
2025_Conforme_2_Cam_T_3_105.jpg,chunks,0.1148,6368
2025_Conforme_2_Cam_T_3_106.jpg,chataigne,0.1918,11045
2025_Conforme_2_Cam_T_3_107.jpg,chataigne,0.1505,8825
2025_Conforme_2_Cam_T_3_108.jpg,vide,0.0,0
2025_Conforme_2_Cam_T_3_109.jpg,chataigne,0.2257,12997
2025_Conforme_2_Cam_T_3_11.jpg,vide,0.0,1
2025_Conforme_2_Cam_T_3_110.jpg,vide,0.0019,14
2025_Conforme_2_Cam_T_3_111.jpg,chunks,0.0504,2351
2025_Conforme_2_Cam_T_3_112.jpg,vide,0.0,0
2025_Conforme_2_Cam_T_3_113.jpg,chataigne,0.2081,12137
2025_Conforme_2_Cam_T_3_114.jpg,vide,0.0,1
2025_Conforme_2_Cam_T_3_115.jpg,vide,0.0,0
2025_Conforme_2_Cam_T_3_116.jpg,vide,0.0,0
2025_Conforme_2_Cam_T_3_117.jpg,vide,0.0,0
2025_Conforme_2_Cam_T_3_118.jpg,vide,0.0001,1
2025_Conforme_2_Cam_T_3_119.jpg,chunks,0.1066,6291
2025_Conforme_2_Cam_T_3_12.jpg,vide,0.0014,19
2025_Conforme_2_Cam_T_3_120.jpg,chataigne,0.2128,11161
2025_Conforme_2_Cam_T_3_121.jpg,chunks,0.0043,45
2025_Conforme_2_Cam_T_3_122.jpg,chataigne,0.1957,11627
2025_Conforme_2_Cam_T_3_123.jpg,vide,0.0014,9
2025_Conforme_2_Cam_T_3_124.jpg,chataigne,0.1315,7533
2025_Conforme_2_Cam_T_3_125.jpg,chataigne,0.1929,11540
2025_Conforme_2_Cam_T_3_126.jpg,chunks,0.0288,1689
2025_Conforme_2_Cam_T_3_127.jpg,vide,0.0,0
2025_Conforme_2_Cam_T_3_128.jpg,vide,0.0018,11
2025_Conforme_2_Cam_T_3_129.jpg,chataigne,0.1429,8240
2025_Conforme_2_Cam_T_3_13.jpg,vide,0.0,0
2025_Conforme_2_Cam_T_3_130.jpg,vide,0.0001,4
2025_Conforme_2_Cam_T_3_131.jpg,chataigne,0.1273,6998
2025_Conforme_2_Cam_T_3_132.jpg,chataigne,0.2213,12656
2025_Conforme_2_Cam_T_3_133.jpg,vide,0.0,0
2025_Conforme_2_Cam_T_3_134.jpg,chataigne,0.2174,12707
2025_Conforme_2_Cam_T_3_135.jpg,vide,0.0,0
2025_Conforme_2_Cam_T_3_136.jpg,chataigne,0.1091,4846
2025_Conforme_2_Cam_T_3_137.jpg,vide,0.0,0
2025_Conforme_2_Cam_T_3_138.jpg,vide,0.0,0
2025_Conforme_2_Cam_T_3_139.jpg,vide,0.0002,3
2025_Conforme_2_Cam_T_3_14.jpg,vide,0.0,0
2025_Conforme_2_Cam_T_3_140.jpg,vide,0.0014,16
2025_Conforme_2_Cam_T_3_141.jpg,chataigne,0.0881,4954
2025_Conforme_2_Cam_T_3_142.jpg,vide,0.0001,4
2025_Conforme_2_Cam_T_3_143.jpg,chataigne,0.2942,17166
2025_Conforme_2_Cam_T_3_144.jpg,chataigne,0.1838,10838
2025_Conforme_2_Cam_T_3_145.jpg,chataigne,0.0782,3967
2025_Conforme_2_Cam_T_3_146.jpg,vide,0.0,0
2025_Conforme_2_Cam_T_3_147.jpg,chataigne,0.1737,10161
2025_Conforme_2_Cam_T_3_148.jpg,chunks,0.0666,3095
2025_Conforme_2_Cam_T_3_149.jpg,chunks,0.0001,4
2025_Conforme_2_Cam_T_3_15.jpg,vide,0.0022,12
2025_Conforme_2_Cam_T_3_150.jpg,vide,0.0006,13
2025_Conforme_2_Cam_T_3_151.jpg,vide,0.0008,8
2025_Conforme_2_Cam_T_3_152.jpg,chunks,0.0264,1248
2025_Conforme_2_Cam_T_3_153.jpg,chataigne,0.1431,8050
2025_Conforme_2_Cam_T_3_154.jpg,chataigne,0.0767,2864
2025_Conforme_2_Cam_T_3_155.jpg,chunks,0.0897,5256
2025_Conforme_2_Cam_T_3_156.jpg,vide,0.0008,11
2025_Conforme_2_Cam_T_3_157.jpg,vide,0.0,0
2025_Conforme_2_Cam_T_3_158.jpg,chataigne,0.273,14473
2025_Conforme_2_Cam_T_3_159.jpg,chataigne,0.2905,17170
2025_Conforme_2_Cam_T_3_16.jpg,vide,0.0,0
2025_Conforme_2_Cam_T_3_160.jpg,chataigne,0.298,17490
2025_Conforme_2_Cam_T_3_161.jpg,vide,0.0,0
2025_Conforme_2_Cam_T_3_162.jpg,chataigne,0.1276,7376
2025_Conforme_2_Cam_T_3_163.jpg,chataigne,0.1036,5682
2025_Conforme_2_Cam_T_3_164.jpg,chunks,0.0668,4029
2025_Conforme_2_Cam_T_3_165.jpg,chunks,0.104,6011
2025_Conforme_2_Cam_T_3_166.jpg,chataigne,0.0866,4682
2025_Conforme_2_Cam_T_3_167.jpg,chataigne,0.1847,10388
2025_Conforme_2_Cam_T_3_168.jpg,chataigne,0.2427,14598
2025_Conforme_2_Cam_T_3_169.jpg,vide,0.0001,4
2025_Conforme_2_Cam_T_3_17.jpg,vide,0.001,10
2025_Conforme_2_Cam_T_3_170.jpg,chataigne,0.1637,9878
2025_Conforme_2_Cam_T_3_171.jpg,chataigne,0.2422,12768
2025_Conforme_2_Cam_T_3_172.jpg,vide,0.0017,8
2025_Conforme_2_Cam_T_3_173.jpg,vide,0.0004,7
2025_Conforme_2_Cam_T_3_174.jpg,chataigne,0.2154,12254
2025_Conforme_2_Cam_T_3_175.jpg,chataigne,0.1236,6204
2025_Conforme_2_Cam_T_3_176.jpg,chataigne,0.2055,10993
2025_Conforme_2_Cam_T_3_177.jpg,vide,0.0,0
2025_Conforme_2_Cam_T_3_178.jpg,chataigne,0.1216,6342
2025_Conforme_2_Cam_T_3_179.jpg,chataigne,0.2052,12117
2025_Conforme_2_Cam_T_3_18.jpg,vide,0.0,0
2025_Conforme_2_Cam_T_3_180.jpg,vide,0.0005,6
2025_Conforme_2_Cam_T_3_181.jpg,chataigne,0.2219,12326
2025_Conforme_2_Cam_T_3_182.jpg,chataigne,0.2019,11230
2025_Conforme_2_Cam_T_3_183.jpg,chataigne,0.1983,10511
2025_Conforme_2_Cam_T_3_184.jpg,vide,0.0,0
2025_Conforme_2_Cam_T_3_185.jpg,chunks,0.1094,6625
2025_Conforme_2_Cam_T_3_186.jpg,chataigne,0.2023,11927
2025_Conforme_2_Cam_T_3_187.jpg,chataigne,0.2142,12963
2025_Conforme_2_Cam_T_3_188.jpg,chataigne,0.3046,17634
2025_Conforme_2_Cam_T_3_189.jpg,chataigne,0.4813,29365
2025_Conforme_2_Cam_T_3_19.jpg,vide,0.0,0
2025_Conforme_2_Cam_T_3_190.jpg,chataigne,0.1852,8652
2025_Conforme_2_Cam_T_3_191.jpg,chunks,0.0205,374
2025_Conforme_2_Cam_T_3_192.jpg,chataigne,0.0674,3261
2025_Conforme_2_Cam_T_3_193.jpg,chataigne,0.1172,6488
2025_Conforme_2_Cam_T_3_194.jpg,vide,0.0017,10
2025_Conforme_2_Cam_T_3_195.jpg,chataigne,0.2664,15889
2025_Conforme_2_Cam_T_3_196.jpg,chunks,0.0743,4129
2025_Conforme_2_Cam_T_3_197.jpg,chataigne,0.2244,13525
2025_Conforme_2_Cam_T_3_198.jpg,chunks,0.0844,4507
2025_Conforme_2_Cam_T_3_199.jpg,vide,0.0,0
2025_Conforme_2_Cam_T_3_2.jpg,vide,0.0034,10
2025_Conforme_2_Cam_T_3_20.jpg,vide,0.0,0
2025_Conforme_2_Cam_T_3_200.jpg,chunks,0.0905,5339
2025_Conforme_2_Cam_T_3_201.jpg,chataigne,0.0468,913
2025_Conforme_2_Cam_T_3_202.jpg,chunks,0.0133,317
2025_Conforme_2_Cam_T_3_203.jpg,chataigne,0.0911,5471
2025_Conforme_2_Cam_T_3_204.jpg,chunks,0.0073,122
2025_Conforme_2_Cam_T_3_205.jpg,chataigne,0.3615,18507
2025_Conforme_2_Cam_T_3_206.jpg,chataigne,0.1293,6794
2025_Conforme_2_Cam_T_3_207.jpg,multiple,0.2707,16249
2025_Conforme_2_Cam_T_3_208.jpg,chataigne,0.1007,5005
2025_Conforme_2_Cam_T_3_209.jpg,chataigne,0.1221,6483
2025_Conforme_2_Cam_T_3_21.jpg,vide,0.0006,9
2025_Conforme_2_Cam_T_3_210.jpg,vide,0.0006,7
2025_Conforme_2_Cam_T_3_211.jpg,chunks,0.0055,61
2025_Conforme_2_Cam_T_3_212.jpg,chunks,0.0057,56
2025_Conforme_2_Cam_T_3_213.jpg,chataigne,0.0793,4056
2025_Conforme_2_Cam_T_3_214.jpg,chataigne,0.1258,7318
2025_Conforme_2_Cam_T_3_215.jpg,chataigne,0.4384,22142
2025_Conforme_2_Cam_T_3_216.jpg,vide,0.0,1
2025_Conforme_2_Cam_T_3_217.jpg,chunks,0.0143,281
2025_Conforme_2_Cam_T_3_218.jpg,chunks,0.0382,2034
2025_Conforme_2_Cam_T_3_219.jpg,chataigne,0.2286,12872
2025_Conforme_2_Cam_T_3_22.jpg,vide,0.0022,16
2025_Conforme_2_Cam_T_3_220.jpg,chataigne,0.0612,3483
2025_Conforme_2_Cam_T_3_221.jpg,chataigne,0.1033,5176
2025_Conforme_2_Cam_T_3_222.jpg,chunks,0.0955,5441
2025_Conforme_2_Cam_T_3_223.jpg,chataigne,0.1177,6037
2025_Conforme_2_Cam_T_3_224.jpg,chataigne,0.1818,9768
2025_Conforme_2_Cam_T_3_225.jpg,chataigne,0.1596,8071
2025_Conforme_2_Cam_T_3_226.jpg,chataigne,0.0945,4141
2025_Conforme_2_Cam_T_3_227.jpg,chunks,0.0124,180
2025_Conforme_2_Cam_T_3_228.jpg,chataigne,0.2916,17637
2025_Conforme_2_Cam_T_3_229.jpg,chataigne,0.087,4198
2025_Conforme_2_Cam_T_3_23.jpg,vide,0.0,1
2025_Conforme_2_Cam_T_3_230.jpg,chataigne,0.14,6998
2025_Conforme_2_Cam_T_3_231.jpg,chataigne,0.3309,19692
2025_Conforme_2_Cam_T_3_232.jpg,chunks,0.0357,2017
2025_Conforme_2_Cam_T_3_233.jpg,chataigne,0.1227,6289
2025_Conforme_2_Cam_T_3_234.jpg,chataigne,0.108,5912
2025_Conforme_2_Cam_T_3_235.jpg,chataigne,0.1311,7714
2025_Conforme_2_Cam_T_3_236.jpg,chataigne,0.1058,5612
2025_Conforme_2_Cam_T_3_237.jpg,chataigne,0.0557,1052
2025_Conforme_2_Cam_T_3_238.jpg,chataigne,0.2797,15046
2025_Conforme_2_Cam_T_3_239.jpg,vide,0.0,0
2025_Conforme_2_Cam_T_3_24.jpg,vide,0.0,0
2025_Conforme_2_Cam_T_3_240.jpg,chataigne,0.1683,9439
2025_Conforme_2_Cam_T_3_241.jpg,chataigne,0.1434,7422
2025_Conforme_2_Cam_T_3_242.jpg,chataigne,0.2331,12299
2025_Conforme_2_Cam_T_3_243.jpg,chunks,0.0692,3816
2025_Conforme_2_Cam_T_3_244.jpg,chataigne,0.2822,17032
2025_Conforme_2_Cam_T_3_245.jpg,vide,0.0,0
2025_Conforme_2_Cam_T_3_246.jpg,vide,0.0,0
2025_Conforme_2_Cam_T_3_247.jpg,chunks,0.078,4202
2025_Conforme_2_Cam_T_3_248.jpg,chunks,0.0579,2840
2025_Conforme_2_Cam_T_3_249.jpg,chataigne,0.0578,2998
2025_Conforme_2_Cam_T_3_25.jpg,vide,0.0012,9
2025_Conforme_2_Cam_T_3_250.jpg,chataigne,0.0497,2901
2025_Conforme_2_Cam_T_3_251.jpg,chataigne,0.1542,8683
2025_Conforme_2_Cam_T_3_252.jpg,chataigne,0.1092,5505
2025_Conforme_2_Cam_T_3_253.jpg,chataigne,0.2024,12407
2025_Conforme_2_Cam_T_3_254.jpg,vide,0.0,0
2025_Conforme_2_Cam_T_3_255.jpg,vide,0.0002,5
2025_Conforme_2_Cam_T_3_256.jpg,chunks,0.0081,369
2025_Conforme_2_Cam_T_3_257.jpg,chunks,0.0171,893
2025_Conforme_2_Cam_T_3_258.jpg,chunks,0.0111,202
2025_Conforme_2_Cam_T_3_26.jpg,vide,0.0,2
2025_Conforme_2_Cam_T_3_27.jpg,vide,0.0013,8
2025_Conforme_2_Cam_T_3_28.jpg,vide,0.0002,4
2025_Conforme_2_Cam_T_3_29.jpg,vide,0.0,0
2025_Conforme_2_Cam_T_3_3.jpg,vide,0.0,0
2025_Conforme_2_Cam_T_3_30.jpg,vide,0.0,0
2025_Conforme_2_Cam_T_3_31.jpg,vide,0.0,0
2025_Conforme_2_Cam_T_3_32.jpg,chataigne,0.0773,4511
2025_Conforme_2_Cam_T_3_33.jpg,vide,0.0,0
2025_Conforme_2_Cam_T_3_34.jpg,vide,0.0,0
2025_Conforme_2_Cam_T_3_35.jpg,vide,0.0,0
2025_Conforme_2_Cam_T_3_36.jpg,vide,0.0,1
2025_Conforme_2_Cam_T_3_37.jpg,vide,0.0,0
2025_Conforme_2_Cam_T_3_38.jpg,vide,0.0005,5
2025_Conforme_2_Cam_T_3_39.jpg,chataigne,0.0689,4154
2025_Conforme_2_Cam_T_3_4.jpg,vide,0.0004,10
2025_Conforme_2_Cam_T_3_40.jpg,vide,0.0,1
2025_Conforme_2_Cam_T_3_41.jpg,vide,0.0,0
2025_Conforme_2_Cam_T_3_42.jpg,vide,0.0,0
2025_Conforme_2_Cam_T_3_43.jpg,vide,0.0,2
2025_Conforme_2_Cam_T_3_44.jpg,vide,0.0,1
2025_Conforme_2_Cam_T_3_45.jpg,chataigne,0.1691,9373
2025_Conforme_2_Cam_T_3_46.jpg,chataigne,0.3389,18501
2025_Conforme_2_Cam_T_3_47.jpg,chunks,0.1027,5773
2025_Conforme_2_Cam_T_3_48.jpg,multiple,0.3277,17403
2025_Conforme_2_Cam_T_3_49.jpg,multiple,0.3065,15197
2025_Conforme_2_Cam_T_3_5.jpg,vide,0.0,0
2025_Conforme_2_Cam_T_3_50.jpg,chataigne,0.1893,7603
2025_Conforme_2_Cam_T_3_51.jpg,chunks,0.0706,3067
2025_Conforme_2_Cam_T_3_52.jpg,chataigne,0.1127,4986
2025_Conforme_2_Cam_T_3_53.jpg,chataigne,0.2868,17106
2025_Conforme_2_Cam_T_3_54.jpg,chataigne,0.3132,17605
2025_Conforme_2_Cam_T_3_55.jpg,chataigne,0.0837,2664
2025_Conforme_2_Cam_T_3_56.jpg,chunks,0.0181,499
2025_Conforme_2_Cam_T_3_57.jpg,chataigne,0.1248,6595
2025_Conforme_2_Cam_T_3_58.jpg,chataigne,0.0782,4491
2025_Conforme_2_Cam_T_3_59.jpg,vide,0.0,0
2025_Conforme_2_Cam_T_3_6.jpg,vide,0.0,1
2025_Conforme_2_Cam_T_3_60.jpg,chataigne,0.2852,16370
2025_Conforme_2_Cam_T_3_61.jpg,chunks,0.088,3534
2025_Conforme_2_Cam_T_3_62.jpg,chataigne,0.2047,11973
2025_Conforme_2_Cam_T_3_63.jpg,chataigne,0.1525,8737
2025_Conforme_2_Cam_T_3_64.jpg,chataigne,0.3346,20284
2025_Conforme_2_Cam_T_3_65.jpg,chataigne,0.4623,27555
2025_Conforme_2_Cam_T_3_66.jpg,chataigne,0.1953,10607
2025_Conforme_2_Cam_T_3_67.jpg,chunks,0.0658,3390
2025_Conforme_2_Cam_T_3_68.jpg,chataigne,0.1944,10655
2025_Conforme_2_Cam_T_3_69.jpg,chataigne,0.1363,7596
2025_Conforme_2_Cam_T_3_7.jpg,vide,0.0,0
2025_Conforme_2_Cam_T_3_70.jpg,chataigne,0.1642,9991
2025_Conforme_2_Cam_T_3_71.jpg,chataigne,0.0596,2867
2025_Conforme_2_Cam_T_3_72.jpg,chataigne,0.1884,9650
2025_Conforme_2_Cam_T_3_73.jpg,vide,0.0016,8
2025_Conforme_2_Cam_T_3_74.jpg,vide,0.0,0
2025_Conforme_2_Cam_T_3_75.jpg,vide,0.0023,12
2025_Conforme_2_Cam_T_3_76.jpg,chataigne,0.2494,14957
2025_Conforme_2_Cam_T_3_77.jpg,chataigne,0.199,11780
2025_Conforme_2_Cam_T_3_78.jpg,vide,0.0,0
2025_Conforme_2_Cam_T_3_79.jpg,chataigne,0.1937,11042
2025_Conforme_2_Cam_T_3_8.jpg,vide,0.0,2
2025_Conforme_2_Cam_T_3_80.jpg,chataigne,0.2685,15107
2025_Conforme_2_Cam_T_3_81.jpg,chataigne,0.213,10913
2025_Conforme_2_Cam_T_3_82.jpg,chunks,0.0165,133
2025_Conforme_2_Cam_T_3_83.jpg,vide,0.0001,2
2025_Conforme_2_Cam_T_3_84.jpg,chataigne,0.2251,12654
2025_Conforme_2_Cam_T_3_85.jpg,chunks,0.0924,5487
2025_Conforme_2_Cam_T_3_86.jpg,vide,0.0,0
2025_Conforme_2_Cam_T_3_87.jpg,chataigne,0.2356,13812
2025_Conforme_2_Cam_T_3_88.jpg,chataigne,0.1674,10204
2025_Conforme_2_Cam_T_3_89.jpg,vide,0.0,0
2025_Conforme_2_Cam_T_3_9.jpg,vide,0.0,0
2025_Conforme_2_Cam_T_3_90.jpg,chataigne,0.1985,10511
2025_Conforme_2_Cam_T_3_91.jpg,chataigne,0.1323,6551
2025_Conforme_2_Cam_T_3_92.jpg,vide,0.0,0
2025_Conforme_2_Cam_T_3_93.jpg,chataigne,0.2306,13268
2025_Conforme_2_Cam_T_3_94.jpg,chataigne,0.1339,8112
2025_Conforme_2_Cam_T_3_95.jpg,chunks,0.0183,165
2025_Conforme_2_Cam_T_3_96.jpg,vide,0.0,0
2025_Conforme_2_Cam_T_3_97.jpg,chataigne,0.299,14966
2025_Conforme_2_Cam_T_3_98.jpg,vide,0.0,0
2025_Conforme_2_Cam_T_3_99.jpg,vide,0.0015,10
2025_Conforme_2_Cam_T_4_0.jpg,vide,0.0001,3
2025_Conforme_2_Cam_T_4_1.jpg,vide,0.0,1
2025_Conforme_2_Cam_T_4_10.jpg,vide,0.0034,16
2025_Conforme_2_Cam_T_4_100.jpg,chunks,0.1025,5691
2025_Conforme_2_Cam_T_4_101.jpg,chunks,0.0806,4656
2025_Conforme_2_Cam_T_4_102.jpg,chataigne,0.4238,22829
2025_Conforme_2_Cam_T_4_103.jpg,chataigne,0.3052,16433
2025_Conforme_2_Cam_T_4_104.jpg,chataigne,0.2443,12184
2025_Conforme_2_Cam_T_4_105.jpg,chataigne,0.1876,9762
2025_Conforme_2_Cam_T_4_106.jpg,chataigne,0.2616,14613
2025_Conforme_2_Cam_T_4_107.jpg,chataigne,0.1613,9539
2025_Conforme_2_Cam_T_4_108.jpg,chunks,0.0523,2989
2025_Conforme_2_Cam_T_4_109.jpg,chataigne,0.2989,17992
2025_Conforme_2_Cam_T_4_11.jpg,vide,0.0001,3
2025_Conforme_2_Cam_T_4_110.jpg,chataigne,0.1823,10256
2025_Conforme_2_Cam_T_4_111.jpg,chataigne,0.1588,8665
2025_Conforme_2_Cam_T_4_112.jpg,chunks,0.0757,4103
2025_Conforme_2_Cam_T_4_113.jpg,chataigne,0.1617,9387
2025_Conforme_2_Cam_T_4_114.jpg,vide,0.0,0
2025_Conforme_2_Cam_T_4_115.jpg,chataigne,0.1063,5898
2025_Conforme_2_Cam_T_4_116.jpg,vide,0.0,0
2025_Conforme_2_Cam_T_4_117.jpg,chataigne,0.2268,13613
2025_Conforme_2_Cam_T_4_118.jpg,chataigne,0.2164,13101
2025_Conforme_2_Cam_T_4_119.jpg,chataigne,0.1307,6911
2025_Conforme_2_Cam_T_4_12.jpg,vide,0.0,1
2025_Conforme_2_Cam_T_4_120.jpg,chataigne,0.1977,10124
2025_Conforme_2_Cam_T_4_121.jpg,chataigne,0.1123,6498
2025_Conforme_2_Cam_T_4_122.jpg,chataigne,0.1303,7309
2025_Conforme_2_Cam_T_4_123.jpg,chataigne,0.112,6766
2025_Conforme_2_Cam_T_4_124.jpg,chunks,0.0951,5140
2025_Conforme_2_Cam_T_4_125.jpg,chataigne,0.2513,15132
2025_Conforme_2_Cam_T_4_126.jpg,chataigne,0.2422,13726
2025_Conforme_2_Cam_T_4_127.jpg,vide,0.0002,4
2025_Conforme_2_Cam_T_4_128.jpg,chataigne,0.1997,10561
2025_Conforme_2_Cam_T_4_129.jpg,chataigne,0.223,13146
2025_Conforme_2_Cam_T_4_13.jpg,vide,0.0007,5
2025_Conforme_2_Cam_T_4_130.jpg,chataigne,0.1241,6652
2025_Conforme_2_Cam_T_4_131.jpg,chataigne,0.2495,14678
2025_Conforme_2_Cam_T_4_132.jpg,chataigne,0.1169,6530
2025_Conforme_2_Cam_T_4_133.jpg,chataigne,0.1712,10055
2025_Conforme_2_Cam_T_4_134.jpg,chataigne,0.4161,25537
2025_Conforme_2_Cam_T_4_135.jpg,chunks,0.0668,3752
2025_Conforme_2_Cam_T_4_136.jpg,chunks,0.0817,4634
2025_Conforme_2_Cam_T_4_137.jpg,chataigne,0.2378,13490
2025_Conforme_2_Cam_T_4_138.jpg,chataigne,0.2989,17788
2025_Conforme_2_Cam_T_4_139.jpg,chataigne,0.0773,3778
2025_Conforme_2_Cam_T_4_14.jpg,vide,0.0027,12
2025_Conforme_2_Cam_T_4_140.jpg,chataigne,0.2732,16388
2025_Conforme_2_Cam_T_4_141.jpg,chunks,0.0126,259
2025_Conforme_2_Cam_T_4_142.jpg,chataigne,0.0923,5391
2025_Conforme_2_Cam_T_4_143.jpg,chataigne,0.1865,9860
2025_Conforme_2_Cam_T_4_144.jpg,chataigne,0.0914,5050
2025_Conforme_2_Cam_T_4_145.jpg,chataigne,0.1021,5184
2025_Conforme_2_Cam_T_4_146.jpg,vide,0.0,1
2025_Conforme_2_Cam_T_4_147.jpg,vide,0.0005,7
2025_Conforme_2_Cam_T_4_148.jpg,chataigne,0.1423,7993
2025_Conforme_2_Cam_T_4_149.jpg,vide,0.0,0
2025_Conforme_2_Cam_T_4_15.jpg,vide,0.0,0
2025_Conforme_2_Cam_T_4_150.jpg,chunks,0.0362,1858
2025_Conforme_2_Cam_T_4_151.jpg,chunks,0.0416,2005
2025_Conforme_2_Cam_T_4_152.jpg,chataigne,0.3523,21272
2025_Conforme_2_Cam_T_4_153.jpg,chataigne,0.2751,16238
2025_Conforme_2_Cam_T_4_154.jpg,chataigne,0.192,11394
2025_Conforme_2_Cam_T_4_155.jpg,multiple,0.5628,31044
2025_Conforme_2_Cam_T_4_156.jpg,vide,0.0011,8
2025_Conforme_2_Cam_T_4_157.jpg,chataigne,0.2094,11443
2025_Conforme_2_Cam_T_4_158.jpg,vide,0.0002,4
2025_Conforme_2_Cam_T_4_159.jpg,multiple,0.2803,14812
2025_Conforme_2_Cam_T_4_16.jpg,vide,0.0023,8
2025_Conforme_2_Cam_T_4_160.jpg,chataigne,0.2216,12808
2025_Conforme_2_Cam_T_4_161.jpg,chunks,0.0033,20
2025_Conforme_2_Cam_T_4_162.jpg,chataigne,0.2487,14884
2025_Conforme_2_Cam_T_4_163.jpg,chunks,0.1183,6658
2025_Conforme_2_Cam_T_4_164.jpg,chataigne,0.2349,12614
2025_Conforme_2_Cam_T_4_165.jpg,chataigne,0.2871,17034
2025_Conforme_2_Cam_T_4_166.jpg,chataigne,0.1232,6282
2025_Conforme_2_Cam_T_4_167.jpg,chataigne,0.3713,20924
2025_Conforme_2_Cam_T_4_168.jpg,chunks,0.0036,121
2025_Conforme_2_Cam_T_4_169.jpg,chataigne,0.0878,5084
2025_Conforme_2_Cam_T_4_17.jpg,vide,0.0001,3
2025_Conforme_2_Cam_T_4_170.jpg,chunks,0.0397,2290
2025_Conforme_2_Cam_T_4_171.jpg,chataigne,0.0744,4198
2025_Conforme_2_Cam_T_4_172.jpg,chataigne,0.4295,23391
2025_Conforme_2_Cam_T_4_173.jpg,chataigne,0.2581,15215
2025_Conforme_2_Cam_T_4_174.jpg,chataigne,0.2852,15994
2025_Conforme_2_Cam_T_4_175.jpg,multiple,0.1623,8743
2025_Conforme_2_Cam_T_4_176.jpg,chataigne,0.1321,7542
2025_Conforme_2_Cam_T_4_177.jpg,chataigne,0.1506,8202
2025_Conforme_2_Cam_T_4_178.jpg,chataigne,0.196,11634
2025_Conforme_2_Cam_T_4_179.jpg,chataigne,0.1387,7778
2025_Conforme_2_Cam_T_4_18.jpg,vide,0.0,0
2025_Conforme_2_Cam_T_4_180.jpg,chataigne,0.2883,15656
2025_Conforme_2_Cam_T_4_181.jpg,chataigne,0.2264,12759
2025_Conforme_2_Cam_T_4_182.jpg,chataigne,0.1277,7689
2025_Conforme_2_Cam_T_4_183.jpg,vide,0.0,0
2025_Conforme_2_Cam_T_4_184.jpg,chataigne,0.3005,17568
2025_Conforme_2_Cam_T_4_185.jpg,chataigne,0.3051,18505
2025_Conforme_2_Cam_T_4_186.jpg,chataigne,0.1791,9791
2025_Conforme_2_Cam_T_4_187.jpg,chataigne,0.1002,5928
2025_Conforme_2_Cam_T_4_188.jpg,chunks,0.0194,1103
2025_Conforme_2_Cam_T_4_189.jpg,chataigne,0.3151,18596
2025_Conforme_2_Cam_T_4_19.jpg,vide,0.0,0
2025_Conforme_2_Cam_T_4_190.jpg,chunks,0.0405,2106
2025_Conforme_2_Cam_T_4_191.jpg,chataigne,0.1383,7767
2025_Conforme_2_Cam_T_4_192.jpg,chataigne,0.3421,19200
2025_Conforme_2_Cam_T_4_193.jpg,chataigne,0.0802,4458
2025_Conforme_2_Cam_T_4_194.jpg,chataigne,0.1293,6533
2025_Conforme_2_Cam_T_4_195.jpg,chataigne,0.2673,14310
2025_Conforme_2_Cam_T_4_196.jpg,chataigne,0.2906,17379
2025_Conforme_2_Cam_T_4_197.jpg,chataigne,0.2162,13010
2025_Conforme_2_Cam_T_4_198.jpg,chataigne,0.29,15518
2025_Conforme_2_Cam_T_4_199.jpg,multiple,0.293,17409
2025_Conforme_2_Cam_T_4_2.jpg,vide,0.0,0
2025_Conforme_2_Cam_T_4_20.jpg,vide,0.0037,13
2025_Conforme_2_Cam_T_4_200.jpg,chataigne,0.1772,10586
2025_Conforme_2_Cam_T_4_201.jpg,chataigne,0.1513,8789
2025_Conforme_2_Cam_T_4_202.jpg,chunks,0.0885,4368
2025_Conforme_2_Cam_T_4_203.jpg,chataigne,0.369,19498
2025_Conforme_2_Cam_T_4_204.jpg,chataigne,0.1287,7697
2025_Conforme_2_Cam_T_4_205.jpg,chataigne,0.3385,20413
2025_Conforme_2_Cam_T_4_206.jpg,chataigne,0.4145,24991
2025_Conforme_2_Cam_T_4_207.jpg,vide,0.0023,11
2025_Conforme_2_Cam_T_4_208.jpg,chunks,0.0461,1697
2025_Conforme_2_Cam_T_4_209.jpg,chataigne,0.2431,14090
2025_Conforme_2_Cam_T_4_21.jpg,vide,0.0024,30
2025_Conforme_2_Cam_T_4_210.jpg,multiple,0.227,13756
2025_Conforme_2_Cam_T_4_211.jpg,multiple,0.2789,15714
2025_Conforme_2_Cam_T_4_212.jpg,chataigne,0.209,12838
2025_Conforme_2_Cam_T_4_213.jpg,chataigne,0.0787,3541
2025_Conforme_2_Cam_T_4_214.jpg,chataigne,0.2979,16048
2025_Conforme_2_Cam_T_4_215.jpg,vide,0.0,0
2025_Conforme_2_Cam_T_4_216.jpg,chataigne,0.2127,11167
2025_Conforme_2_Cam_T_4_217.jpg,chataigne,0.2997,17542
2025_Conforme_2_Cam_T_4_218.jpg,multiple,0.2493,10889
2025_Conforme_2_Cam_T_4_219.jpg,chataigne,0.2366,14121
2025_Conforme_2_Cam_T_4_22.jpg,vide,0.0001,3
2025_Conforme_2_Cam_T_4_220.jpg,chataigne,0.1465,7780
2025_Conforme_2_Cam_T_4_221.jpg,chataigne,0.2366,14141
2025_Conforme_2_Cam_T_4_222.jpg,vide,0.0002,4
2025_Conforme_2_Cam_T_4_223.jpg,vide,0.0027,13
2025_Conforme_2_Cam_T_4_224.jpg,vide,0.0,1
2025_Conforme_2_Cam_T_4_225.jpg,chunks,0.0164,897
2025_Conforme_2_Cam_T_4_226.jpg,chataigne,0.1903,10290
2025_Conforme_2_Cam_T_4_227.jpg,chataigne,0.3223,18755
2025_Conforme_2_Cam_T_4_228.jpg,chataigne,0.2717,16673
2025_Conforme_2_Cam_T_4_229.jpg,vide,0.0,0
2025_Conforme_2_Cam_T_4_23.jpg,chataigne,0.2337,13173
2025_Conforme_2_Cam_T_4_230.jpg,chataigne,0.4533,25883
2025_Conforme_2_Cam_T_4_231.jpg,chunks,0.0674,3726
2025_Conforme_2_Cam_T_4_232.jpg,chunks,0.0183,317
2025_Conforme_2_Cam_T_4_233.jpg,chataigne,0.2655,15832
2025_Conforme_2_Cam_T_4_234.jpg,vide,0.0,2
2025_Conforme_2_Cam_T_4_235.jpg,chataigne,0.181,10996
2025_Conforme_2_Cam_T_4_236.jpg,chataigne,0.3104,17396
2025_Conforme_2_Cam_T_4_237.jpg,chataigne,0.2277,13241
2025_Conforme_2_Cam_T_4_238.jpg,chataigne,0.171,10320
2025_Conforme_2_Cam_T_4_239.jpg,chataigne,0.246,13577
2025_Conforme_2_Cam_T_4_24.jpg,vide,0.0,0
2025_Conforme_2_Cam_T_4_240.jpg,chataigne,0.3596,20780
2025_Conforme_2_Cam_T_4_241.jpg,chataigne,0.287,16439
2025_Conforme_2_Cam_T_4_242.jpg,chunks,0.0117,337
2025_Conforme_2_Cam_T_4_243.jpg,chataigne,0.1577,9258
2025_Conforme_2_Cam_T_4_244.jpg,chataigne,0.1677,10269
2025_Conforme_2_Cam_T_4_245.jpg,multiple,0.3811,23114
2025_Conforme_2_Cam_T_4_246.jpg,chataigne,0.304,16954
2025_Conforme_2_Cam_T_4_247.jpg,chunks,0.0406,2118
2025_Conforme_2_Cam_T_4_248.jpg,chataigne,0.195,11615
2025_Conforme_2_Cam_T_4_249.jpg,chataigne,0.3072,17169
2025_Conforme_2_Cam_T_4_25.jpg,vide,0.0,0
2025_Conforme_2_Cam_T_4_250.jpg,chataigne,0.2696,15157
2025_Conforme_2_Cam_T_4_251.jpg,multiple,0.2497,14247
2025_Conforme_2_Cam_T_4_252.jpg,chataigne,0.2197,11559
2025_Conforme_2_Cam_T_4_253.jpg,chataigne,0.3454,19736
2025_Conforme_2_Cam_T_4_254.jpg,chunks,0.0243,1196
2025_Conforme_2_Cam_T_4_255.jpg,chunks,0.0668,3561
2025_Conforme_2_Cam_T_4_256.jpg,chunks,0.0329,1721
2025_Conforme_2_Cam_T_4_26.jpg,vide,0.0039,17
2025_Conforme_2_Cam_T_4_27.jpg,vide,0.0024,9
2025_Conforme_2_Cam_T_4_28.jpg,vide,0.0004,7
2025_Conforme_2_Cam_T_4_29.jpg,vide,0.0002,12
2025_Conforme_2_Cam_T_4_3.jpg,vide,0.0002,6
2025_Conforme_2_Cam_T_4_30.jpg,vide,0.0047,20
2025_Conforme_2_Cam_T_4_31.jpg,chataigne,0.01,47
2025_Conforme_2_Cam_T_4_32.jpg,vide,0.0,1
2025_Conforme_2_Cam_T_4_33.jpg,chunks,0.0913,5406
2025_Conforme_2_Cam_T_4_34.jpg,vide,0.0008,6
2025_Conforme_2_Cam_T_4_35.jpg,vide,0.0075,43
2025_Conforme_2_Cam_T_4_36.jpg,vide,0.0007,10
2025_Conforme_2_Cam_T_4_37.jpg,chataigne,0.3504,20251
2025_Conforme_2_Cam_T_4_38.jpg,vide,0.0005,8
2025_Conforme_2_Cam_T_4_39.jpg,vide,0.0015,18
2025_Conforme_2_Cam_T_4_4.jpg,vide,0.0013,21
2025_Conforme_2_Cam_T_4_40.jpg,vide,0.0,0
2025_Conforme_2_Cam_T_4_41.jpg,chataigne,0.2609,14881
2025_Conforme_2_Cam_T_4_42.jpg,vide,0.0004,5
2025_Conforme_2_Cam_T_4_43.jpg,chataigne,0.3393,20332
2025_Conforme_2_Cam_T_4_44.jpg,chunks,0.0834,4817
2025_Conforme_2_Cam_T_4_45.jpg,chataigne,0.3084,16578
2025_Conforme_2_Cam_T_4_46.jpg,vide,0.0,0
2025_Conforme_2_Cam_T_4_47.jpg,chataigne,0.2917,14736
2025_Conforme_2_Cam_T_4_48.jpg,chunks,0.098,5881
2025_Conforme_2_Cam_T_4_49.jpg,chataigne,0.2845,15059
2025_Conforme_2_Cam_T_4_5.jpg,vide,0.0001,2
2025_Conforme_2_Cam_T_4_50.jpg,chataigne,0.1304,6678
2025_Conforme_2_Cam_T_4_51.jpg,chataigne,0.2813,14641
2025_Conforme_2_Cam_T_4_52.jpg,chataigne,0.2168,13084
2025_Conforme_2_Cam_T_4_53.jpg,chataigne,0.2109,12731
2025_Conforme_2_Cam_T_4_54.jpg,chataigne,0.2389,14446
2025_Conforme_2_Cam_T_4_55.jpg,chunks,0.0876,4703
2025_Conforme_2_Cam_T_4_56.jpg,chunks,0.011,279
2025_Conforme_2_Cam_T_4_57.jpg,chataigne,0.3038,18386
2025_Conforme_2_Cam_T_4_58.jpg,chunks,0.0056,93
2025_Conforme_2_Cam_T_4_59.jpg,chataigne,0.1855,9829
2025_Conforme_2_Cam_T_4_6.jpg,vide,0.0,1
2025_Conforme_2_Cam_T_4_60.jpg,chunks,0.0949,5647
2025_Conforme_2_Cam_T_4_61.jpg,chunks,0.0029,103
2025_Conforme_2_Cam_T_4_62.jpg,chataigne,0.3782,21308
2025_Conforme_2_Cam_T_4_63.jpg,chataigne,0.2696,16124
2025_Conforme_2_Cam_T_4_64.jpg,chataigne,0.2154,11706
2025_Conforme_2_Cam_T_4_65.jpg,chataigne,0.2381,13432
2025_Conforme_2_Cam_T_4_66.jpg,chataigne,0.1962,11733
2025_Conforme_2_Cam_T_4_67.jpg,chataigne,0.1472,7754
2025_Conforme_2_Cam_T_4_68.jpg,chunks,0.0841,4683
2025_Conforme_2_Cam_T_4_69.jpg,chataigne,0.1767,9947
2025_Conforme_2_Cam_T_4_7.jpg,vide,0.0,1
2025_Conforme_2_Cam_T_4_70.jpg,chataigne,0.2989,16219
2025_Conforme_2_Cam_T_4_71.jpg,chataigne,0.2883,16362
2025_Conforme_2_Cam_T_4_72.jpg,chataigne,0.3258,19279
2025_Conforme_2_Cam_T_4_73.jpg,chataigne,0.1592,8955
2025_Conforme_2_Cam_T_4_74.jpg,chataigne,0.3094,17673
2025_Conforme_2_Cam_T_4_75.jpg,chataigne,0.0832,4663
2025_Conforme_2_Cam_T_4_76.jpg,chataigne,0.1848,10843
2025_Conforme_2_Cam_T_4_77.jpg,chataigne,0.2457,15038
2025_Conforme_2_Cam_T_4_78.jpg,chataigne,0.2105,11213
2025_Conforme_2_Cam_T_4_79.jpg,chataigne,0.328,19882
2025_Conforme_2_Cam_T_4_8.jpg,vide,0.0,1
2025_Conforme_2_Cam_T_4_80.jpg,chataigne,0.2203,13317
2025_Conforme_2_Cam_T_4_81.jpg,chataigne,0.3136,19217
2025_Conforme_2_Cam_T_4_82.jpg,multiple,0.2844,16954
2025_Conforme_2_Cam_T_4_83.jpg,chataigne,0.1788,9459
2025_Conforme_2_Cam_T_4_84.jpg,chataigne,0.216,12160
2025_Conforme_2_Cam_T_4_85.jpg,multiple,0.2127,12943
2025_Conforme_2_Cam_T_4_86.jpg,chataigne,0.2353,13244
2025_Conforme_2_Cam_T_4_87.jpg,chataigne,0.2239,13277
2025_Conforme_2_Cam_T_4_88.jpg,vide,0.0002,6
2025_Conforme_2_Cam_T_4_89.jpg,chataigne,0.2944,16829
2025_Conforme_2_Cam_T_4_9.jpg,vide,0.0,0
2025_Conforme_2_Cam_T_4_90.jpg,chataigne,0.3129,17471
2025_Conforme_2_Cam_T_4_91.jpg,multiple,0.5607,29748
2025_Conforme_2_Cam_T_4_92.jpg,chataigne,0.1553,9130
2025_Conforme_2_Cam_T_4_93.jpg,chataigne,0.2355,12085
2025_Conforme_2_Cam_T_4_94.jpg,chataigne,0.2362,13092
2025_Conforme_2_Cam_T_4_95.jpg,chataigne,0.1804,10749
2025_Conforme_2_Cam_T_4_96.jpg,chataigne,0.2206,12727
2025_Conforme_2_Cam_T_4_97.jpg,chunks,0.0206,1088
2025_Conforme_2_Cam_T_4_98.jpg,chataigne,0.2192,13349
2025_Conforme_2_Cam_T_4_99.jpg,chataigne,0.2999,18265
2025_Conforme_2_Cam_T_5_0.jpg,vide,0.0034,18
2025_Conforme_2_Cam_T_5_1.jpg,vide,0.0043,46
2025_Conforme_2_Cam_T_5_10.jpg,vide,0.0045,26
2025_Conforme_2_Cam_T_5_100.jpg,chataigne,0.2104,16349
2025_Conforme_2_Cam_T_5_101.jpg,chataigne,0.2627,19545
2025_Conforme_2_Cam_T_5_102.jpg,chataigne,0.2241,14897
2025_Conforme_2_Cam_T_5_103.jpg,chataigne,0.2211,17553
2025_Conforme_2_Cam_T_5_104.jpg,chataigne,0.2158,15427
2025_Conforme_2_Cam_T_5_105.jpg,chataigne,0.292,19987
2025_Conforme_2_Cam_T_5_106.jpg,chataigne,0.1896,13742
2025_Conforme_2_Cam_T_5_107.jpg,chataigne,0.4109,29371
2025_Conforme_2_Cam_T_5_108.jpg,chataigne,0.191,14120
2025_Conforme_2_Cam_T_5_109.jpg,chataigne,0.3921,29056
2025_Conforme_2_Cam_T_5_11.jpg,vide,0.0029,16
2025_Conforme_2_Cam_T_5_110.jpg,chataigne,0.3651,28477
2025_Conforme_2_Cam_T_5_111.jpg,chataigne,0.2604,20601
2025_Conforme_2_Cam_T_5_112.jpg,chataigne,0.1412,9983
2025_Conforme_2_Cam_T_5_113.jpg,chataigne,0.218,17380
2025_Conforme_2_Cam_T_5_114.jpg,vide,0.001,14
2025_Conforme_2_Cam_T_5_115.jpg,chataigne,0.2767,18929
2025_Conforme_2_Cam_T_5_116.jpg,chataigne,0.3165,24060
2025_Conforme_2_Cam_T_5_117.jpg,chataigne,0.2121,16881
2025_Conforme_2_Cam_T_5_118.jpg,chataigne,0.264,19602
2025_Conforme_2_Cam_T_5_119.jpg,chataigne,0.1318,10279
2025_Conforme_2_Cam_T_5_12.jpg,vide,0.0044,31
2025_Conforme_2_Cam_T_5_120.jpg,chataigne,0.3134,24902
2025_Conforme_2_Cam_T_5_121.jpg,chataigne,0.2722,19555
2025_Conforme_2_Cam_T_5_122.jpg,chataigne,0.4025,32206
2025_Conforme_2_Cam_T_5_123.jpg,chataigne,0.2792,21776
2025_Conforme_2_Cam_T_5_124.jpg,chataigne,0.2878,20754
2025_Conforme_2_Cam_T_5_125.jpg,chataigne,0.4065,29866
2025_Conforme_2_Cam_T_5_126.jpg,chataigne,0.2642,20513
2025_Conforme_2_Cam_T_5_127.jpg,chataigne,0.2637,17843
2025_Conforme_2_Cam_T_5_128.jpg,chunks,0.101,7174
2025_Conforme_2_Cam_T_5_129.jpg,chataigne,0.1759,13577
2025_Conforme_2_Cam_T_5_13.jpg,vide,0.0039,51
2025_Conforme_2_Cam_T_5_130.jpg,chataigne,0.4001,31947
2025_Conforme_2_Cam_T_5_131.jpg,chataigne,0.2154,17126
2025_Conforme_2_Cam_T_5_132.jpg,chataigne,0.2435,13340
2025_Conforme_2_Cam_T_5_133.jpg,chataigne,0.2353,16147
2025_Conforme_2_Cam_T_5_134.jpg,chataigne,0.3002,23832
2025_Conforme_2_Cam_T_5_135.jpg,multiple,0.1825,13235
2025_Conforme_2_Cam_T_5_136.jpg,chataigne,0.2215,15584
2025_Conforme_2_Cam_T_5_137.jpg,chataigne,0.3631,27653
2025_Conforme_2_Cam_T_5_138.jpg,chataigne,0.2189,17517
2025_Conforme_2_Cam_T_5_139.jpg,chataigne,0.2732,19106
2025_Conforme_2_Cam_T_5_14.jpg,vide,0.0039,15
2025_Conforme_2_Cam_T_5_140.jpg,chataigne,0.2658,19610
2025_Conforme_2_Cam_T_5_141.jpg,chataigne,0.1606,12609
2025_Conforme_2_Cam_T_5_142.jpg,chataigne,0.2367,18460
2025_Conforme_2_Cam_T_5_143.jpg,chunks,0.1262,9695
2025_Conforme_2_Cam_T_5_144.jpg,chataigne,0.2576,18845
2025_Conforme_2_Cam_T_5_145.jpg,chataigne,0.3982,31882
2025_Conforme_2_Cam_T_5_146.jpg,chataigne,0.1739,13096
2025_Conforme_2_Cam_T_5_147.jpg,chataigne,0.2234,17354
2025_Conforme_2_Cam_T_5_148.jpg,multiple,0.3929,29148
2025_Conforme_2_Cam_T_5_149.jpg,chataigne,0.116,8717
2025_Conforme_2_Cam_T_5_15.jpg,vide,0.0012,8
2025_Conforme_2_Cam_T_5_150.jpg,chataigne,0.1159,8548
2025_Conforme_2_Cam_T_5_151.jpg,multiple,0.2961,23579
2025_Conforme_2_Cam_T_5_152.jpg,chataigne,0.297,23559
2025_Conforme_2_Cam_T_5_153.jpg,chataigne,0.3069,24139
2025_Conforme_2_Cam_T_5_154.jpg,chataigne,0.357,28474
2025_Conforme_2_Cam_T_5_155.jpg,chataigne,0.288,22372
2025_Conforme_2_Cam_T_5_156.jpg,chataigne,0.2025,13934
2025_Conforme_2_Cam_T_5_157.jpg,chunks,0.0326,2429
2025_Conforme_2_Cam_T_5_158.jpg,chataigne,0.2105,14910
2025_Conforme_2_Cam_T_5_159.jpg,vide,0.0011,11
2025_Conforme_2_Cam_T_5_16.jpg,vide,0.0024,10
2025_Conforme_2_Cam_T_5_160.jpg,vide,0.001,7
2025_Conforme_2_Cam_T_5_161.jpg,vide,0.0018,11
2025_Conforme_2_Cam_T_5_162.jpg,vide,0.0009,7
2025_Conforme_2_Cam_T_5_163.jpg,vide,0.003,15
2025_Conforme_2_Cam_T_5_164.jpg,vide,0.0035,15
2025_Conforme_2_Cam_T_5_165.jpg,chataigne,0.3133,24371
2025_Conforme_2_Cam_T_5_166.jpg,chataigne,0.3113,22882
2025_Conforme_2_Cam_T_5_167.jpg,chataigne,0.2229,17566
2025_Conforme_2_Cam_T_5_168.jpg,chataigne,0.1826,12370
2025_Conforme_2_Cam_T_5_169.jpg,chataigne,0.1385,9493
2025_Conforme_2_Cam_T_5_17.jpg,vide,0.0031,14
2025_Conforme_2_Cam_T_5_170.jpg,chataigne,0.207,15586
2025_Conforme_2_Cam_T_5_171.jpg,chataigne,0.2533,17291
2025_Conforme_2_Cam_T_5_172.jpg,chataigne,0.1352,9092
2025_Conforme_2_Cam_T_5_173.jpg,chataigne,0.157,11561
2025_Conforme_2_Cam_T_5_174.jpg,chataigne,0.361,16908
2025_Conforme_2_Cam_T_5_175.jpg,vide,0.0009,8
2025_Conforme_2_Cam_T_5_176.jpg,multiple,0.2201,17464
2025_Conforme_2_Cam_T_5_177.jpg,vide,0.0024,20
2025_Conforme_2_Cam_T_5_178.jpg,chataigne,0.2711,20018
2025_Conforme_2_Cam_T_5_179.jpg,multiple,0.1934,13479
2025_Conforme_2_Cam_T_5_18.jpg,vide,0.0004,5
2025_Conforme_2_Cam_T_5_180.jpg,chataigne,0.3694,26570
2025_Conforme_2_Cam_T_5_181.jpg,chataigne,0.0943,6509
2025_Conforme_2_Cam_T_5_182.jpg,chataigne,0.2303,17508
2025_Conforme_2_Cam_T_5_183.jpg,chataigne,0.3184,25498
2025_Conforme_2_Cam_T_5_184.jpg,chataigne,0.1977,14273
2025_Conforme_2_Cam_T_5_185.jpg,chataigne,0.219,16576
2025_Conforme_2_Cam_T_5_186.jpg,chataigne,0.3185,25463
2025_Conforme_2_Cam_T_5_187.jpg,chataigne,0.4372,35075
2025_Conforme_2_Cam_T_5_188.jpg,chataigne,0.3032,24053
2025_Conforme_2_Cam_T_5_189.jpg,multiple,0.5118,37793
2025_Conforme_2_Cam_T_5_19.jpg,vide,0.0023,14
2025_Conforme_2_Cam_T_5_190.jpg,chataigne,0.4049,31421
2025_Conforme_2_Cam_T_5_191.jpg,chataigne,0.3094,23282
2025_Conforme_2_Cam_T_5_192.jpg,chataigne,0.0965,7005
2025_Conforme_2_Cam_T_5_193.jpg,chataigne,0.225,16753
2025_Conforme_2_Cam_T_5_194.jpg,chataigne,0.2234,15038
2025_Conforme_2_Cam_T_5_195.jpg,vide,0.0035,24
2025_Conforme_2_Cam_T_5_196.jpg,chataigne,0.363,26801
2025_Conforme_2_Cam_T_5_197.jpg,chataigne,0.2748,21522
2025_Conforme_2_Cam_T_5_198.jpg,chataigne,0.3246,22934
2025_Conforme_2_Cam_T_5_199.jpg,chataigne,0.3618,27058
2025_Conforme_2_Cam_T_5_2.jpg,vide,0.0014,12
2025_Conforme_2_Cam_T_5_20.jpg,vide,0.0023,18
2025_Conforme_2_Cam_T_5_200.jpg,chataigne,0.1291,10084
2025_Conforme_2_Cam_T_5_201.jpg,chataigne,0.3807,26083
2025_Conforme_2_Cam_T_5_202.jpg,chunks,0.1085,7421
2025_Conforme_2_Cam_T_5_203.jpg,chataigne,0.3438,27121
2025_Conforme_2_Cam_T_5_204.jpg,chataigne,0.2641,21074
2025_Conforme_2_Cam_T_5_205.jpg,chataigne,0.3071,24167
2025_Conforme_2_Cam_T_5_206.jpg,chataigne,0.3161,21666
2025_Conforme_2_Cam_T_5_207.jpg,chataigne,0.3291,26353
2025_Conforme_2_Cam_T_5_208.jpg,chunks,0.0822,5219
2025_Conforme_2_Cam_T_5_209.jpg,chataigne,0.284,19430
2025_Conforme_2_Cam_T_5_21.jpg,vide,0.0024,14
2025_Conforme_2_Cam_T_5_210.jpg,chataigne,0.2389,16838
2025_Conforme_2_Cam_T_5_211.jpg,chataigne,0.1854,13005
2025_Conforme_2_Cam_T_5_212.jpg,chataigne,0.4017,29092
2025_Conforme_2_Cam_T_5_213.jpg,chataigne,0.2524,18735
2025_Conforme_2_Cam_T_5_214.jpg,chataigne,0.3823,30629
2025_Conforme_2_Cam_T_5_215.jpg,chataigne,0.3609,28742
2025_Conforme_2_Cam_T_5_216.jpg,chataigne,0.3447,27485
2025_Conforme_2_Cam_T_5_217.jpg,chunks,0.1153,8271
2025_Conforme_2_Cam_T_5_218.jpg,vide,0.0002,3
2025_Conforme_2_Cam_T_5_219.jpg,chataigne,0.2732,20275
2025_Conforme_2_Cam_T_5_22.jpg,vide,0.0017,21
2025_Conforme_2_Cam_T_5_220.jpg,chataigne,0.2954,23471
2025_Conforme_2_Cam_T_5_23.jpg,vide,0.0005,9
2025_Conforme_2_Cam_T_5_24.jpg,vide,0.0037,21
2025_Conforme_2_Cam_T_5_25.jpg,vide,0.0038,15
2025_Conforme_2_Cam_T_5_26.jpg,vide,0.0005,11
2025_Conforme_2_Cam_T_5_27.jpg,vide,0.003,14
2025_Conforme_2_Cam_T_5_28.jpg,vide,0.0008,14
2025_Conforme_2_Cam_T_5_29.jpg,vide,0.0027,12
2025_Conforme_2_Cam_T_5_3.jpg,vide,0.0021,18
2025_Conforme_2_Cam_T_5_30.jpg,vide,0.001,11
2025_Conforme_2_Cam_T_5_31.jpg,vide,0.0009,7
2025_Conforme_2_Cam_T_5_32.jpg,vide,0.0012,12
2025_Conforme_2_Cam_T_5_33.jpg,vide,0.0005,7
2025_Conforme_2_Cam_T_5_34.jpg,vide,0.0003,6
2025_Conforme_2_Cam_T_5_35.jpg,vide,0.0009,14
2025_Conforme_2_Cam_T_5_36.jpg,vide,0.0042,29
2025_Conforme_2_Cam_T_5_37.jpg,vide,0.0024,24
2025_Conforme_2_Cam_T_5_38.jpg,vide,0.0016,11
2025_Conforme_2_Cam_T_5_39.jpg,vide,0.001,5
2025_Conforme_2_Cam_T_5_4.jpg,vide,0.0033,11
2025_Conforme_2_Cam_T_5_40.jpg,chataigne,0.2489,17497
2025_Conforme_2_Cam_T_5_41.jpg,vide,0.0022,11
2025_Conforme_2_Cam_T_5_42.jpg,chataigne,0.1357,10008
2025_Conforme_2_Cam_T_5_43.jpg,vide,0.0025,17
2025_Conforme_2_Cam_T_5_44.jpg,chataigne,0.1383,10385
2025_Conforme_2_Cam_T_5_45.jpg,vide,0.0032,13
2025_Conforme_2_Cam_T_5_46.jpg,vide,0.0008,20
2025_Conforme_2_Cam_T_5_47.jpg,chataigne,0.1885,14808
2025_Conforme_2_Cam_T_5_48.jpg,chataigne,0.1028,7029
2025_Conforme_2_Cam_T_5_49.jpg,chataigne,0.2433,11995
2025_Conforme_2_Cam_T_5_5.jpg,vide,0.003,28
2025_Conforme_2_Cam_T_5_50.jpg,vide,0.0015,7
2025_Conforme_2_Cam_T_5_51.jpg,chataigne,0.1656,13141
2025_Conforme_2_Cam_T_5_52.jpg,vide,0.0019,12
2025_Conforme_2_Cam_T_5_53.jpg,chataigne,0.2652,18649
2025_Conforme_2_Cam_T_5_54.jpg,chataigne,0.1093,8653
2025_Conforme_2_Cam_T_5_55.jpg,chataigne,0.3023,21765
2025_Conforme_2_Cam_T_5_56.jpg,chataigne,0.1656,12336
2025_Conforme_2_Cam_T_5_57.jpg,chataigne,0.3194,25183
2025_Conforme_2_Cam_T_5_58.jpg,chataigne,0.4405,33488
2025_Conforme_2_Cam_T_5_59.jpg,chataigne,0.3064,22558
2025_Conforme_2_Cam_T_5_6.jpg,vide,0.0019,17
2025_Conforme_2_Cam_T_5_60.jpg,chataigne,0.3527,26021
2025_Conforme_2_Cam_T_5_61.jpg,vide,0.0012,9
2025_Conforme_2_Cam_T_5_62.jpg,chataigne,0.1773,13812
2025_Conforme_2_Cam_T_5_63.jpg,chataigne,0.3101,22192
2025_Conforme_2_Cam_T_5_64.jpg,chataigne,0.1347,10470
2025_Conforme_2_Cam_T_5_65.jpg,chataigne,0.2782,19034
2025_Conforme_2_Cam_T_5_66.jpg,chataigne,0.3747,29809
2025_Conforme_2_Cam_T_5_67.jpg,chataigne,0.2544,19306
2025_Conforme_2_Cam_T_5_68.jpg,vide,0.002,11
2025_Conforme_2_Cam_T_5_69.jpg,chataigne,0.0735,5220
2025_Conforme_2_Cam_T_5_7.jpg,vide,0.0014,21
2025_Conforme_2_Cam_T_5_70.jpg,chataigne,0.2051,15059
2025_Conforme_2_Cam_T_5_71.jpg,chataigne,0.267,19337
2025_Conforme_2_Cam_T_5_72.jpg,chataigne,0.3385,27134
2025_Conforme_2_Cam_T_5_73.jpg,chataigne,0.2186,17097
2025_Conforme_2_Cam_T_5_74.jpg,chataigne,0.3026,22223
2025_Conforme_2_Cam_T_5_75.jpg,chataigne,0.2862,19519
2025_Conforme_2_Cam_T_5_76.jpg,chataigne,0.3276,25220
2025_Conforme_2_Cam_T_5_77.jpg,chataigne,0.2605,18212
2025_Conforme_2_Cam_T_5_78.jpg,chataigne,0.1499,11117
2025_Conforme_2_Cam_T_5_79.jpg,chataigne,0.155,11979
2025_Conforme_2_Cam_T_5_8.jpg,vide,0.003,12
2025_Conforme_2_Cam_T_5_80.jpg,chataigne,0.2937,21001
2025_Conforme_2_Cam_T_5_81.jpg,chataigne,0.1962,13204
2025_Conforme_2_Cam_T_5_82.jpg,chataigne,0.1003,7043
2025_Conforme_2_Cam_T_5_83.jpg,chataigne,0.3981,27224
2025_Conforme_2_Cam_T_5_84.jpg,multiple,0.3401,23071
2025_Conforme_2_Cam_T_5_85.jpg,chataigne,0.3639,26274
2025_Conforme_2_Cam_T_5_86.jpg,chataigne,0.2915,23188
2025_Conforme_2_Cam_T_5_87.jpg,chataigne,0.2866,22904
2025_Conforme_2_Cam_T_5_88.jpg,chataigne,0.2131,16612
2025_Conforme_2_Cam_T_5_89.jpg,chunks,0.0489,3520
2025_Conforme_2_Cam_T_5_9.jpg,vide,0.0032,17
2025_Conforme_2_Cam_T_5_90.jpg,chataigne,0.2655,20490
2025_Conforme_2_Cam_T_5_91.jpg,chataigne,0.5107,36891
2025_Conforme_2_Cam_T_5_92.jpg,chataigne,0.308,22994
2025_Conforme_2_Cam_T_5_93.jpg,multiple,0.3429,24671
2025_Conforme_2_Cam_T_5_94.jpg,chataigne,0.2454,18105
2025_Conforme_2_Cam_T_5_95.jpg,chataigne,0.2565,20493
2025_Conforme_2_Cam_T_5_96.jpg,chataigne,0.1214,9006
2025_Conforme_2_Cam_T_5_97.jpg,chataigne,0.1883,13944
2025_Conforme_2_Cam_T_5_98.jpg,chataigne,0.3645,28975
2025_Conforme_2_Cam_T_5_99.jpg,chunks,0.0528,3722
2025_Conforme_2_Cam_T_6_0.jpg,chataigne,0.0139,269
2025_Conforme_2_Cam_T_6_1.jpg,vide,0.0061,74
2025_Conforme_2_Cam_T_6_10.jpg,vide,0.0008,9
2025_Conforme_2_Cam_T_6_100.jpg,chunks,0.0467,3279
2025_Conforme_2_Cam_T_6_101.jpg,vide,0.0001,4
2025_Conforme_2_Cam_T_6_102.jpg,chunks,0.1249,9662
2025_Conforme_2_Cam_T_6_103.jpg,chataigne,0.2912,19401
2025_Conforme_2_Cam_T_6_104.jpg,chataigne,0.2963,22848
2025_Conforme_2_Cam_T_6_105.jpg,chataigne,0.1685,12597
2025_Conforme_2_Cam_T_6_106.jpg,vide,0.0018,14
2025_Conforme_2_Cam_T_6_107.jpg,vide,0.001,9
2025_Conforme_2_Cam_T_6_108.jpg,chataigne,0.3165,23013
2025_Conforme_2_Cam_T_6_109.jpg,chataigne,0.2193,15986
2025_Conforme_2_Cam_T_6_11.jpg,vide,0.0008,10
2025_Conforme_2_Cam_T_6_110.jpg,vide,0.0008,6
2025_Conforme_2_Cam_T_6_111.jpg,vide,0.0012,8
2025_Conforme_2_Cam_T_6_112.jpg,chataigne,0.0524,3909
2025_Conforme_2_Cam_T_6_113.jpg,chunks,0.0772,5773
2025_Conforme_2_Cam_T_6_114.jpg,chataigne,0.2258,17946
2025_Conforme_2_Cam_T_6_115.jpg,chunks,0.0513,2637
2025_Conforme_2_Cam_T_6_116.jpg,chataigne,0.1686,12966
2025_Conforme_2_Cam_T_6_117.jpg,chataigne,0.2369,18761
2025_Conforme_2_Cam_T_6_118.jpg,chataigne,0.3352,24984
2025_Conforme_2_Cam_T_6_119.jpg,vide,0.0029,48
2025_Conforme_2_Cam_T_6_12.jpg,vide,0.0005,5
2025_Conforme_2_Cam_T_6_120.jpg,chataigne,0.2937,22952
2025_Conforme_2_Cam_T_6_121.jpg,vide,0.0004,7
2025_Conforme_2_Cam_T_6_122.jpg,chataigne,0.2325,18631
2025_Conforme_2_Cam_T_6_123.jpg,chataigne,0.2407,17768
2025_Conforme_2_Cam_T_6_124.jpg,chunks,0.1108,8200
2025_Conforme_2_Cam_T_6_125.jpg,chunks,0.0736,4144
2025_Conforme_2_Cam_T_6_126.jpg,chataigne,0.1474,11538
2025_Conforme_2_Cam_T_6_127.jpg,chataigne,0.3007,23589
2025_Conforme_2_Cam_T_6_128.jpg,vide,0.0018,13
2025_Conforme_2_Cam_T_6_129.jpg,vide,0.0018,9
2025_Conforme_2_Cam_T_6_13.jpg,vide,0.001,8
2025_Conforme_2_Cam_T_6_130.jpg,chataigne,0.1072,8285
2025_Conforme_2_Cam_T_6_131.jpg,vide,0.0033,47
2025_Conforme_2_Cam_T_6_132.jpg,chataigne,0.13,9129
2025_Conforme_2_Cam_T_6_133.jpg,vide,0.0036,37
2025_Conforme_2_Cam_T_6_134.jpg,chataigne,0.0979,6262
2025_Conforme_2_Cam_T_6_135.jpg,chataigne,0.2023,14143
2025_Conforme_2_Cam_T_6_136.jpg,vide,0.0007,17
2025_Conforme_2_Cam_T_6_137.jpg,vide,0.0007,8
2025_Conforme_2_Cam_T_6_138.jpg,vide,0.0012,20
2025_Conforme_2_Cam_T_6_139.jpg,vide,0.0047,38
2025_Conforme_2_Cam_T_6_14.jpg,vide,0.0002,8
2025_Conforme_2_Cam_T_6_140.jpg,vide,0.0011,6
2025_Conforme_2_Cam_T_6_141.jpg,chataigne,0.231,18128
2025_Conforme_2_Cam_T_6_142.jpg,multiple,0.2186,8199
2025_Conforme_2_Cam_T_6_143.jpg,multiple,0.1699,12034
2025_Conforme_2_Cam_T_6_144.jpg,chataigne,0.1305,10062
2025_Conforme_2_Cam_T_6_145.jpg,chataigne,0.22,17300
2025_Conforme_2_Cam_T_6_146.jpg,chataigne,0.2687,21405
2025_Conforme_2_Cam_T_6_147.jpg,chataigne,0.25,19155
2025_Conforme_2_Cam_T_6_148.jpg,chataigne,0.3743,29817
2025_Conforme_2_Cam_T_6_149.jpg,chataigne,0.3023,22965
2025_Conforme_2_Cam_T_6_15.jpg,vide,0.0003,7
2025_Conforme_2_Cam_T_6_150.jpg,chunks,0.0391,2722
2025_Conforme_2_Cam_T_6_151.jpg,chunks,0.0352,1352
2025_Conforme_2_Cam_T_6_152.jpg,chunks,0.0619,4154
2025_Conforme_2_Cam_T_6_153.jpg,chataigne,0.1832,13343
2025_Conforme_2_Cam_T_6_154.jpg,vide,0.0026,34
2025_Conforme_2_Cam_T_6_155.jpg,chunks,0.0483,3433
2025_Conforme_2_Cam_T_6_156.jpg,chataigne,0.1589,10386
2025_Conforme_2_Cam_T_6_157.jpg,chataigne,0.2689,21459
2025_Conforme_2_Cam_T_6_158.jpg,vide,0.002,16
2025_Conforme_2_Cam_T_6_159.jpg,vide,0.0026,30
2025_Conforme_2_Cam_T_6_16.jpg,vide,0.0007,5
2025_Conforme_2_Cam_T_6_160.jpg,chunks,0.0707,5090
2025_Conforme_2_Cam_T_6_161.jpg,chataigne,0.2925,19151
2025_Conforme_2_Cam_T_6_162.jpg,vide,0.002,17
2025_Conforme_2_Cam_T_6_163.jpg,vide,0.0016,13
2025_Conforme_2_Cam_T_6_164.jpg,chataigne,0.0264,676
2025_Conforme_2_Cam_T_6_165.jpg,chataigne,0.031,1601
2025_Conforme_2_Cam_T_6_166.jpg,chataigne,0.2816,20098
2025_Conforme_2_Cam_T_6_167.jpg,chataigne,0.3091,24672
2025_Conforme_2_Cam_T_6_168.jpg,chataigne,0.1231,9413
2025_Conforme_2_Cam_T_6_169.jpg,chataigne,0.2862,22765
2025_Conforme_2_Cam_T_6_17.jpg,vide,0.0023,16
2025_Conforme_2_Cam_T_6_170.jpg,chataigne,0.1634,12236
2025_Conforme_2_Cam_T_6_171.jpg,chataigne,0.2815,18549
2025_Conforme_2_Cam_T_6_172.jpg,chataigne,0.448,34500
2025_Conforme_2_Cam_T_6_174.jpg,chataigne,0.1278,9645
2025_Conforme_2_Cam_T_6_175.jpg,chataigne,0.1363,10011
2025_Conforme_2_Cam_T_6_176.jpg,chataigne,0.2454,17673
2025_Conforme_2_Cam_T_6_177.jpg,chataigne,0.2552,20029
2025_Conforme_2_Cam_T_6_178.jpg,vide,0.0009,6
2025_Conforme_2_Cam_T_6_179.jpg,chunks,0.0065,65
2025_Conforme_2_Cam_T_6_18.jpg,vide,0.0019,25
2025_Conforme_2_Cam_T_6_180.jpg,chataigne,0.2006,14902
2025_Conforme_2_Cam_T_6_181.jpg,chataigne,0.2426,17951
2025_Conforme_2_Cam_T_6_182.jpg,vide,0.0032,19
2025_Conforme_2_Cam_T_6_183.jpg,chataigne,0.2827,21337
2025_Conforme_2_Cam_T_6_184.jpg,chunks,0.1049,7235
2025_Conforme_2_Cam_T_6_185.jpg,chataigne,0.0969,7433
2025_Conforme_2_Cam_T_6_186.jpg,chataigne,0.3067,24217
2025_Conforme_2_Cam_T_6_187.jpg,vide,0.0005,4
2025_Conforme_2_Cam_T_6_188.jpg,chataigne,0.3918,29774
2025_Conforme_2_Cam_T_6_189.jpg,chataigne,0.1931,14352
2025_Conforme_2_Cam_T_6_19.jpg,vide,0.0005,10
2025_Conforme_2_Cam_T_6_190.jpg,vide,0.0031,40
2025_Conforme_2_Cam_T_6_191.jpg,chataigne,0.3056,23807
2025_Conforme_2_Cam_T_6_192.jpg,chataigne,0.1049,6559
2025_Conforme_2_Cam_T_6_193.jpg,chataigne,0.1026,6759
2025_Conforme_2_Cam_T_6_194.jpg,vide,0.0026,18
2025_Conforme_2_Cam_T_6_195.jpg,vide,0.002,16
2025_Conforme_2_Cam_T_6_196.jpg,vide,0.003,21
2025_Conforme_2_Cam_T_6_197.jpg,chataigne,0.2457,18710
2025_Conforme_2_Cam_T_6_198.jpg,chataigne,0.1646,12775
2025_Conforme_2_Cam_T_6_199.jpg,chataigne,0.2665,20426
2025_Conforme_2_Cam_T_6_2.jpg,chataigne,0.0101,91
2025_Conforme_2_Cam_T_6_20.jpg,vide,0.0012,10
2025_Conforme_2_Cam_T_6_200.jpg,vide,0.0009,6
2025_Conforme_2_Cam_T_6_201.jpg,chataigne,0.1446,11113
2025_Conforme_2_Cam_T_6_202.jpg,chataigne,0.2508,17955
2025_Conforme_2_Cam_T_6_203.jpg,chataigne,0.2317,18166
2025_Conforme_2_Cam_T_6_204.jpg,chataigne,0.1161,9031
2025_Conforme_2_Cam_T_6_205.jpg,vide,0.0008,24
2025_Conforme_2_Cam_T_6_206.jpg,chataigne,0.3169,25308
2025_Conforme_2_Cam_T_6_207.jpg,chataigne,0.3712,29671
2025_Conforme_2_Cam_T_6_208.jpg,chataigne,0.164,11078
2025_Conforme_2_Cam_T_6_209.jpg,vide,0.0006,6
2025_Conforme_2_Cam_T_6_21.jpg,vide,0.002,11
2025_Conforme_2_Cam_T_6_210.jpg,chataigne,0.1532,11413
2025_Conforme_2_Cam_T_6_211.jpg,chataigne,0.2107,16154
2025_Conforme_2_Cam_T_6_212.jpg,vide,0.0013,10
2025_Conforme_2_Cam_T_6_213.jpg,chunks,0.0462,3557
2025_Conforme_2_Cam_T_6_214.jpg,chataigne,0.1161,9016
2025_Conforme_2_Cam_T_6_215.jpg,chataigne,0.3238,25514
2025_Conforme_2_Cam_T_6_216.jpg,chunks,0.0411,2907
2025_Conforme_2_Cam_T_6_217.jpg,chataigne,0.2608,19575
2025_Conforme_2_Cam_T_6_218.jpg,chataigne,0.139,9051
2025_Conforme_2_Cam_T_6_219.jpg,chataigne,0.2295,17918
2025_Conforme_2_Cam_T_6_22.jpg,chataigne,0.3638,28996
2025_Conforme_2_Cam_T_6_220.jpg,chataigne,0.1467,11288
2025_Conforme_2_Cam_T_6_221.jpg,chataigne,0.1569,10163
2025_Conforme_2_Cam_T_6_222.jpg,vide,0.0005,11
2025_Conforme_2_Cam_T_6_223.jpg,chataigne,0.2568,19190
2025_Conforme_2_Cam_T_6_224.jpg,chataigne,0.2854,22820
2025_Conforme_2_Cam_T_6_225.jpg,chataigne,0.272,21265
2025_Conforme_2_Cam_T_6_226.jpg,chataigne,0.3855,29777
2025_Conforme_2_Cam_T_6_23.jpg,vide,0.0011,6
2025_Conforme_2_Cam_T_6_24.jpg,vide,0.0014,10
2025_Conforme_2_Cam_T_6_25.jpg,vide,0.0011,8
2025_Conforme_2_Cam_T_6_26.jpg,vide,0.0016,8
2025_Conforme_2_Cam_T_6_27.jpg,vide,0.004,36
2025_Conforme_2_Cam_T_6_28.jpg,vide,0.0019,10
2025_Conforme_2_Cam_T_6_29.jpg,vide,0.0028,16
2025_Conforme_2_Cam_T_6_3.jpg,vide,0.0046,47
2025_Conforme_2_Cam_T_6_30.jpg,vide,0.0016,11
2025_Conforme_2_Cam_T_6_31.jpg,vide,0.0015,12
2025_Conforme_2_Cam_T_6_32.jpg,vide,0.002,17
2025_Conforme_2_Cam_T_6_33.jpg,vide,0.0015,9
2025_Conforme_2_Cam_T_6_34.jpg,vide,0.0027,15
2025_Conforme_2_Cam_T_6_35.jpg,chataigne,0.2488,19478
2025_Conforme_2_Cam_T_6_36.jpg,chataigne,0.0091,119
2025_Conforme_2_Cam_T_6_37.jpg,vide,0.0033,20
2025_Conforme_2_Cam_T_6_38.jpg,chataigne,0.0107,93
2025_Conforme_2_Cam_T_6_39.jpg,chataigne,0.1433,10894
2025_Conforme_2_Cam_T_6_4.jpg,chataigne,0.0123,97
2025_Conforme_2_Cam_T_6_40.jpg,multiple,0.3117,22964
2025_Conforme_2_Cam_T_6_41.jpg,chataigne,0.0124,228
2025_Conforme_2_Cam_T_6_42.jpg,vide,0.0086,59
2025_Conforme_2_Cam_T_6_43.jpg,chataigne,0.287,22598
2025_Conforme_2_Cam_T_6_44.jpg,chataigne,0.2042,12371
2025_Conforme_2_Cam_T_6_45.jpg,vide,0.012,129
2025_Conforme_2_Cam_T_6_46.jpg,vide,0.0104,100
2025_Conforme_2_Cam_T_6_47.jpg,chataigne,0.183,13896
2025_Conforme_2_Cam_T_6_48.jpg,vide,0.0094,50
2025_Conforme_2_Cam_T_6_49.jpg,chataigne,0.155,10912
2025_Conforme_2_Cam_T_6_5.jpg,vide,0.0113,190
2025_Conforme_2_Cam_T_6_50.jpg,chataigne,0.1388,10505
2025_Conforme_2_Cam_T_6_51.jpg,chataigne,0.1754,11318
2025_Conforme_2_Cam_T_6_52.jpg,chataigne,0.2175,15332
2025_Conforme_2_Cam_T_6_53.jpg,chataigne,0.247,17311
2025_Conforme_2_Cam_T_6_54.jpg,vide,0.003,19
2025_Conforme_2_Cam_T_6_55.jpg,vide,0.002,17
2025_Conforme_2_Cam_T_6_56.jpg,chataigne,0.1605,10674
2025_Conforme_2_Cam_T_6_57.jpg,chataigne,0.2227,16609
2025_Conforme_2_Cam_T_6_58.jpg,vide,0.0027,25
2025_Conforme_2_Cam_T_6_59.jpg,chataigne,0.1071,6806
2025_Conforme_2_Cam_T_6_6.jpg,vide,0.008,76
2025_Conforme_2_Cam_T_6_60.jpg,chataigne,0.2744,19365
2025_Conforme_2_Cam_T_6_61.jpg,vide,0.004,37
2025_Conforme_2_Cam_T_6_62.jpg,chataigne,0.2437,16020
2025_Conforme_2_Cam_T_6_63.jpg,chataigne,0.1445,9923
2025_Conforme_2_Cam_T_6_64.jpg,chataigne,0.1126,5613
2025_Conforme_2_Cam_T_6_65.jpg,chataigne,0.2039,14348
2025_Conforme_2_Cam_T_6_66.jpg,chataigne,0.3325,25202
2025_Conforme_2_Cam_T_6_67.jpg,chataigne,0.3184,24161
2025_Conforme_2_Cam_T_6_68.jpg,vide,0.0011,8
2025_Conforme_2_Cam_T_6_69.jpg,vide,0.002,16
2025_Conforme_2_Cam_T_6_7.jpg,vide,0.0019,11
2025_Conforme_2_Cam_T_6_70.jpg,vide,0.0035,24
2025_Conforme_2_Cam_T_6_71.jpg,chataigne,0.1323,10334
2025_Conforme_2_Cam_T_6_72.jpg,multiple,0.2687,17901
2025_Conforme_2_Cam_T_6_73.jpg,vide,0.0012,13
2025_Conforme_2_Cam_T_6_74.jpg,chataigne,0.1102,8425
2025_Conforme_2_Cam_T_6_75.jpg,chataigne,0.3193,25281
2025_Conforme_2_Cam_T_6_76.jpg,chataigne,0.1914,14971
2025_Conforme_2_Cam_T_6_77.jpg,chataigne,0.1818,14184
2025_Conforme_2_Cam_T_6_78.jpg,chataigne,0.2985,20070
2025_Conforme_2_Cam_T_6_79.jpg,chataigne,0.2878,21649
2025_Conforme_2_Cam_T_6_8.jpg,vide,0.0024,15
2025_Conforme_2_Cam_T_6_80.jpg,chataigne,0.1606,9925
2025_Conforme_2_Cam_T_6_81.jpg,chataigne,0.2849,21766
2025_Conforme_2_Cam_T_6_82.jpg,vide,0.0013,10
2025_Conforme_2_Cam_T_6_83.jpg,vide,0.0016,17
2025_Conforme_2_Cam_T_6_84.jpg,chataigne,0.3114,22581
2025_Conforme_2_Cam_T_6_85.jpg,chataigne,0.3057,23165
2025_Conforme_2_Cam_T_6_86.jpg,chataigne,0.2749,18177
2025_Conforme_2_Cam_T_6_87.jpg,chunks,0.0985,7812
2025_Conforme_2_Cam_T_6_88.jpg,chunks,0.0868,5619
2025_Conforme_2_Cam_T_6_89.jpg,chataigne,0.039,1168
2025_Conforme_2_Cam_T_6_9.jpg,vide,0.0013,16
2025_Conforme_2_Cam_T_6_90.jpg,vide,0.0012,13
2025_Conforme_2_Cam_T_6_91.jpg,chataigne,0.1956,14584
2025_Conforme_2_Cam_T_6_92.jpg,chunks,0.0909,6261
2025_Conforme_2_Cam_T_6_93.jpg,chataigne,0.1677,13037
2025_Conforme_2_Cam_T_6_94.jpg,chataigne,0.1152,8408
2025_Conforme_2_Cam_T_6_95.jpg,chunks,0.1182,8353
2025_Conforme_2_Cam_T_6_96.jpg,chataigne,0.1975,15664
2025_Conforme_2_Cam_T_6_97.jpg,chataigne,0.2115,16362
2025_Conforme_2_Cam_T_6_98.jpg,vide,0.0006,14
2025_Conforme_2_Cam_T_6_99.jpg,chataigne,0.1159,8749
