filename,year,batch_num,cam_position,cam_num,sample_num,label_filename,label_principal,multiple,chunk,mixed_quality,group_top_count,group_bottom_count,unpaired_reason,pairing_method,pairing_status
2025_Conforme_1_Cam_B_1_372.jpg,2025,1,B,1,372,Conforme,Conforme,False,False,False,0,1,bottom_only,historical_namespace,unpaired
2025_Conforme_1_Cam_B_1_373.jpg,2025,1,B,1,373,Conforme,Vide,False,False,False,0,1,bottom_only,historical_namespace,unpaired
2025_Conforme_1_Cam_B_1_374.jpg,2025,1,B,1,374,Conforme,Vide,False,False,False,0,1,bottom_only,historical_namespace,unpaired
2025_Conforme_1_Cam_B_1_375.jpg,2025,1,B,1,375,Conforme,Vide,False,False,False,0,1,bottom_only,historical_namespace,unpaired
2025_Conforme_1_Cam_B_1_376.jpg,2025,1,B,1,376,Conforme,Conforme,False,False,False,0,1,bottom_only,historical_namespace,unpaired
2025_Conforme_1_Cam_B_1_377.jpg,2025,1,B,1,377,Conforme,Conforme,False,False,False,0,1,bottom_only,historical_namespace,unpaired
2025_Conforme_1_Cam_B_1_378.jpg,2025,1,B,1,378,Conforme,Conforme,False,False,False,0,1,bottom_only,historical_namespace,unpaired
2025_Conforme_1_Cam_B_1_379.jpg,2025,1,B,1,379,Conforme,Vide,False,False,False,0,1,bottom_only,historical_namespace,unpaired
2025_Conforme_1_Cam_B_1_380.jpg,2025,1,B,1,380,Conforme,Conforme,False,False,False,0,1,bottom_only,historical_namespace,unpaired
2025_Conforme_1_Cam_B_1_381.jpg,2025,1,B,1,381,Conforme,Conforme,False,False,False,0,1,bottom_only,historical_namespace,unpaired
2025_Conforme_1_Cam_B_1_382.jpg,2025,1,B,1,382,Conforme,Vide,False,False,False,0,1,bottom_only,historical_namespace,unpaired
2025_Conforme_1_Cam_B_1_383.jpg,2025,1,B,1,383,Conforme,Vide,False,False,False,0,1,bottom_only,historical_namespace,unpaired
2025_Conforme_1_Cam_B_1_384.jpg,2025,1,B,1,384,Conforme,Vide,False,False,False,0,1,bottom_only,historical_namespace,unpaired
2025_Conforme_1_Cam_B_1_385.jpg,2025,1,B,1,385,Conforme,Conforme,False,False,False,0,1,bottom_only,historical_namespace,unpaired
2025_Conforme_1_Cam_B_1_386.jpg,2025,1,B,1,386,Conforme,Vide,False,False,False,0,1,bottom_only,historical_namespace,unpaired
2025_Conforme_1_Cam_B_1_387.jpg,2025,1,B,1,387,Conforme,Conforme,False,False,False,0,1,bottom_only,historical_namespace,unpaired
2025_Conforme_1_Cam_B_1_388.jpg,2025,1,B,1,388,Conforme,Conforme,False,False,False,0,1,bottom_only,historical_namespace,unpaired
2025_Conforme_1_Cam_B_1_389.jpg,2025,1,B,1,389,Conforme,Conforme,False,False,False,0,1,bottom_only,historical_namespace,unpaired
2025_Conforme_1_Cam_B_1_390.jpg,2025,1,B,1,390,Conforme,Vide,False,False,False,0,1,bottom_only,historical_namespace,unpaired
2025_Conforme_1_Cam_B_1_391.jpg,2025,1,B,1,391,Conforme,Conforme,False,False,False,0,1,bottom_only,historical_namespace,unpaired
2025_Conforme_1_Cam_B_1_392.jpg,2025,1,B,1,392,Conforme,Conforme,False,False,False,0,1,bottom_only,historical_namespace,unpaired
2025_Conforme_1_Cam_B_1_393.jpg,2025,1,B,1,393,Conforme,Conforme,False,False,False,0,1,bottom_only,historical_namespace,unpaired
2025_Conforme_1_Cam_B_1_394.jpg,2025,1,B,1,394,Conforme,Conforme,False,False,False,0,1,bottom_only,historical_namespace,unpaired
2025_Conforme_1_Cam_B_1_395.jpg,2025,1,B,1,395,Conforme,Conforme,False,False,False,0,1,bottom_only,historical_namespace,unpaired
2025_Conforme_1_Cam_B_1_396.jpg,2025,1,B,1,396,Conforme,Conforme,False,False,False,0,1,bottom_only,historical_namespace,unpaired
2025_Conforme_1_Cam_B_1_397.jpg,2025,1,B,1,397,Conforme,Conforme,False,False,False,0,1,bottom_only,historical_namespace,unpaired
2025_Conforme_1_Cam_B_1_398.jpg,2025,1,B,1,398,Conforme,Conforme,False,False,False,0,1,bottom_only,historical_namespace,unpaired
2025_Conforme_1_Cam_B_1_399.jpg,2025,1,B,1,399,Conforme,Conforme,False,False,False,0,1,bottom_only,historical_namespace,unpaired
2025_Conforme_1_Cam_B_1_400.jpg,2025,1,B,1,400,Conforme,Vide,False,False,False,0,1,bottom_only,historical_namespace,unpaired
2025_Conforme_1_Cam_B_1_401.jpg,2025,1,B,1,401,Conforme,Conforme,False,False,False,0,1,bottom_only,historical_namespace,unpaired
2025_Conforme_1_Cam_B_1_402.jpg,2025,1,B,1,402,Conforme,Conforme,False,False,False,0,1,bottom_only,historical_namespace,unpaired
2025_Conforme_1_Cam_B_1_403.jpg,2025,1,B,1,403,Conforme,Conforme,False,False,False,0,1,bottom_only,historical_namespace,unpaired
2025_Conforme_1_Cam_B_1_404.jpg,2025,1,B,1,404,Conforme,Conforme,False,False,False,0,1,bottom_only,historical_namespace,unpaired
2025_Conforme_1_Cam_B_1_405.jpg,2025,1,B,1,405,Conforme,Conforme,False,False,False,0,1,bottom_only,historical_namespace,unpaired
2025_Conforme_1_Cam_B_1_406.jpg,2025,1,B,1,406,Conforme,Conforme,False,False,False,0,1,bottom_only,historical_namespace,unpaired
2025_Conforme_1_Cam_B_1_407.jpg,2025,1,B,1,407,Conforme,Conforme,False,False,False,0,1,bottom_only,historical_namespace,unpaired
2025_Conforme_1_Cam_B_1_408.jpg,2025,1,B,1,408,Conforme,Conforme,False,False,False,0,1,bottom_only,historical_namespace,unpaired
2025_Conforme_1_Cam_B_1_409.jpg,2025,1,B,1,409,Conforme,Vide,False,False,False,0,1,bottom_only,historical_namespace,unpaired
2025_Conforme_1_Cam_B_1_410.jpg,2025,1,B,1,410,Conforme,Conforme,False,False,False,0,1,bottom_only,historical_namespace,unpaired
2025_Conforme_1_Cam_B_1_411.jpg,2025,1,B,1,411,Conforme,Conforme,False,False,False,0,1,bottom_only,historical_namespace,unpaired
2025_Conforme_1_Cam_B_1_412.jpg,2025,1,B,1,412,Conforme,Conforme,False,False,False,0,1,bottom_only,historical_namespace,unpaired
2025_Conforme_1_Cam_B_1_413.jpg,2025,1,B,1,413,Conforme,Conforme,False,False,False,0,1,bottom_only,historical_namespace,unpaired
2025_Conforme_1_Cam_B_1_414.jpg,2025,1,B,1,414,Conforme,Conforme,False,False,False,0,1,bottom_only,historical_namespace,unpaired
2025_Conforme_1_Cam_B_1_415.jpg,2025,1,B,1,415,Conforme,Conforme,False,False,False,0,1,bottom_only,historical_namespace,unpaired
2025_Conforme_1_Cam_B_1_416.jpg,2025,1,B,1,416,Conforme,Vide,False,False,False,0,1,bottom_only,historical_namespace,unpaired
2025_Conforme_1_Cam_B_1_417.jpg,2025,1,B,1,417,Conforme,Conforme,False,False,False,0,1,bottom_only,historical_namespace,unpaired
2025_Conforme_1_Cam_B_1_418.jpg,2025,1,B,1,418,Conforme,Conforme,False,False,False,0,1,bottom_only,historical_namespace,unpaired
2025_Conforme_1_Cam_B_1_419.jpg,2025,1,B,1,419,Conforme,Vide,False,False,False,0,1,bottom_only,historical_namespace,unpaired
2025_Conforme_1_Cam_B_1_420.jpg,2025,1,B,1,420,Conforme,Conforme,True,False,False,0,1,bottom_only,historical_namespace,unpaired
2025_Conforme_1_Cam_B_2_386.jpg,2025,1,B,2,386,Conforme,Conforme,False,False,False,0,1,bottom_only,historical_namespace,unpaired
2025_Conforme_1_Cam_B_2_387.jpg,2025,1,B,2,387,Conforme,Conforme,False,False,False,0,1,bottom_only,historical_namespace,unpaired
2025_Conforme_1_Cam_B_2_388.jpg,2025,1,B,2,388,Conforme,Vide,False,False,False,0,1,bottom_only,historical_namespace,unpaired
2025_Conforme_1_Cam_B_2_389.jpg,2025,1,B,2,389,Conforme,Conforme,False,False,False,0,1,bottom_only,historical_namespace,unpaired
2025_Conforme_1_Cam_B_2_390.jpg,2025,1,B,2,390,Conforme,Conforme,False,False,False,0,1,bottom_only,historical_namespace,unpaired
2025_Conforme_1_Cam_B_2_391.jpg,2025,1,B,2,391,Conforme,Conforme,False,False,False,0,1,bottom_only,historical_namespace,unpaired
2025_Conforme_1_Cam_B_2_392.jpg,2025,1,B,2,392,Conforme,Conforme,False,False,False,0,1,bottom_only,historical_namespace,unpaired
2025_Conforme_1_Cam_B_2_393.jpg,2025,1,B,2,393,Conforme,Conforme,False,False,False,0,1,bottom_only,historical_namespace,unpaired
2025_Conforme_1_Cam_B_2_394.jpg,2025,1,B,2,394,Conforme,Conforme,False,False,False,0,1,bottom_only,historical_namespace,unpaired
2025_Conforme_1_Cam_B_2_395.jpg,2025,1,B,2,395,Conforme,Vide,False,False,False,0,1,bottom_only,historical_namespace,unpaired
2025_Conforme_1_Cam_B_2_396.jpg,2025,1,B,2,396,Conforme,Conforme,False,False,False,0,1,bottom_only,historical_namespace,unpaired
2025_Conforme_1_Cam_B_2_397.jpg,2025,1,B,2,397,Conforme,Conforme,False,False,False,0,1,bottom_only,historical_namespace,unpaired
2025_Conforme_1_Cam_B_2_398.jpg,2025,1,B,2,398,Conforme,Conforme,False,False,False,0,1,bottom_only,historical_namespace,unpaired
2025_Conforme_1_Cam_B_2_399.jpg,2025,1,B,2,399,Conforme,Vide,False,False,False,0,1,bottom_only,historical_namespace,unpaired
2025_Conforme_1_Cam_B_2_400.jpg,2025,1,B,2,400,Conforme,Conforme,False,False,False,0,1,bottom_only,historical_namespace,unpaired
2025_Conforme_1_Cam_B_2_401.jpg,2025,1,B,2,401,Conforme,Conforme,False,False,False,0,1,bottom_only,historical_namespace,unpaired
2025_Conforme_1_Cam_B_2_402.jpg,2025,1,B,2,402,Conforme,Conforme,True,False,False,0,1,bottom_only,historical_namespace,unpaired
2025_Conforme_1_Cam_B_2_403.jpg,2025,1,B,2,403,Conforme,Conforme,False,False,False,0,1,bottom_only,historical_namespace,unpaired
2025_Conforme_1_Cam_B_2_404.jpg,2025,1,B,2,404,Conforme,Conforme,False,False,False,0,1,bottom_only,historical_namespace,unpaired
2025_Conforme_1_Cam_B_2_405.jpg,2025,1,B,2,405,Conforme,Conforme,False,False,False,0,1,bottom_only,historical_namespace,unpaired
2025_Conforme_1_Cam_B_2_406.jpg,2025,1,B,2,406,Conforme,Conforme,True,False,False,0,1,bottom_only,historical_namespace,unpaired
2025_Conforme_1_Cam_B_3_494.jpg,2025,1,B,3,494,Conforme,Conforme,False,False,False,0,1,bottom_only,historical_namespace,unpaired
2025_Conforme_1_Cam_B_6_167.jpg,2025,1,B,6,167,Conforme,Conforme,False,True,False,0,1,bottom_only,historical_namespace,unpaired
2025_Conforme_1_Cam_B_6_171.jpg,2025,1,B,6,171,Conforme,Conforme,False,False,False,0,1,bottom_only,historical_namespace,unpaired
2025_Conforme_1_Cam_B_6_209.jpg,2025,1,B,6,209,Conforme,Conforme,False,True,False,0,1,bottom_only,historical_namespace,unpaired
2025_Conforme_1_Cam_B_6_246.jpg,2025,1,B,6,246,Conforme,Conforme,False,False,False,0,1,bottom_only,historical_namespace,unpaired
2025_Conforme_1_Cam_B_6_248.jpg,2025,1,B,6,248,Conforme,Conforme,False,False,False,0,1,bottom_only,historical_namespace,unpaired
2025_Conforme_1_Cam_B_6_259.jpg,2025,1,B,6,259,Conforme,Conforme,False,False,False,0,1,bottom_only,historical_namespace,unpaired
2025_Conforme_1_Cam_B_6_287.jpg,2025,1,B,6,287,Conforme,Conforme,False,False,False,0,1,bottom_only,historical_namespace,unpaired
2025_Conforme_1_Cam_B_6_302.jpg,2025,1,B,6,302,Conforme,Conforme,False,True,False,0,1,bottom_only,historical_namespace,unpaired
2025_Conforme_1_Cam_B_6_317.jpg,2025,1,B,6,317,Conforme,Conforme,False,True,False,0,1,bottom_only,historical_namespace,unpaired
2025_Conforme_1_Cam_B_6_327.jpg,2025,1,B,6,327,Conforme,Conforme,False,True,False,0,1,bottom_only,historical_namespace,unpaired
2025_Conforme_1_Cam_B_6_335.jpg,2025,1,B,6,335,Conforme,Conforme,False,True,False,0,1,bottom_only,historical_namespace,unpaired
2025_Conforme_1_Cam_B_6_400.jpg,2025,1,B,6,400,Conforme,Conforme,False,False,False,0,1,bottom_only,historical_namespace,unpaired
2025_Conforme_1_Cam_T_3_524.jpg,2025,1,T,3,524,Conforme,Conforme,False,False,False,1,0,top_only,historical_namespace,unpaired
2025_Conforme_1_Cam_T_3_525.jpg,2025,1,T,3,525,Conforme,Conforme,False,False,False,1,0,top_only,historical_namespace,unpaired
2025_Conforme_1_Cam_T_3_526.jpg,2025,1,T,3,526,Conforme,Conforme,False,False,False,1,0,top_only,historical_namespace,unpaired
2025_Conforme_1_Cam_T_3_527.jpg,2025,1,T,3,527,Conforme,Conforme,False,False,False,1,0,top_only,historical_namespace,unpaired
2025_Conforme_1_Cam_T_3_528.jpg,2025,1,T,3,528,Conforme,Conforme,True,False,False,1,0,top_only,historical_namespace,unpaired
2025_Conforme_1_Cam_T_3_529.jpg,2025,1,T,3,529,Conforme,Conforme,True,False,False,1,0,top_only,historical_namespace,unpaired
2025_Conforme_1_Cam_T_4_101.jpg,2025,1,T,4,101,Conforme,Conforme,True,False,False,1,0,top_only,historical_namespace,unpaired
2025_Conforme_1_Cam_T_4_11.jpg,2025,1,T,4,11,Conforme,Vide,False,False,False,1,0,top_only,historical_namespace,unpaired
2025_Conforme_1_Cam_T_4_113.jpg,2025,1,T,4,113,Conforme,Conforme,True,False,False,1,0,top_only,historical_namespace,unpaired
2025_Conforme_1_Cam_T_4_12.jpg,2025,1,T,4,12,Conforme,Vide,False,False,False,1,0,top_only,historical_namespace,unpaired
2025_Conforme_1_Cam_T_4_130.jpg,2025,1,T,4,130,Conforme,Conforme,False,True,False,1,0,top_only,historical_namespace,unpaired
2025_Conforme_1_Cam_T_4_136.jpg,2025,1,T,4,136,Conforme,Conforme,True,True,False,1,0,top_only,historical_namespace,unpaired
2025_Conforme_1_Cam_T_4_14.jpg,2025,1,T,4,14,Conforme,Vide,False,False,False,1,0,top_only,historical_namespace,unpaired
2025_Conforme_1_Cam_T_4_15.jpg,2025,1,T,4,15,Conforme,Vide,False,False,False,1,0,top_only,historical_namespace,unpaired
2025_Conforme_1_Cam_T_4_16.jpg,2025,1,T,4,16,Conforme,Vide,False,False,False,1,0,top_only,historical_namespace,unpaired
2025_Conforme_1_Cam_T_4_17.jpg,2025,1,T,4,17,Conforme,Vide,False,False,False,1,0,top_only,historical_namespace,unpaired
2025_Conforme_1_Cam_T_4_18.jpg,2025,1,T,4,18,Conforme,Vide,False,False,False,1,0,top_only,historical_namespace,unpaired
2025_Conforme_1_Cam_T_4_215.jpg,2025,1,T,4,215,Conforme,Conforme,False,True,False,1,0,top_only,historical_namespace,unpaired
2025_Conforme_1_Cam_T_4_216.jpg,2025,1,T,4,216,Conforme,Conforme,False,True,False,1,0,top_only,historical_namespace,unpaired
2025_Conforme_1_Cam_T_4_27.jpg,2025,1,T,4,27,Conforme,Vide,False,False,False,1,0,top_only,historical_namespace,unpaired
2025_Conforme_1_Cam_T_4_30.jpg,2025,1,T,4,30,Conforme,Vide,False,False,False,1,0,top_only,historical_namespace,unpaired
2025_Conforme_1_Cam_T_4_38.jpg,2025,1,T,4,38,Conforme,Conforme,False,False,False,1,0,top_only,historical_namespace,unpaired
2025_Conforme_1_Cam_T_4_42.jpg,2025,1,T,4,42,Conforme,Conforme,False,False,False,1,0,top_only,historical_namespace,unpaired
2025_Conforme_1_Cam_T_4_463.jpg,2025,1,T,4,463,Conforme,Vide,False,False,False,1,0,top_only,historical_namespace,unpaired
2025_Conforme_1_Cam_T_4_466.jpg,2025,1,T,4,466,Conforme,Conforme,False,False,False,1,0,top_only,historical_namespace,unpaired
2025_Conforme_1_Cam_T_4_494.jpg,2025,1,T,4,494,Conforme,Vide,False,False,False,1,0,top_only,historical_namespace,unpaired
2025_Conforme_1_Cam_T_4_495.jpg,2025,1,T,4,495,Conforme,Conforme,False,False,False,1,0,top_only,historical_namespace,unpaired
2025_Conforme_1_Cam_T_4_496.jpg,2025,1,T,4,496,Conforme,Conforme,True,False,False,1,0,top_only,historical_namespace,unpaired
2025_Conforme_1_Cam_T_4_497.jpg,2025,1,T,4,497,Conforme,Vide,False,False,False,1,0,top_only,historical_namespace,unpaired
2025_Conforme_1_Cam_T_4_498.jpg,2025,1,T,4,498,Conforme,Conforme,False,False,False,1,0,top_only,historical_namespace,unpaired
2025_Conforme_1_Cam_T_4_499.jpg,2025,1,T,4,499,Conforme,Conforme,True,False,False,1,0,top_only,historical_namespace,unpaired
2025_Conforme_1_Cam_T_4_500.jpg,2025,1,T,4,500,Conforme,Conforme,False,True,False,1,0,top_only,historical_namespace,unpaired
2025_Conforme_1_Cam_T_4_501.jpg,2025,1,T,4,501,Conforme,Conforme,False,False,False,1,0,top_only,historical_namespace,unpaired
2025_Conforme_1_Cam_T_4_502.jpg,2025,1,T,4,502,Conforme,Conforme,False,False,False,1,0,top_only,historical_namespace,unpaired
2025_Conforme_1_Cam_T_4_503.jpg,2025,1,T,4,503,Conforme,Conforme,False,False,False,1,0,top_only,historical_namespace,unpaired
2025_Conforme_1_Cam_T_4_504.jpg,2025,1,T,4,504,Conforme,Conforme,False,False,False,1,0,top_only,historical_namespace,unpaired
2025_Conforme_1_Cam_T_4_505.jpg,2025,1,T,4,505,Conforme,Conforme,False,False,False,1,0,top_only,historical_namespace,unpaired
2025_Conforme_1_Cam_T_4_506.jpg,2025,1,T,4,506,Conforme,Conforme,False,False,False,1,0,top_only,historical_namespace,unpaired
2025_Conforme_1_Cam_T_4_507.jpg,2025,1,T,4,507,Conforme,Conforme,False,True,False,1,0,top_only,historical_namespace,unpaired
2025_Conforme_1_Cam_T_4_508.jpg,2025,1,T,4,508,Conforme,Conforme,False,True,False,1,0,top_only,historical_namespace,unpaired
2025_Conforme_1_Cam_T_4_509.jpg,2025,1,T,4,509,Conforme,Conforme,False,True,False,1,0,top_only,historical_namespace,unpaired
2025_Conforme_1_Cam_T_4_510.jpg,2025,1,T,4,510,Conforme,Conforme,False,False,False,1,0,top_only,historical_namespace,unpaired
2025_Conforme_1_Cam_T_4_511.jpg,2025,1,T,4,511,Conforme,Conforme,False,False,False,1,0,top_only,historical_namespace,unpaired
2025_Conforme_1_Cam_T_4_512.jpg,2025,1,T,4,512,Conforme,Conforme,False,False,False,1,0,top_only,historical_namespace,unpaired
2025_Conforme_1_Cam_T_4_513.jpg,2025,1,T,4,513,Conforme,Conforme,False,False,False,1,0,top_only,historical_namespace,unpaired
2025_Conforme_1_Cam_T_4_514.jpg,2025,1,T,4,514,Conforme,Conforme,False,False,False,1,0,top_only,historical_namespace,unpaired
2025_Conforme_1_Cam_T_4_515.jpg,2025,1,T,4,515,Conforme,Conforme,False,False,False,1,0,top_only,historical_namespace,unpaired
2025_Conforme_1_Cam_T_4_516.jpg,2025,1,T,4,516,Conforme,Conforme,False,True,False,1,0,top_only,historical_namespace,unpaired
2025_Conforme_1_Cam_T_5_417.jpg,2025,1,T,5,417,Conforme,Conforme,False,False,False,1,0,top_only,historical_namespace,unpaired
2025_Conforme_1_Cam_T_5_418.jpg,2025,1,T,5,418,Conforme,Vide,False,False,False,1,0,top_only,historical_namespace,unpaired
2025_Conforme_1_Cam_T_5_419.jpg,2025,1,T,5,419,Conforme,Vide,False,False,False,1,0,top_only,historical_namespace,unpaired
2025_Conforme_1_Cam_T_5_420.jpg,2025,1,T,5,420,Conforme,Conforme,False,False,False,1,0,top_only,historical_namespace,unpaired
2025_Conforme_1_Cam_T_5_421.jpg,2025,1,T,5,421,Conforme,Conforme,False,True,False,1,0,top_only,historical_namespace,unpaired
2025_Conforme_1_Cam_T_5_422.jpg,2025,1,T,5,422,Conforme,Conforme,False,False,False,1,0,top_only,historical_namespace,unpaired
2025_Conforme_1_Cam_T_5_423.jpg,2025,1,T,5,423,Conforme,Conforme,False,True,False,1,0,top_only,historical_namespace,unpaired
2025_Conforme_1_Cam_T_5_424.jpg,2025,1,T,5,424,Conforme,Conforme,False,False,False,1,0,top_only,historical_namespace,unpaired
2025_Conforme_1_Cam_T_5_425.jpg,2025,1,T,5,425,Conforme,Conforme,False,False,False,1,0,top_only,historical_namespace,unpaired
2025_Conforme_1_Cam_T_5_426.jpg,2025,1,T,5,426,Conforme,Conforme,False,True,False,1,0,top_only,historical_namespace,unpaired
2025_Conforme_1_Cam_T_5_427.jpg,2025,1,T,5,427,Conforme,Conforme,False,True,False,1,0,top_only,historical_namespace,unpaired
2025_Conforme_1_Cam_T_5_428.jpg,2025,1,T,5,428,Conforme,Conforme,False,False,False,1,0,top_only,historical_namespace,unpaired
2025_Conforme_1_Cam_T_5_429.jpg,2025,1,T,5,429,Conforme,Conforme,False,True,False,1,0,top_only,historical_namespace,unpaired
2025_Conforme_1_Cam_T_5_430.jpg,2025,1,T,5,430,Conforme,Conforme,False,False,False,1,0,top_only,historical_namespace,unpaired
2025_Conforme_1_Cam_T_5_431.jpg,2025,1,T,5,431,Conforme,Conforme,False,False,False,1,0,top_only,historical_namespace,unpaired
2025_Conforme_1_Cam_T_5_432.jpg,2025,1,T,5,432,Conforme,Conforme,False,False,False,1,0,top_only,historical_namespace,unpaired
2025_Conforme_1_Cam_T_5_433.jpg,2025,1,T,5,433,Conforme,Vide,False,False,False,1,0,top_only,historical_namespace,unpaired
2025_Conforme_1_Cam_T_5_434.jpg,2025,1,T,5,434,Conforme,Vide,False,False,False,1,0,top_only,historical_namespace,unpaired
2025_Conforme_1_Cam_T_5_435.jpg,2025,1,T,5,435,Conforme,Conforme,False,True,False,1,0,top_only,historical_namespace,unpaired
2025_Conforme_1_Cam_T_5_436.jpg,2025,1,T,5,436,Conforme,Conforme,False,False,False,1,0,top_only,historical_namespace,unpaired
2025_Conforme_1_Cam_T_5_437.jpg,2025,1,T,5,437,Conforme,Conforme,False,False,False,1,0,top_only,historical_namespace,unpaired
2025_Conforme_1_Cam_T_5_438.jpg,2025,1,T,5,438,Conforme,Conforme,False,False,False,1,0,top_only,historical_namespace,unpaired
2025_Conforme_1_Cam_T_5_439.jpg,2025,1,T,5,439,Conforme,Conforme,False,False,False,1,0,top_only,historical_namespace,unpaired
2025_Conforme_1_Cam_T_5_440.jpg,2025,1,T,5,440,Conforme,Conforme,False,False,False,1,0,top_only,historical_namespace,unpaired
2025_Conforme_1_Cam_T_5_441.jpg,2025,1,T,5,441,Conforme,Conforme,False,False,False,1,0,top_only,historical_namespace,unpaired
2025_Conforme_1_Cam_T_5_442.jpg,2025,1,T,5,442,Conforme,Conforme,False,True,False,1,0,top_only,historical_namespace,unpaired
2025_Conforme_1_Cam_T_5_443.jpg,2025,1,T,5,443,Conforme,Conforme,False,False,False,1,0,top_only,historical_namespace,unpaired
2025_Conforme_1_Cam_T_5_444.jpg,2025,1,T,5,444,Conforme,Conforme,False,False,False,1,0,top_only,historical_namespace,unpaired
2025_Conforme_1_Cam_T_5_445.jpg,2025,1,T,5,445,Conforme,Conforme,False,False,False,1,0,top_only,historical_namespace,unpaired
2025_Conforme_1_Cam_T_5_446.jpg,2025,1,T,5,446,Conforme,Conforme,False,True,False,1,0,top_only,historical_namespace,unpaired
2025_Conforme_1_Cam_T_5_447.jpg,2025,1,T,5,447,Conforme,Conforme,False,False,False,1,0,top_only,historical_namespace,unpaired
2025_Conforme_1_Cam_T_5_448.jpg,2025,1,T,5,448,Conforme,Conforme,False,False,False,1,0,top_only,historical_namespace,unpaired
2025_Conforme_1_Cam_T_5_449.jpg,2025,1,T,5,449,Conforme,Conforme,False,True,False,1,0,top_only,historical_namespace,unpaired
2025_Conforme_1_Cam_T_5_450.jpg,2025,1,T,5,450,Conforme,Conforme,False,False,False,1,0,top_only,historical_namespace,unpaired
2025_Conforme_1_Cam_T_5_451.jpg,2025,1,T,5,451,Conforme,Conforme,False,True,False,1,0,top_only,historical_namespace,unpaired
2025_Conforme_1_Cam_T_5_452.jpg,2025,1,T,5,452,Conforme,Conforme,False,True,False,1,0,top_only,historical_namespace,unpaired
2025_Conforme_1_Cam_T_5_453.jpg,2025,1,T,5,453,Conforme,Conforme,False,False,False,1,0,top_only,historical_namespace,unpaired
2025_Conforme_1_Cam_T_5_454.jpg,2025,1,T,5,454,Conforme,Vide,False,False,False,1,0,top_only,historical_namespace,unpaired
2025_Conforme_1_Cam_T_5_455.jpg,2025,1,T,5,455,Conforme,Conforme,False,True,False,1,0,top_only,historical_namespace,unpaired
2025_Conforme_1_Cam_T_5_456.jpg,2025,1,T,5,456,Conforme,Conforme,False,False,False,1,0,top_only,historical_namespace,unpaired
2025_Conforme_1_Cam_T_5_457.jpg,2025,1,T,5,457,Conforme,Conforme,False,False,False,1,0,top_only,historical_namespace,unpaired
2025_Conforme_1_Cam_T_5_458.jpg,2025,1,T,5,458,Conforme,Conforme,False,False,False,1,0,top_only,historical_namespace,unpaired
2025_Conforme_1_Cam_T_5_459.jpg,2025,1,T,5,459,Conforme,Conforme,False,True,False,1,0,top_only,historical_namespace,unpaired
2025_Conforme_1_Cam_T_5_460.jpg,2025,1,T,5,460,Conforme,Vide,False,False,False,1,0,top_only,historical_namespace,unpaired
2025_Conforme_1_Cam_T_5_461.jpg,2025,1,T,5,461,Conforme,Conforme,False,False,False,1,0,top_only,historical_namespace,unpaired
2025_Conforme_1_Cam_T_5_462.jpg,2025,1,T,5,462,Conforme,Conforme,False,True,False,1,0,top_only,historical_namespace,unpaired
2025_Conforme_1_Cam_T_5_463.jpg,2025,1,T,5,463,Conforme,Vide,False,False,False,1,0,top_only,historical_namespace,unpaired
2025_Conforme_1_Cam_T_5_464.jpg,2025,1,T,5,464,Conforme,Vide,False,False,False,1,0,top_only,historical_namespace,unpaired
2025_Conforme_1_Cam_T_6_407.jpg,2025,1,T,6,407,Conforme,Vide,False,False,False,1,0,top_only,historical_namespace,unpaired
2025_Conforme_1_Cam_T_6_408.jpg,2025,1,T,6,408,Conforme,Conforme,False,False,False,1,0,top_only,historical_namespace,unpaired
2025_Conforme_1_Cam_T_6_409.jpg,2025,1,T,6,409,Conforme,Conforme,False,False,False,1,0,top_only,historical_namespace,unpaired
2025_Conforme_1_Cam_T_6_410.jpg,2025,1,T,6,410,Conforme,Conforme,False,True,False,1,0,top_only,historical_namespace,unpaired
2025_Conforme_1_Cam_T_6_411.jpg,2025,1,T,6,411,Conforme,Conforme,False,True,False,1,0,top_only,historical_namespace,unpaired
2025_Conforme_1_Cam_T_6_412.jpg,2025,1,T,6,412,Conforme,Conforme,False,False,False,1,0,top_only,historical_namespace,unpaired
2025_Conforme_1_Cam_T_6_413.jpg,2025,1,T,6,413,Conforme,Conforme,False,False,False,1,0,top_only,historical_namespace,unpaired
2025_Conforme_1_Cam_T_6_414.jpg,2025,1,T,6,414,Conforme,Vide,False,False,False,1,0,top_only,historical_namespace,unpaired
2025_Conforme_1_Cam_T_6_415.jpg,2025,1,T,6,415,Conforme,Conforme,False,True,False,1,0,top_only,historical_namespace,unpaired
2025_Conforme_1_Cam_T_6_416.jpg,2025,1,T,6,416,Conforme,Conforme,False,False,False,1,0,top_only,historical_namespace,unpaired
2025_Conforme_1_Cam_T_6_417.jpg,2025,1,T,6,417,Conforme,Conforme,False,False,False,1,0,top_only,historical_namespace,unpaired
2025_Conforme_1_Cam_T_6_418.jpg,2025,1,T,6,418,Conforme,Vide,False,False,False,1,0,top_only,historical_namespace,unpaired
2025_Conforme_1_Cam_T_6_420.jpg,2025,1,T,6,420,Conforme,Conforme,False,False,False,1,0,top_only,historical_namespace,unpaired
2025_Conforme_1_Cam_T_6_421.jpg,2025,1,T,6,421,Conforme,Conforme,False,False,False,1,0,top_only,historical_namespace,unpaired
2025_Conforme_1_Cam_T_6_422.jpg,2025,1,T,6,422,Conforme,Vide,False,False,False,1,0,top_only,historical_namespace,unpaired
2025_Conforme_1_Cam_T_6_423.jpg,2025,1,T,6,423,Conforme,Conforme,True,False,False,1,0,top_only,historical_namespace,unpaired
2025_Conforme_1_Cam_T_6_424.jpg,2025,1,T,6,424,Conforme,Conforme,False,True,False,1,0,top_only,historical_namespace,unpaired
2025_Conforme_1_Cam_T_6_425.jpg,2025,1,T,6,425,Conforme,Conforme,False,False,False,1,0,top_only,historical_namespace,unpaired
2025_Conforme_1_Cam_T_6_426.jpg,2025,1,T,6,426,Conforme,Conforme,False,False,False,1,0,top_only,historical_namespace,unpaired
2025_Conforme_1_Cam_T_6_427.jpg,2025,1,T,6,427,Conforme,Vide,False,False,False,1,0,top_only,historical_namespace,unpaired
2025_Conforme_1_Cam_T_6_428.jpg,2025,1,T,6,428,Conforme,Vide,False,False,False,1,0,top_only,historical_namespace,unpaired
2025_Conforme_1_Cam_T_6_429.jpg,2025,1,T,6,429,Conforme,Conforme,False,True,False,1,0,top_only,historical_namespace,unpaired
2025_Conforme_1_Cam_T_6_430.jpg,2025,1,T,6,430,Conforme,Conforme,False,True,False,1,0,top_only,historical_namespace,unpaired
2025_Conforme_1_Cam_T_6_431.jpg,2025,1,T,6,431,Conforme,Vide,False,False,False,1,0,top_only,historical_namespace,unpaired
2025_Conforme_1_Cam_T_6_432.jpg,2025,1,T,6,432,Conforme,Conforme,False,False,False,1,0,top_only,historical_namespace,unpaired
2025_Conforme_1_Cam_T_6_433.jpg,2025,1,T,6,433,Conforme,Vide,False,False,False,1,0,top_only,historical_namespace,unpaired
2025_Conforme_1_Cam_T_6_435.jpg,2025,1,T,6,435,Conforme,Conforme,False,False,False,1,0,top_only,historical_namespace,unpaired
2025_Conforme_1_Cam_T_6_436.jpg,2025,1,T,6,436,Conforme,Conforme,False,False,False,1,0,top_only,historical_namespace,unpaired
2025_Conforme_1_Cam_T_6_437.jpg,2025,1,T,6,437,Conforme,Vide,False,False,False,1,0,top_only,historical_namespace,unpaired
2025_Conforme_1_Cam_T_6_438.jpg,2025,1,T,6,438,Conforme,Vide,False,False,False,1,0,top_only,historical_namespace,unpaired
2025_Conforme_1_Cam_T_6_439.jpg,2025,1,T,6,439,Conforme,Vide,False,False,False,1,0,top_only,historical_namespace,unpaired
2025_Conforme_1_Cam_T_6_440.jpg,2025,1,T,6,440,Conforme,Vide,False,False,False,1,0,top_only,historical_namespace,unpaired
2025_Conforme_1_Cam_T_6_441.jpg,2025,1,T,6,441,Conforme,Conforme,False,False,False,1,0,top_only,historical_namespace,unpaired
2025_Conforme_1_Cam_T_6_442.jpg,2025,1,T,6,442,Conforme,Conforme,False,False,False,1,0,top_only,historical_namespace,unpaired
2025_Conforme_1_Cam_T_6_443.jpg,2025,1,T,6,443,Conforme,Conforme,False,False,False,1,0,top_only,historical_namespace,unpaired
2025_Conforme_1_Cam_T_6_446.jpg,2025,1,T,6,446,Conforme,Conforme,False,False,False,1,0,top_only,historical_namespace,unpaired
2025_Conforme_1_Cam_T_6_447.jpg,2025,1,T,6,447,Conforme,Vide,False,False,False,1,0,top_only,historical_namespace,unpaired
2025_Conforme_1_Cam_T_6_449.jpg,2025,1,T,6,449,Conforme,Conforme,False,False,False,1,0,top_only,historical_namespace,unpaired
2025_Conforme_1_Cam_T_6_450.jpg,2025,1,T,6,450,Conforme,Vide,False,False,False,1,0,top_only,historical_namespace,unpaired
2025_Conforme_1_Cam_T_6_451.jpg,2025,1,T,6,451,Conforme,Conforme,False,False,False,1,0,top_only,historical_namespace,unpaired
2025_Conforme_1_Cam_T_6_452.jpg,2025,1,T,6,452,Conforme,Conforme,False,False,False,1,0,top_only,historical_namespace,unpaired
2025_Conforme_1_Cam_T_6_453.jpg,2025,1,T,6,453,Conforme,Conforme,False,False,False,1,0,top_only,historical_namespace,unpaired
2025_Conforme_1_Cam_T_6_454.jpg,2025,1,T,6,454,Conforme,Conforme,False,False,False,1,0,top_only,historical_namespace,unpaired
2025_Conforme_1_Cam_T_6_455.jpg,2025,1,T,6,455,Conforme,Conforme,False,False,False,1,0,top_only,historical_namespace,unpaired
2025_Conforme_1_Cam_T_6_456.jpg,2025,1,T,6,456,Conforme,Vide,False,False,False,1,0,top_only,historical_namespace,unpaired
2025_Conforme_1_Cam_T_6_457.jpg,2025,1,T,6,457,Conforme,Conforme,False,False,False,1,0,top_only,historical_namespace,unpaired
2025_Conforme_1_Cam_T_6_458.jpg,2025,1,T,6,458,Conforme,Vide,False,False,False,1,0,top_only,historical_namespace,unpaired
2025_Conforme_1_Cam_T_6_459.jpg,2025,1,T,6,459,Conforme,Vide,False,False,False,1,0,top_only,historical_namespace,unpaired
2025_Conforme_1_Cam_T_6_460.jpg,2025,1,T,6,460,Conforme,Conforme,False,False,False,1,0,top_only,historical_namespace,unpaired
2025_Conforme_1_Cam_T_6_461.jpg,2025,1,T,6,461,Conforme,Conforme,False,False,False,1,0,top_only,historical_namespace,unpaired
2025_Conforme_1_Cam_T_6_462.jpg,2025,1,T,6,462,Conforme,Conforme,False,False,False,1,0,top_only,historical_namespace,unpaired
2025_Conforme_1_Cam_T_6_463.jpg,2025,1,T,6,463,Conforme,Vide,False,False,False,1,0,top_only,historical_namespace,unpaired
2025_Conforme_1_Cam_T_6_464.jpg,2025,1,T,6,464,Conforme,Vide,False,False,False,1,0,top_only,historical_namespace,unpaired
2025_Conforme_1_Cam_T_6_465.jpg,2025,1,T,6,465,Conforme,Conforme,False,False,False,1,0,top_only,historical_namespace,unpaired
2025_Conforme_1_Cam_T_6_466.jpg,2025,1,T,6,466,Conforme,Conforme,False,True,False,1,0,top_only,historical_namespace,unpaired
2025_Conforme_1_Cam_T_6_467.jpg,2025,1,T,6,467,Conforme,Conforme,False,False,False,1,0,top_only,historical_namespace,unpaired
2025_Conforme_1_Cam_T_6_468.jpg,2025,1,T,6,468,Conforme,Conforme,False,False,False,1,0,top_only,historical_namespace,unpaired
2025_Conforme_1_Cam_T_6_469.jpg,2025,1,T,6,469,Conforme,Conforme,False,False,False,1,0,top_only,historical_namespace,unpaired
2025_Conforme_1_Cam_T_6_470.jpg,2025,1,T,6,470,Conforme,Conforme,False,True,False,1,0,top_only,historical_namespace,unpaired
2025_Conforme_1_Cam_T_6_471.jpg,2025,1,T,6,471,Conforme,Conforme,False,True,False,1,0,top_only,historical_namespace,unpaired
2025_Conforme_1_Cam_T_6_472.jpg,2025,1,T,6,472,Conforme,Conforme,False,False,False,1,0,top_only,historical_namespace,unpaired
2025_Conforme_1_Cam_T_6_473.jpg,2025,1,T,6,473,Conforme,Conforme,False,False,False,1,0,top_only,historical_namespace,unpaired
2025_Conforme_1_Cam_T_6_474.jpg,2025,1,T,6,474,Conforme,Conforme,False,False,False,1,0,top_only,historical_namespace,unpaired
2025_Conforme_1_Cam_T_6_475.jpg,2025,1,T,6,475,Conforme,Conforme,False,False,False,1,0,top_only,historical_namespace,unpaired
2025_Conforme_1_Cam_T_6_476.jpg,2025,1,T,6,476,Conforme,Conforme,False,False,False,1,0,top_only,historical_namespace,unpaired
2025_Conforme_1_Cam_T_6_477.jpg,2025,1,T,6,477,Conforme,Conforme,False,False,False,1,0,top_only,historical_namespace,unpaired
2025_Conforme_1_Cam_T_6_478.jpg,2025,1,T,6,478,Conforme,Conforme,False,True,False,1,0,top_only,historical_namespace,unpaired
2025_Conforme_1_Cam_T_6_480.jpg,2025,1,T,6,480,Conforme,Conforme,False,False,False,1,0,top_only,historical_namespace,unpaired
2025_Conforme_1_Cam_T_6_481.jpg,2025,1,T,6,481,Conforme,Conforme,False,False,False,1,0,top_only,historical_namespace,unpaired
2025_Conforme_1_Cam_T_6_482.jpg,2025,1,T,6,482,Conforme,Conforme,False,False,False,1,0,top_only,historical_namespace,unpaired
2025_Conforme_1_Cam_T_6_483.jpg,2025,1,T,6,483,Conforme,Conforme,False,True,False,1,0,top_only,historical_namespace,unpaired
2025_Conforme_1_Cam_T_6_484.jpg,2025,1,T,6,484,Conforme,Conforme,False,False,False,1,0,top_only,historical_namespace,unpaired
2025_Conforme_1_Cam_T_6_485.jpg,2025,1,T,6,485,Conforme,Conforme,False,False,False,1,0,top_only,historical_namespace,unpaired
2025_Conforme_1_Cam_T_6_487.jpg,2025,1,T,6,487,Conforme,Conforme,False,False,False,1,0,top_only,historical_namespace,unpaired
2025_Conforme_1_Cam_T_6_489.jpg,2025,1,T,6,489,Conforme,Conforme,False,False,False,1,0,top_only,historical_namespace,unpaired
2025_Conforme_1_Cam_T_6_490.jpg,2025,1,T,6,490,Conforme,Conforme,False,False,False,1,0,top_only,historical_namespace,unpaired
2025_Conforme_1_Cam_T_6_491.jpg,2025,1,T,6,491,Conforme,Conforme,False,False,False,1,0,top_only,historical_namespace,unpaired
2025_Conforme_1_Cam_T_6_492.jpg,2025,1,T,6,492,Conforme,Conforme,False,True,False,1,0,top_only,historical_namespace,unpaired
2025_Conforme_1_Cam_T_6_493.jpg,2025,1,T,6,493,Conforme,Conforme,False,True,False,1,0,top_only,historical_namespace,unpaired
2025_Conforme_1_Cam_T_6_494.jpg,2025,1,T,6,494,Conforme,Conforme,False,False,False,1,0,top_only,historical_namespace,unpaired
2025_Conforme_1_Cam_T_6_495.jpg,2025,1,T,6,495,Conforme,Conforme,False,False,False,1,0,top_only,historical_namespace,unpaired
2025_Conforme_1_Cam_T_6_496.jpg,2025,1,T,6,496,Conforme,Vide,False,False,False,1,0,top_only,historical_namespace,unpaired
2025_Conforme_1_Cam_T_6_497.jpg,2025,1,T,6,497,Conforme,Vide,False,False,False,1,0,top_only,historical_namespace,unpaired
2025_Conforme_1_Cam_T_6_498.jpg,2025,1,T,6,498,Conforme,Vide,False,False,False,1,0,top_only,historical_namespace,unpaired
2025_Conforme_1_Cam_T_6_499.jpg,2025,1,T,6,499,Conforme,Conforme,False,True,False,1,0,top_only,historical_namespace,unpaired
2025_Conforme_1_Cam_T_6_500.jpg,2025,1,T,6,500,Conforme,Conforme,False,False,False,1,0,top_only,historical_namespace,unpaired
2025_Conforme_1_Cam_T_6_501.jpg,2025,1,T,6,501,Conforme,Vide,False,False,False,1,0,top_only,historical_namespace,unpaired
2025_Conforme_1_Cam_T_6_502.jpg,2025,1,T,6,502,Conforme,Conforme,False,True,False,1,0,top_only,historical_namespace,unpaired
2025_Conforme_1_Cam_T_6_503.jpg,2025,1,T,6,503,Conforme,Conforme,False,True,False,1,0,top_only,historical_namespace,unpaired
2025_Conforme_1_Cam_T_6_504.jpg,2025,1,T,6,504,Conforme,Conforme,False,True,False,1,0,top_only,historical_namespace,unpaired
2025_Conforme_1_Cam_T_6_506.jpg,2025,1,T,6,506,Conforme,Vide,False,False,False,1,0,top_only,historical_namespace,unpaired
2025_Conforme_1_Cam_T_6_507.jpg,2025,1,T,6,507,Conforme,Conforme,False,False,False,1,0,top_only,historical_namespace,unpaired
2025_Conforme_1_Cam_T_6_508.jpg,2025,1,T,6,508,Conforme,Conforme,False,True,False,1,0,top_only,historical_namespace,unpaired
2025_Conforme_1_Cam_T_6_509.jpg,2025,1,T,6,509,Conforme,Conforme,False,False,False,1,0,top_only,historical_namespace,unpaired
2025_Conforme_1_Cam_T_6_510.jpg,2025,1,T,6,510,Conforme,Conforme,False,True,False,1,0,top_only,historical_namespace,unpaired
2025_Conforme_1_Cam_T_6_511.jpg,2025,1,T,6,511,Conforme,Vide,False,False,False,1,0,top_only,historical_namespace,unpaired
2025_Conforme_1_Cam_T_6_512.jpg,2025,1,T,6,512,Conforme,Vide,False,False,False,1,0,top_only,historical_namespace,unpaired
2025_Conforme_1_Cam_T_6_513.jpg,2025,1,T,6,513,Conforme,Vide,False,False,False,1,0,top_only,historical_namespace,unpaired
2025_Conforme_1_Cam_T_6_514.jpg,2025,1,T,6,514,Conforme,Conforme,False,True,False,1,0,top_only,historical_namespace,unpaired
2025_Conforme_1_Cam_T_6_515.jpg,2025,1,T,6,515,Conforme,Conforme,False,False,False,1,0,top_only,historical_namespace,unpaired
2025_Conforme_1_Cam_T_6_517.jpg,2025,1,T,6,517,Conforme,Conforme,False,True,False,1,0,top_only,historical_namespace,unpaired
2025_Conforme_1_Cam_T_6_518.jpg,2025,1,T,6,518,Conforme,Conforme,False,False,False,1,0,top_only,historical_namespace,unpaired
2025_Conforme_1_Cam_T_6_519.jpg,2025,1,T,6,519,Conforme,Conforme,False,True,False,1,0,top_only,historical_namespace,unpaired
2025_Conforme_2_Cam_B_1_0.jpg,2025,2,B,1,0,Conforme,Vide,False,False,False,0,1,bottom_only,historical_namespace,unpaired
2025_Conforme_2_Cam_B_1_268.jpg,2025,2,B,1,268,Conforme,Vide,False,False,False,0,1,bottom_only,historical_namespace,unpaired
2025_Conforme_2_Cam_B_1_269.jpg,2025,2,B,1,269,Conforme,Conforme,False,False,False,0,1,bottom_only,historical_namespace,unpaired
2025_Conforme_2_Cam_B_1_270.jpg,2025,2,B,1,270,Conforme,Conforme,False,False,False,0,1,bottom_only,historical_namespace,unpaired
2025_Conforme_2_Cam_B_1_271.jpg,2025,2,B,1,271,Conforme,Vide,False,False,False,0,1,bottom_only,historical_namespace,unpaired
2025_Conforme_2_Cam_B_1_272.jpg,2025,2,B,1,272,Conforme,Conforme,False,False,False,0,1,bottom_only,historical_namespace,unpaired
2025_Conforme_2_Cam_B_1_273.jpg,2025,2,B,1,273,Conforme,Conforme,False,False,False,0,1,bottom_only,historical_namespace,unpaired
2025_Conforme_2_Cam_B_1_274.jpg,2025,2,B,1,274,Conforme,Conforme,False,False,False,0,1,bottom_only,historical_namespace,unpaired
2025_Conforme_2_Cam_B_1_275.jpg,2025,2,B,1,275,Conforme,Conforme,False,False,False,0,1,bottom_only,historical_namespace,unpaired
2025_Conforme_2_Cam_B_1_276.jpg,2025,2,B,1,276,Conforme,Conforme,False,False,False,0,1,bottom_only,historical_namespace,unpaired
2025_Conforme_2_Cam_B_1_277.jpg,2025,2,B,1,277,Conforme,Conforme,False,False,False,0,1,bottom_only,historical_namespace,unpaired
2025_Conforme_2_Cam_B_1_278.jpg,2025,2,B,1,278,Conforme,Conforme,True,False,False,0,1,bottom_only,historical_namespace,unpaired
2025_Conforme_2_Cam_B_1_279.jpg,2025,2,B,1,279,Conforme,Conforme,False,False,False,0,1,bottom_only,historical_namespace,unpaired
2025_Conforme_2_Cam_B_1_280.jpg,2025,2,B,1,280,Conforme,Conforme,False,False,False,0,1,bottom_only,historical_namespace,unpaired
2025_Conforme_2_Cam_B_1_281.jpg,2025,2,B,1,281,Conforme,Conforme,False,False,False,0,1,bottom_only,historical_namespace,unpaired
2025_Conforme_2_Cam_B_1_282.jpg,2025,2,B,1,282,Conforme,Conforme,False,False,False,0,1,bottom_only,historical_namespace,unpaired
2025_Conforme_2_Cam_B_1_283.jpg,2025,2,B,1,283,Conforme,Vide,False,False,False,0,1,bottom_only,historical_namespace,unpaired
2025_Conforme_2_Cam_B_1_284.jpg,2025,2,B,1,284,Conforme,Vide,False,False,False,0,1,bottom_only,historical_namespace,unpaired
2025_Conforme_2_Cam_B_1_285.jpg,2025,2,B,1,285,Conforme,Conforme,False,False,False,0,1,bottom_only,historical_namespace,unpaired
2025_Conforme_2_Cam_B_1_286.jpg,2025,2,B,1,286,Conforme,Conforme,False,False,False,0,1,bottom_only,historical_namespace,unpaired
2025_Conforme_2_Cam_B_1_287.jpg,2025,2,B,1,287,Conforme,Conforme,False,False,False,0,1,bottom_only,historical_namespace,unpaired
2025_Conforme_2_Cam_B_1_288.jpg,2025,2,B,1,288,Conforme,Conforme,False,False,False,0,1,bottom_only,historical_namespace,unpaired
2025_Conforme_2_Cam_B_1_289.jpg,2025,2,B,1,289,Conforme,Conforme,False,False,False,0,1,bottom_only,historical_namespace,unpaired
2025_Conforme_2_Cam_B_1_290.jpg,2025,2,B,1,290,Conforme,Conforme,False,False,False,0,1,bottom_only,historical_namespace,unpaired
2025_Conforme_2_Cam_B_1_291.jpg,2025,2,B,1,291,Conforme,Conforme,False,False,False,0,1,bottom_only,historical_namespace,unpaired
2025_Conforme_2_Cam_B_1_292.jpg,2025,2,B,1,292,Conforme,Conforme,False,False,False,0,1,bottom_only,historical_namespace,unpaired
2025_Conforme_2_Cam_B_1_293.jpg,2025,2,B,1,293,Conforme,Conforme,False,False,False,0,1,bottom_only,historical_namespace,unpaired
2025_Conforme_2_Cam_B_1_294.jpg,2025,2,B,1,294,Conforme,Conforme,False,False,False,0,1,bottom_only,historical_namespace,unpaired
2025_Conforme_2_Cam_B_1_295.jpg,2025,2,B,1,295,Conforme,Vide,False,False,False,0,1,bottom_only,historical_namespace,unpaired
2025_Conforme_2_Cam_B_1_296.jpg,2025,2,B,1,296,Conforme,Conforme,False,False,False,0,1,bottom_only,historical_namespace,unpaired
2025_Conforme_2_Cam_B_1_297.jpg,2025,2,B,1,297,Conforme,Conforme,False,False,False,0,1,bottom_only,historical_namespace,unpaired
2025_Conforme_2_Cam_B_1_298.jpg,2025,2,B,1,298,Conforme,Vide,False,False,False,0,1,bottom_only,historical_namespace,unpaired
2025_Conforme_2_Cam_B_1_299.jpg,2025,2,B,1,299,Conforme,Conforme,False,False,False,0,1,bottom_only,historical_namespace,unpaired
2025_Conforme_2_Cam_B_1_300.jpg,2025,2,B,1,300,Conforme,Conforme,False,False,False,0,1,bottom_only,historical_namespace,unpaired
2025_Conforme_2_Cam_B_1_301.jpg,2025,2,B,1,301,Conforme,Conforme,False,False,False,0,1,bottom_only,historical_namespace,unpaired
2025_Conforme_2_Cam_B_1_302.jpg,2025,2,B,1,302,Conforme,Conforme,False,False,False,0,1,bottom_only,historical_namespace,unpaired
2025_Conforme_2_Cam_B_1_303.jpg,2025,2,B,1,303,Conforme,Conforme,False,False,False,0,1,bottom_only,historical_namespace,unpaired
2025_Conforme_2_Cam_B_1_304.jpg,2025,2,B,1,304,Conforme,Conforme,False,False,False,0,1,bottom_only,historical_namespace,unpaired
2025_Conforme_2_Cam_B_1_305.jpg,2025,2,B,1,305,Conforme,Conforme,False,False,False,0,1,bottom_only,historical_namespace,unpaired
2025_Conforme_2_Cam_B_1_306.jpg,2025,2,B,1,306,Conforme,Conforme,False,False,False,0,1,bottom_only,historical_namespace,unpaired
2025_Conforme_2_Cam_B_1_307.jpg,2025,2,B,1,307,Conforme,Conforme,False,False,False,0,1,bottom_only,historical_namespace,unpaired
2025_Conforme_2_Cam_B_1_308.jpg,2025,2,B,1,308,Conforme,Conforme,False,False,False,0,1,bottom_only,historical_namespace,unpaired
2025_Conforme_2_Cam_B_1_309.jpg,2025,2,B,1,309,Conforme,Conforme,False,False,False,0,1,bottom_only,historical_namespace,unpaired
2025_Conforme_2_Cam_B_1_310.jpg,2025,2,B,1,310,Conforme,Conforme,False,False,False,0,1,bottom_only,historical_namespace,unpaired
2025_Conforme_2_Cam_B_1_311.jpg,2025,2,B,1,311,Conforme,Conforme,False,False,False,0,1,bottom_only,historical_namespace,unpaired
2025_Conforme_2_Cam_B_1_312.jpg,2025,2,B,1,312,Conforme,Conforme,False,False,False,0,1,bottom_only,historical_namespace,unpaired
2025_Conforme_2_Cam_B_1_313.jpg,2025,2,B,1,313,Conforme,Conforme,True,False,False,0,1,bottom_only,historical_namespace,unpaired
2025_Conforme_2_Cam_B_1_314.jpg,2025,2,B,1,314,Conforme,Conforme,False,False,False,0,1,bottom_only,historical_namespace,unpaired
2025_Conforme_2_Cam_B_1_315.jpg,2025,2,B,1,315,Conforme,Conforme,False,True,False,0,1,bottom_only,historical_namespace,unpaired
2025_Conforme_2_Cam_B_1_316.jpg,2025,2,B,1,316,Conforme,Conforme,False,False,False,0,1,bottom_only,historical_namespace,unpaired
2025_Conforme_2_Cam_B_1_317.jpg,2025,2,B,1,317,Conforme,Conforme,False,False,False,0,1,bottom_only,historical_namespace,unpaired
2025_Conforme_2_Cam_B_1_318.jpg,2025,2,B,1,318,Conforme,Conforme,False,True,False,0,1,bottom_only,historical_namespace,unpaired
2025_Conforme_2_Cam_B_1_319.jpg,2025,2,B,1,319,Conforme,Conforme,False,False,False,0,1,bottom_only,historical_namespace,unpaired
2025_Conforme_2_Cam_B_1_320.jpg,2025,2,B,1,320,Conforme,Conforme,False,False,False,0,1,bottom_only,historical_namespace,unpaired
2025_Conforme_2_Cam_B_1_321.jpg,2025,2,B,1,321,Conforme,Conforme,False,False,False,0,1,bottom_only,historical_namespace,unpaired
2025_Conforme_2_Cam_B_1_322.jpg,2025,2,B,1,322,Conforme,Conforme,False,False,False,0,1,bottom_only,historical_namespace,unpaired
2025_Conforme_2_Cam_B_1_323.jpg,2025,2,B,1,323,Conforme,Conforme,False,False,False,0,1,bottom_only,historical_namespace,unpaired
2025_Conforme_2_Cam_B_1_324.jpg,2025,2,B,1,324,Conforme,Conforme,True,False,False,0,1,bottom_only,historical_namespace,unpaired
2025_Conforme_2_Cam_B_1_325.jpg,2025,2,B,1,325,Conforme,Conforme,False,False,False,0,1,bottom_only,historical_namespace,unpaired
2025_Conforme_2_Cam_B_1_326.jpg,2025,2,B,1,326,Conforme,Conforme,False,False,False,0,1,bottom_only,historical_namespace,unpaired
2025_Conforme_2_Cam_B_1_327.jpg,2025,2,B,1,327,Conforme,Conforme,False,False,False,0,1,bottom_only,historical_namespace,unpaired
2025_Conforme_2_Cam_B_1_328.jpg,2025,2,B,1,328,Conforme,Vide,False,False,False,0,1,bottom_only,historical_namespace,unpaired
2025_Conforme_2_Cam_B_1_329.jpg,2025,2,B,1,329,Conforme,Conforme,False,False,False,0,1,bottom_only,historical_namespace,unpaired
2025_Conforme_2_Cam_B_1_330.jpg,2025,2,B,1,330,Conforme,Vide,False,False,False,0,1,bottom_only,historical_namespace,unpaired
2025_Conforme_2_Cam_B_1_331.jpg,2025,2,B,1,331,Conforme,Conforme,False,False,False,0,1,bottom_only,historical_namespace,unpaired
2025_Conforme_2_Cam_B_1_332.jpg,2025,2,B,1,332,Conforme,Conforme,False,False,False,0,1,bottom_only,historical_namespace,unpaired
2025_Conforme_2_Cam_B_1_333.jpg,2025,2,B,1,333,Conforme,Conforme,False,False,False,0,1,bottom_only,historical_namespace,unpaired
2025_Conforme_2_Cam_B_1_334.jpg,2025,2,B,1,334,Conforme,Conforme,False,False,False,0,1,bottom_only,historical_namespace,unpaired
2025_Conforme_2_Cam_B_1_335.jpg,2025,2,B,1,335,Conforme,Conforme,False,False,False,0,1,bottom_only,historical_namespace,unpaired
2025_Conforme_2_Cam_B_1_336.jpg,2025,2,B,1,336,Conforme,Conforme,False,False,False,0,1,bottom_only,historical_namespace,unpaired
2025_Conforme_2_Cam_B_1_337.jpg,2025,2,B,1,337,Conforme,Conforme,False,False,False,0,1,bottom_only,historical_namespace,unpaired
2025_Conforme_2_Cam_B_1_338.jpg,2025,2,B,1,338,Conforme,Conforme,True,False,False,0,1,bottom_only,historical_namespace,unpaired
2025_Conforme_2_Cam_B_1_339.jpg,2025,2,B,1,339,Conforme,Conforme,False,False,False,0,1,bottom_only,historical_namespace,unpaired
2025_Conforme_2_Cam_B_1_340.jpg,2025,2,B,1,340,Conforme,Conforme,False,False,False,0,1,bottom_only,historical_namespace,unpaired
2025_Conforme_2_Cam_B_1_341.jpg,2025,2,B,1,341,Conforme,Vide,False,False,False,0,1,bottom_only,historical_namespace,unpaired
2025_Conforme_2_Cam_B_1_342.jpg,2025,2,B,1,342,Conforme,Conforme,False,False,False,0,1,bottom_only,historical_namespace,unpaired
2025_Conforme_2_Cam_B_1_343.jpg,2025,2,B,1,343,Conforme,Conforme,False,False,False,0,1,bottom_only,historical_namespace,unpaired
2025_Conforme_2_Cam_B_1_344.jpg,2025,2,B,1,344,Conforme,Conforme,False,False,False,0,1,bottom_only,historical_namespace,unpaired
2025_Conforme_2_Cam_B_1_345.jpg,2025,2,B,1,345,Conforme,Conforme,False,False,False,0,1,bottom_only,historical_namespace,unpaired
2025_Conforme_2_Cam_B_1_346.jpg,2025,2,B,1,346,Conforme,Conforme,False,False,False,0,1,bottom_only,historical_namespace,unpaired
2025_Conforme_2_Cam_B_1_347.jpg,2025,2,B,1,347,Conforme,Conforme,False,False,False,0,1,bottom_only,historical_namespace,unpaired
2025_Conforme_2_Cam_B_1_348.jpg,2025,2,B,1,348,Conforme,Conforme,False,False,False,0,1,bottom_only,historical_namespace,unpaired
2025_Conforme_2_Cam_B_1_349.jpg,2025,2,B,1,349,Conforme,Vide,False,False,False,0,1,bottom_only,historical_namespace,unpaired
2025_Conforme_2_Cam_B_1_350.jpg,2025,2,B,1,350,Conforme,Conforme,False,False,False,0,1,bottom_only,historical_namespace,unpaired
2025_Conforme_2_Cam_B_1_351.jpg,2025,2,B,1,351,Conforme,Conforme,False,False,False,0,1,bottom_only,historical_namespace,unpaired
2025_Conforme_2_Cam_B_1_352.jpg,2025,2,B,1,352,Conforme,Conforme,False,False,False,0,1,bottom_only,historical_namespace,unpaired
2025_Conforme_2_Cam_B_1_353.jpg,2025,2,B,1,353,Conforme,Conforme,False,False,False,0,1,bottom_only,historical_namespace,unpaired
2025_Conforme_2_Cam_B_1_354.jpg,2025,2,B,1,354,Conforme,Conforme,False,True,False,0,1,bottom_only,historical_namespace,unpaired
2025_Conforme_2_Cam_B_1_355.jpg,2025,2,B,1,355,Conforme,Conforme,False,False,False,0,1,bottom_only,historical_namespace,unpaired
2025_Conforme_2_Cam_B_1_356.jpg,2025,2,B,1,356,Conforme,Conforme,False,False,False,0,1,bottom_only,historical_namespace,unpaired
2025_Conforme_2_Cam_B_1_357.jpg,2025,2,B,1,357,Conforme,Conforme,False,False,False,0,1,bottom_only,historical_namespace,unpaired
2025_Conforme_2_Cam_B_1_358.jpg,2025,2,B,1,358,Conforme,Conforme,False,False,False,0,1,bottom_only,historical_namespace,unpaired
2025_Conforme_2_Cam_B_1_359.jpg,2025,2,B,1,359,Conforme,Conforme,False,False,False,0,1,bottom_only,historical_namespace,unpaired
2025_Conforme_2_Cam_B_1_360.jpg,2025,2,B,1,360,Conforme,Conforme,False,False,False,0,1,bottom_only,historical_namespace,unpaired
2025_Conforme_2_Cam_B_1_361.jpg,2025,2,B,1,361,Conforme,Conforme,False,False,False,0,1,bottom_only,historical_namespace,unpaired
2025_Conforme_2_Cam_B_1_362.jpg,2025,2,B,1,362,Conforme,Conforme,False,False,False,0,1,bottom_only,historical_namespace,unpaired
2025_Conforme_2_Cam_B_1_363.jpg,2025,2,B,1,363,Conforme,Conforme,False,False,False,0,1,bottom_only,historical_namespace,unpaired
2025_Conforme_2_Cam_B_1_364.jpg,2025,2,B,1,364,Conforme,Conforme,False,False,False,0,1,bottom_only,historical_namespace,unpaired
2025_Conforme_2_Cam_B_1_365.jpg,2025,2,B,1,365,Conforme,Conforme,False,False,False,0,1,bottom_only,historical_namespace,unpaired
2025_Conforme_2_Cam_B_1_366.jpg,2025,2,B,1,366,Conforme,Conforme,False,False,False,0,1,bottom_only,historical_namespace,unpaired
2025_Conforme_2_Cam_B_1_367.jpg,2025,2,B,1,367,Conforme,Conforme,False,False,False,0,1,bottom_only,historical_namespace,unpaired
2025_Conforme_2_Cam_B_1_368.jpg,2025,2,B,1,368,Conforme,Conforme,False,False,False,0,1,bottom_only,historical_namespace,unpaired
2025_Conforme_2_Cam_B_1_369.jpg,2025,2,B,1,369,Conforme,Conforme,False,False,False,0,1,bottom_only,historical_namespace,unpaired
2025_Conforme_2_Cam_B_1_370.jpg,2025,2,B,1,370,Conforme,Conforme,False,False,False,0,1,bottom_only,historical_namespace,unpaired
2025_Conforme_2_Cam_B_1_371.jpg,2025,2,B,1,371,Conforme,Conforme,False,False,False,0,1,bottom_only,historical_namespace,unpaired
2025_Conforme_2_Cam_B_1_372.jpg,2025,2,B,1,372,Conforme,Conforme,False,False,False,0,1,bottom_only,historical_namespace,unpaired
2025_Conforme_2_Cam_B_1_373.jpg,2025,2,B,1,373,Conforme,Vide,False,False,False,0,1,bottom_only,historical_namespace,unpaired
2025_Conforme_2_Cam_B_1_374.jpg,2025,2,B,1,374,Conforme,Vide,False,False,False,0,1,bottom_only,historical_namespace,unpaired
2025_Conforme_2_Cam_B_1_375.jpg,2025,2,B,1,375,Conforme,Conforme,False,False,False,0,1,bottom_only,historical_namespace,unpaired
2025_Conforme_2_Cam_B_1_376.jpg,2025,2,B,1,376,Conforme,Vide,False,False,False,0,1,bottom_only,historical_namespace,unpaired
2025_Conforme_2_Cam_B_1_377.jpg,2025,2,B,1,377,Conforme,Vide,False,False,False,0,1,bottom_only,historical_namespace,unpaired
2025_Conforme_2_Cam_B_1_378.jpg,2025,2,B,1,378,Conforme,Conforme,False,False,False,0,1,bottom_only,historical_namespace,unpaired
2025_Conforme_2_Cam_B_1_379.jpg,2025,2,B,1,379,Conforme,Conforme,False,False,False,0,1,bottom_only,historical_namespace,unpaired
2025_Conforme_2_Cam_B_1_380.jpg,2025,2,B,1,380,Conforme,Vide,False,False,False,0,1,bottom_only,historical_namespace,unpaired
2025_Conforme_2_Cam_B_1_381.jpg,2025,2,B,1,381,Conforme,Conforme,False,False,False,0,1,bottom_only,historical_namespace,unpaired
2025_Conforme_2_Cam_B_1_382.jpg,2025,2,B,1,382,Conforme,Conforme,False,False,False,0,1,bottom_only,historical_namespace,unpaired
2025_Conforme_2_Cam_B_1_383.jpg,2025,2,B,1,383,Conforme,Vide,False,False,False,0,1,bottom_only,historical_namespace,unpaired
2025_Conforme_2_Cam_B_1_384.jpg,2025,2,B,1,384,Conforme,Conforme,False,False,False,0,1,bottom_only,historical_namespace,unpaired
2025_Conforme_2_Cam_B_1_385.jpg,2025,2,B,1,385,Conforme,Conforme,False,False,False,0,1,bottom_only,historical_namespace,unpaired
2025_Conforme_2_Cam_B_1_386.jpg,2025,2,B,1,386,Conforme,Conforme,False,False,False,0,1,bottom_only,historical_namespace,unpaired
2025_Conforme_2_Cam_B_1_387.jpg,2025,2,B,1,387,Conforme,Vide,False,False,False,0,1,bottom_only,historical_namespace,unpaired
2025_Conforme_2_Cam_B_1_388.jpg,2025,2,B,1,388,Conforme,Conforme,False,False,False,0,1,bottom_only,historical_namespace,unpaired
2025_Conforme_2_Cam_B_1_389.jpg,2025,2,B,1,389,Conforme,Conforme,False,False,False,0,1,bottom_only,historical_namespace,unpaired
2025_Conforme_2_Cam_B_1_390.jpg,2025,2,B,1,390,Conforme,Conforme,False,False,False,0,1,bottom_only,historical_namespace,unpaired
2025_Conforme_2_Cam_B_1_391.jpg,2025,2,B,1,391,Conforme,Conforme,False,False,False,0,1,bottom_only,historical_namespace,unpaired
2025_Conforme_2_Cam_B_1_392.jpg,2025,2,B,1,392,Conforme,Conforme,False,False,False,0,1,bottom_only,historical_namespace,unpaired
2025_Conforme_2_Cam_B_1_393.jpg,2025,2,B,1,393,Conforme,Conforme,False,False,False,0,1,bottom_only,historical_namespace,unpaired
2025_Conforme_2_Cam_B_1_394.jpg,2025,2,B,1,394,Conforme,Conforme,False,False,False,0,1,bottom_only,historical_namespace,unpaired
2025_Conforme_2_Cam_B_1_395.jpg,2025,2,B,1,395,Conforme,Conforme,True,False,False,0,1,bottom_only,historical_namespace,unpaired
2025_Conforme_2_Cam_B_1_396.jpg,2025,2,B,1,396,Conforme,Conforme,False,False,False,0,1,bottom_only,historical_namespace,unpaired
2025_Conforme_2_Cam_B_1_397.jpg,2025,2,B,1,397,Conforme,Vide,False,False,False,0,1,bottom_only,historical_namespace,unpaired
2025_Conforme_2_Cam_B_1_398.jpg,2025,2,B,1,398,Conforme,Conforme,False,False,False,0,1,bottom_only,historical_namespace,unpaired
2025_Conforme_2_Cam_B_1_399.jpg,2025,2,B,1,399,Conforme,Conforme,False,False,False,0,1,bottom_only,historical_namespace,unpaired
2025_Conforme_2_Cam_B_1_400.jpg,2025,2,B,1,400,Conforme,Vide,False,False,False,0,1,bottom_only,historical_namespace,unpaired
2025_Conforme_2_Cam_B_1_401.jpg,2025,2,B,1,401,Conforme,Conforme,False,False,False,0,1,bottom_only,historical_namespace,unpaired
2025_Conforme_2_Cam_B_1_402.jpg,2025,2,B,1,402,Conforme,Conforme,False,False,False,0,1,bottom_only,historical_namespace,unpaired
2025_Conforme_2_Cam_B_1_403.jpg,2025,2,B,1,403,Conforme,Conforme,False,False,False,0,1,bottom_only,historical_namespace,unpaired
2025_Conforme_2_Cam_B_1_404.jpg,2025,2,B,1,404,Conforme,Conforme,False,False,False,0,1,bottom_only,historical_namespace,unpaired
2025_Conforme_2_Cam_B_1_405.jpg,2025,2,B,1,405,Conforme,Conforme,False,False,False,0,1,bottom_only,historical_namespace,unpaired
2025_Conforme_2_Cam_B_1_406.jpg,2025,2,B,1,406,Conforme,Conforme,False,False,False,0,1,bottom_only,historical_namespace,unpaired
2025_Conforme_2_Cam_B_1_407.jpg,2025,2,B,1,407,Conforme,Conforme,False,True,False,0,1,bottom_only,historical_namespace,unpaired
2025_Conforme_2_Cam_B_1_408.jpg,2025,2,B,1,408,Conforme,Conforme,False,False,False,0,1,bottom_only,historical_namespace,unpaired
2025_Conforme_2_Cam_B_1_409.jpg,2025,2,B,1,409,Conforme,Conforme,False,False,False,0,1,bottom_only,historical_namespace,unpaired
2025_Conforme_2_Cam_B_1_410.jpg,2025,2,B,1,410,Conforme,Conforme,False,False,False,0,1,bottom_only,historical_namespace,unpaired
2025_Conforme_2_Cam_B_1_411.jpg,2025,2,B,1,411,Conforme,Conforme,False,False,False,0,1,bottom_only,historical_namespace,unpaired
2025_Conforme_2_Cam_B_1_412.jpg,2025,2,B,1,412,Conforme,Conforme,False,False,False,0,1,bottom_only,historical_namespace,unpaired
2025_Conforme_2_Cam_B_1_413.jpg,2025,2,B,1,413,Conforme,Conforme,False,False,False,0,1,bottom_only,historical_namespace,unpaired
2025_Conforme_2_Cam_B_1_414.jpg,2025,2,B,1,414,Conforme,Conforme,False,False,False,0,1,bottom_only,historical_namespace,unpaired
2025_Conforme_2_Cam_B_1_415.jpg,2025,2,B,1,415,Conforme,Conforme,False,False,False,0,1,bottom_only,historical_namespace,unpaired
2025_Conforme_2_Cam_B_1_416.jpg,2025,2,B,1,416,Conforme,Vide,False,False,False,0,1,bottom_only,historical_namespace,unpaired
2025_Conforme_2_Cam_B_1_417.jpg,2025,2,B,1,417,Conforme,Vide,False,False,False,0,1,bottom_only,historical_namespace,unpaired
2025_Conforme_2_Cam_B_1_418.jpg,2025,2,B,1,418,Conforme,Conforme,False,False,False,0,1,bottom_only,historical_namespace,unpaired
2025_Conforme_2_Cam_B_1_419.jpg,2025,2,B,1,419,Conforme,Vide,False,False,False,0,1,bottom_only,historical_namespace,unpaired
2025_Conforme_2_Cam_B_1_420.jpg,2025,2,B,1,420,Conforme,Conforme,False,False,False,0,1,bottom_only,historical_namespace,unpaired
2025_Conforme_2_Cam_B_1_421.jpg,2025,2,B,1,421,Conforme,Vide,False,False,False,0,1,bottom_only,historical_namespace,unpaired
2025_Conforme_2_Cam_B_1_422.jpg,2025,2,B,1,422,Conforme,Conforme,True,False,False,0,1,bottom_only,historical_namespace,unpaired
2025_Conforme_2_Cam_B_1_423.jpg,2025,2,B,1,423,Conforme,Conforme,False,False,False,0,1,bottom_only,historical_namespace,unpaired
2025_Conforme_2_Cam_B_1_424.jpg,2025,2,B,1,424,Conforme,Conforme,False,False,False,0,1,bottom_only,historical_namespace,unpaired
2025_Conforme_2_Cam_B_1_425.jpg,2025,2,B,1,425,Conforme,Conforme,True,False,False,0,1,bottom_only,historical_namespace,unpaired
2025_Conforme_2_Cam_B_1_426.jpg,2025,2,B,1,426,Conforme,Conforme,False,False,False,0,1,bottom_only,historical_namespace,unpaired
2025_Conforme_2_Cam_B_1_427.jpg,2025,2,B,1,427,Conforme,Conforme,False,False,False,0,1,bottom_only,historical_namespace,unpaired
2025_Conforme_2_Cam_B_1_428.jpg,2025,2,B,1,428,Conforme,Conforme,False,False,False,0,1,bottom_only,historical_namespace,unpaired
2025_Conforme_2_Cam_B_1_429.jpg,2025,2,B,1,429,Conforme,Conforme,False,False,False,0,1,bottom_only,historical_namespace,unpaired
2025_Conforme_2_Cam_B_1_430.jpg,2025,2,B,1,430,Conforme,Conforme,False,False,False,0,1,bottom_only,historical_namespace,unpaired
2025_Conforme_2_Cam_B_1_431.jpg,2025,2,B,1,431,Conforme,Conforme,False,False,False,0,1,bottom_only,historical_namespace,unpaired
2025_Conforme_2_Cam_B_1_432.jpg,2025,2,B,1,432,Conforme,Conforme,False,False,False,0,1,bottom_only,historical_namespace,unpaired
2025_Conforme_2_Cam_B_1_433.jpg,2025,2,B,1,433,Conforme,Conforme,False,False,False,0,1,bottom_only,historical_namespace,unpaired
2025_Conforme_2_Cam_B_1_434.jpg,2025,2,B,1,434,Conforme,Vide,False,False,False,0,1,bottom_only,historical_namespace,unpaired
2025_Conforme_2_Cam_B_1_435.jpg,2025,2,B,1,435,Conforme,Vide,False,False,False,0,1,bottom_only,historical_namespace,unpaired
2025_Conforme_2_Cam_B_1_436.jpg,2025,2,B,1,436,Conforme,Vide,False,False,False,0,1,bottom_only,historical_namespace,unpaired
2025_Conforme_2_Cam_B_1_437.jpg,2025,2,B,1,437,Conforme,Vide,False,False,False,0,1,bottom_only,historical_namespace,unpaired
2025_Conforme_2_Cam_B_1_438.jpg,2025,2,B,1,438,Conforme,Vide,False,False,False,0,1,bottom_only,historical_namespace,unpaired
2025_Conforme_2_Cam_B_1_439.jpg,2025,2,B,1,439,Conforme,Vide,False,False,False,0,1,bottom_only,historical_namespace,unpaired
2025_Conforme_2_Cam_B_1_440.jpg,2025,2,B,1,440,Conforme,Vide,False,False,False,0,1,bottom_only,historical_namespace,unpaired
2025_Conforme_2_Cam_B_1_441.jpg,2025,2,B,1,441,Conforme,Vide,False,False,False,0,1,bottom_only,historical_namespace,unpaired
2025_Conforme_2_Cam_B_1_442.jpg,2025,2,B,1,442,Conforme,Vide,False,False,False,0,1,bottom_only,historical_namespace,unpaired
2025_Conforme_2_Cam_B_1_443.jpg,2025,2,B,1,443,Conforme,Conforme,False,False,False,0,1,bottom_only,historical_namespace,unpaired
2025_Conforme_2_Cam_B_1_444.jpg,2025,2,B,1,444,Conforme,Conforme,False,False,False,0,1,bottom_only,historical_namespace,unpaired
2025_Conforme_2_Cam_B_1_445.jpg,2025,2,B,1,445,Conforme,Conforme,False,False,False,0,1,bottom_only,historical_namespace,unpaired
2025_Conforme_2_Cam_B_1_446.jpg,2025,2,B,1,446,Conforme,Conforme,False,False,False,0,1,bottom_only,historical_namespace,unpaired
2025_Conforme_2_Cam_B_1_447.jpg,2025,2,B,1,447,Conforme,Vide,False,False,False,0,1,bottom_only,historical_namespace,unpaired
2025_Conforme_2_Cam_B_1_448.jpg,2025,2,B,1,448,Conforme,Vide,False,False,False,0,1,bottom_only,historical_namespace,unpaired
2025_Conforme_2_Cam_B_1_449.jpg,2025,2,B,1,449,Conforme,Conforme,False,False,False,0,1,bottom_only,historical_namespace,unpaired
2025_Conforme_2_Cam_B_1_450.jpg,2025,2,B,1,450,Conforme,Vide,False,False,False,0,1,bottom_only,historical_namespace,unpaired
2025_Conforme_2_Cam_B_1_451.jpg,2025,2,B,1,451,Conforme,Conforme,False,False,False,0,1,bottom_only,historical_namespace,unpaired
2025_Conforme_2_Cam_B_1_452.jpg,2025,2,B,1,452,Conforme,Vide,False,False,False,0,1,bottom_only,historical_namespace,unpaired
2025_Conforme_2_Cam_B_1_453.jpg,2025,2,B,1,453,Conforme,Conforme,False,False,False,0,1,bottom_only,historical_namespace,unpaired
2025_Conforme_2_Cam_B_1_454.jpg,2025,2,B,1,454,Conforme,Conforme,False,False,False,0,1,bottom_only,historical_namespace,unpaired
2025_Conforme_2_Cam_B_1_455.jpg,2025,2,B,1,455,Conforme,Conforme,False,False,False,0,1,bottom_only,historical_namespace,unpaired
2025_Conforme_2_Cam_B_1_456.jpg,2025,2,B,1,456,Conforme,Vide,False,False,False,0,1,bottom_only,historical_namespace,unpaired
2025_Conforme_2_Cam_B_1_457.jpg,2025,2,B,1,457,Conforme,Conforme,False,False,False,0,1,bottom_only,historical_namespace,unpaired
2025_Conforme_2_Cam_B_1_458.jpg,2025,2,B,1,458,Conforme,Conforme,False,False,False,0,1,bottom_only,historical_namespace,unpaired
2025_Conforme_2_Cam_B_1_459.jpg,2025,2,B,1,459,Conforme,Conforme,False,False,False,0,1,bottom_only,historical_namespace,unpaired
2025_Conforme_2_Cam_B_1_460.jpg,2025,2,B,1,460,Conforme,Vide,False,False,False,0,1,bottom_only,historical_namespace,unpaired
2025_Conforme_2_Cam_B_1_461.jpg,2025,2,B,1,461,Conforme,Conforme,False,False,False,0,1,bottom_only,historical_namespace,unpaired
2025_Conforme_2_Cam_B_1_462.jpg,2025,2,B,1,462,Conforme,Conforme,False,False,False,0,1,bottom_only,historical_namespace,unpaired
2025_Conforme_2_Cam_B_1_463.jpg,2025,2,B,1,463,Conforme,Vide,False,False,False,0,1,bottom_only,historical_namespace,unpaired
2025_Conforme_2_Cam_B_1_464.jpg,2025,2,B,1,464,Conforme,Conforme,False,False,False,0,1,bottom_only,historical_namespace,unpaired
2025_Conforme_2_Cam_B_1_465.jpg,2025,2,B,1,465,Conforme,Conforme,False,False,False,0,1,bottom_only,historical_namespace,unpaired
2025_Conforme_2_Cam_B_1_466.jpg,2025,2,B,1,466,Conforme,Conforme,False,False,False,0,1,bottom_only,historical_namespace,unpaired
2025_Conforme_2_Cam_B_1_467.jpg,2025,2,B,1,467,Conforme,Vide,False,False,False,0,1,bottom_only,historical_namespace,unpaired
2025_Conforme_2_Cam_B_1_468.jpg,2025,2,B,1,468,Conforme,Conforme,False,False,False,0,1,bottom_only,historical_namespace,unpaired
2025_Conforme_2_Cam_B_1_469.jpg,2025,2,B,1,469,Conforme,Conforme,False,False,False,0,1,bottom_only,historical_namespace,unpaired
2025_Conforme_2_Cam_B_1_470.jpg,2025,2,B,1,470,Conforme,Vide,False,False,False,0,1,bottom_only,historical_namespace,unpaired
2025_Conforme_2_Cam_B_1_471.jpg,2025,2,B,1,471,Conforme,Conforme,False,False,False,0,1,bottom_only,historical_namespace,unpaired
2025_Conforme_2_Cam_B_1_472.jpg,2025,2,B,1,472,Conforme,Conforme,False,False,False,0,1,bottom_only,historical_namespace,unpaired
2025_Conforme_2_Cam_B_1_473.jpg,2025,2,B,1,473,Conforme,Conforme,False,True,False,0,1,bottom_only,historical_namespace,unpaired
2025_Conforme_2_Cam_B_1_474.jpg,2025,2,B,1,474,Conforme,Conforme,False,False,False,0,1,bottom_only,historical_namespace,unpaired
2025_Conforme_2_Cam_B_1_475.jpg,2025,2,B,1,475,Conforme,Vide,False,False,False,0,1,bottom_only,historical_namespace,unpaired
2025_Conforme_2_Cam_B_1_476.jpg,2025,2,B,1,476,Conforme,Conforme,False,False,False,0,1,bottom_only,historical_namespace,unpaired
2025_Conforme_2_Cam_B_1_477.jpg,2025,2,B,1,477,Conforme,Conforme,False,False,False,0,1,bottom_only,historical_namespace,unpaired
2025_Conforme_2_Cam_B_1_478.jpg,2025,2,B,1,478,Conforme,Conforme,False,False,False,0,1,bottom_only,historical_namespace,unpaired
2025_Conforme_2_Cam_B_1_479.jpg,2025,2,B,1,479,Conforme,Conforme,False,True,False,0,1,bottom_only,historical_namespace,unpaired
2025_Conforme_2_Cam_B_1_480.jpg,2025,2,B,1,480,Conforme,Conforme,False,False,False,0,1,bottom_only,historical_namespace,unpaired
2025_Conforme_2_Cam_B_1_481.jpg,2025,2,B,1,481,Conforme,Conforme,False,False,False,0,1,bottom_only,historical_namespace,unpaired
2025_Conforme_2_Cam_B_1_482.jpg,2025,2,B,1,482,Conforme,Conforme,False,False,False,0,1,bottom_only,historical_namespace,unpaired
2025_Conforme_2_Cam_B_1_483.jpg,2025,2,B,1,483,Conforme,Vide,False,False,False,0,1,bottom_only,historical_namespace,unpaired
2025_Conforme_2_Cam_B_1_484.jpg,2025,2,B,1,484,Conforme,Vide,False,False,False,0,1,bottom_only,historical_namespace,unpaired
2025_Conforme_2_Cam_B_1_485.jpg,2025,2,B,1,485,Conforme,Conforme,False,False,False,0,1,bottom_only,historical_namespace,unpaired
2025_Conforme_2_Cam_B_1_486.jpg,2025,2,B,1,486,Conforme,Conforme,False,False,False,0,1,bottom_only,historical_namespace,unpaired
2025_Conforme_2_Cam_B_1_487.jpg,2025,2,B,1,487,Conforme,Conforme,False,False,False,0,1,bottom_only,historical_namespace,unpaired
2025_Conforme_2_Cam_B_1_488.jpg,2025,2,B,1,488,Conforme,Vide,False,False,False,0,1,bottom_only,historical_namespace,unpaired
2025_Conforme_2_Cam_B_1_489.jpg,2025,2,B,1,489,Conforme,Conforme,False,False,False,0,1,bottom_only,historical_namespace,unpaired
2025_Conforme_2_Cam_B_1_490.jpg,2025,2,B,1,490,Conforme,Conforme,False,False,False,0,1,bottom_only,historical_namespace,unpaired
2025_Conforme_2_Cam_B_1_491.jpg,2025,2,B,1,491,Conforme,Vide,False,False,False,0,1,bottom_only,historical_namespace,unpaired
2025_Conforme_2_Cam_B_1_492.jpg,2025,2,B,1,492,Conforme,Conforme,False,False,False,0,1,bottom_only,historical_namespace,unpaired
2025_Conforme_2_Cam_B_1_493.jpg,2025,2,B,1,493,Conforme,Conforme,True,False,False,0,1,bottom_only,historical_namespace,unpaired
2025_Conforme_2_Cam_B_1_494.jpg,2025,2,B,1,494,Conforme,Conforme,False,False,False,0,1,bottom_only,historical_namespace,unpaired
2025_Conforme_2_Cam_B_1_495.jpg,2025,2,B,1,495,Conforme,Conforme,False,False,False,0,1,bottom_only,historical_namespace,unpaired
2025_Conforme_2_Cam_B_1_496.jpg,2025,2,B,1,496,Conforme,Conforme,True,False,False,0,1,bottom_only,historical_namespace,unpaired
2025_Conforme_2_Cam_B_1_497.jpg,2025,2,B,1,497,Conforme,Conforme,False,False,False,0,1,bottom_only,historical_namespace,unpaired
2025_Conforme_2_Cam_B_1_498.jpg,2025,2,B,1,498,Conforme,Conforme,False,False,False,0,1,bottom_only,historical_namespace,unpaired
2025_Conforme_2_Cam_B_1_499.jpg,2025,2,B,1,499,Conforme,Conforme,False,False,False,0,1,bottom_only,historical_namespace,unpaired
2025_Conforme_2_Cam_B_1_500.jpg,2025,2,B,1,500,Conforme,Conforme,False,False,False,0,1,bottom_only,historical_namespace,unpaired
2025_Conforme_2_Cam_B_1_501.jpg,2025,2,B,1,501,Conforme,Conforme,False,False,False,0,1,bottom_only,historical_namespace,unpaired
2025_Conforme_2_Cam_B_1_502.jpg,2025,2,B,1,502,Conforme,Conforme,False,False,False,0,1,bottom_only,historical_namespace,unpaired
2025_Conforme_2_Cam_B_1_503.jpg,2025,2,B,1,503,Conforme,Conforme,False,False,False,0,1,bottom_only,historical_namespace,unpaired
2025_Conforme_2_Cam_B_1_504.jpg,2025,2,B,1,504,Conforme,Conforme,False,False,False,0,1,bottom_only,historical_namespace,unpaired
2025_Conforme_2_Cam_B_1_505.jpg,2025,2,B,1,505,Conforme,Conforme,False,False,False,0,1,bottom_only,historical_namespace,unpaired
2025_Conforme_2_Cam_B_1_506.jpg,2025,2,B,1,506,Conforme,Conforme,False,False,False,0,1,bottom_only,historical_namespace,unpaired
2025_Conforme_2_Cam_B_1_507.jpg,2025,2,B,1,507,Conforme,Conforme,False,False,False,0,1,bottom_only,historical_namespace,unpaired
2025_Conforme_2_Cam_B_1_508.jpg,2025,2,B,1,508,Conforme,Conforme,False,False,False,0,1,bottom_only,historical_namespace,unpaired
2025_Conforme_2_Cam_B_1_509.jpg,2025,2,B,1,509,Conforme,Conforme,False,False,False,0,1,bottom_only,historical_namespace,unpaired
2025_Conforme_2_Cam_B_1_510.jpg,2025,2,B,1,510,Conforme,Vide,False,False,False,0,1,bottom_only,historical_namespace,unpaired
2025_Conforme_2_Cam_B_1_511.jpg,2025,2,B,1,511,Conforme,Conforme,False,False,False,0,1,bottom_only,historical_namespace,unpaired
2025_Conforme_2_Cam_B_1_512.jpg,2025,2,B,1,512,Conforme,Conforme,False,False,False,0,1,bottom_only,historical_namespace,unpaired
2025_Conforme_2_Cam_B_1_513.jpg,2025,2,B,1,513,Conforme,Conforme,False,False,False,0,1,bottom_only,historical_namespace,unpaired
2025_Conforme_2_Cam_B_1_514.jpg,2025,2,B,1,514,Conforme,Conforme,False,False,False,0,1,bottom_only,historical_namespace,unpaired
2025_Conforme_2_Cam_B_1_515.jpg,2025,2,B,1,515,Conforme,Conforme,False,False,False,0,1,bottom_only,historical_namespace,unpaired
2025_Conforme_2_Cam_B_1_516.jpg,2025,2,B,1,516,Conforme,Conforme,False,False,False,0,1,bottom_only,historical_namespace,unpaired
2025_Conforme_2_Cam_B_1_517.jpg,2025,2,B,1,517,Conforme,Conforme,False,False,False,0,1,bottom_only,historical_namespace,unpaired
2025_Conforme_2_Cam_B_1_518.jpg,2025,2,B,1,518,Conforme,Conforme,False,False,False,0,1,bottom_only,historical_namespace,unpaired
2025_Conforme_2_Cam_B_1_519.jpg,2025,2,B,1,519,Conforme,Vide,False,False,False,0,1,bottom_only,historical_namespace,unpaired
2025_Conforme_2_Cam_B_1_520.jpg,2025,2,B,1,520,Conforme,Conforme,False,False,False,0,1,bottom_only,historical_namespace,unpaired
2025_Conforme_2_Cam_B_1_521.jpg,2025,2,B,1,521,Conforme,Conforme,False,False,False,0,1,bottom_only,historical_namespace,unpaired
2025_Conforme_2_Cam_B_1_522.jpg,2025,2,B,1,522,Conforme,Conforme,False,False,False,0,1,bottom_only,historical_namespace,unpaired
2025_Conforme_2_Cam_B_1_523.jpg,2025,2,B,1,523,Conforme,Conforme,False,False,False,0,1,bottom_only,historical_namespace,unpaired
2025_Conforme_2_Cam_B_1_524.jpg,2025,2,B,1,524,Conforme,Conforme,False,False,False,0,1,bottom_only,historical_namespace,unpaired
2025_Conforme_2_Cam_B_1_525.jpg,2025,2,B,1,525,Conforme,Conforme,False,False,False,0,1,bottom_only,historical_namespace,unpaired
2025_Conforme_2_Cam_B_1_526.jpg,2025,2,B,1,526,Conforme,Vide,False,False,False,0,1,bottom_only,historical_namespace,unpaired
2025_Conforme_2_Cam_B_1_527.jpg,2025,2,B,1,527,Conforme,Conforme,False,False,False,0,1,bottom_only,historical_namespace,unpaired
2025_Conforme_2_Cam_B_1_528.jpg,2025,2,B,1,528,Conforme,Conforme,False,False,False,0,1,bottom_only,historical_namespace,unpaired
2025_Conforme_2_Cam_B_1_529.jpg,2025,2,B,1,529,Conforme,Vide,False,False,False,0,1,bottom_only,historical_namespace,unpaired
2025_Conforme_2_Cam_B_1_530.jpg,2025,2,B,1,530,Conforme,Conforme,False,False,False,0,1,bottom_only,historical_namespace,unpaired
2025_Conforme_2_Cam_B_1_531.jpg,2025,2,B,1,531,Conforme,Conforme,False,False,False,0,1,bottom_only,historical_namespace,unpaired
2025_Conforme_2_Cam_B_1_532.jpg,2025,2,B,1,532,Conforme,Conforme,False,False,False,0,1,bottom_only,historical_namespace,unpaired
2025_Conforme_2_Cam_B_2_273.jpg,2025,2,B,2,273,Conforme,Conforme,False,False,False,0,1,bottom_only,historical_namespace,unpaired
2025_Conforme_2_Cam_B_2_274.jpg,2025,2,B,2,274,Conforme,Conforme,False,False,False,0,1,bottom_only,historical_namespace,unpaired
2025_Conforme_2_Cam_B_2_275.jpg,2025,2,B,2,275,Conforme,Conforme,False,False,False,0,1,bottom_only,historical_namespace,unpaired
2025_Conforme_2_Cam_B_2_276.jpg,2025,2,B,2,276,Conforme,Conforme,False,False,False,0,1,bottom_only,historical_namespace,unpaired
2025_Conforme_2_Cam_B_2_277.jpg,2025,2,B,2,277,Conforme,Vide,False,False,False,0,1,bottom_only,historical_namespace,unpaired
2025_Conforme_2_Cam_B_2_278.jpg,2025,2,B,2,278,Conforme,Conforme,False,False,False,0,1,bottom_only,historical_namespace,unpaired
2025_Conforme_2_Cam_B_2_279.jpg,2025,2,B,2,279,Conforme,Conforme,False,False,False,0,1,bottom_only,historical_namespace,unpaired
2025_Conforme_2_Cam_B_2_280.jpg,2025,2,B,2,280,Conforme,Conforme,True,False,False,0,1,bottom_only,historical_namespace,unpaired
2025_Conforme_2_Cam_B_2_281.jpg,2025,2,B,2,281,Conforme,Conforme,False,False,False,0,1,bottom_only,historical_namespace,unpaired
2025_Conforme_2_Cam_B_2_282.jpg,2025,2,B,2,282,Conforme,Conforme,False,False,False,0,1,bottom_only,historical_namespace,unpaired
2025_Conforme_2_Cam_B_2_283.jpg,2025,2,B,2,283,Conforme,Conforme,False,False,False,0,1,bottom_only,historical_namespace,unpaired
2025_Conforme_2_Cam_B_2_284.jpg,2025,2,B,2,284,Conforme,Conforme,False,False,False,0,1,bottom_only,historical_namespace,unpaired
2025_Conforme_2_Cam_B_2_285.jpg,2025,2,B,2,285,Conforme,Conforme,False,False,False,0,1,bottom_only,historical_namespace,unpaired
2025_Conforme_2_Cam_B_2_286.jpg,2025,2,B,2,286,Conforme,Conforme,False,False,False,0,1,bottom_only,historical_namespace,unpaired
2025_Conforme_2_Cam_B_2_287.jpg,2025,2,B,2,287,Conforme,Conforme,False,False,False,0,1,bottom_only,historical_namespace,unpaired
2025_Conforme_2_Cam_B_2_288.jpg,2025,2,B,2,288,Conforme,Conforme,False,False,False,0,1,bottom_only,historical_namespace,unpaired
2025_Conforme_2_Cam_B_2_289.jpg,2025,2,B,2,289,Conforme,Vide,False,False,False,0,1,bottom_only,historical_namespace,unpaired
2025_Conforme_2_Cam_B_2_290.jpg,2025,2,B,2,290,Conforme,Conforme,False,False,False,0,1,bottom_only,historical_namespace,unpaired
2025_Conforme_2_Cam_B_2_291.jpg,2025,2,B,2,291,Conforme,Vide,False,False,False,0,1,bottom_only,historical_namespace,unpaired
2025_Conforme_2_Cam_B_2_292.jpg,2025,2,B,2,292,Conforme,Conforme,False,False,False,0,1,bottom_only,historical_namespace,unpaired
2025_Conforme_2_Cam_B_2_293.jpg,2025,2,B,2,293,Conforme,Conforme,False,False,False,0,1,bottom_only,historical_namespace,unpaired
2025_Conforme_2_Cam_B_2_294.jpg,2025,2,B,2,294,Conforme,Conforme,False,False,False,0,1,bottom_only,historical_namespace,unpaired
2025_Conforme_2_Cam_B_2_295.jpg,2025,2,B,2,295,Conforme,Conforme,False,False,False,0,1,bottom_only,historical_namespace,unpaired
2025_Conforme_2_Cam_B_2_296.jpg,2025,2,B,2,296,Conforme,Conforme,False,False,False,0,1,bottom_only,historical_namespace,unpaired
2025_Conforme_2_Cam_B_2_297.jpg,2025,2,B,2,297,Conforme,Conforme,False,False,False,0,1,bottom_only,historical_namespace,unpaired
2025_Conforme_2_Cam_B_2_298.jpg,2025,2,B,2,298,Conforme,Conforme,False,False,False,0,1,bottom_only,historical_namespace,unpaired
2025_Conforme_2_Cam_B_2_299.jpg,2025,2,B,2,299,Conforme,Conforme,False,False,False,0,1,bottom_only,historical_namespace,unpaired
2025_Conforme_2_Cam_B_2_300.jpg,2025,2,B,2,300,Conforme,Conforme,False,False,False,0,1,bottom_only,historical_namespace,unpaired
2025_Conforme_2_Cam_B_2_301.jpg,2025,2,B,2,301,Conforme,Conforme,False,False,False,0,1,bottom_only,historical_namespace,unpaired
2025_Conforme_2_Cam_B_2_302.jpg,2025,2,B,2,302,Conforme,Conforme,False,False,False,0,1,bottom_only,historical_namespace,unpaired
2025_Conforme_2_Cam_B_2_303.jpg,2025,2,B,2,303,Conforme,Conforme,False,False,False,0,1,bottom_only,historical_namespace,unpaired
2025_Conforme_2_Cam_B_2_304.jpg,2025,2,B,2,304,Conforme,Conforme,False,False,False,0,1,bottom_only,historical_namespace,unpaired
2025_Conforme_2_Cam_B_2_305.jpg,2025,2,B,2,305,Conforme,Conforme,False,True,False,0,1,bottom_only,historical_namespace,unpaired
2025_Conforme_2_Cam_B_2_306.jpg,2025,2,B,2,306,Conforme,Conforme,False,False,False,0,1,bottom_only,historical_namespace,unpaired
2025_Conforme_2_Cam_B_2_307.jpg,2025,2,B,2,307,Conforme,Vide,False,False,False,0,1,bottom_only,historical_namespace,unpaired
2025_Conforme_2_Cam_B_2_308.jpg,2025,2,B,2,308,Conforme,Conforme,False,False,False,0,1,bottom_only,historical_namespace,unpaired
2025_Conforme_2_Cam_B_2_309.jpg,2025,2,B,2,309,Conforme,Conforme,False,True,False,0,1,bottom_only,historical_namespace,unpaired
2025_Conforme_2_Cam_B_2_310.jpg,2025,2,B,2,310,Conforme,Vide,False,False,False,0,1,bottom_only,historical_namespace,unpaired
2025_Conforme_2_Cam_B_2_311.jpg,2025,2,B,2,311,Conforme,Vide,False,False,False,0,1,bottom_only,historical_namespace,unpaired
2025_Conforme_2_Cam_B_2_312.jpg,2025,2,B,2,312,Conforme,Conforme,False,False,False,0,1,bottom_only,historical_namespace,unpaired
2025_Conforme_2_Cam_B_2_313.jpg,2025,2,B,2,313,Conforme,Conforme,False,False,False,0,1,bottom_only,historical_namespace,unpaired
2025_Conforme_2_Cam_B_2_314.jpg,2025,2,B,2,314,Conforme,Conforme,False,False,False,0,1,bottom_only,historical_namespace,unpaired
2025_Conforme_2_Cam_B_2_315.jpg,2025,2,B,2,315,Conforme,Conforme,False,False,False,0,1,bottom_only,historical_namespace,unpaired
2025_Conforme_2_Cam_B_2_316.jpg,2025,2,B,2,316,Conforme,Vide,False,False,False,0,1,bottom_only,historical_namespace,unpaired
2025_Conforme_2_Cam_B_2_317.jpg,2025,2,B,2,317,Conforme,Conforme,False,False,False,0,1,bottom_only,historical_namespace,unpaired
2025_Conforme_2_Cam_B_2_318.jpg,2025,2,B,2,318,Conforme,Conforme,False,True,False,0,1,bottom_only,historical_namespace,unpaired
2025_Conforme_2_Cam_B_2_319.jpg,2025,2,B,2,319,Conforme,Conforme,False,False,False,0,1,bottom_only,historical_namespace,unpaired
2025_Conforme_2_Cam_B_2_320.jpg,2025,2,B,2,320,Conforme,Vide,False,False,False,0,1,bottom_only,historical_namespace,unpaired
2025_Conforme_2_Cam_B_2_321.jpg,2025,2,B,2,321,Conforme,Conforme,False,False,False,0,1,bottom_only,historical_namespace,unpaired
2025_Conforme_2_Cam_B_2_322.jpg,2025,2,B,2,322,Conforme,Conforme,False,False,False,0,1,bottom_only,historical_namespace,unpaired
2025_Conforme_2_Cam_B_2_323.jpg,2025,2,B,2,323,Conforme,Conforme,False,False,False,0,1,bottom_only,historical_namespace,unpaired
2025_Conforme_2_Cam_B_2_324.jpg,2025,2,B,2,324,Conforme,Conforme,False,False,False,0,1,bottom_only,historical_namespace,unpaired
2025_Conforme_2_Cam_B_2_325.jpg,2025,2,B,2,325,Conforme,Conforme,False,False,False,0,1,bottom_only,historical_namespace,unpaired
2025_Conforme_2_Cam_B_2_326.jpg,2025,2,B,2,326,Conforme,Conforme,False,False,False,0,1,bottom_only,historical_namespace,unpaired
2025_Conforme_2_Cam_B_2_327.jpg,2025,2,B,2,327,Conforme,Conforme,False,False,False,0,1,bottom_only,historical_namespace,unpaired
2025_Conforme_2_Cam_B_2_328.jpg,2025,2,B,2,328,Conforme,Conforme,False,False,False,0,1,bottom_only,historical_namespace,unpaired
2025_Conforme_2_Cam_B_2_329.jpg,2025,2,B,2,329,Conforme,Conforme,False,False,False,0,1,bottom_only,historical_namespace,unpaired
2025_Conforme_2_Cam_B_2_330.jpg,2025,2,B,2,330,Conforme,Conforme,False,False,False,0,1,bottom_only,historical_namespace,unpaired
2025_Conforme_2_Cam_B_2_331.jpg,2025,2,B,2,331,Conforme,Conforme,False,False,False,0,1,bottom_only,historical_namespace,unpaired
2025_Conforme_2_Cam_B_2_332.jpg,2025,2,B,2,332,Conforme,Conforme,False,False,False,0,1,bottom_only,historical_namespace,unpaired
2025_Conforme_2_Cam_B_2_333.jpg,2025,2,B,2,333,Conforme,Conforme,False,False,False,0,1,bottom_only,historical_namespace,unpaired
2025_Conforme_2_Cam_B_2_334.jpg,2025,2,B,2,334,Conforme,Conforme,False,False,False,0,1,bottom_only,historical_namespace,unpaired
2025_Conforme_2_Cam_B_2_335.jpg,2025,2,B,2,335,Conforme,Conforme,False,False,False,0,1,bottom_only,historical_namespace,unpaired
2025_Conforme_2_Cam_B_2_336.jpg,2025,2,B,2,336,Conforme,Conforme,False,False,False,0,1,bottom_only,historical_namespace,unpaired
2025_Conforme_2_Cam_B_2_337.jpg,2025,2,B,2,337,Conforme,Conforme,False,False,False,0,1,bottom_only,historical_namespace,unpaired
2025_Conforme_2_Cam_B_2_338.jpg,2025,2,B,2,338,Conforme,Conforme,False,False,False,0,1,bottom_only,historical_namespace,unpaired
2025_Conforme_2_Cam_B_2_339.jpg,2025,2,B,2,339,Conforme,Conforme,False,True,False,0,1,bottom_only,historical_namespace,unpaired
2025_Conforme_2_Cam_B_2_340.jpg,2025,2,B,2,340,Conforme,Conforme,False,False,False,0,1,bottom_only,historical_namespace,unpaired
2025_Conforme_2_Cam_B_2_341.jpg,2025,2,B,2,341,Conforme,Conforme,False,False,False,0,1,bottom_only,historical_namespace,unpaired
2025_Conforme_2_Cam_B_2_342.jpg,2025,2,B,2,342,Conforme,Conforme,False,False,False,0,1,bottom_only,historical_namespace,unpaired
2025_Conforme_2_Cam_B_2_343.jpg,2025,2,B,2,343,Conforme,Conforme,False,False,False,0,1,bottom_only,historical_namespace,unpaired
2025_Conforme_2_Cam_B_2_344.jpg,2025,2,B,2,344,Conforme,Conforme,False,False,False,0,1,bottom_only,historical_namespace,unpaired
2025_Conforme_2_Cam_B_2_345.jpg,2025,2,B,2,345,Conforme,Conforme,False,False,False,0,1,bottom_only,historical_namespace,unpaired
2025_Conforme_2_Cam_B_2_346.jpg,2025,2,B,2,346,Conforme,Conforme,False,False,False,0,1,bottom_only,historical_namespace,unpaired
2025_Conforme_2_Cam_B_2_347.jpg,2025,2,B,2,347,Conforme,Conforme,False,False,False,0,1,bottom_only,historical_namespace,unpaired
2025_Conforme_2_Cam_B_2_348.jpg,2025,2,B,2,348,Conforme,Conforme,False,False,False,0,1,bottom_only,historical_namespace,unpaired
2025_Conforme_2_Cam_B_2_349.jpg,2025,2,B,2,349,Conforme,Conforme,False,False,False,0,1,bottom_only,historical_namespace,unpaired
2025_Conforme_2_Cam_B_2_350.jpg,2025,2,B,2,350,Conforme,Conforme,False,False,False,0,1,bottom_only,historical_namespace,unpaired
2025_Conforme_2_Cam_B_2_351.jpg,2025,2,B,2,351,Conforme,Conforme,False,False,False,0,1,bottom_only,historical_namespace,unpaired
2025_Conforme_2_Cam_B_2_352.jpg,2025,2,B,2,352,Conforme,Conforme,False,False,False,0,1,bottom_only,historical_namespace,unpaired
2025_Conforme_2_Cam_B_2_353.jpg,2025,2,B,2,353,Conforme,Vide,False,False,False,0,1,bottom_only,historical_namespace,unpaired
2025_Conforme_2_Cam_B_2_354.jpg,2025,2,B,2,354,Conforme,Conforme,False,True,False,0,1,bottom_only,historical_namespace,unpaired
2025_Conforme_2_Cam_B_2_355.jpg,2025,2,B,2,355,Conforme,Conforme,False,True,False,0,1,bottom_only,historical_namespace,unpaired
2025_Conforme_2_Cam_B_2_356.jpg,2025,2,B,2,356,Conforme,Conforme,False,False,False,0,1,bottom_only,historical_namespace,unpaired
2025_Conforme_2_Cam_B_2_357.jpg,2025,2,B,2,357,Conforme,Conforme,False,False,False,0,1,bottom_only,historical_namespace,unpaired
2025_Conforme_2_Cam_B_2_358.jpg,2025,2,B,2,358,Conforme,Conforme,False,False,False,0,1,bottom_only,historical_namespace,unpaired
2025_Conforme_2_Cam_B_2_359.jpg,2025,2,B,2,359,Conforme,Conforme,False,False,False,0,1,bottom_only,historical_namespace,unpaired
2025_Conforme_2_Cam_B_2_360.jpg,2025,2,B,2,360,Conforme,Conforme,False,False,False,0,1,bottom_only,historical_namespace,unpaired
2025_Conforme_2_Cam_B_2_361.jpg,2025,2,B,2,361,Conforme,Conforme,False,False,False,0,1,bottom_only,historical_namespace,unpaired
2025_Conforme_2_Cam_B_2_362.jpg,2025,2,B,2,362,Conforme,Conforme,False,False,False,0,1,bottom_only,historical_namespace,unpaired
2025_Conforme_2_Cam_B_2_363.jpg,2025,2,B,2,363,Conforme,Conforme,False,False,False,0,1,bottom_only,historical_namespace,unpaired
2025_Conforme_2_Cam_B_2_364.jpg,2025,2,B,2,364,Conforme,Conforme,False,False,False,0,1,bottom_only,historical_namespace,unpaired
2025_Conforme_2_Cam_B_2_365.jpg,2025,2,B,2,365,Conforme,Conforme,False,False,False,0,1,bottom_only,historical_namespace,unpaired
2025_Conforme_2_Cam_B_2_366.jpg,2025,2,B,2,366,Conforme,Conforme,False,False,False,0,1,bottom_only,historical_namespace,unpaired
2025_Conforme_2_Cam_B_2_367.jpg,2025,2,B,2,367,Conforme,Conforme,False,False,False,0,1,bottom_only,historical_namespace,unpaired
2025_Conforme_2_Cam_B_2_368.jpg,2025,2,B,2,368,Conforme,Conforme,False,False,False,0,1,bottom_only,historical_namespace,unpaired
2025_Conforme_2_Cam_B_2_369.jpg,2025,2,B,2,369,Conforme,Conforme,False,False,False,0,1,bottom_only,historical_namespace,unpaired
2025_Conforme_2_Cam_B_2_370.jpg,2025,2,B,2,370,Conforme,Conforme,False,False,False,0,1,bottom_only,historical_namespace,unpaired
2025_Conforme_2_Cam_B_2_371.jpg,2025,2,B,2,371,Conforme,Conforme,False,False,False,0,1,bottom_only,historical_namespace,unpaired
2025_Conforme_2_Cam_B_2_372.jpg,2025,2,B,2,372,Conforme,Conforme,False,False,False,0,1,bottom_only,historical_namespace,unpaired
2025_Conforme_2_Cam_B_2_373.jpg,2025,2,B,2,373,Conforme,Vide,False,False,False,0,1,bottom_only,historical_namespace,unpaired
2025_Conforme_2_Cam_B_2_374.jpg,2025,2,B,2,374,Conforme,Conforme,False,False,False,0,1,bottom_only,historical_namespace,unpaired
2025_Conforme_2_Cam_B_2_375.jpg,2025,2,B,2,375,Conforme,Conforme,False,False,False,0,1,bottom_only,historical_namespace,unpaired
2025_Conforme_2_Cam_B_2_376.jpg,2025,2,B,2,376,Conforme,Conforme,False,False,False,0,1,bottom_only,historical_namespace,unpaired
2025_Conforme_2_Cam_B_2_377.jpg,2025,2,B,2,377,Conforme,Conforme,False,False,False,0,1,bottom_only,historical_namespace,unpaired
2025_Conforme_2_Cam_B_2_378.jpg,2025,2,B,2,378,Conforme,Conforme,False,False,False,0,1,bottom_only,historical_namespace,unpaired
2025_Conforme_2_Cam_B_2_379.jpg,2025,2,B,2,379,Conforme,Vide,False,False,False,0,1,bottom_only,historical_namespace,unpaired
2025_Conforme_2_Cam_B_2_380.jpg,2025,2,B,2,380,Conforme,Conforme,False,True,False,0,1,bottom_only,historical_namespace,unpaired
2025_Conforme_2_Cam_B_2_381.jpg,2025,2,B,2,381,Conforme,Conforme,False,False,False,0,1,bottom_only,historical_namespace,unpaired
2025_Conforme_2_Cam_B_2_382.jpg,2025,2,B,2,382,Conforme,Conforme,False,False,False,0,1,bottom_only,historical_namespace,unpaired
2025_Conforme_2_Cam_B_2_383.jpg,2025,2,B,2,383,Conforme,Conforme,False,False,False,0,1,bottom_only,historical_namespace,unpaired
2025_Conforme_2_Cam_B_2_384.jpg,2025,2,B,2,384,Conforme,Conforme,False,False,False,0,1,bottom_only,historical_namespace,unpaired
2025_Conforme_2_Cam_B_2_385.jpg,2025,2,B,2,385,Conforme,Conforme,False,False,False,0,1,bottom_only,historical_namespace,unpaired
2025_Conforme_2_Cam_B_2_386.jpg,2025,2,B,2,386,Conforme,Conforme,False,False,False,0,1,bottom_only,historical_namespace,unpaired
2025_Conforme_2_Cam_B_2_387.jpg,2025,2,B,2,387,Conforme,Conforme,False,True,False,0,1,bottom_only,historical_namespace,unpaired
2025_Conforme_2_Cam_B_2_388.jpg,2025,2,B,2,388,Conforme,Conforme,False,False,False,0,1,bottom_only,historical_namespace,unpaired
2025_Conforme_2_Cam_B_2_389.jpg,2025,2,B,2,389,Conforme,Conforme,False,True,False,0,1,bottom_only,historical_namespace,unpaired
2025_Conforme_2_Cam_B_2_390.jpg,2025,2,B,2,390,Conforme,Conforme,False,False,False,0,1,bottom_only,historical_namespace,unpaired
2025_Conforme_2_Cam_B_2_391.jpg,2025,2,B,2,391,Conforme,Conforme,False,True,False,0,1,bottom_only,historical_namespace,unpaired
2025_Conforme_2_Cam_B_2_392.jpg,2025,2,B,2,392,Conforme,Conforme,False,False,False,0,1,bottom_only,historical_namespace,unpaired
2025_Conforme_2_Cam_B_2_393.jpg,2025,2,B,2,393,Conforme,Conforme,False,False,False,0,1,bottom_only,historical_namespace,unpaired
2025_Conforme_2_Cam_B_2_394.jpg,2025,2,B,2,394,Conforme,Conforme,False,False,False,0,1,bottom_only,historical_namespace,unpaired
2025_Conforme_2_Cam_B_2_395.jpg,2025,2,B,2,395,Conforme,Conforme,False,False,False,0,1,bottom_only,historical_namespace,unpaired
2025_Conforme_2_Cam_B_2_396.jpg,2025,2,B,2,396,Conforme,Vide,False,False,False,0,1,bottom_only,historical_namespace,unpaired
2025_Conforme_2_Cam_B_2_397.jpg,2025,2,B,2,397,Conforme,Vide,False,False,False,0,1,bottom_only,historical_namespace,unpaired
2025_Conforme_2_Cam_B_2_398.jpg,2025,2,B,2,398,Conforme,Conforme,False,False,False,0,1,bottom_only,historical_namespace,unpaired
2025_Conforme_2_Cam_B_2_399.jpg,2025,2,B,2,399,Conforme,Vide,False,False,False,0,1,bottom_only,historical_namespace,unpaired
2025_Conforme_2_Cam_B_2_400.jpg,2025,2,B,2,400,Conforme,Conforme,False,False,False,0,1,bottom_only,historical_namespace,unpaired
2025_Conforme_2_Cam_B_2_401.jpg,2025,2,B,2,401,Conforme,Conforme,False,False,False,0,1,bottom_only,historical_namespace,unpaired
2025_Conforme_2_Cam_B_2_402.jpg,2025,2,B,2,402,Conforme,Conforme,False,False,False,0,1,bottom_only,historical_namespace,unpaired
2025_Conforme_2_Cam_B_2_403.jpg,2025,2,B,2,403,Conforme,Conforme,False,False,False,0,1,bottom_only,historical_namespace,unpaired
2025_Conforme_2_Cam_B_2_404.jpg,2025,2,B,2,404,Conforme,Conforme,False,False,False,0,1,bottom_only,historical_namespace,unpaired
2025_Conforme_2_Cam_B_2_405.jpg,2025,2,B,2,405,Conforme,Conforme,False,False,False,0,1,bottom_only,historical_namespace,unpaired
2025_Conforme_2_Cam_B_2_406.jpg,2025,2,B,2,406,Conforme,Vide,False,False,False,0,1,bottom_only,historical_namespace,unpaired
2025_Conforme_2_Cam_B_2_407.jpg,2025,2,B,2,407,Conforme,Vide,False,False,False,0,1,bottom_only,historical_namespace,unpaired
2025_Conforme_2_Cam_B_2_408.jpg,2025,2,B,2,408,Conforme,Conforme,False,False,False,0,1,bottom_only,historical_namespace,unpaired
2025_Conforme_2_Cam_B_2_409.jpg,2025,2,B,2,409,Conforme,Conforme,False,False,False,0,1,bottom_only,historical_namespace,unpaired
2025_Conforme_2_Cam_B_2_410.jpg,2025,2,B,2,410,Conforme,Conforme,False,False,False,0,1,bottom_only,historical_namespace,unpaired
2025_Conforme_2_Cam_B_2_411.jpg,2025,2,B,2,411,Conforme,Conforme,False,False,False,0,1,bottom_only,historical_namespace,unpaired
2025_Conforme_2_Cam_B_2_412.jpg,2025,2,B,2,412,Conforme,Conforme,False,False,False,0,1,bottom_only,historical_namespace,unpaired
2025_Conforme_2_Cam_B_2_413.jpg,2025,2,B,2,413,Conforme,Vide,False,False,False,0,1,bottom_only,historical_namespace,unpaired
2025_Conforme_2_Cam_B_2_414.jpg,2025,2,B,2,414,Conforme,Conforme,False,False,False,0,1,bottom_only,historical_namespace,unpaired
2025_Conforme_2_Cam_B_2_415.jpg,2025,2,B,2,415,Conforme,Conforme,False,False,False,0,1,bottom_only,historical_namespace,unpaired
2025_Conforme_2_Cam_B_2_416.jpg,2025,2,B,2,416,Conforme,Conforme,False,False,False,0,1,bottom_only,historical_namespace,unpaired
2025_Conforme_2_Cam_B_2_417.jpg,2025,2,B,2,417,Conforme,Conforme,False,False,False,0,1,bottom_only,historical_namespace,unpaired
2025_Conforme_2_Cam_B_2_418.jpg,2025,2,B,2,418,Conforme,Vide,False,False,False,0,1,bottom_only,historical_namespace,unpaired
2025_Conforme_2_Cam_B_2_419.jpg,2025,2,B,2,419,Conforme,Vide,False,False,False,0,1,bottom_only,historical_namespace,unpaired
2025_Conforme_2_Cam_B_2_420.jpg,2025,2,B,2,420,Conforme,Conforme,False,False,False,0,1,bottom_only,historical_namespace,unpaired
2025_Conforme_2_Cam_B_2_421.jpg,2025,2,B,2,421,Conforme,Conforme,False,False,False,0,1,bottom_only,historical_namespace,unpaired
2025_Conforme_2_Cam_B_2_422.jpg,2025,2,B,2,422,Conforme,Vide,False,False,False,0,1,bottom_only,historical_namespace,unpaired
2025_Conforme_2_Cam_B_2_423.jpg,2025,2,B,2,423,Conforme,Conforme,False,False,False,0,1,bottom_only,historical_namespace,unpaired
2025_Conforme_2_Cam_B_2_424.jpg,2025,2,B,2,424,Conforme,Conforme,False,False,False,0,1,bottom_only,historical_namespace,unpaired
2025_Conforme_2_Cam_B_2_425.jpg,2025,2,B,2,425,Conforme,Conforme,False,False,False,0,1,bottom_only,historical_namespace,unpaired
2025_Conforme_2_Cam_B_2_426.jpg,2025,2,B,2,426,Conforme,Conforme,False,False,False,0,1,bottom_only,historical_namespace,unpaired
2025_Conforme_2_Cam_B_2_427.jpg,2025,2,B,2,427,Conforme,Conforme,False,False,False,0,1,bottom_only,historical_namespace,unpaired
2025_Conforme_2_Cam_B_2_428.jpg,2025,2,B,2,428,Conforme,Conforme,False,False,False,0,1,bottom_only,historical_namespace,unpaired
2025_Conforme_2_Cam_B_2_429.jpg,2025,2,B,2,429,Conforme,Conforme,True,False,False,0,1,bottom_only,historical_namespace,unpaired
2025_Conforme_2_Cam_B_2_430.jpg,2025,2,B,2,430,Conforme,Conforme,False,True,False,0,1,bottom_only,historical_namespace,unpaired
2025_Conforme_2_Cam_B_2_431.jpg,2025,2,B,2,431,Conforme,Conforme,False,False,False,0,1,bottom_only,historical_namespace,unpaired
2025_Conforme_2_Cam_B_2_432.jpg,2025,2,B,2,432,Conforme,Conforme,False,False,False,0,1,bottom_only,historical_namespace,unpaired
2025_Conforme_2_Cam_B_2_433.jpg,2025,2,B,2,433,Conforme,Conforme,False,True,False,0,1,bottom_only,historical_namespace,unpaired
2025_Conforme_2_Cam_B_2_434.jpg,2025,2,B,2,434,Conforme,Conforme,False,False,False,0,1,bottom_only,historical_namespace,unpaired
2025_Conforme_2_Cam_B_2_435.jpg,2025,2,B,2,435,Conforme,Conforme,False,False,False,0,1,bottom_only,historical_namespace,unpaired
2025_Conforme_2_Cam_B_2_436.jpg,2025,2,B,2,436,Conforme,Conforme,True,False,False,0,1,bottom_only,historical_namespace,unpaired
2025_Conforme_2_Cam_B_2_437.jpg,2025,2,B,2,437,Conforme,Conforme,False,False,False,0,1,bottom_only,historical_namespace,unpaired
2025_Conforme_2_Cam_B_2_438.jpg,2025,2,B,2,438,Conforme,Conforme,False,False,False,0,1,bottom_only,historical_namespace,unpaired
2025_Conforme_2_Cam_B_2_439.jpg,2025,2,B,2,439,Conforme,Conforme,False,False,False,0,1,bottom_only,historical_namespace,unpaired
2025_Conforme_2_Cam_B_2_440.jpg,2025,2,B,2,440,Conforme,Conforme,False,False,False,0,1,bottom_only,historical_namespace,unpaired
2025_Conforme_2_Cam_B_2_441.jpg,2025,2,B,2,441,Conforme,Conforme,False,False,False,0,1,bottom_only,historical_namespace,unpaired
2025_Conforme_2_Cam_B_2_442.jpg,2025,2,B,2,442,Conforme,Conforme,False,True,False,0,1,bottom_only,historical_namespace,unpaired
2025_Conforme_2_Cam_B_2_443.jpg,2025,2,B,2,443,Conforme,Conforme,False,False,False,0,1,bottom_only,historical_namespace,unpaired
2025_Conforme_2_Cam_B_2_444.jpg,2025,2,B,2,444,Conforme,Conforme,False,False,False,0,1,bottom_only,historical_namespace,unpaired
2025_Conforme_2_Cam_B_2_445.jpg,2025,2,B,2,445,Conforme,Conforme,False,False,False,0,1,bottom_only,historical_namespace,unpaired
2025_Conforme_2_Cam_B_2_446.jpg,2025,2,B,2,446,Conforme,Conforme,False,False,False,0,1,bottom_only,historical_namespace,unpaired
2025_Conforme_2_Cam_B_2_447.jpg,2025,2,B,2,447,Conforme,Conforme,False,False,False,0,1,bottom_only,historical_namespace,unpaired
2025_Conforme_2_Cam_B_2_448.jpg,2025,2,B,2,448,Conforme,Conforme,False,False,False,0,1,bottom_only,historical_namespace,unpaired
2025_Conforme_2_Cam_B_2_449.jpg,2025,2,B,2,449,Conforme,Vide,False,False,False,0,1,bottom_only,historical_namespace,unpaired
2025_Conforme_2_Cam_B_2_450.jpg,2025,2,B,2,450,Conforme,Conforme,False,False,False,0,1,bottom_only,historical_namespace,unpaired
2025_Conforme_2_Cam_B_2_451.jpg,2025,2,B,2,451,Conforme,Conforme,False,False,False,0,1,bottom_only,historical_namespace,unpaired
2025_Conforme_2_Cam_B_2_452.jpg,2025,2,B,2,452,Conforme,Conforme,False,True,False,0,1,bottom_only,historical_namespace,unpaired
2025_Conforme_2_Cam_B_2_453.jpg,2025,2,B,2,453,Conforme,Conforme,False,False,False,0,1,bottom_only,historical_namespace,unpaired
2025_Conforme_2_Cam_B_2_454.jpg,2025,2,B,2,454,Conforme,Vide,False,False,False,0,1,bottom_only,historical_namespace,unpaired
2025_Conforme_2_Cam_B_2_455.jpg,2025,2,B,2,455,Conforme,Conforme,False,False,False,0,1,bottom_only,historical_namespace,unpaired
2025_Conforme_2_Cam_B_2_456.jpg,2025,2,B,2,456,Conforme,Conforme,False,False,False,0,1,bottom_only,historical_namespace,unpaired
2025_Conforme_2_Cam_B_2_457.jpg,2025,2,B,2,457,Conforme,Conforme,False,False,False,0,1,bottom_only,historical_namespace,unpaired
2025_Conforme_2_Cam_B_2_458.jpg,2025,2,B,2,458,Conforme,Conforme,False,False,False,0,1,bottom_only,historical_namespace,unpaired
2025_Conforme_2_Cam_B_2_459.jpg,2025,2,B,2,459,Conforme,Conforme,False,False,False,0,1,bottom_only,historical_namespace,unpaired
2025_Conforme_2_Cam_B_2_460.jpg,2025,2,B,2,460,Conforme,Conforme,False,False,False,0,1,bottom_only,historical_namespace,unpaired
2025_Conforme_2_Cam_B_2_461.jpg,2025,2,B,2,461,Conforme,Conforme,False,False,False,0,1,bottom_only,historical_namespace,unpaired
2025_Conforme_2_Cam_B_2_462.jpg,2025,2,B,2,462,Conforme,Conforme,False,False,False,0,1,bottom_only,historical_namespace,unpaired
2025_Conforme_2_Cam_B_2_463.jpg,2025,2,B,2,463,Conforme,Conforme,False,False,False,0,1,bottom_only,historical_namespace,unpaired
2025_Conforme_2_Cam_B_2_464.jpg,2025,2,B,2,464,Conforme,Conforme,False,False,False,0,1,bottom_only,historical_namespace,unpaired
2025_Conforme_2_Cam_B_2_465.jpg,2025,2,B,2,465,Conforme,Conforme,False,False,False,0,1,bottom_only,historical_namespace,unpaired
2025_Conforme_2_Cam_B_2_466.jpg,2025,2,B,2,466,Conforme,Conforme,False,False,False,0,1,bottom_only,historical_namespace,unpaired
2025_Conforme_2_Cam_B_2_467.jpg,2025,2,B,2,467,Conforme,Conforme,False,False,False,0,1,bottom_only,historical_namespace,unpaired
2025_Conforme_2_Cam_B_2_468.jpg,2025,2,B,2,468,Conforme,Conforme,False,False,False,0,1,bottom_only,historical_namespace,unpaired
2025_Conforme_2_Cam_B_2_469.jpg,2025,2,B,2,469,Conforme,Conforme,False,False,False,0,1,bottom_only,historical_namespace,unpaired
2025_Conforme_2_Cam_B_2_470.jpg,2025,2,B,2,470,Conforme,Conforme,False,False,False,0,1,bottom_only,historical_namespace,unpaired
2025_Conforme_2_Cam_B_2_471.jpg,2025,2,B,2,471,Conforme,Conforme,False,False,False,0,1,bottom_only,historical_namespace,unpaired
2025_Conforme_2_Cam_B_2_472.jpg,2025,2,B,2,472,Conforme,Conforme,False,False,False,0,1,bottom_only,historical_namespace,unpaired
2025_Conforme_2_Cam_B_2_473.jpg,2025,2,B,2,473,Conforme,Conforme,False,False,False,0,1,bottom_only,historical_namespace,unpaired
2025_Conforme_2_Cam_B_2_474.jpg,2025,2,B,2,474,Conforme,Conforme,False,False,False,0,1,bottom_only,historical_namespace,unpaired
2025_Conforme_2_Cam_B_2_475.jpg,2025,2,B,2,475,Conforme,Conforme,False,False,False,0,1,bottom_only,historical_namespace,unpaired
2025_Conforme_2_Cam_B_2_476.jpg,2025,2,B,2,476,Conforme,Conforme,False,False,False,0,1,bottom_only,historical_namespace,unpaired
2025_Conforme_2_Cam_B_2_477.jpg,2025,2,B,2,477,Conforme,Conforme,False,False,False,0,1,bottom_only,historical_namespace,unpaired
2025_Conforme_2_Cam_B_2_478.jpg,2025,2,B,2,478,Conforme,Conforme,False,False,False,0,1,bottom_only,historical_namespace,unpaired
2025_Conforme_2_Cam_B_2_479.jpg,2025,2,B,2,479,Conforme,Conforme,False,False,False,0,1,bottom_only,historical_namespace,unpaired
2025_Conforme_2_Cam_B_2_480.jpg,2025,2,B,2,480,Conforme,Conforme,False,True,False,0,1,bottom_only,historical_namespace,unpaired
2025_Conforme_2_Cam_B_2_481.jpg,2025,2,B,2,481,Conforme,Conforme,False,False,False,0,1,bottom_only,historical_namespace,unpaired
2025_Conforme_2_Cam_B_2_482.jpg,2025,2,B,2,482,Conforme,Conforme,False,False,False,0,1,bottom_only,historical_namespace,unpaired
2025_Conforme_2_Cam_B_2_483.jpg,2025,2,B,2,483,Conforme,Conforme,False,False,False,0,1,bottom_only,historical_namespace,unpaired
2025_Conforme_2_Cam_B_2_484.jpg,2025,2,B,2,484,Conforme,Conforme,False,False,False,0,1,bottom_only,historical_namespace,unpaired
2025_Conforme_2_Cam_B_2_485.jpg,2025,2,B,2,485,Conforme,Conforme,False,False,False,0,1,bottom_only,historical_namespace,unpaired
2025_Conforme_2_Cam_B_2_486.jpg,2025,2,B,2,486,Conforme,Conforme,False,False,False,0,1,bottom_only,historical_namespace,unpaired
2025_Conforme_2_Cam_B_2_487.jpg,2025,2,B,2,487,Conforme,Conforme,False,True,False,0,1,bottom_only,historical_namespace,unpaired
2025_Conforme_2_Cam_B_2_488.jpg,2025,2,B,2,488,Conforme,Conforme,False,False,False,0,1,bottom_only,historical_namespace,unpaired
2025_Conforme_2_Cam_B_2_489.jpg,2025,2,B,2,489,Conforme,Conforme,False,False,False,0,1,bottom_only,historical_namespace,unpaired
2025_Conforme_2_Cam_B_2_490.jpg,2025,2,B,2,490,Conforme,Conforme,False,True,False,0,1,bottom_only,historical_namespace,unpaired
2025_Conforme_2_Cam_B_2_491.jpg,2025,2,B,2,491,Conforme,Conforme,False,False,False,0,1,bottom_only,historical_namespace,unpaired
2025_Conforme_2_Cam_B_2_492.jpg,2025,2,B,2,492,Conforme,Conforme,False,False,False,0,1,bottom_only,historical_namespace,unpaired
2025_Conforme_2_Cam_B_2_493.jpg,2025,2,B,2,493,Conforme,Conforme,False,False,False,0,1,bottom_only,historical_namespace,unpaired
2025_Conforme_2_Cam_B_2_494.jpg,2025,2,B,2,494,Conforme,Conforme,False,False,False,0,1,bottom_only,historical_namespace,unpaired
2025_Conforme_2_Cam_B_2_495.jpg,2025,2,B,2,495,Conforme,Conforme,False,False,False,0,1,bottom_only,historical_namespace,unpaired
2025_Conforme_2_Cam_B_2_496.jpg,2025,2,B,2,496,Conforme,Conforme,False,False,False,0,1,bottom_only,historical_namespace,unpaired
2025_Conforme_2_Cam_B_2_497.jpg,2025,2,B,2,497,Conforme,Vide,False,False,False,0,1,bottom_only,historical_namespace,unpaired
2025_Conforme_2_Cam_B_2_498.jpg,2025,2,B,2,498,Conforme,Conforme,False,True,False,0,1,bottom_only,historical_namespace,unpaired
2025_Conforme_2_Cam_B_2_499.jpg,2025,2,B,2,499,Conforme,Conforme,False,True,False,0,1,bottom_only,historical_namespace,unpaired
2025_Conforme_2_Cam_B_2_500.jpg,2025,2,B,2,500,Conforme,Conforme,False,False,False,0,1,bottom_only,historical_namespace,unpaired
2025_Conforme_2_Cam_B_2_501.jpg,2025,2,B,2,501,Conforme,Vide,False,False,False,0,1,bottom_only,historical_namespace,unpaired
2025_Conforme_2_Cam_B_2_502.jpg,2025,2,B,2,502,Conforme,Conforme,False,False,False,0,1,bottom_only,historical_namespace,unpaired
2025_Conforme_2_Cam_B_2_503.jpg,2025,2,B,2,503,Conforme,Conforme,False,False,False,0,1,bottom_only,historical_namespace,unpaired
2025_Conforme_2_Cam_B_2_504.jpg,2025,2,B,2,504,Conforme,Conforme,False,True,False,0,1,bottom_only,historical_namespace,unpaired
2025_Conforme_2_Cam_B_2_505.jpg,2025,2,B,2,505,Conforme,Conforme,False,True,False,0,1,bottom_only,historical_namespace,unpaired
2025_Conforme_2_Cam_B_2_506.jpg,2025,2,B,2,506,Conforme,Conforme,False,False,False,0,1,bottom_only,historical_namespace,unpaired
2025_Conforme_2_Cam_B_2_507.jpg,2025,2,B,2,507,Conforme,Conforme,False,False,False,0,1,bottom_only,historical_namespace,unpaired
2025_Conforme_2_Cam_B_2_508.jpg,2025,2,B,2,508,Conforme,Vide,False,False,False,0,1,bottom_only,historical_namespace,unpaired
2025_Conforme_2_Cam_B_2_509.jpg,2025,2,B,2,509,Conforme,Conforme,False,False,False,0,1,bottom_only,historical_namespace,unpaired
2025_Conforme_2_Cam_B_2_510.jpg,2025,2,B,2,510,Conforme,Conforme,False,False,False,0,1,bottom_only,historical_namespace,unpaired
2025_Conforme_2_Cam_B_2_511.jpg,2025,2,B,2,511,Conforme,Vide,False,False,False,0,1,bottom_only,historical_namespace,unpaired
2025_Conforme_2_Cam_B_2_512.jpg,2025,2,B,2,512,Conforme,Conforme,False,False,False,0,1,bottom_only,historical_namespace,unpaired
2025_Conforme_2_Cam_B_2_513.jpg,2025,2,B,2,513,Conforme,Conforme,False,False,False,0,1,bottom_only,historical_namespace,unpaired
2025_Conforme_2_Cam_B_2_514.jpg,2025,2,B,2,514,Conforme,Conforme,False,True,False,0,1,bottom_only,historical_namespace,unpaired
2025_Conforme_2_Cam_B_2_515.jpg,2025,2,B,2,515,Conforme,Conforme,False,False,False,0,1,bottom_only,historical_namespace,unpaired
2025_Conforme_2_Cam_B_2_516.jpg,2025,2,B,2,516,Conforme,Conforme,False,False,False,0,1,bottom_only,historical_namespace,unpaired
2025_Conforme_2_Cam_B_2_517.jpg,2025,2,B,2,517,Conforme,Conforme,False,True,False,0,1,bottom_only,historical_namespace,unpaired
2025_Conforme_2_Cam_B_2_518.jpg,2025,2,B,2,518,Conforme,Conforme,True,False,False,0,1,bottom_only,historical_namespace,unpaired
2025_Conforme_2_Cam_B_3_259.jpg,2025,2,B,3,259,Conforme,Conforme,False,True,False,0,1,bottom_only,historical_namespace,unpaired
2025_Conforme_2_Cam_B_3_260.jpg,2025,2,B,3,260,Conforme,Conforme,False,True,False,0,1,bottom_only,historical_namespace,unpaired
2025_Conforme_2_Cam_B_3_261.jpg,2025,2,B,3,261,Conforme,Conforme,False,False,False,0,1,bottom_only,historical_namespace,unpaired
2025_Conforme_2_Cam_B_3_262.jpg,2025,2,B,3,262,Conforme,Conforme,False,False,False,0,1,bottom_only,historical_namespace,unpaired
2025_Conforme_2_Cam_B_3_263.jpg,2025,2,B,3,263,Conforme,Conforme,False,True,False,0,1,bottom_only,historical_namespace,unpaired
2025_Conforme_2_Cam_B_3_264.jpg,2025,2,B,3,264,Conforme,Conforme,False,False,False,0,1,bottom_only,historical_namespace,unpaired
2025_Conforme_2_Cam_B_3_265.jpg,2025,2,B,3,265,Conforme,Conforme,False,False,False,0,1,bottom_only,historical_namespace,unpaired
2025_Conforme_2_Cam_B_3_266.jpg,2025,2,B,3,266,Conforme,Conforme,False,False,False,0,1,bottom_only,historical_namespace,unpaired
2025_Conforme_2_Cam_B_3_267.jpg,2025,2,B,3,267,Conforme,Conforme,False,True,False,0,1,bottom_only,historical_namespace,unpaired
2025_Conforme_2_Cam_B_3_268.jpg,2025,2,B,3,268,Conforme,Conforme,False,True,False,0,1,bottom_only,historical_namespace,unpaired
2025_Conforme_2_Cam_B_3_269.jpg,2025,2,B,3,269,Conforme,Conforme,False,False,False,0,1,bottom_only,historical_namespace,unpaired
2025_Conforme_2_Cam_B_3_270.jpg,2025,2,B,3,270,Conforme,Conforme,False,False,False,0,1,bottom_only,historical_namespace,unpaired
2025_Conforme_2_Cam_B_3_271.jpg,2025,2,B,3,271,Conforme,Conforme,False,False,False,0,1,bottom_only,historical_namespace,unpaired
2025_Conforme_2_Cam_B_3_272.jpg,2025,2,B,3,272,Conforme,Conforme,False,False,False,0,1,bottom_only,historical_namespace,unpaired
2025_Conforme_2_Cam_B_3_273.jpg,2025,2,B,3,273,Conforme,Conforme,False,True,False,0,1,bottom_only,historical_namespace,unpaired
2025_Conforme_2_Cam_B_3_274.jpg,2025,2,B,3,274,Conforme,Conforme,False,False,False,0,1,bottom_only,historical_namespace,unpaired
2025_Conforme_2_Cam_B_3_275.jpg,2025,2,B,3,275,Conforme,Conforme,False,False,False,0,1,bottom_only,historical_namespace,unpaired
2025_Conforme_2_Cam_B_3_276.jpg,2025,2,B,3,276,Conforme,Conforme,False,False,False,0,1,bottom_only,historical_namespace,unpaired
2025_Conforme_2_Cam_B_3_277.jpg,2025,2,B,3,277,Conforme,Conforme,False,True,False,0,1,bottom_only,historical_namespace,unpaired
2025_Conforme_2_Cam_B_3_278.jpg,2025,2,B,3,278,Conforme,Conforme,False,False,False,0,1,bottom_only,historical_namespace,unpaired
2025_Conforme_2_Cam_B_3_279.jpg,2025,2,B,3,279,Conforme,Conforme,False,True,False,0,1,bottom_only,historical_namespace,unpaired
2025_Conforme_2_Cam_B_3_280.jpg,2025,2,B,3,280,Conforme,Conforme,False,False,False,0,1,bottom_only,historical_namespace,unpaired
2025_Conforme_2_Cam_B_3_281.jpg,2025,2,B,3,281,Conforme,Conforme,False,False,False,0,1,bottom_only,historical_namespace,unpaired
2025_Conforme_2_Cam_B_3_282.jpg,2025,2,B,3,282,Conforme,Conforme,False,True,False,0,1,bottom_only,historical_namespace,unpaired
2025_Conforme_2_Cam_B_3_283.jpg,2025,2,B,3,283,Conforme,Conforme,False,True,False,0,1,bottom_only,historical_namespace,unpaired
2025_Conforme_2_Cam_B_3_284.jpg,2025,2,B,3,284,Conforme,Conforme,False,False,False,0,1,bottom_only,historical_namespace,unpaired
2025_Conforme_2_Cam_B_3_285.jpg,2025,2,B,3,285,Conforme,Conforme,False,False,False,0,1,bottom_only,historical_namespace,unpaired
2025_Conforme_2_Cam_B_3_286.jpg,2025,2,B,3,286,Conforme,Conforme,False,False,False,0,1,bottom_only,historical_namespace,unpaired
2025_Conforme_2_Cam_B_3_287.jpg,2025,2,B,3,287,Conforme,Conforme,False,True,False,0,1,bottom_only,historical_namespace,unpaired
2025_Conforme_2_Cam_B_3_288.jpg,2025,2,B,3,288,Conforme,Conforme,False,True,False,0,1,bottom_only,historical_namespace,unpaired
2025_Conforme_2_Cam_B_3_289.jpg,2025,2,B,3,289,Conforme,Conforme,False,False,False,0,1,bottom_only,historical_namespace,unpaired
2025_Conforme_2_Cam_B_3_290.jpg,2025,2,B,3,290,Conforme,Conforme,False,False,False,0,1,bottom_only,historical_namespace,unpaired
2025_Conforme_2_Cam_B_3_291.jpg,2025,2,B,3,291,Conforme,Conforme,False,True,False,0,1,bottom_only,historical_namespace,unpaired
2025_Conforme_2_Cam_B_3_292.jpg,2025,2,B,3,292,Conforme,Vide,False,False,False,0,1,bottom_only,historical_namespace,unpaired
2025_Conforme_2_Cam_B_3_293.jpg,2025,2,B,3,293,Conforme,Conforme,False,True,False,0,1,bottom_only,historical_namespace,unpaired
2025_Conforme_2_Cam_B_3_294.jpg,2025,2,B,3,294,Conforme,Conforme,False,True,False,0,1,bottom_only,historical_namespace,unpaired
2025_Conforme_2_Cam_B_3_295.jpg,2025,2,B,3,295,Conforme,Conforme,False,False,False,0,1,bottom_only,historical_namespace,unpaired
2025_Conforme_2_Cam_B_3_296.jpg,2025,2,B,3,296,Conforme,Conforme,False,False,False,0,1,bottom_only,historical_namespace,unpaired
2025_Conforme_2_Cam_B_3_297.jpg,2025,2,B,3,297,Conforme,Conforme,False,True,False,0,1,bottom_only,historical_namespace,unpaired
2025_Conforme_2_Cam_B_3_298.jpg,2025,2,B,3,298,Conforme,Conforme,False,False,False,0,1,bottom_only,historical_namespace,unpaired
2025_Conforme_2_Cam_B_3_299.jpg,2025,2,B,3,299,Conforme,Conforme,False,True,False,0,1,bottom_only,historical_namespace,unpaired
2025_Conforme_2_Cam_B_3_300.jpg,2025,2,B,3,300,Conforme,Conforme,False,False,False,0,1,bottom_only,historical_namespace,unpaired
2025_Conforme_2_Cam_B_3_301.jpg,2025,2,B,3,301,Conforme,Vide,False,False,False,0,1,bottom_only,historical_namespace,unpaired
2025_Conforme_2_Cam_B_3_302.jpg,2025,2,B,3,302,Conforme,Conforme,False,False,False,0,1,bottom_only,historical_namespace,unpaired
2025_Conforme_2_Cam_B_3_303.jpg,2025,2,B,3,303,Conforme,Conforme,False,False,False,0,1,bottom_only,historical_namespace,unpaired
2025_Conforme_2_Cam_B_3_304.jpg,2025,2,B,3,304,Conforme,Conforme,False,False,False,0,1,bottom_only,historical_namespace,unpaired
2025_Conforme_2_Cam_B_3_305.jpg,2025,2,B,3,305,Conforme,Conforme,False,False,False,0,1,bottom_only,historical_namespace,unpaired
2025_Conforme_2_Cam_B_3_306.jpg,2025,2,B,3,306,Conforme,Conforme,False,False,False,0,1,bottom_only,historical_namespace,unpaired
2025_Conforme_2_Cam_B_3_307.jpg,2025,2,B,3,307,Conforme,Conforme,False,True,False,0,1,bottom_only,historical_namespace,unpaired
2025_Conforme_2_Cam_B_3_308.jpg,2025,2,B,3,308,Conforme,Conforme,False,False,False,0,1,bottom_only,historical_namespace,unpaired
2025_Conforme_2_Cam_B_3_309.jpg,2025,2,B,3,309,Conforme,Conforme,False,False,False,0,1,bottom_only,historical_namespace,unpaired
2025_Conforme_2_Cam_B_3_310.jpg,2025,2,B,3,310,Conforme,Vide,False,False,False,0,1,bottom_only,historical_namespace,unpaired
2025_Conforme_2_Cam_B_3_311.jpg,2025,2,B,3,311,Conforme,Conforme,False,False,False,0,1,bottom_only,historical_namespace,unpaired
2025_Conforme_2_Cam_B_3_312.jpg,2025,2,B,3,312,Conforme,Vide,False,False,False,0,1,bottom_only,historical_namespace,unpaired
2025_Conforme_2_Cam_B_3_313.jpg,2025,2,B,3,313,Conforme,Vide,False,False,False,0,1,bottom_only,historical_namespace,unpaired
2025_Conforme_2_Cam_B_3_314.jpg,2025,2,B,3,314,Conforme,Vide,False,False,False,0,1,bottom_only,historical_namespace,unpaired
2025_Conforme_2_Cam_B_3_315.jpg,2025,2,B,3,315,Conforme,Conforme,False,True,False,0,1,bottom_only,historical_namespace,unpaired
2025_Conforme_2_Cam_B_3_316.jpg,2025,2,B,3,316,Conforme,Conforme,False,False,False,0,1,bottom_only,historical_namespace,unpaired
2025_Conforme_2_Cam_B_3_317.jpg,2025,2,B,3,317,Conforme,Conforme,False,False,False,0,1,bottom_only,historical_namespace,unpaired
2025_Conforme_2_Cam_B_3_318.jpg,2025,2,B,3,318,Conforme,Conforme,False,False,False,0,1,bottom_only,historical_namespace,unpaired
2025_Conforme_2_Cam_B_3_319.jpg,2025,2,B,3,319,Conforme,Conforme,False,True,False,0,1,bottom_only,historical_namespace,unpaired
2025_Conforme_2_Cam_B_3_320.jpg,2025,2,B,3,320,Conforme,Conforme,False,True,False,0,1,bottom_only,historical_namespace,unpaired
2025_Conforme_2_Cam_B_3_321.jpg,2025,2,B,3,321,Conforme,Vide,False,False,False,0,1,bottom_only,historical_namespace,unpaired
2025_Conforme_2_Cam_B_3_322.jpg,2025,2,B,3,322,Conforme,Conforme,False,False,False,0,1,bottom_only,historical_namespace,unpaired
2025_Conforme_2_Cam_B_3_323.jpg,2025,2,B,3,323,Conforme,Conforme,False,True,False,0,1,bottom_only,historical_namespace,unpaired
2025_Conforme_2_Cam_B_3_324.jpg,2025,2,B,3,324,Conforme,Conforme,False,False,False,0,1,bottom_only,historical_namespace,unpaired
2025_Conforme_2_Cam_B_3_325.jpg,2025,2,B,3,325,Conforme,Conforme,False,False,False,0,1,bottom_only,historical_namespace,unpaired
2025_Conforme_2_Cam_B_3_326.jpg,2025,2,B,3,326,Conforme,Conforme,False,True,False,0,1,bottom_only,historical_namespace,unpaired
2025_Conforme_2_Cam_B_3_327.jpg,2025,2,B,3,327,Conforme,Conforme,False,True,False,0,1,bottom_only,historical_namespace,unpaired
2025_Conforme_2_Cam_B_3_328.jpg,2025,2,B,3,328,Conforme,Conforme,False,False,False,0,1,bottom_only,historical_namespace,unpaired
2025_Conforme_2_Cam_B_3_329.jpg,2025,2,B,3,329,Conforme,Vide,False,False,False,0,1,bottom_only,historical_namespace,unpaired
2025_Conforme_2_Cam_B_3_330.jpg,2025,2,B,3,330,Conforme,Conforme,False,False,False,0,1,bottom_only,historical_namespace,unpaired
2025_Conforme_2_Cam_B_3_331.jpg,2025,2,B,3,331,Conforme,Conforme,False,True,False,0,1,bottom_only,historical_namespace,unpaired
2025_Conforme_2_Cam_B_3_332.jpg,2025,2,B,3,332,Conforme,Conforme,False,False,False,0,1,bottom_only,historical_namespace,unpaired
2025_Conforme_2_Cam_B_3_333.jpg,2025,2,B,3,333,Conforme,Conforme,False,False,False,0,1,bottom_only,historical_namespace,unpaired
2025_Conforme_2_Cam_B_3_334.jpg,2025,2,B,3,334,Conforme,Conforme,False,False,False,0,1,bottom_only,historical_namespace,unpaired
2025_Conforme_2_Cam_B_3_335.jpg,2025,2,B,3,335,Conforme,Conforme,True,False,False,0,1,bottom_only,historical_namespace,unpaired
2025_Conforme_2_Cam_B_3_336.jpg,2025,2,B,3,336,Conforme,Conforme,False,False,False,0,1,bottom_only,historical_namespace,unpaired
2025_Conforme_2_Cam_B_3_337.jpg,2025,2,B,3,337,Conforme,Conforme,False,True,False,0,1,bottom_only,historical_namespace,unpaired
2025_Conforme_2_Cam_B_3_338.jpg,2025,2,B,3,338,Conforme,Conforme,False,False,False,0,1,bottom_only,historical_namespace,unpaired
2025_Conforme_2_Cam_B_3_339.jpg,2025,2,B,3,339,Conforme,Conforme,False,False,False,0,1,bottom_only,historical_namespace,unpaired
2025_Conforme_2_Cam_B_3_340.jpg,2025,2,B,3,340,Conforme,Conforme,False,False,False,0,1,bottom_only,historical_namespace,unpaired
2025_Conforme_2_Cam_B_3_341.jpg,2025,2,B,3,341,Conforme,Conforme,False,False,False,0,1,bottom_only,historical_namespace,unpaired
2025_Conforme_2_Cam_B_3_342.jpg,2025,2,B,3,342,Conforme,Conforme,False,True,False,0,1,bottom_only,historical_namespace,unpaired
2025_Conforme_2_Cam_B_3_343.jpg,2025,2,B,3,343,Conforme,Conforme,False,True,False,0,1,bottom_only,historical_namespace,unpaired
2025_Conforme_2_Cam_B_3_344.jpg,2025,2,B,3,344,Conforme,Conforme,False,True,False,0,1,bottom_only,historical_namespace,unpaired
2025_Conforme_2_Cam_B_3_345.jpg,2025,2,B,3,345,Conforme,Conforme,False,False,False,0,1,bottom_only,historical_namespace,unpaired
2025_Conforme_2_Cam_B_3_346.jpg,2025,2,B,3,346,Conforme,Conforme,False,True,False,0,1,bottom_only,historical_namespace,unpaired
2025_Conforme_2_Cam_B_3_347.jpg,2025,2,B,3,347,Conforme,Conforme,False,True,False,0,1,bottom_only,historical_namespace,unpaired
2025_Conforme_2_Cam_B_3_348.jpg,2025,2,B,3,348,Conforme,Conforme,False,True,False,0,1,bottom_only,historical_namespace,unpaired
2025_Conforme_2_Cam_B_3_349.jpg,2025,2,B,3,349,Conforme,Conforme,False,True,False,0,1,bottom_only,historical_namespace,unpaired
2025_Conforme_2_Cam_B_3_350.jpg,2025,2,B,3,350,Conforme,Conforme,False,True,False,0,1,bottom_only,historical_namespace,unpaired
2025_Conforme_2_Cam_B_3_351.jpg,2025,2,B,3,351,Conforme,Conforme,False,False,False,0,1,bottom_only,historical_namespace,unpaired
2025_Conforme_2_Cam_B_3_352.jpg,2025,2,B,3,352,Conforme,Conforme,False,False,False,0,1,bottom_only,historical_namespace,unpaired
2025_Conforme_2_Cam_B_3_353.jpg,2025,2,B,3,353,Conforme,Conforme,False,False,False,0,1,bottom_only,historical_namespace,unpaired
2025_Conforme_2_Cam_B_3_354.jpg,2025,2,B,3,354,Conforme,Conforme,False,False,False,0,1,bottom_only,historical_namespace,unpaired
2025_Conforme_2_Cam_B_3_355.jpg,2025,2,B,3,355,Conforme,Conforme,False,True,False,0,1,bottom_only,historical_namespace,unpaired
2025_Conforme_2_Cam_B_3_356.jpg,2025,2,B,3,356,Conforme,Conforme,False,False,False,0,1,bottom_only,historical_namespace,unpaired
2025_Conforme_2_Cam_B_3_357.jpg,2025,2,B,3,357,Conforme,Conforme,True,False,False,0,1,bottom_only,historical_namespace,unpaired
2025_Conforme_2_Cam_B_3_358.jpg,2025,2,B,3,358,Conforme,Conforme,False,False,False,0,1,bottom_only,historical_namespace,unpaired
2025_Conforme_2_Cam_B_3_359.jpg,2025,2,B,3,359,Conforme,Conforme,False,False,False,0,1,bottom_only,historical_namespace,unpaired
2025_Conforme_2_Cam_B_3_360.jpg,2025,2,B,3,360,Conforme,Conforme,False,True,False,0,1,bottom_only,historical_namespace,unpaired
2025_Conforme_2_Cam_B_3_361.jpg,2025,2,B,3,361,Conforme,Conforme,False,False,False,0,1,bottom_only,historical_namespace,unpaired
2025_Conforme_2_Cam_B_3_362.jpg,2025,2,B,3,362,Conforme,Conforme,False,False,False,0,1,bottom_only,historical_namespace,unpaired
2025_Conforme_2_Cam_B_3_363.jpg,2025,2,B,3,363,Conforme,Conforme,False,True,False,0,1,bottom_only,historical_namespace,unpaired
2025_Conforme_2_Cam_B_3_364.jpg,2025,2,B,3,364,Conforme,Conforme,False,False,False,0,1,bottom_only,historical_namespace,unpaired
2025_Conforme_2_Cam_B_3_365.jpg,2025,2,B,3,365,Conforme,Vide,False,False,False,0,1,bottom_only,historical_namespace,unpaired
2025_Conforme_2_Cam_B_3_366.jpg,2025,2,B,3,366,Conforme,Conforme,False,False,False,0,1,bottom_only,historical_namespace,unpaired
2025_Conforme_2_Cam_B_3_367.jpg,2025,2,B,3,367,Conforme,Conforme,False,True,False,0,1,bottom_only,historical_namespace,unpaired
2025_Conforme_2_Cam_B_3_368.jpg,2025,2,B,3,368,Conforme,Conforme,False,False,False,0,1,bottom_only,historical_namespace,unpaired
2025_Conforme_2_Cam_B_3_369.jpg,2025,2,B,3,369,Conforme,Conforme,False,False,False,0,1,bottom_only,historical_namespace,unpaired
2025_Conforme_2_Cam_B_3_370.jpg,2025,2,B,3,370,Conforme,Conforme,False,True,False,0,1,bottom_only,historical_namespace,unpaired
2025_Conforme_2_Cam_B_3_371.jpg,2025,2,B,3,371,Conforme,Conforme,False,False,False,0,1,bottom_only,historical_namespace,unpaired
2025_Conforme_2_Cam_B_3_372.jpg,2025,2,B,3,372,Conforme,Conforme,False,False,False,0,1,bottom_only,historical_namespace,unpaired
2025_Conforme_2_Cam_B_3_373.jpg,2025,2,B,3,373,Conforme,Conforme,False,False,False,0,1,bottom_only,historical_namespace,unpaired
2025_Conforme_2_Cam_B_3_374.jpg,2025,2,B,3,374,Conforme,Conforme,False,True,False,0,1,bottom_only,historical_namespace,unpaired
2025_Conforme_2_Cam_B_3_375.jpg,2025,2,B,3,375,Conforme,Conforme,False,True,False,0,1,bottom_only,historical_namespace,unpaired
2025_Conforme_2_Cam_B_3_376.jpg,2025,2,B,3,376,Conforme,Conforme,False,True,False,0,1,bottom_only,historical_namespace,unpaired
2025_Conforme_2_Cam_B_3_377.jpg,2025,2,B,3,377,Conforme,Conforme,False,True,False,0,1,bottom_only,historical_namespace,unpaired
2025_Conforme_2_Cam_B_3_378.jpg,2025,2,B,3,378,Conforme,Conforme,False,True,False,0,1,bottom_only,historical_namespace,unpaired
2025_Conforme_2_Cam_B_3_379.jpg,2025,2,B,3,379,Conforme,Conforme,False,False,False,0,1,bottom_only,historical_namespace,unpaired
2025_Conforme_2_Cam_B_3_380.jpg,2025,2,B,3,380,Conforme,Conforme,False,True,False,0,1,bottom_only,historical_namespace,unpaired
2025_Conforme_2_Cam_B_3_381.jpg,2025,2,B,3,381,Conforme,Conforme,False,True,False,0,1,bottom_only,historical_namespace,unpaired
2025_Conforme_2_Cam_B_3_382.jpg,2025,2,B,3,382,Conforme,Vide,False,False,False,0,1,bottom_only,historical_namespace,unpaired
2025_Conforme_2_Cam_B_3_383.jpg,2025,2,B,3,383,Conforme,Conforme,False,False,False,0,1,bottom_only,historical_namespace,unpaired
2025_Conforme_2_Cam_B_3_384.jpg,2025,2,B,3,384,Conforme,Conforme,False,False,False,0,1,bottom_only,historical_namespace,unpaired
2025_Conforme_2_Cam_B_3_385.jpg,2025,2,B,3,385,Conforme,Vide,False,False,False,0,1,bottom_only,historical_namespace,unpaired
2025_Conforme_2_Cam_B_3_386.jpg,2025,2,B,3,386,Conforme,Conforme,False,False,False,0,1,bottom_only,historical_namespace,unpaired
2025_Conforme_2_Cam_B_3_387.jpg,2025,2,B,3,387,Conforme,Conforme,False,True,False,0,1,bottom_only,historical_namespace,unpaired
2025_Conforme_2_Cam_B_3_388.jpg,2025,2,B,3,388,Conforme,Conforme,False,True,False,0,1,bottom_only,historical_namespace,unpaired
2025_Conforme_2_Cam_B_3_389.jpg,2025,2,B,3,389,Conforme,Conforme,False,False,False,0,1,bottom_only,historical_namespace,unpaired
2025_Conforme_2_Cam_B_3_390.jpg,2025,2,B,3,390,Conforme,Vide,False,False,False,0,1,bottom_only,historical_namespace,unpaired
2025_Conforme_2_Cam_B_3_391.jpg,2025,2,B,3,391,Conforme,Conforme,False,False,False,0,1,bottom_only,historical_namespace,unpaired
2025_Conforme_2_Cam_B_3_392.jpg,2025,2,B,3,392,Conforme,Vide,False,False,False,0,1,bottom_only,historical_namespace,unpaired
2025_Conforme_2_Cam_B_3_393.jpg,2025,2,B,3,393,Conforme,Conforme,False,False,False,0,1,bottom_only,historical_namespace,unpaired
2025_Conforme_2_Cam_B_3_394.jpg,2025,2,B,3,394,Conforme,Conforme,False,False,False,0,1,bottom_only,historical_namespace,unpaired
2025_Conforme_2_Cam_B_3_395.jpg,2025,2,B,3,395,Conforme,Conforme,True,False,False,0,1,bottom_only,historical_namespace,unpaired
2025_Conforme_2_Cam_B_3_396.jpg,2025,2,B,3,396,Conforme,Conforme,False,True,False,0,1,bottom_only,historical_namespace,unpaired
2025_Conforme_2_Cam_B_3_397.jpg,2025,2,B,3,397,Conforme,Conforme,False,False,False,0,1,bottom_only,historical_namespace,unpaired
2025_Conforme_2_Cam_B_3_398.jpg,2025,2,B,3,398,Conforme,Vide,False,False,False,0,1,bottom_only,historical_namespace,unpaired
2025_Conforme_2_Cam_B_3_399.jpg,2025,2,B,3,399,Conforme,Conforme,False,False,False,0,1,bottom_only,historical_namespace,unpaired
2025_Conforme_2_Cam_B_3_400.jpg,2025,2,B,3,400,Conforme,Conforme,False,True,False,0,1,bottom_only,historical_namespace,unpaired
2025_Conforme_2_Cam_B_3_401.jpg,2025,2,B,3,401,Conforme,Conforme,True,False,False,0,1,bottom_only,historical_namespace,unpaired
2025_Conforme_2_Cam_B_3_402.jpg,2025,2,B,3,402,Conforme,Conforme,False,True,False,0,1,bottom_only,historical_namespace,unpaired
2025_Conforme_2_Cam_B_3_403.jpg,2025,2,B,3,403,Conforme,Conforme,False,False,False,0,1,bottom_only,historical_namespace,unpaired
2025_Conforme_2_Cam_B_3_404.jpg,2025,2,B,3,404,Conforme,Vide,False,False,False,0,1,bottom_only,historical_namespace,unpaired
2025_Conforme_2_Cam_B_3_405.jpg,2025,2,B,3,405,Conforme,Vide,False,False,False,0,1,bottom_only,historical_namespace,unpaired
2025_Conforme_2_Cam_B_3_406.jpg,2025,2,B,3,406,Conforme,Vide,False,False,False,0,1,bottom_only,historical_namespace,unpaired
2025_Conforme_2_Cam_B_3_407.jpg,2025,2,B,3,407,Conforme,Conforme,False,False,False,0,1,bottom_only,historical_namespace,unpaired
2025_Conforme_2_Cam_B_3_408.jpg,2025,2,B,3,408,Conforme,Conforme,False,False,False,0,1,bottom_only,historical_namespace,unpaired
2025_Conforme_2_Cam_B_3_409.jpg,2025,2,B,3,409,Conforme,Conforme,False,True,False,0,1,bottom_only,historical_namespace,unpaired
2025_Conforme_2_Cam_B_3_410.jpg,2025,2,B,3,410,Conforme,Conforme,True,False,False,0,1,bottom_only,historical_namespace,unpaired
2025_Conforme_2_Cam_B_3_411.jpg,2025,2,B,3,411,Conforme,Conforme,False,True,False,0,1,bottom_only,historical_namespace,unpaired
2025_Conforme_2_Cam_B_3_412.jpg,2025,2,B,3,412,Conforme,Vide,False,False,False,0,1,bottom_only,historical_namespace,unpaired
2025_Conforme_2_Cam_B_3_414.jpg,2025,2,B,3,414,Conforme,Vide,False,False,False,0,1,bottom_only,historical_namespace,unpaired
2025_Conforme_2_Cam_B_3_415.jpg,2025,2,B,3,415,Conforme,Vide,False,False,False,0,1,bottom_only,historical_namespace,unpaired
2025_Conforme_2_Cam_B_3_416.jpg,2025,2,B,3,416,Conforme,Vide,False,False,False,0,1,bottom_only,historical_namespace,unpaired
2025_Conforme_2_Cam_B_3_417.jpg,2025,2,B,3,417,Conforme,Conforme,False,True,False,0,1,bottom_only,historical_namespace,unpaired
2025_Conforme_2_Cam_B_3_418.jpg,2025,2,B,3,418,Conforme,Vide,False,False,False,0,1,bottom_only,historical_namespace,unpaired
2025_Conforme_2_Cam_B_3_419.jpg,2025,2,B,3,419,Conforme,Vide,False,False,False,0,1,bottom_only,historical_namespace,unpaired
2025_Conforme_2_Cam_B_3_420.jpg,2025,2,B,3,420,Conforme,Vide,False,False,False,0,1,bottom_only,historical_namespace,unpaired
2025_Conforme_2_Cam_B_3_421.jpg,2025,2,B,3,421,Conforme,Vide,False,False,False,0,1,bottom_only,historical_namespace,unpaired
2025_Conforme_2_Cam_B_3_422.jpg,2025,2,B,3,422,Conforme,Vide,False,False,False,0,1,bottom_only,historical_namespace,unpaired
2025_Conforme_2_Cam_B_3_423.jpg,2025,2,B,3,423,Conforme,Vide,False,False,False,0,1,bottom_only,historical_namespace,unpaired
2025_Conforme_2_Cam_B_3_424.jpg,2025,2,B,3,424,Conforme,Vide,False,False,False,0,1,bottom_only,historical_namespace,unpaired
2025_Conforme_2_Cam_B_3_425.jpg,2025,2,B,3,425,Conforme,Vide,False,False,False,0,1,bottom_only,historical_namespace,unpaired
2025_Conforme_2_Cam_B_3_426.jpg,2025,2,B,3,426,Conforme,Vide,False,False,False,0,1,bottom_only,historical_namespace,unpaired
2025_Conforme_2_Cam_B_3_427.jpg,2025,2,B,3,427,Conforme,Conforme,False,True,False,0,1,bottom_only,historical_namespace,unpaired
2025_Conforme_2_Cam_B_3_428.jpg,2025,2,B,3,428,Conforme,Conforme,False,True,False,0,1,bottom_only,historical_namespace,unpaired
2025_Conforme_2_Cam_B_3_429.jpg,2025,2,B,3,429,Conforme,Vide,False,False,False,0,1,bottom_only,historical_namespace,unpaired
2025_Conforme_2_Cam_B_3_430.jpg,2025,2,B,3,430,Conforme,Conforme,False,True,False,0,1,bottom_only,historical_namespace,unpaired
2025_Conforme_2_Cam_B_3_431.jpg,2025,2,B,3,431,Conforme,Conforme,False,True,False,0,1,bottom_only,historical_namespace,unpaired
2025_Conforme_2_Cam_B_3_432.jpg,2025,2,B,3,432,Conforme,Conforme,False,True,False,0,1,bottom_only,historical_namespace,unpaired
2025_Conforme_2_Cam_B_3_433.jpg,2025,2,B,3,433,Conforme,Conforme,True,False,False,0,1,bottom_only,historical_namespace,unpaired
2025_Conforme_2_Cam_B_3_434.jpg,2025,2,B,3,434,Conforme,Conforme,False,False,False,0,1,bottom_only,historical_namespace,unpaired
2025_Conforme_2_Cam_B_3_435.jpg,2025,2,B,3,435,Conforme,Conforme,True,False,False,0,1,bottom_only,historical_namespace,unpaired
2025_Conforme_2_Cam_B_3_436.jpg,2025,2,B,3,436,Conforme,Conforme,False,True,False,0,1,bottom_only,historical_namespace,unpaired
2025_Conforme_2_Cam_B_3_437.jpg,2025,2,B,3,437,Conforme,Conforme,False,True,False,0,1,bottom_only,historical_namespace,unpaired
2025_Conforme_2_Cam_B_3_438.jpg,2025,2,B,3,438,Conforme,Conforme,True,False,False,0,1,bottom_only,historical_namespace,unpaired
2025_Conforme_2_Cam_B_3_439.jpg,2025,2,B,3,439,Conforme,Conforme,False,True,False,0,1,bottom_only,historical_namespace,unpaired
2025_Conforme_2_Cam_B_3_440.jpg,2025,2,B,3,440,Conforme,Conforme,False,False,False,0,1,bottom_only,historical_namespace,unpaired
2025_Conforme_2_Cam_B_3_441.jpg,2025,2,B,3,441,Conforme,Conforme,True,False,False,0,1,bottom_only,historical_namespace,unpaired
2025_Conforme_2_Cam_B_3_442.jpg,2025,2,B,3,442,Conforme,Conforme,False,True,False,0,1,bottom_only,historical_namespace,unpaired
2025_Conforme_2_Cam_B_3_443.jpg,2025,2,B,3,443,Conforme,Conforme,False,True,False,0,1,bottom_only,historical_namespace,unpaired
2025_Conforme_2_Cam_B_3_444.jpg,2025,2,B,3,444,Conforme,Conforme,True,False,False,0,1,bottom_only,historical_namespace,unpaired
2025_Conforme_2_Cam_B_3_445.jpg,2025,2,B,3,445,Conforme,Conforme,True,False,False,0,1,bottom_only,historical_namespace,unpaired
2025_Conforme_2_Cam_B_3_446.jpg,2025,2,B,3,446,Conforme,Vide,False,False,False,0,1,bottom_only,historical_namespace,unpaired
2025_Conforme_2_Cam_B_3_447.jpg,2025,2,B,3,447,Conforme,Conforme,True,False,False,0,1,bottom_only,historical_namespace,unpaired
2025_Conforme_2_Cam_B_3_448.jpg,2025,2,B,3,448,Conforme,Conforme,False,False,False,0,1,bottom_only,historical_namespace,unpaired
2025_Conforme_2_Cam_B_3_449.jpg,2025,2,B,3,449,Conforme,Conforme,False,False,False,0,1,bottom_only,historical_namespace,unpaired
2025_Conforme_2_Cam_B_3_450.jpg,2025,2,B,3,450,Conforme,Conforme,False,False,False,0,1,bottom_only,historical_namespace,unpaired
2025_Conforme_2_Cam_B_3_451.jpg,2025,2,B,3,451,Conforme,Conforme,False,False,False,0,1,bottom_only,historical_namespace,unpaired
2025_Conforme_2_Cam_B_3_452.jpg,2025,2,B,3,452,Conforme,Conforme,False,True,False,0,1,bottom_only,historical_namespace,unpaired
2025_Conforme_2_Cam_B_3_453.jpg,2025,2,B,3,453,Conforme,Conforme,False,True,False,0,1,bottom_only,historical_namespace,unpaired
2025_Conforme_2_Cam_B_3_454.jpg,2025,2,B,3,454,Conforme,Conforme,False,True,False,0,1,bottom_only,historical_namespace,unpaired
2025_Conforme_2_Cam_B_3_455.jpg,2025,2,B,3,455,Conforme,Conforme,False,True,False,0,1,bottom_only,historical_namespace,unpaired
2025_Conforme_2_Cam_B_3_456.jpg,2025,2,B,3,456,Conforme,Conforme,False,False,False,0,1,bottom_only,historical_namespace,unpaired
2025_Conforme_2_Cam_B_3_457.jpg,2025,2,B,3,457,Conforme,Conforme,False,True,False,0,1,bottom_only,historical_namespace,unpaired
2025_Conforme_2_Cam_B_3_458.jpg,2025,2,B,3,458,Conforme,Conforme,False,True,False,0,1,bottom_only,historical_namespace,unpaired
2025_Conforme_2_Cam_B_3_459.jpg,2025,2,B,3,459,Conforme,Conforme,False,True,False,0,1,bottom_only,historical_namespace,unpaired
2025_Conforme_2_Cam_B_3_460.jpg,2025,2,B,3,460,Conforme,Conforme,False,False,False,0,1,bottom_only,historical_namespace,unpaired
2025_Conforme_2_Cam_B_3_461.jpg,2025,2,B,3,461,Conforme,Conforme,True,False,False,0,1,bottom_only,historical_namespace,unpaired
2025_Conforme_2_Cam_B_3_462.jpg,2025,2,B,3,462,Conforme,Vide,False,False,False,0,1,bottom_only,historical_namespace,unpaired
2025_Conforme_2_Cam_B_3_463.jpg,2025,2,B,3,463,Conforme,Conforme,False,True,False,0,1,bottom_only,historical_namespace,unpaired
2025_Conforme_2_Cam_B_3_464.jpg,2025,2,B,3,464,Conforme,Conforme,False,False,False,0,1,bottom_only,historical_namespace,unpaired
2025_Conforme_2_Cam_B_3_465.jpg,2025,2,B,3,465,Conforme,Conforme,False,False,False,0,1,bottom_only,historical_namespace,unpaired
2025_Conforme_2_Cam_B_3_466.jpg,2025,2,B,3,466,Conforme,Conforme,False,False,False,0,1,bottom_only,historical_namespace,unpaired
2025_Conforme_2_Cam_B_3_467.jpg,2025,2,B,3,467,Conforme,Conforme,False,False,False,0,1,bottom_only,historical_namespace,unpaired
2025_Conforme_2_Cam_B_3_468.jpg,2025,2,B,3,468,Conforme,Vide,False,False,False,0,1,bottom_only,historical_namespace,unpaired
2025_Conforme_2_Cam_B_3_469.jpg,2025,2,B,3,469,Conforme,Conforme,False,False,False,0,1,bottom_only,historical_namespace,unpaired
2025_Conforme_2_Cam_B_3_470.jpg,2025,2,B,3,470,Conforme,Conforme,False,True,False,0,1,bottom_only,historical_namespace,unpaired
2025_Conforme_2_Cam_B_3_471.jpg,2025,2,B,3,471,Conforme,Conforme,False,False,False,0,1,bottom_only,historical_namespace,unpaired
2025_Conforme_2_Cam_B_3_472.jpg,2025,2,B,3,472,Conforme,Conforme,False,False,False,0,1,bottom_only,historical_namespace,unpaired
2025_Conforme_2_Cam_B_3_473.jpg,2025,2,B,3,473,Conforme,Conforme,False,True,False,0,1,bottom_only,historical_namespace,unpaired
2025_Conforme_2_Cam_B_3_474.jpg,2025,2,B,3,474,Conforme,Conforme,False,False,False,0,1,bottom_only,historical_namespace,unpaired
2025_Conforme_2_Cam_B_3_475.jpg,2025,2,B,3,475,Conforme,Conforme,False,True,False,0,1,bottom_only,historical_namespace,unpaired
2025_Conforme_2_Cam_B_3_476.jpg,2025,2,B,3,476,Conforme,Conforme,False,False,False,0,1,bottom_only,historical_namespace,unpaired
2025_Conforme_2_Cam_B_3_477.jpg,2025,2,B,3,477,Conforme,Conforme,False,True,False,0,1,bottom_only,historical_namespace,unpaired
2025_Conforme_2_Cam_B_3_478.jpg,2025,2,B,3,478,Conforme,Conforme,False,True,False,0,1,bottom_only,historical_namespace,unpaired
2025_Conforme_2_Cam_B_3_479.jpg,2025,2,B,3,479,Conforme,Conforme,False,False,False,0,1,bottom_only,historical_namespace,unpaired
2025_Conforme_2_Cam_B_3_480.jpg,2025,2,B,3,480,Conforme,Conforme,False,False,False,0,1,bottom_only,historical_namespace,unpaired
2025_Conforme_2_Cam_B_3_481.jpg,2025,2,B,3,481,Conforme,Conforme,False,True,False,0,1,bottom_only,historical_namespace,unpaired
2025_Conforme_2_Cam_B_3_482.jpg,2025,2,B,3,482,Conforme,Conforme,False,True,False,0,1,bottom_only,historical_namespace,unpaired
2025_Conforme_2_Cam_B_3_483.jpg,2025,2,B,3,483,Conforme,Conforme,False,False,False,0,1,bottom_only,historical_namespace,unpaired
2025_Conforme_2_Cam_B_3_484.jpg,2025,2,B,3,484,Conforme,Conforme,False,False,False,0,1,bottom_only,historical_namespace,unpaired
2025_Conforme_2_Cam_B_3_485.jpg,2025,2,B,3,485,Conforme,Conforme,True,False,False,0,1,bottom_only,historical_namespace,unpaired
2025_Conforme_2_Cam_B_3_486.jpg,2025,2,B,3,486,Conforme,Conforme,False,False,False,0,1,bottom_only,historical_namespace,unpaired
2025_Conforme_2_Cam_B_3_487.jpg,2025,2,B,3,487,Conforme,Conforme,False,True,False,0,1,bottom_only,historical_namespace,unpaired
2025_Conforme_2_Cam_B_3_488.jpg,2025,2,B,3,488,Conforme,Conforme,False,False,False,0,1,bottom_only,historical_namespace,unpaired
2025_Conforme_2_Cam_B_3_489.jpg,2025,2,B,3,489,Conforme,Conforme,False,True,False,0,1,bottom_only,historical_namespace,unpaired
2025_Conforme_2_Cam_B_3_490.jpg,2025,2,B,3,490,Conforme,Conforme,False,True,False,0,1,bottom_only,historical_namespace,unpaired
2025_Conforme_2_Cam_B_3_491.jpg,2025,2,B,3,491,Conforme,Conforme,False,True,False,0,1,bottom_only,historical_namespace,unpaired
2025_Conforme_2_Cam_B_3_492.jpg,2025,2,B,3,492,Conforme,Conforme,False,False,False,0,1,bottom_only,historical_namespace,unpaired
2025_Conforme_2_Cam_B_3_493.jpg,2025,2,B,3,493,Conforme,Conforme,False,False,False,0,1,bottom_only,historical_namespace,unpaired
2025_Conforme_2_Cam_B_3_494.jpg,2025,2,B,3,494,Conforme,Conforme,False,True,False,0,1,bottom_only,historical_namespace,unpaired
2025_Conforme_2_Cam_B_3_495.jpg,2025,2,B,3,495,Conforme,Vide,False,False,False,0,1,bottom_only,historical_namespace,unpaired
2025_Conforme_2_Cam_B_3_496.jpg,2025,2,B,3,496,Conforme,Conforme,False,False,False,0,1,bottom_only,historical_namespace,unpaired
2025_Conforme_2_Cam_B_3_497.jpg,2025,2,B,3,497,Conforme,Conforme,False,False,False,0,1,bottom_only,historical_namespace,unpaired
2025_Conforme_2_Cam_B_3_498.jpg,2025,2,B,3,498,Conforme,Conforme,False,False,False,0,1,bottom_only,historical_namespace,unpaired
2025_Conforme_2_Cam_B_3_499.jpg,2025,2,B,3,499,Conforme,Conforme,False,False,False,0,1,bottom_only,historical_namespace,unpaired
2025_Conforme_2_Cam_B_3_500.jpg,2025,2,B,3,500,Conforme,Conforme,False,False,False,0,1,bottom_only,historical_namespace,unpaired
2025_Conforme_2_Cam_B_3_501.jpg,2025,2,B,3,501,Conforme,Conforme,False,False,False,0,1,bottom_only,historical_namespace,unpaired
2025_Conforme_2_Cam_B_3_502.jpg,2025,2,B,3,502,Conforme,Conforme,False,True,False,0,1,bottom_only,historical_namespace,unpaired
2025_Conforme_2_Cam_B_3_503.jpg,2025,2,B,3,503,Conforme,Vide,False,False,False,0,1,bottom_only,historical_namespace,unpaired
2025_Conforme_2_Cam_B_3_504.jpg,2025,2,B,3,504,Conforme,Conforme,False,False,False,0,1,bottom_only,historical_namespace,unpaired
2025_Conforme_2_Cam_B_3_505.jpg,2025,2,B,3,505,Conforme,Conforme,True,False,False,0,1,bottom_only,historical_namespace,unpaired
2025_Conforme_2_Cam_B_3_506.jpg,2025,2,B,3,506,Conforme,Vide,False,False,False,0,1,bottom_only,historical_namespace,unpaired
2025_Conforme_2_Cam_B_3_507.jpg,2025,2,B,3,507,Conforme,Conforme,False,True,False,0,1,bottom_only,historical_namespace,unpaired
2025_Conforme_2_Cam_B_3_508.jpg,2025,2,B,3,508,Conforme,Conforme,False,False,False,0,1,bottom_only,historical_namespace,unpaired
2025_Conforme_2_Cam_B_3_509.jpg,2025,2,B,3,509,Conforme,Conforme,False,False,False,0,1,bottom_only,historical_namespace,unpaired
2025_Conforme_2_Cam_B_3_510.jpg,2025,2,B,3,510,Conforme,Conforme,False,True,False,0,1,bottom_only,historical_namespace,unpaired
2025_Conforme_2_Cam_B_3_511.jpg,2025,2,B,3,511,Conforme,Conforme,False,False,False,0,1,bottom_only,historical_namespace,unpaired
2025_Conforme_2_Cam_B_3_512.jpg,2025,2,B,3,512,Conforme,Conforme,False,False,False,0,1,bottom_only,historical_namespace,unpaired
2025_Conforme_2_Cam_B_3_513.jpg,2025,2,B,3,513,Conforme,Conforme,False,False,False,0,1,bottom_only,historical_namespace,unpaired
2025_Conforme_2_Cam_B_3_514.jpg,2025,2,B,3,514,Conforme,Conforme,False,True,False,0,1,bottom_only,historical_namespace,unpaired
2025_Conforme_2_Cam_B_3_515.jpg,2025,2,B,3,515,Conforme,Conforme,False,False,False,0,1,bottom_only,historical_namespace,unpaired
2025_Conforme_2_Cam_B_3_516.jpg,2025,2,B,3,516,Conforme,Conforme,False,False,False,0,1,bottom_only,historical_namespace,unpaired
2025_Conforme_2_Cam_B_3_517.jpg,2025,2,B,3,517,Conforme,Conforme,False,True,False,0,1,bottom_only,historical_namespace,unpaired
2025_Conforme_2_Cam_B_3_518.jpg,2025,2,B,3,518,Conforme,Conforme,False,False,False,0,1,bottom_only,historical_namespace,unpaired
2025_Conforme_2_Cam_B_3_519.jpg,2025,2,B,3,519,Conforme,Conforme,False,True,False,0,1,bottom_only,historical_namespace,unpaired
2025_Conforme_2_Cam_B_3_520.jpg,2025,2,B,3,520,Conforme,Conforme,True,False,False,0,1,bottom_only,historical_namespace,unpaired
2025_Conforme_2_Cam_B_3_521.jpg,2025,2,B,3,521,Conforme,Conforme,False,False,False,0,1,bottom_only,historical_namespace,unpaired
2025_Conforme_2_Cam_B_3_522.jpg,2025,2,B,3,522,Conforme,Conforme,False,False,False,0,1,bottom_only,historical_namespace,unpaired
2025_Conforme_2_Cam_B_3_523.jpg,2025,2,B,3,523,Conforme,Conforme,False,True,False,0,1,bottom_only,historical_namespace,unpaired
2025_Conforme_2_Cam_B_3_524.jpg,2025,2,B,3,524,Conforme,Conforme,True,False,False,0,1,bottom_only,historical_namespace,unpaired
2025_Conforme_2_Cam_B_3_525.jpg,2025,2,B,3,525,Conforme,Conforme,False,True,False,0,1,bottom_only,historical_namespace,unpaired
2025_Conforme_2_Cam_B_3_526.jpg,2025,2,B,3,526,Conforme,Conforme,False,False,False,0,1,bottom_only,historical_namespace,unpaired
2025_Conforme_2_Cam_B_3_527.jpg,2025,2,B,3,527,Conforme,Conforme,False,True,False,0,1,bottom_only,historical_namespace,unpaired
2025_Conforme_2_Cam_B_3_528.jpg,2025,2,B,3,528,Conforme,Conforme,False,False,False,0,1,bottom_only,historical_namespace,unpaired
2025_Conforme_2_Cam_B_3_529.jpg,2025,2,B,3,529,Conforme,Conforme,False,False,False,0,1,bottom_only,historical_namespace,unpaired
2025_Conforme_2_Cam_B_3_530.jpg,2025,2,B,3,530,Conforme,Conforme,False,False,False,0,1,bottom_only,historical_namespace,unpaired
2025_Conforme_2_Cam_B_4_257.jpg,2025,2,B,4,257,Conforme,Conforme,False,True,False,0,1,bottom_only,historical_namespace,unpaired
2025_Conforme_2_Cam_B_4_258.jpg,2025,2,B,4,258,Conforme,Conforme,False,True,False,0,1,bottom_only,historical_namespace,unpaired
2025_Conforme_2_Cam_B_4_259.jpg,2025,2,B,4,259,Conforme,Conforme,False,False,False,0,1,bottom_only,historical_namespace,unpaired
2025_Conforme_2_Cam_B_4_260.jpg,2025,2,B,4,260,Conforme,Conforme,False,False,False,0,1,bottom_only,historical_namespace,unpaired
2025_Conforme_2_Cam_B_4_261.jpg,2025,2,B,4,261,Conforme,Vide,False,False,False,0,1,bottom_only,historical_namespace,unpaired
2025_Conforme_2_Cam_B_4_262.jpg,2025,2,B,4,262,Conforme,Conforme,False,True,False,0,1,bottom_only,historical_namespace,unpaired
2025_Conforme_2_Cam_B_4_263.jpg,2025,2,B,4,263,Conforme,Conforme,False,False,False,0,1,bottom_only,historical_namespace,unpaired
2025_Conforme_2_Cam_B_4_264.jpg,2025,2,B,4,264,Conforme,Conforme,False,False,False,0,1,bottom_only,historical_namespace,unpaired
2025_Conforme_2_Cam_B_4_265.jpg,2025,2,B,4,265,Conforme,Conforme,False,True,False,0,1,bottom_only,historical_namespace,unpaired
2025_Conforme_2_Cam_B_4_266.jpg,2025,2,B,4,266,Conforme,Conforme,False,False,False,0,1,bottom_only,historical_namespace,unpaired
2025_Conforme_2_Cam_B_4_267.jpg,2025,2,B,4,267,Conforme,Conforme,False,False,False,0,1,bottom_only,historical_namespace,unpaired
2025_Conforme_2_Cam_B_4_268.jpg,2025,2,B,4,268,Conforme,Conforme,False,True,False,0,1,bottom_only,historical_namespace,unpaired
2025_Conforme_2_Cam_B_4_269.jpg,2025,2,B,4,269,Conforme,Conforme,False,False,False,0,1,bottom_only,historical_namespace,unpaired
2025_Conforme_2_Cam_B_4_270.jpg,2025,2,B,4,270,Conforme,Conforme,False,False,False,0,1,bottom_only,historical_namespace,unpaired
2025_Conforme_2_Cam_B_4_271.jpg,2025,2,B,4,271,Conforme,Conforme,False,False,False,0,1,bottom_only,historical_namespace,unpaired
2025_Conforme_2_Cam_B_4_272.jpg,2025,2,B,4,272,Conforme,Conforme,False,False,False,0,1,bottom_only,historical_namespace,unpaired
2025_Conforme_2_Cam_B_4_273.jpg,2025,2,B,4,273,Conforme,Conforme,False,True,False,0,1,bottom_only,historical_namespace,unpaired
2025_Conforme_2_Cam_B_4_274.jpg,2025,2,B,4,274,Conforme,Conforme,False,True,False,0,1,bottom_only,historical_namespace,unpaired
2025_Conforme_2_Cam_B_4_275.jpg,2025,2,B,4,275,Conforme,Conforme,False,False,False,0,1,bottom_only,historical_namespace,unpaired
2025_Conforme_2_Cam_B_4_276.jpg,2025,2,B,4,276,Conforme,Vide,False,False,False,0,1,bottom_only,historical_namespace,unpaired
2025_Conforme_2_Cam_B_4_277.jpg,2025,2,B,4,277,Conforme,Conforme,True,False,False,0,1,bottom_only,historical_namespace,unpaired
2025_Conforme_2_Cam_B_4_278.jpg,2025,2,B,4,278,Conforme,Conforme,False,False,False,0,1,bottom_only,historical_namespace,unpaired
2025_Conforme_2_Cam_B_4_279.jpg,2025,2,B,4,279,Conforme,Conforme,False,True,False,0,1,bottom_only,historical_namespace,unpaired
2025_Conforme_2_Cam_B_4_280.jpg,2025,2,B,4,280,Conforme,Conforme,False,True,False,0,1,bottom_only,historical_namespace,unpaired
2025_Conforme_2_Cam_B_4_281.jpg,2025,2,B,4,281,Conforme,Conforme,False,False,False,0,1,bottom_only,historical_namespace,unpaired
2025_Conforme_2_Cam_B_4_282.jpg,2025,2,B,4,282,Conforme,Conforme,False,True,False,0,1,bottom_only,historical_namespace,unpaired
2025_Conforme_2_Cam_B_4_283.jpg,2025,2,B,4,283,Conforme,Conforme,False,False,False,0,1,bottom_only,historical_namespace,unpaired
2025_Conforme_2_Cam_B_4_284.jpg,2025,2,B,4,284,Conforme,Conforme,False,False,False,0,1,bottom_only,historical_namespace,unpaired
2025_Conforme_2_Cam_B_4_285.jpg,2025,2,B,4,285,Conforme,Conforme,False,False,False,0,1,bottom_only,historical_namespace,unpaired
2025_Conforme_2_Cam_B_4_286.jpg,2025,2,B,4,286,Conforme,Conforme,False,False,False,0,1,bottom_only,historical_namespace,unpaired
2025_Conforme_2_Cam_B_4_287.jpg,2025,2,B,4,287,Conforme,Conforme,False,True,False,0,1,bottom_only,historical_namespace,unpaired
2025_Conforme_2_Cam_B_4_288.jpg,2025,2,B,4,288,Conforme,Conforme,False,True,False,0,1,bottom_only,historical_namespace,unpaired
2025_Conforme_2_Cam_B_4_289.jpg,2025,2,B,4,289,Conforme,Conforme,False,True,False,0,1,bottom_only,historical_namespace,unpaired
2025_Conforme_2_Cam_B_4_290.jpg,2025,2,B,4,290,Conforme,Conforme,False,True,False,0,1,bottom_only,historical_namespace,unpaired
2025_Conforme_2_Cam_B_4_292.jpg,2025,2,B,4,292,Conforme,Conforme,False,True,False,0,1,bottom_only,historical_namespace,unpaired
2025_Conforme_2_Cam_B_4_293.jpg,2025,2,B,4,293,Conforme,Conforme,False,False,False,0,1,bottom_only,historical_namespace,unpaired
2025_Conforme_2_Cam_B_4_294.jpg,2025,2,B,4,294,Conforme,Conforme,False,True,False,0,1,bottom_only,historical_namespace,unpaired
2025_Conforme_2_Cam_B_4_295.jpg,2025,2,B,4,295,Conforme,Conforme,False,False,False,0,1,bottom_only,historical_namespace,unpaired
2025_Conforme_2_Cam_B_4_296.jpg,2025,2,B,4,296,Conforme,Conforme,False,False,False,0,1,bottom_only,historical_namespace,unpaired
2025_Conforme_2_Cam_B_4_297.jpg,2025,2,B,4,297,Conforme,Conforme,True,False,False,0,1,bottom_only,historical_namespace,unpaired
2025_Conforme_2_Cam_B_4_298.jpg,2025,2,B,4,298,Conforme,Conforme,False,False,False,0,1,bottom_only,historical_namespace,unpaired
2025_Conforme_2_Cam_B_4_299.jpg,2025,2,B,4,299,Conforme,Conforme,False,True,False,0,1,bottom_only,historical_namespace,unpaired
2025_Conforme_2_Cam_B_4_300.jpg,2025,2,B,4,300,Conforme,Conforme,False,False,False,0,1,bottom_only,historical_namespace,unpaired
2025_Conforme_2_Cam_B_4_301.jpg,2025,2,B,4,301,Conforme,Conforme,False,False,False,0,1,bottom_only,historical_namespace,unpaired
2025_Conforme_2_Cam_B_4_302.jpg,2025,2,B,4,302,Conforme,Conforme,False,False,False,0,1,bottom_only,historical_namespace,unpaired
2025_Conforme_2_Cam_B_4_303.jpg,2025,2,B,4,303,Conforme,Conforme,False,False,False,0,1,bottom_only,historical_namespace,unpaired
2025_Conforme_2_Cam_B_4_304.jpg,2025,2,B,4,304,Conforme,Conforme,False,False,False,0,1,bottom_only,historical_namespace,unpaired
2025_Conforme_2_Cam_B_4_305.jpg,2025,2,B,4,305,Conforme,Conforme,False,True,False,0,1,bottom_only,historical_namespace,unpaired
2025_Conforme_2_Cam_B_4_306.jpg,2025,2,B,4,306,Conforme,Conforme,False,False,False,0,1,bottom_only,historical_namespace,unpaired
2025_Conforme_2_Cam_B_4_307.jpg,2025,2,B,4,307,Conforme,Conforme,False,False,False,0,1,bottom_only,historical_namespace,unpaired
2025_Conforme_2_Cam_B_4_308.jpg,2025,2,B,4,308,Conforme,Conforme,False,True,False,0,1,bottom_only,historical_namespace,unpaired
2025_Conforme_2_Cam_B_4_309.jpg,2025,2,B,4,309,Conforme,Conforme,False,False,False,0,1,bottom_only,historical_namespace,unpaired
2025_Conforme_2_Cam_B_4_310.jpg,2025,2,B,4,310,Conforme,Conforme,False,True,False,0,1,bottom_only,historical_namespace,unpaired
2025_Conforme_2_Cam_B_4_311.jpg,2025,2,B,4,311,Conforme,Conforme,False,False,False,0,1,bottom_only,historical_namespace,unpaired
2025_Conforme_2_Cam_B_4_312.jpg,2025,2,B,4,312,Conforme,Conforme,False,True,False,0,1,bottom_only,historical_namespace,unpaired
2025_Conforme_2_Cam_B_4_313.jpg,2025,2,B,4,313,Conforme,Conforme,False,False,False,0,1,bottom_only,historical_namespace,unpaired
2025_Conforme_2_Cam_B_4_314.jpg,2025,2,B,4,314,Conforme,Conforme,False,False,False,0,1,bottom_only,historical_namespace,unpaired
2025_Conforme_2_Cam_B_4_315.jpg,2025,2,B,4,315,Conforme,Conforme,False,True,False,0,1,bottom_only,historical_namespace,unpaired
2025_Conforme_2_Cam_B_4_316.jpg,2025,2,B,4,316,Conforme,Conforme,False,False,False,0,1,bottom_only,historical_namespace,unpaired
2025_Conforme_2_Cam_B_4_317.jpg,2025,2,B,4,317,Conforme,Vide,False,False,False,0,1,bottom_only,historical_namespace,unpaired
2025_Conforme_2_Cam_B_4_318.jpg,2025,2,B,4,318,Conforme,Vide,False,False,False,0,1,bottom_only,historical_namespace,unpaired
2025_Conforme_2_Cam_B_4_319.jpg,2025,2,B,4,319,Conforme,Conforme,False,True,False,0,1,bottom_only,historical_namespace,unpaired
2025_Conforme_2_Cam_B_4_320.jpg,2025,2,B,4,320,Conforme,Vide,False,False,False,0,1,bottom_only,historical_namespace,unpaired
2025_Conforme_2_Cam_B_4_322.jpg,2025,2,B,4,322,Conforme,Conforme,False,True,False,0,1,bottom_only,historical_namespace,unpaired
2025_Conforme_2_Cam_B_4_323.jpg,2025,2,B,4,323,Conforme,Conforme,False,False,False,0,1,bottom_only,historical_namespace,unpaired
2025_Conforme_2_Cam_B_4_324.jpg,2025,2,B,4,324,Conforme,Conforme,False,True,False,0,1,bottom_only,historical_namespace,unpaired
2025_Conforme_2_Cam_B_4_325.jpg,2025,2,B,4,325,Conforme,Conforme,False,False,False,0,1,bottom_only,historical_namespace,unpaired
2025_Conforme_2_Cam_B_4_326.jpg,2025,2,B,4,326,Conforme,Conforme,False,True,False,0,1,bottom_only,historical_namespace,unpaired
2025_Conforme_2_Cam_B_4_327.jpg,2025,2,B,4,327,Conforme,Conforme,False,False,False,0,1,bottom_only,historical_namespace,unpaired
2025_Conforme_2_Cam_B_4_328.jpg,2025,2,B,4,328,Conforme,Conforme,False,False,False,0,1,bottom_only,historical_namespace,unpaired
2025_Conforme_2_Cam_B_4_329.jpg,2025,2,B,4,329,Conforme,Vide,False,False,False,0,1,bottom_only,historical_namespace,unpaired
2025_Conforme_2_Cam_B_4_330.jpg,2025,2,B,4,330,Conforme,Conforme,False,False,False,0,1,bottom_only,historical_namespace,unpaired
2025_Conforme_2_Cam_B_4_331.jpg,2025,2,B,4,331,Conforme,Conforme,False,True,False,0,1,bottom_only,historical_namespace,unpaired
2025_Conforme_2_Cam_B_4_332.jpg,2025,2,B,4,332,Conforme,Conforme,False,True,False,0,1,bottom_only,historical_namespace,unpaired
2025_Conforme_2_Cam_B_4_333.jpg,2025,2,B,4,333,Conforme,Conforme,False,True,False,0,1,bottom_only,historical_namespace,unpaired
2025_Conforme_2_Cam_B_4_334.jpg,2025,2,B,4,334,Conforme,Vide,False,False,False,0,1,bottom_only,historical_namespace,unpaired
2025_Conforme_2_Cam_B_4_335.jpg,2025,2,B,4,335,Conforme,Vide,False,False,False,0,1,bottom_only,historical_namespace,unpaired
2025_Conforme_2_Cam_B_4_336.jpg,2025,2,B,4,336,Conforme,Conforme,False,False,False,0,1,bottom_only,historical_namespace,unpaired
2025_Conforme_2_Cam_B_4_337.jpg,2025,2,B,4,337,Conforme,Conforme,False,False,False,0,1,bottom_only,historical_namespace,unpaired
2025_Conforme_2_Cam_B_4_338.jpg,2025,2,B,4,338,Conforme,Conforme,False,False,False,0,1,bottom_only,historical_namespace,unpaired
2025_Conforme_2_Cam_B_4_339.jpg,2025,2,B,4,339,Conforme,Vide,False,False,False,0,1,bottom_only,historical_namespace,unpaired
2025_Conforme_2_Cam_B_4_340.jpg,2025,2,B,4,340,Conforme,Conforme,False,False,False,0,1,bottom_only,historical_namespace,unpaired
2025_Conforme_2_Cam_B_4_341.jpg,2025,2,B,4,341,Conforme,Conforme,False,False,False,0,1,bottom_only,historical_namespace,unpaired
2025_Conforme_2_Cam_B_4_342.jpg,2025,2,B,4,342,Conforme,Conforme,False,True,False,0,1,bottom_only,historical_namespace,unpaired
2025_Conforme_2_Cam_B_4_343.jpg,2025,2,B,4,343,Conforme,Vide,False,False,False,0,1,bottom_only,historical_namespace,unpaired
2025_Conforme_2_Cam_B_4_344.jpg,2025,2,B,4,344,Conforme,Conforme,False,False,False,0,1,bottom_only,historical_namespace,unpaired
2025_Conforme_2_Cam_B_4_345.jpg,2025,2,B,4,345,Conforme,Conforme,False,False,False,0,1,bottom_only,historical_namespace,unpaired
2025_Conforme_2_Cam_B_4_346.jpg,2025,2,B,4,346,Conforme,Vide,False,False,False,0,1,bottom_only,historical_namespace,unpaired
2025_Conforme_2_Cam_B_4_347.jpg,2025,2,B,4,347,Conforme,Conforme,False,False,False,0,1,bottom_only,historical_namespace,unpaired
2025_Conforme_2_Cam_B_4_348.jpg,2025,2,B,4,348,Conforme,Vide,False,False,False,0,1,bottom_only,historical_namespace,unpaired
2025_Conforme_2_Cam_B_4_349.jpg,2025,2,B,4,349,Conforme,Conforme,False,True,False,0,1,bottom_only,historical_namespace,unpaired
2025_Conforme_2_Cam_B_4_350.jpg,2025,2,B,4,350,Conforme,Conforme,False,False,False,0,1,bottom_only,historical_namespace,unpaired
2025_Conforme_2_Cam_B_4_351.jpg,2025,2,B,4,351,Conforme,Vide,False,False,False,0,1,bottom_only,historical_namespace,unpaired
2025_Conforme_2_Cam_B_4_352.jpg,2025,2,B,4,352,Conforme,Conforme,False,False,False,0,1,bottom_only,historical_namespace,unpaired
2025_Conforme_2_Cam_B_4_353.jpg,2025,2,B,4,353,Conforme,Conforme,False,False,False,0,1,bottom_only,historical_namespace,unpaired
2025_Conforme_2_Cam_B_4_354.jpg,2025,2,B,4,354,Conforme,Conforme,False,False,False,0,1,bottom_only,historical_namespace,unpaired
2025_Conforme_2_Cam_B_4_355.jpg,2025,2,B,4,355,Conforme,Vide,False,False,False,0,1,bottom_only,historical_namespace,unpaired
2025_Conforme_2_Cam_B_4_356.jpg,2025,2,B,4,356,Conforme,Conforme,False,False,False,0,1,bottom_only,historical_namespace,unpaired
2025_Conforme_2_Cam_B_4_357.jpg,2025,2,B,4,357,Conforme,Conforme,False,False,False,0,1,bottom_only,historical_namespace,unpaired
2025_Conforme_2_Cam_B_4_358.jpg,2025,2,B,4,358,Conforme,Conforme,False,False,False,0,1,bottom_only,historical_namespace,unpaired
2025_Conforme_2_Cam_B_4_359.jpg,2025,2,B,4,359,Conforme,Conforme,False,True,False,0,1,bottom_only,historical_namespace,unpaired
2025_Conforme_2_Cam_B_4_360.jpg,2025,2,B,4,360,Conforme,Conforme,False,False,False,0,1,bottom_only,historical_namespace,unpaired
2025_Conforme_2_Cam_B_4_361.jpg,2025,2,B,4,361,Conforme,Conforme,False,False,False,0,1,bottom_only,historical_namespace,unpaired
2025_Conforme_2_Cam_B_4_362.jpg,2025,2,B,4,362,Conforme,Conforme,False,False,False,0,1,bottom_only,historical_namespace,unpaired
2025_Conforme_2_Cam_B_4_363.jpg,2025,2,B,4,363,Conforme,Conforme,False,False,False,0,1,bottom_only,historical_namespace,unpaired
2025_Conforme_2_Cam_B_4_364.jpg,2025,2,B,4,364,Conforme,Conforme,False,False,False,0,1,bottom_only,historical_namespace,unpaired
2025_Conforme_2_Cam_B_4_365.jpg,2025,2,B,4,365,Conforme,Conforme,False,True,False,0,1,bottom_only,historical_namespace,unpaired
2025_Conforme_2_Cam_B_4_366.jpg,2025,2,B,4,366,Conforme,Conforme,False,True,False,0,1,bottom_only,historical_namespace,unpaired
2025_Conforme_2_Cam_B_4_367.jpg,2025,2,B,4,367,Conforme,Conforme,False,False,False,0,1,bottom_only,historical_namespace,unpaired
2025_Conforme_2_Cam_B_4_368.jpg,2025,2,B,4,368,Conforme,Conforme,False,False,False,0,1,bottom_only,historical_namespace,unpaired
2025_Conforme_2_Cam_B_4_369.jpg,2025,2,B,4,369,Conforme,Conforme,False,True,False,0,1,bottom_only,historical_namespace,unpaired
2025_Conforme_2_Cam_B_4_370.jpg,2025,2,B,4,370,Conforme,Conforme,False,True,False,0,1,bottom_only,historical_namespace,unpaired
2025_Conforme_2_Cam_B_4_371.jpg,2025,2,B,4,371,Conforme,Conforme,False,False,False,0,1,bottom_only,historical_namespace,unpaired
2025_Conforme_2_Cam_B_4_373.jpg,2025,2,B,4,373,Conforme,Conforme,False,True,False,0,1,bottom_only,historical_namespace,unpaired
2025_Conforme_2_Cam_B_4_374.jpg,2025,2,B,4,374,Conforme,Conforme,False,False,False,0,1,bottom_only,historical_namespace,unpaired
2025_Conforme_2_Cam_B_4_375.jpg,2025,2,B,4,375,Conforme,Conforme,False,False,False,0,1,bottom_only,historical_namespace,unpaired
2025_Conforme_2_Cam_B_4_376.jpg,2025,2,B,4,376,Conforme,Conforme,False,True,False,0,1,bottom_only,historical_namespace,unpaired
2025_Conforme_2_Cam_B_4_377.jpg,2025,2,B,4,377,Conforme,Conforme,False,True,False,0,1,bottom_only,historical_namespace,unpaired
2025_Conforme_2_Cam_B_4_378.jpg,2025,2,B,4,378,Conforme,Conforme,False,False,False,0,1,bottom_only,historical_namespace,unpaired
2025_Conforme_2_Cam_B_4_379.jpg,2025,2,B,4,379,Conforme,Vide,False,False,False,0,1,bottom_only,historical_namespace,unpaired
2025_Conforme_2_Cam_B_4_380.jpg,2025,2,B,4,380,Conforme,Vide,False,False,False,0,1,bottom_only,historical_namespace,unpaired
2025_Conforme_2_Cam_B_4_381.jpg,2025,2,B,4,381,Conforme,Conforme,False,False,False,0,1,bottom_only,historical_namespace,unpaired
2025_Conforme_2_Cam_B_4_382.jpg,2025,2,B,4,382,Conforme,Conforme,False,False,False,0,1,bottom_only,historical_namespace,unpaired
2025_Conforme_2_Cam_B_4_383.jpg,2025,2,B,4,383,Conforme,Conforme,False,False,False,0,1,bottom_only,historical_namespace,unpaired
2025_Conforme_2_Cam_B_4_384.jpg,2025,2,B,4,384,Conforme,Conforme,False,False,False,0,1,bottom_only,historical_namespace,unpaired
2025_Conforme_2_Cam_B_4_385.jpg,2025,2,B,4,385,Conforme,Conforme,False,False,False,0,1,bottom_only,historical_namespace,unpaired
2025_Conforme_2_Cam_B_4_386.jpg,2025,2,B,4,386,Conforme,Conforme,False,False,False,0,1,bottom_only,historical_namespace,unpaired
2025_Conforme_2_Cam_B_4_387.jpg,2025,2,B,4,387,Conforme,Conforme,False,True,False,0,1,bottom_only,historical_namespace,unpaired
2025_Conforme_2_Cam_B_4_388.jpg,2025,2,B,4,388,Conforme,Conforme,False,False,False,0,1,bottom_only,historical_namespace,unpaired
2025_Conforme_2_Cam_B_4_389.jpg,2025,2,B,4,389,Conforme,Conforme,False,False,False,0,1,bottom_only,historical_namespace,unpaired
2025_Conforme_2_Cam_B_4_390.jpg,2025,2,B,4,390,Conforme,Conforme,False,True,False,0,1,bottom_only,historical_namespace,unpaired
2025_Conforme_2_Cam_B_4_391.jpg,2025,2,B,4,391,Conforme,Conforme,False,False,False,0,1,bottom_only,historical_namespace,unpaired
2025_Conforme_2_Cam_B_4_392.jpg,2025,2,B,4,392,Conforme,Conforme,False,True,False,0,1,bottom_only,historical_namespace,unpaired
2025_Conforme_2_Cam_B_4_393.jpg,2025,2,B,4,393,Conforme,Conforme,False,False,False,0,1,bottom_only,historical_namespace,unpaired
2025_Conforme_2_Cam_B_4_394.jpg,2025,2,B,4,394,Conforme,Vide,False,False,False,0,1,bottom_only,historical_namespace,unpaired
2025_Conforme_2_Cam_B_4_395.jpg,2025,2,B,4,395,Conforme,Conforme,False,True,False,0,1,bottom_only,historical_namespace,unpaired
2025_Conforme_2_Cam_B_4_396.jpg,2025,2,B,4,396,Conforme,Conforme,False,False,False,0,1,bottom_only,historical_namespace,unpaired
2025_Conforme_2_Cam_B_4_397.jpg,2025,2,B,4,397,Conforme,Conforme,False,True,False,0,1,bottom_only,historical_namespace,unpaired
2025_Conforme_2_Cam_B_4_398.jpg,2025,2,B,4,398,Conforme,Conforme,False,False,False,0,1,bottom_only,historical_namespace,unpaired
2025_Conforme_2_Cam_B_4_399.jpg,2025,2,B,4,399,Conforme,Conforme,False,False,False,0,1,bottom_only,historical_namespace,unpaired
2025_Conforme_2_Cam_B_4_400.jpg,2025,2,B,4,400,Conforme,Conforme,False,True,False,0,1,bottom_only,historical_namespace,unpaired
2025_Conforme_2_Cam_B_4_401.jpg,2025,2,B,4,401,Conforme,Conforme,False,False,False,0,1,bottom_only,historical_namespace,unpaired
2025_Conforme_2_Cam_B_4_402.jpg,2025,2,B,4,402,Conforme,Conforme,False,False,False,0,1,bottom_only,historical_namespace,unpaired
2025_Conforme_2_Cam_B_4_403.jpg,2025,2,B,4,403,Conforme,Conforme,False,True,False,0,1,bottom_only,historical_namespace,unpaired
2025_Conforme_2_Cam_B_4_404.jpg,2025,2,B,4,404,Conforme,Conforme,False,True,False,0,1,bottom_only,historical_namespace,unpaired
2025_Conforme_2_Cam_B_4_405.jpg,2025,2,B,4,405,Conforme,Conforme,False,False,False,0,1,bottom_only,historical_namespace,unpaired
2025_Conforme_2_Cam_B_4_406.jpg,2025,2,B,4,406,Conforme,Conforme,False,False,False,0,1,bottom_only,historical_namespace,unpaired
2025_Conforme_2_Cam_B_4_408.jpg,2025,2,B,4,408,Conforme,Conforme,False,False,False,0,1,bottom_only,historical_namespace,unpaired
2025_Conforme_2_Cam_B_4_409.jpg,2025,2,B,4,409,Conforme,Conforme,False,True,False,0,1,bottom_only,historical_namespace,unpaired
2025_Conforme_2_Cam_B_4_410.jpg,2025,2,B,4,410,Conforme,Conforme,False,False,False,0,1,bottom_only,historical_namespace,unpaired
2025_Conforme_2_Cam_B_4_411.jpg,2025,2,B,4,411,Conforme,Conforme,False,False,False,0,1,bottom_only,historical_namespace,unpaired
2025_Conforme_2_Cam_B_4_412.jpg,2025,2,B,4,412,Conforme,Conforme,False,False,False,0,1,bottom_only,historical_namespace,unpaired
2025_Conforme_2_Cam_B_4_413.jpg,2025,2,B,4,413,Conforme,Conforme,False,False,False,0,1,bottom_only,historical_namespace,unpaired
2025_Conforme_2_Cam_B_4_414.jpg,2025,2,B,4,414,Conforme,Conforme,False,True,False,0,1,bottom_only,historical_namespace,unpaired
2025_Conforme_2_Cam_B_4_415.jpg,2025,2,B,4,415,Conforme,Conforme,False,True,False,0,1,bottom_only,historical_namespace,unpaired
2025_Conforme_2_Cam_B_4_416.jpg,2025,2,B,4,416,Conforme,Conforme,False,False,False,0,1,bottom_only,historical_namespace,unpaired
2025_Conforme_2_Cam_B_4_417.jpg,2025,2,B,4,417,Conforme,Conforme,False,False,False,0,1,bottom_only,historical_namespace,unpaired
2025_Conforme_2_Cam_B_4_418.jpg,2025,2,B,4,418,Conforme,Conforme,False,True,False,0,1,bottom_only,historical_namespace,unpaired
2025_Conforme_2_Cam_B_4_419.jpg,2025,2,B,4,419,Conforme,Conforme,False,True,False,0,1,bottom_only,historical_namespace,unpaired
2025_Conforme_2_Cam_B_4_420.jpg,2025,2,B,4,420,Conforme,Conforme,False,True,False,0,1,bottom_only,historical_namespace,unpaired
2025_Conforme_2_Cam_B_4_421.jpg,2025,2,B,4,421,Conforme,Vide,False,False,False,0,1,bottom_only,historical_namespace,unpaired
2025_Conforme_2_Cam_B_4_422.jpg,2025,2,B,4,422,Conforme,Conforme,False,False,False,0,1,bottom_only,historical_namespace,unpaired
2025_Conforme_2_Cam_B_4_423.jpg,2025,2,B,4,423,Conforme,Vide,False,False,False,0,1,bottom_only,historical_namespace,unpaired
2025_Conforme_2_Cam_B_4_424.jpg,2025,2,B,4,424,Conforme,Vide,False,False,False,0,1,bottom_only,historical_namespace,unpaired
2025_Conforme_2_Cam_B_4_425.jpg,2025,2,B,4,425,Conforme,Conforme,False,True,False,0,1,bottom_only,historical_namespace,unpaired
2025_Conforme_2_Cam_B_4_426.jpg,2025,2,B,4,426,Conforme,Conforme,False,True,False,0,1,bottom_only,historical_namespace,unpaired
2025_Conforme_2_Cam_B_4_427.jpg,2025,2,B,4,427,Conforme,Vide,False,False,False,0,1,bottom_only,historical_namespace,unpaired
2025_Conforme_2_Cam_B_4_428.jpg,2025,2,B,4,428,Conforme,Conforme,False,False,False,0,1,bottom_only,historical_namespace,unpaired
2025_Conforme_2_Cam_B_4_429.jpg,2025,2,B,4,429,Conforme,Conforme,False,False,False,0,1,bottom_only,historical_namespace,unpaired
2025_Conforme_2_Cam_B_4_430.jpg,2025,2,B,4,430,Conforme,Conforme,False,True,False,0,1,bottom_only,historical_namespace,unpaired
2025_Conforme_2_Cam_B_4_431.jpg,2025,2,B,4,431,Conforme,Conforme,False,False,False,0,1,bottom_only,historical_namespace,unpaired
2025_Conforme_2_Cam_B_4_432.jpg,2025,2,B,4,432,Conforme,Vide,False,False,False,0,1,bottom_only,historical_namespace,unpaired
2025_Conforme_2_Cam_B_4_433.jpg,2025,2,B,4,433,Conforme,Conforme,False,False,False,0,1,bottom_only,historical_namespace,unpaired
2025_Conforme_2_Cam_B_4_434.jpg,2025,2,B,4,434,Conforme,Conforme,False,False,False,0,1,bottom_only,historical_namespace,unpaired
2025_Conforme_2_Cam_B_4_435.jpg,2025,2,B,4,435,Conforme,Conforme,False,False,False,0,1,bottom_only,historical_namespace,unpaired
2025_Conforme_2_Cam_B_4_436.jpg,2025,2,B,4,436,Conforme,Conforme,False,False,False,0,1,bottom_only,historical_namespace,unpaired
2025_Conforme_2_Cam_B_4_437.jpg,2025,2,B,4,437,Conforme,Conforme,False,False,False,0,1,bottom_only,historical_namespace,unpaired
2025_Conforme_2_Cam_B_4_438.jpg,2025,2,B,4,438,Conforme,Conforme,False,False,False,0,1,bottom_only,historical_namespace,unpaired
2025_Conforme_2_Cam_B_4_439.jpg,2025,2,B,4,439,Conforme,Vide,False,False,False,0,1,bottom_only,historical_namespace,unpaired
2025_Conforme_2_Cam_B_4_440.jpg,2025,2,B,4,440,Conforme,Conforme,False,False,False,0,1,bottom_only,historical_namespace,unpaired
2025_Conforme_2_Cam_B_4_441.jpg,2025,2,B,4,441,Conforme,Conforme,False,True,False,0,1,bottom_only,historical_namespace,unpaired
2025_Conforme_2_Cam_B_4_442.jpg,2025,2,B,4,442,Conforme,Conforme,False,False,False,0,1,bottom_only,historical_namespace,unpaired
2025_Conforme_2_Cam_B_4_443.jpg,2025,2,B,4,443,Conforme,Conforme,False,False,False,0,1,bottom_only,historical_namespace,unpaired
2025_Conforme_2_Cam_B_4_444.jpg,2025,2,B,4,444,Conforme,Conforme,False,False,False,0,1,bottom_only,historical_namespace,unpaired
2025_Conforme_2_Cam_B_4_445.jpg,2025,2,B,4,445,Conforme,Conforme,False,False,False,0,1,bottom_only,historical_namespace,unpaired
2025_Conforme_2_Cam_B_4_446.jpg,2025,2,B,4,446,Conforme,Conforme,False,False,False,0,1,bottom_only,historical_namespace,unpaired
2025_Conforme_2_Cam_B_4_447.jpg,2025,2,B,4,447,Conforme,Conforme,False,True,False,0,1,bottom_only,historical_namespace,unpaired
2025_Conforme_2_Cam_B_4_448.jpg,2025,2,B,4,448,Conforme,Conforme,False,False,False,0,1,bottom_only,historical_namespace,unpaired
2025_Conforme_2_Cam_B_4_449.jpg,2025,2,B,4,449,Conforme,Conforme,False,False,False,0,1,bottom_only,historical_namespace,unpaired
2025_Conforme_2_Cam_B_4_450.jpg,2025,2,B,4,450,Conforme,Conforme,False,True,False,0,1,bottom_only,historical_namespace,unpaired
2025_Conforme_2_Cam_B_4_451.jpg,2025,2,B,4,451,Conforme,Conforme,False,False,False,0,1,bottom_only,historical_namespace,unpaired
2025_Conforme_2_Cam_B_4_452.jpg,2025,2,B,4,452,Conforme,Conforme,False,False,False,0,1,bottom_only,historical_namespace,unpaired
2025_Conforme_2_Cam_B_4_453.jpg,2025,2,B,4,453,Conforme,Conforme,False,False,False,0,1,bottom_only,historical_namespace,unpaired
2025_Conforme_2_Cam_B_4_454.jpg,2025,2,B,4,454,Conforme,Conforme,False,False,False,0,1,bottom_only,historical_namespace,unpaired
2025_Conforme_2_Cam_B_4_455.jpg,2025,2,B,4,455,Conforme,Conforme,False,False,False,0,1,bottom_only,historical_namespace,unpaired
2025_Conforme_2_Cam_B_4_456.jpg,2025,2,B,4,456,Conforme,Conforme,False,True,False,0,1,bottom_only,historical_namespace,unpaired
2025_Conforme_2_Cam_B_4_457.jpg,2025,2,B,4,457,Conforme,Conforme,False,False,False,0,1,bottom_only,historical_namespace,unpaired
2025_Conforme_2_Cam_B_4_458.jpg,2025,2,B,4,458,Conforme,Conforme,False,False,False,0,1,bottom_only,historical_namespace,unpaired
2025_Conforme_2_Cam_B_4_459.jpg,2025,2,B,4,459,Conforme,Conforme,False,False,False,0,1,bottom_only,historical_namespace,unpaired
2025_Conforme_2_Cam_B_4_460.jpg,2025,2,B,4,460,Conforme,Conforme,False,False,False,0,1,bottom_only,historical_namespace,unpaired
2025_Conforme_2_Cam_B_4_461.jpg,2025,2,B,4,461,Conforme,Conforme,False,False,False,0,1,bottom_only,historical_namespace,unpaired
2025_Conforme_2_Cam_B_4_462.jpg,2025,2,B,4,462,Conforme,Conforme,False,False,False,0,1,bottom_only,historical_namespace,unpaired
2025_Conforme_2_Cam_B_4_463.jpg,2025,2,B,4,463,Conforme,Conforme,False,False,False,0,1,bottom_only,historical_namespace,unpaired
2025_Conforme_2_Cam_B_4_464.jpg,2025,2,B,4,464,Conforme,Conforme,False,True,False,0,1,bottom_only,historical_namespace,unpaired
2025_Conforme_2_Cam_B_4_466.jpg,2025,2,B,4,466,Conforme,Vide,False,False,False,0,1,bottom_only,historical_namespace,unpaired
2025_Conforme_2_Cam_B_4_467.jpg,2025,2,B,4,467,Conforme,Conforme,False,False,False,0,1,bottom_only,historical_namespace,unpaired
2025_Conforme_2_Cam_B_4_469.jpg,2025,2,B,4,469,Conforme,Conforme,False,False,False,0,1,bottom_only,historical_namespace,unpaired
2025_Conforme_2_Cam_B_4_470.jpg,2025,2,B,4,470,Conforme,Vide,False,False,False,0,1,bottom_only,historical_namespace,unpaired
2025_Conforme_2_Cam_B_4_471.jpg,2025,2,B,4,471,Conforme,Conforme,False,False,False,0,1,bottom_only,historical_namespace,unpaired
2025_Conforme_2_Cam_B_4_472.jpg,2025,2,B,4,472,Conforme,Conforme,False,False,False,0,1,bottom_only,historical_namespace,unpaired
2025_Conforme_2_Cam_B_4_473.jpg,2025,2,B,4,473,Conforme,Conforme,False,True,False,0,1,bottom_only,historical_namespace,unpaired
2025_Conforme_2_Cam_B_4_474.jpg,2025,2,B,4,474,Conforme,Conforme,True,False,False,0,1,bottom_only,historical_namespace,unpaired
2025_Conforme_2_Cam_B_4_475.jpg,2025,2,B,4,475,Conforme,Conforme,False,False,False,0,1,bottom_only,historical_namespace,unpaired
2025_Conforme_2_Cam_B_4_476.jpg,2025,2,B,4,476,Conforme,Conforme,False,False,False,0,1,bottom_only,historical_namespace,unpaired
2025_Conforme_2_Cam_B_4_477.jpg,2025,2,B,4,477,Conforme,Conforme,False,True,False,0,1,bottom_only,historical_namespace,unpaired
2025_Conforme_2_Cam_B_4_478.jpg,2025,2,B,4,478,Conforme,Conforme,False,False,False,0,1,bottom_only,historical_namespace,unpaired
2025_Conforme_2_Cam_B_4_479.jpg,2025,2,B,4,479,Conforme,Vide,False,False,False,0,1,bottom_only,historical_namespace,unpaired
2025_Conforme_2_Cam_B_4_480.jpg,2025,2,B,4,480,Conforme,Conforme,False,True,False,0,1,bottom_only,historical_namespace,unpaired
2025_Conforme_2_Cam_B_4_481.jpg,2025,2,B,4,481,Conforme,Conforme,False,True,False,0,1,bottom_only,historical_namespace,unpaired
2025_Conforme_2_Cam_B_4_482.jpg,2025,2,B,4,482,Conforme,Conforme,False,False,False,0,1,bottom_only,historical_namespace,unpaired
2025_Conforme_2_Cam_B_4_483.jpg,2025,2,B,4,483,Conforme,Conforme,False,False,False,0,1,bottom_only,historical_namespace,unpaired
2025_Conforme_2_Cam_B_4_484.jpg,2025,2,B,4,484,Conforme,Conforme,False,False,False,0,1,bottom_only,historical_namespace,unpaired
2025_Conforme_2_Cam_B_4_485.jpg,2025,2,B,4,485,Conforme,Conforme,False,False,False,0,1,bottom_only,historical_namespace,unpaired
2025_Conforme_2_Cam_B_4_486.jpg,2025,2,B,4,486,Conforme,Conforme,False,False,False,0,1,bottom_only,historical_namespace,unpaired
2025_Conforme_2_Cam_B_4_487.jpg,2025,2,B,4,487,Conforme,Conforme,False,False,False,0,1,bottom_only,historical_namespace,unpaired
2025_Conforme_2_Cam_B_4_488.jpg,2025,2,B,4,488,Conforme,Conforme,True,True,False,0,1,bottom_only,historical_namespace,unpaired
2025_Conforme_2_Cam_B_4_489.jpg,2025,2,B,4,489,Conforme,Vide,False,False,False,0,1,bottom_only,historical_namespace,unpaired
2025_Conforme_2_Cam_B_4_490.jpg,2025,2,B,4,490,Conforme,Conforme,False,False,False,0,1,bottom_only,historical_namespace,unpaired
2025_Conforme_2_Cam_B_4_491.jpg,2025,2,B,4,491,Conforme,Vide,False,False,False,0,1,bottom_only,historical_namespace,unpaired
2025_Conforme_2_Cam_B_4_493.jpg,2025,2,B,4,493,Conforme,Conforme,False,False,False,0,1,bottom_only,historical_namespace,unpaired
2025_Conforme_2_Cam_B_4_494.jpg,2025,2,B,4,494,Conforme,Conforme,False,False,False,0,1,bottom_only,historical_namespace,unpaired
2025_Conforme_2_Cam_B_4_495.jpg,2025,2,B,4,495,Conforme,Conforme,False,False,False,0,1,bottom_only,historical_namespace,unpaired
2025_Conforme_2_Cam_B_4_496.jpg,2025,2,B,4,496,Conforme,Conforme,False,False,False,0,1,bottom_only,historical_namespace,unpaired
2025_Conforme_2_Cam_B_5_221.jpg,2025,2,B,5,221,Conforme,Vide,False,False,False,0,1,bottom_only,historical_namespace,unpaired
2025_Conforme_2_Cam_B_5_222.jpg,2025,2,B,5,222,Conforme,Conforme,False,True,False,0,1,bottom_only,historical_namespace,unpaired
2025_Conforme_2_Cam_B_5_223.jpg,2025,2,B,5,223,Conforme,Conforme,False,True,False,0,1,bottom_only,historical_namespace,unpaired
2025_Conforme_2_Cam_B_5_224.jpg,2025,2,B,5,224,Conforme,Vide,False,False,False,0,1,bottom_only,historical_namespace,unpaired
2025_Conforme_2_Cam_B_5_225.jpg,2025,2,B,5,225,Conforme,Conforme,False,True,False,0,1,bottom_only,historical_namespace,unpaired
2025_Conforme_2_Cam_B_5_226.jpg,2025,2,B,5,226,Conforme,Conforme,False,False,False,0,1,bottom_only,historical_namespace,unpaired
2025_Conforme_2_Cam_B_5_227.jpg,2025,2,B,5,227,Conforme,Conforme,False,True,False,0,1,bottom_only,historical_namespace,unpaired
2025_Conforme_2_Cam_B_5_228.jpg,2025,2,B,5,228,Conforme,Vide,False,False,False,0,1,bottom_only,historical_namespace,unpaired
2025_Conforme_2_Cam_B_5_229.jpg,2025,2,B,5,229,Conforme,Conforme,False,False,False,0,1,bottom_only,historical_namespace,unpaired
2025_Conforme_2_Cam_B_5_230.jpg,2025,2,B,5,230,Conforme,Conforme,False,False,False,0,1,bottom_only,historical_namespace,unpaired
2025_Conforme_2_Cam_B_5_231.jpg,2025,2,B,5,231,Conforme,Conforme,False,True,False,0,1,bottom_only,historical_namespace,unpaired
2025_Conforme_2_Cam_B_5_232.jpg,2025,2,B,5,232,Conforme,Conforme,False,False,False,0,1,bottom_only,historical_namespace,unpaired
2025_Conforme_2_Cam_B_5_233.jpg,2025,2,B,5,233,Conforme,Conforme,False,True,False,0,1,bottom_only,historical_namespace,unpaired
2025_Conforme_2_Cam_B_5_234.jpg,2025,2,B,5,234,Conforme,Conforme,False,True,False,0,1,bottom_only,historical_namespace,unpaired
2025_Conforme_2_Cam_B_5_235.jpg,2025,2,B,5,235,Conforme,Conforme,False,False,False,0,1,bottom_only,historical_namespace,unpaired
2025_Conforme_2_Cam_B_5_236.jpg,2025,2,B,5,236,Conforme,Conforme,False,False,False,0,1,bottom_only,historical_namespace,unpaired
2025_Conforme_2_Cam_B_5_237.jpg,2025,2,B,5,237,Conforme,Conforme,False,False,False,0,1,bottom_only,historical_namespace,unpaired
2025_Conforme_2_Cam_B_5_238.jpg,2025,2,B,5,238,Conforme,Conforme,False,False,False,0,1,bottom_only,historical_namespace,unpaired
2025_Conforme_2_Cam_B_5_239.jpg,2025,2,B,5,239,Conforme,Conforme,False,True,False,0,1,bottom_only,historical_namespace,unpaired
2025_Conforme_2_Cam_B_5_240.jpg,2025,2,B,5,240,Conforme,Conforme,False,False,False,0,1,bottom_only,historical_namespace,unpaired
2025_Conforme_2_Cam_B_5_241.jpg,2025,2,B,5,241,Conforme,Conforme,False,False,False,0,1,bottom_only,historical_namespace,unpaired
2025_Conforme_2_Cam_B_5_242.jpg,2025,2,B,5,242,Conforme,Conforme,False,False,False,0,1,bottom_only,historical_namespace,unpaired
2025_Conforme_2_Cam_B_5_243.jpg,2025,2,B,5,243,Conforme,Conforme,False,False,False,0,1,bottom_only,historical_namespace,unpaired
2025_Conforme_2_Cam_B_5_244.jpg,2025,2,B,5,244,Conforme,Conforme,False,False,False,0,1,bottom_only,historical_namespace,unpaired
2025_Conforme_2_Cam_B_5_245.jpg,2025,2,B,5,245,Conforme,Conforme,False,False,False,0,1,bottom_only,historical_namespace,unpaired
2025_Conforme_2_Cam_B_5_246.jpg,2025,2,B,5,246,Conforme,Conforme,False,False,False,0,1,bottom_only,historical_namespace,unpaired
2025_Conforme_2_Cam_B_5_247.jpg,2025,2,B,5,247,Conforme,Conforme,False,False,False,0,1,bottom_only,historical_namespace,unpaired
2025_Conforme_2_Cam_B_5_248.jpg,2025,2,B,5,248,Conforme,Conforme,False,True,False,0,1,bottom_only,historical_namespace,unpaired
2025_Conforme_2_Cam_B_5_249.jpg,2025,2,B,5,249,Conforme,Conforme,False,False,False,0,1,bottom_only,historical_namespace,unpaired
2025_Conforme_2_Cam_B_5_250.jpg,2025,2,B,5,250,Conforme,Conforme,False,False,False,0,1,bottom_only,historical_namespace,unpaired
2025_Conforme_2_Cam_B_5_251.jpg,2025,2,B,5,251,Conforme,Conforme,False,False,False,0,1,bottom_only,historical_namespace,unpaired
2025_Conforme_2_Cam_B_5_252.jpg,2025,2,B,5,252,Conforme,Conforme,False,False,False,0,1,bottom_only,historical_namespace,unpaired
2025_Conforme_2_Cam_B_5_253.jpg,2025,2,B,5,253,Conforme,Conforme,False,False,False,0,1,bottom_only,historical_namespace,unpaired
2025_Conforme_2_Cam_B_5_254.jpg,2025,2,B,5,254,Conforme,Conforme,False,False,False,0,1,bottom_only,historical_namespace,unpaired
2025_Conforme_2_Cam_B_5_255.jpg,2025,2,B,5,255,Conforme,Conforme,False,False,False,0,1,bottom_only,historical_namespace,unpaired
2025_Conforme_2_Cam_B_5_256.jpg,2025,2,B,5,256,Conforme,Conforme,False,False,False,0,1,bottom_only,historical_namespace,unpaired
2025_Conforme_2_Cam_B_5_257.jpg,2025,2,B,5,257,Conforme,Conforme,False,True,False,0,1,bottom_only,historical_namespace,unpaired
2025_Conforme_2_Cam_B_5_258.jpg,2025,2,B,5,258,Conforme,Conforme,False,False,False,0,1,bottom_only,historical_namespace,unpaired
2025_Conforme_2_Cam_B_5_259.jpg,2025,2,B,5,259,Conforme,Conforme,False,False,False,0,1,bottom_only,historical_namespace,unpaired
2025_Conforme_2_Cam_B_5_260.jpg,2025,2,B,5,260,Conforme,Conforme,False,False,False,0,1,bottom_only,historical_namespace,unpaired
2025_Conforme_2_Cam_B_5_261.jpg,2025,2,B,5,261,Conforme,Conforme,False,False,False,0,1,bottom_only,historical_namespace,unpaired
2025_Conforme_2_Cam_B_5_262.jpg,2025,2,B,5,262,Conforme,Conforme,False,False,False,0,1,bottom_only,historical_namespace,unpaired
2025_Conforme_2_Cam_B_5_263.jpg,2025,2,B,5,263,Conforme,Conforme,False,False,False,0,1,bottom_only,historical_namespace,unpaired
2025_Conforme_2_Cam_B_5_264.jpg,2025,2,B,5,264,Conforme,Conforme,False,False,False,0,1,bottom_only,historical_namespace,unpaired
2025_Conforme_2_Cam_B_5_265.jpg,2025,2,B,5,265,Conforme,Conforme,False,False,False,0,1,bottom_only,historical_namespace,unpaired
2025_Conforme_2_Cam_B_5_266.jpg,2025,2,B,5,266,Conforme,Conforme,False,False,False,0,1,bottom_only,historical_namespace,unpaired
2025_Conforme_2_Cam_B_5_267.jpg,2025,2,B,5,267,Conforme,Conforme,False,False,False,0,1,bottom_only,historical_namespace,unpaired
2025_Conforme_2_Cam_B_5_268.jpg,2025,2,B,5,268,Conforme,Conforme,False,False,False,0,1,bottom_only,historical_namespace,unpaired
2025_Conforme_2_Cam_B_5_269.jpg,2025,2,B,5,269,Conforme,Vide,False,False,False,0,1,bottom_only,historical_namespace,unpaired
2025_Conforme_2_Cam_B_5_270.jpg,2025,2,B,5,270,Conforme,Vide,False,False,False,0,1,bottom_only,historical_namespace,unpaired
2025_Conforme_2_Cam_B_5_271.jpg,2025,2,B,5,271,Conforme,Vide,False,False,False,0,1,bottom_only,historical_namespace,unpaired
2025_Conforme_2_Cam_B_5_272.jpg,2025,2,B,5,272,Conforme,Vide,False,False,False,0,1,bottom_only,historical_namespace,unpaired
2025_Conforme_2_Cam_B_5_273.jpg,2025,2,B,5,273,Conforme,Vide,False,False,False,0,1,bottom_only,historical_namespace,unpaired
2025_Conforme_2_Cam_B_5_274.jpg,2025,2,B,5,274,Conforme,Conforme,False,False,False,0,1,bottom_only,historical_namespace,unpaired
2025_Conforme_2_Cam_B_5_275.jpg,2025,2,B,5,275,Conforme,Conforme,False,False,False,0,1,bottom_only,historical_namespace,unpaired
2025_Conforme_2_Cam_B_5_276.jpg,2025,2,B,5,276,Conforme,Conforme,False,False,False,0,1,bottom_only,historical_namespace,unpaired
2025_Conforme_2_Cam_B_5_277.jpg,2025,2,B,5,277,Conforme,Conforme,False,False,False,0,1,bottom_only,historical_namespace,unpaired
2025_Conforme_2_Cam_B_5_278.jpg,2025,2,B,5,278,Conforme,Conforme,False,False,False,0,1,bottom_only,historical_namespace,unpaired
2025_Conforme_2_Cam_B_5_279.jpg,2025,2,B,5,279,Conforme,Conforme,False,False,False,0,1,bottom_only,historical_namespace,unpaired
2025_Conforme_2_Cam_B_5_280.jpg,2025,2,B,5,280,Conforme,Conforme,False,False,False,0,1,bottom_only,historical_namespace,unpaired
2025_Conforme_2_Cam_B_5_281.jpg,2025,2,B,5,281,Conforme,Conforme,False,False,False,0,1,bottom_only,historical_namespace,unpaired
2025_Conforme_2_Cam_B_5_282.jpg,2025,2,B,5,282,Conforme,Conforme,False,False,False,0,1,bottom_only,historical_namespace,unpaired
2025_Conforme_2_Cam_B_5_283.jpg,2025,2,B,5,283,Conforme,Conforme,False,False,False,0,1,bottom_only,historical_namespace,unpaired
2025_Conforme_2_Cam_B_5_284.jpg,2025,2,B,5,284,Conforme,Conforme,False,False,False,0,1,bottom_only,historical_namespace,unpaired
2025_Conforme_2_Cam_B_5_285.jpg,2025,2,B,5,285,Conforme,Conforme,False,False,False,0,1,bottom_only,historical_namespace,unpaired
2025_Conforme_2_Cam_B_5_286.jpg,2025,2,B,5,286,Conforme,Conforme,False,False,False,0,1,bottom_only,historical_namespace,unpaired
2025_Conforme_2_Cam_B_5_287.jpg,2025,2,B,5,287,Conforme,Conforme,False,False,False,0,1,bottom_only,historical_namespace,unpaired
2025_Conforme_2_Cam_B_5_288.jpg,2025,2,B,5,288,Conforme,Conforme,False,False,False,0,1,bottom_only,historical_namespace,unpaired
2025_Conforme_2_Cam_B_5_289.jpg,2025,2,B,5,289,Conforme,Conforme,False,True,False,0,1,bottom_only,historical_namespace,unpaired
2025_Conforme_2_Cam_B_5_290.jpg,2025,2,B,5,290,Conforme,Conforme,False,False,False,0,1,bottom_only,historical_namespace,unpaired
2025_Conforme_2_Cam_B_5_291.jpg,2025,2,B,5,291,Conforme,Conforme,False,False,False,0,1,bottom_only,historical_namespace,unpaired
2025_Conforme_2_Cam_B_5_292.jpg,2025,2,B,5,292,Conforme,Conforme,False,False,False,0,1,bottom_only,historical_namespace,unpaired
2025_Conforme_2_Cam_B_5_293.jpg,2025,2,B,5,293,Conforme,Conforme,False,False,False,0,1,bottom_only,historical_namespace,unpaired
2025_Conforme_2_Cam_B_5_294.jpg,2025,2,B,5,294,Conforme,Conforme,False,False,False,0,1,bottom_only,historical_namespace,unpaired
2025_Conforme_2_Cam_B_5_295.jpg,2025,2,B,5,295,Conforme,Conforme,False,False,False,0,1,bottom_only,historical_namespace,unpaired
2025_Conforme_2_Cam_B_5_296.jpg,2025,2,B,5,296,Conforme,Conforme,False,False,False,0,1,bottom_only,historical_namespace,unpaired
2025_Conforme_2_Cam_B_5_297.jpg,2025,2,B,5,297,Conforme,Conforme,False,False,False,0,1,bottom_only,historical_namespace,unpaired
2025_Conforme_2_Cam_B_5_298.jpg,2025,2,B,5,298,Conforme,Conforme,False,False,False,0,1,bottom_only,historical_namespace,unpaired
2025_Conforme_2_Cam_B_5_299.jpg,2025,2,B,5,299,Conforme,Conforme,False,False,False,0,1,bottom_only,historical_namespace,unpaired
2025_Conforme_2_Cam_B_5_300.jpg,2025,2,B,5,300,Conforme,Conforme,False,True,False,0,1,bottom_only,historical_namespace,unpaired
2025_Conforme_2_Cam_B_5_301.jpg,2025,2,B,5,301,Conforme,Conforme,False,False,False,0,1,bottom_only,historical_namespace,unpaired
2025_Conforme_2_Cam_B_5_302.jpg,2025,2,B,5,302,Conforme,Conforme,False,False,False,0,1,bottom_only,historical_namespace,unpaired
2025_Conforme_2_Cam_B_5_303.jpg,2025,2,B,5,303,Conforme,Vide,False,False,False,0,1,bottom_only,historical_namespace,unpaired
2025_Conforme_2_Cam_B_5_304.jpg,2025,2,B,5,304,Conforme,Conforme,False,False,False,0,1,bottom_only,historical_namespace,unpaired
2025_Conforme_2_Cam_B_5_305.jpg,2025,2,B,5,305,Conforme,Conforme,False,True,False,0,1,bottom_only,historical_namespace,unpaired
2025_Conforme_2_Cam_B_5_306.jpg,2025,2,B,5,306,Conforme,Conforme,False,True,False,0,1,bottom_only,historical_namespace,unpaired
2025_Conforme_2_Cam_B_5_307.jpg,2025,2,B,5,307,Conforme,Conforme,False,False,False,0,1,bottom_only,historical_namespace,unpaired
2025_Conforme_2_Cam_B_5_308.jpg,2025,2,B,5,308,Conforme,Conforme,False,False,False,0,1,bottom_only,historical_namespace,unpaired
2025_Conforme_2_Cam_B_5_309.jpg,2025,2,B,5,309,Conforme,Conforme,False,False,False,0,1,bottom_only,historical_namespace,unpaired
2025_Conforme_2_Cam_B_5_310.jpg,2025,2,B,5,310,Conforme,Conforme,False,False,False,0,1,bottom_only,historical_namespace,unpaired
2025_Conforme_2_Cam_B_5_311.jpg,2025,2,B,5,311,Conforme,Conforme,False,True,False,0,1,bottom_only,historical_namespace,unpaired
2025_Conforme_2_Cam_B_5_312.jpg,2025,2,B,5,312,Conforme,Conforme,False,False,False,0,1,bottom_only,historical_namespace,unpaired
2025_Conforme_2_Cam_B_5_313.jpg,2025,2,B,5,313,Conforme,Conforme,False,False,False,0,1,bottom_only,historical_namespace,unpaired
2025_Conforme_2_Cam_B_5_314.jpg,2025,2,B,5,314,Conforme,Conforme,False,False,False,0,1,bottom_only,historical_namespace,unpaired
2025_Conforme_2_Cam_B_5_315.jpg,2025,2,B,5,315,Conforme,Conforme,False,False,False,0,1,bottom_only,historical_namespace,unpaired
2025_Conforme_2_Cam_B_5_316.jpg,2025,2,B,5,316,Conforme,Conforme,False,False,False,0,1,bottom_only,historical_namespace,unpaired
2025_Conforme_2_Cam_B_5_317.jpg,2025,2,B,5,317,Conforme,Conforme,False,False,False,0,1,bottom_only,historical_namespace,unpaired
2025_Conforme_2_Cam_B_5_318.jpg,2025,2,B,5,318,Conforme,Conforme,False,False,False,0,1,bottom_only,historical_namespace,unpaired
2025_Conforme_2_Cam_B_5_319.jpg,2025,2,B,5,319,Conforme,Conforme,False,True,False,0,1,bottom_only,historical_namespace,unpaired
2025_Conforme_2_Cam_B_5_320.jpg,2025,2,B,5,320,Conforme,Conforme,False,True,False,0,1,bottom_only,historical_namespace,unpaired
2025_Conforme_2_Cam_B_5_321.jpg,2025,2,B,5,321,Conforme,Conforme,False,True,False,0,1,bottom_only,historical_namespace,unpaired
2025_Conforme_2_Cam_B_5_322.jpg,2025,2,B,5,322,Conforme,Conforme,False,True,False,0,1,bottom_only,historical_namespace,unpaired
2025_Conforme_2_Cam_B_5_323.jpg,2025,2,B,5,323,Conforme,Conforme,False,False,False,0,1,bottom_only,historical_namespace,unpaired
2025_Conforme_2_Cam_B_5_324.jpg,2025,2,B,5,324,Conforme,Conforme,False,False,False,0,1,bottom_only,historical_namespace,unpaired
2025_Conforme_2_Cam_B_5_325.jpg,2025,2,B,5,325,Conforme,Conforme,False,False,False,0,1,bottom_only,historical_namespace,unpaired
2025_Conforme_2_Cam_B_5_326.jpg,2025,2,B,5,326,Conforme,Conforme,False,False,False,0,1,bottom_only,historical_namespace,unpaired
2025_Conforme_2_Cam_B_5_327.jpg,2025,2,B,5,327,Conforme,Conforme,False,False,False,0,1,bottom_only,historical_namespace,unpaired
2025_Conforme_2_Cam_B_5_328.jpg,2025,2,B,5,328,Conforme,Vide,False,False,False,0,1,bottom_only,historical_namespace,unpaired
2025_Conforme_2_Cam_B_5_329.jpg,2025,2,B,5,329,Conforme,Vide,False,False,False,0,1,bottom_only,historical_namespace,unpaired
2025_Conforme_2_Cam_B_5_330.jpg,2025,2,B,5,330,Conforme,Conforme,False,False,False,0,1,bottom_only,historical_namespace,unpaired
2025_Conforme_2_Cam_B_5_331.jpg,2025,2,B,5,331,Conforme,Vide,False,False,False,0,1,bottom_only,historical_namespace,unpaired
2025_Conforme_2_Cam_B_5_332.jpg,2025,2,B,5,332,Conforme,Conforme,False,False,False,0,1,bottom_only,historical_namespace,unpaired
2025_Conforme_2_Cam_B_5_333.jpg,2025,2,B,5,333,Conforme,Conforme,False,False,False,0,1,bottom_only,historical_namespace,unpaired
2025_Conforme_2_Cam_B_5_334.jpg,2025,2,B,5,334,Conforme,Conforme,False,False,False,0,1,bottom_only,historical_namespace,unpaired
2025_Conforme_2_Cam_B_5_335.jpg,2025,2,B,5,335,Conforme,Conforme,False,True,False,0,1,bottom_only,historical_namespace,unpaired
2025_Conforme_2_Cam_B_5_336.jpg,2025,2,B,5,336,Conforme,Conforme,False,False,False,0,1,bottom_only,historical_namespace,unpaired
2025_Conforme_2_Cam_B_5_337.jpg,2025,2,B,5,337,Conforme,Vide,False,False,False,0,1,bottom_only,historical_namespace,unpaired
2025_Conforme_2_Cam_B_5_338.jpg,2025,2,B,5,338,Conforme,Vide,False,False,False,0,1,bottom_only,historical_namespace,unpaired
2025_Conforme_2_Cam_B_5_339.jpg,2025,2,B,5,339,Conforme,Conforme,False,True,False,0,1,bottom_only,historical_namespace,unpaired
2025_Conforme_2_Cam_B_5_340.jpg,2025,2,B,5,340,Conforme,Conforme,False,False,False,0,1,bottom_only,historical_namespace,unpaired
2025_Conforme_2_Cam_B_5_341.jpg,2025,2,B,5,341,Conforme,Conforme,False,False,False,0,1,bottom_only,historical_namespace,unpaired
2025_Conforme_2_Cam_B_5_342.jpg,2025,2,B,5,342,Conforme,Vide,False,False,False,0,1,bottom_only,historical_namespace,unpaired
2025_Conforme_2_Cam_B_5_343.jpg,2025,2,B,5,343,Conforme,Conforme,False,False,False,0,1,bottom_only,historical_namespace,unpaired
2025_Conforme_2_Cam_B_5_344.jpg,2025,2,B,5,344,Conforme,Conforme,False,False,False,0,1,bottom_only,historical_namespace,unpaired
2025_Conforme_2_Cam_B_5_345.jpg,2025,2,B,5,345,Conforme,Conforme,False,False,False,0,1,bottom_only,historical_namespace,unpaired
2025_Conforme_2_Cam_B_5_346.jpg,2025,2,B,5,346,Conforme,Vide,False,False,False,0,1,bottom_only,historical_namespace,unpaired
2025_Conforme_2_Cam_B_5_347.jpg,2025,2,B,5,347,Conforme,Conforme,False,False,False,0,1,bottom_only,historical_namespace,unpaired
2025_Conforme_2_Cam_B_5_348.jpg,2025,2,B,5,348,Conforme,Conforme,False,True,False,0,1,bottom_only,historical_namespace,unpaired
2025_Conforme_2_Cam_B_5_349.jpg,2025,2,B,5,349,Conforme,Conforme,False,True,False,0,1,bottom_only,historical_namespace,unpaired
2025_Conforme_2_Cam_B_5_350.jpg,2025,2,B,5,350,Conforme,Conforme,False,True,False,0,1,bottom_only,historical_namespace,unpaired
2025_Conforme_2_Cam_B_5_351.jpg,2025,2,B,5,351,Conforme,Vide,False,False,False,0,1,bottom_only,historical_namespace,unpaired
2025_Conforme_2_Cam_B_5_352.jpg,2025,2,B,5,352,Conforme,Conforme,False,False,False,0,1,bottom_only,historical_namespace,unpaired
2025_Conforme_2_Cam_B_5_353.jpg,2025,2,B,5,353,Conforme,Conforme,False,False,False,0,1,bottom_only,historical_namespace,unpaired
2025_Conforme_2_Cam_B_5_354.jpg,2025,2,B,5,354,Conforme,Conforme,False,False,False,0,1,bottom_only,historical_namespace,unpaired
2025_Conforme_2_Cam_B_5_355.jpg,2025,2,B,5,355,Conforme,Conforme,False,False,False,0,1,bottom_only,historical_namespace,unpaired
2025_Conforme_2_Cam_B_5_356.jpg,2025,2,B,5,356,Conforme,Vide,False,False,False,0,1,bottom_only,historical_namespace,unpaired
2025_Conforme_2_Cam_B_5_357.jpg,2025,2,B,5,357,Conforme,Conforme,True,False,False,0,1,bottom_only,historical_namespace,unpaired
2025_Conforme_2_Cam_B_5_358.jpg,2025,2,B,5,358,Conforme,Conforme,False,False,False,0,1,bottom_only,historical_namespace,unpaired
2025_Conforme_2_Cam_B_5_359.jpg,2025,2,B,5,359,Conforme,Conforme,False,False,False,0,1,bottom_only,historical_namespace,unpaired
2025_Conforme_2_Cam_B_5_360.jpg,2025,2,B,5,360,Conforme,Conforme,False,True,False,0,1,bottom_only,historical_namespace,unpaired
2025_Conforme_2_Cam_B_5_361.jpg,2025,2,B,5,361,Conforme,Vide,False,False,False,0,1,bottom_only,historical_namespace,unpaired
2025_Conforme_2_Cam_B_5_362.jpg,2025,2,B,5,362,Conforme,Conforme,False,False,False,0,1,bottom_only,historical_namespace,unpaired
2025_Conforme_2_Cam_B_5_363.jpg,2025,2,B,5,363,Conforme,Conforme,False,False,False,0,1,bottom_only,historical_namespace,unpaired
2025_Conforme_2_Cam_B_5_364.jpg,2025,2,B,5,364,Conforme,Conforme,False,False,False,0,1,bottom_only,historical_namespace,unpaired
2025_Conforme_2_Cam_B_5_365.jpg,2025,2,B,5,365,Conforme,Conforme,False,False,False,0,1,bottom_only,historical_namespace,unpaired
2025_Conforme_2_Cam_B_5_366.jpg,2025,2,B,5,366,Conforme,Conforme,False,False,False,0,1,bottom_only,historical_namespace,unpaired
2025_Conforme_2_Cam_B_5_367.jpg,2025,2,B,5,367,Conforme,Conforme,False,False,False,0,1,bottom_only,historical_namespace,unpaired
2025_Conforme_2_Cam_B_5_368.jpg,2025,2,B,5,368,Conforme,Conforme,False,False,False,0,1,bottom_only,historical_namespace,unpaired
2025_Conforme_2_Cam_B_5_369.jpg,2025,2,B,5,369,Conforme,Conforme,False,False,False,0,1,bottom_only,historical_namespace,unpaired
2025_Conforme_2_Cam_B_5_370.jpg,2025,2,B,5,370,Conforme,Conforme,False,False,False,0,1,bottom_only,historical_namespace,unpaired
2025_Conforme_2_Cam_B_5_371.jpg,2025,2,B,5,371,Conforme,Conforme,False,False,False,0,1,bottom_only,historical_namespace,unpaired
2025_Conforme_2_Cam_B_5_372.jpg,2025,2,B,5,372,Conforme,Conforme,False,False,False,0,1,bottom_only,historical_namespace,unpaired
2025_Conforme_2_Cam_B_5_373.jpg,2025,2,B,5,373,Conforme,Vide,False,False,False,0,1,bottom_only,historical_namespace,unpaired
2025_Conforme_2_Cam_B_5_374.jpg,2025,2,B,5,374,Conforme,Vide,False,False,False,0,1,bottom_only,historical_namespace,unpaired
2025_Conforme_2_Cam_B_5_375.jpg,2025,2,B,5,375,Conforme,Vide,False,False,False,0,1,bottom_only,historical_namespace,unpaired
2025_Conforme_2_Cam_B_5_376.jpg,2025,2,B,5,376,Conforme,Conforme,False,False,False,0,1,bottom_only,historical_namespace,unpaired
2025_Conforme_2_Cam_B_5_377.jpg,2025,2,B,5,377,Conforme,Conforme,False,True,False,0,1,bottom_only,historical_namespace,unpaired
2025_Conforme_2_Cam_B_5_378.jpg,2025,2,B,5,378,Conforme,Conforme,False,True,False,0,1,bottom_only,historical_namespace,unpaired
2025_Conforme_2_Cam_B_5_379.jpg,2025,2,B,5,379,Conforme,Conforme,False,False,False,0,1,bottom_only,historical_namespace,unpaired
2025_Conforme_2_Cam_B_5_380.jpg,2025,2,B,5,380,Conforme,Conforme,False,False,False,0,1,bottom_only,historical_namespace,unpaired
2025_Conforme_2_Cam_B_5_381.jpg,2025,2,B,5,381,Conforme,Conforme,False,False,False,0,1,bottom_only,historical_namespace,unpaired
2025_Conforme_2_Cam_B_5_382.jpg,2025,2,B,5,382,Conforme,Conforme,False,False,False,0,1,bottom_only,historical_namespace,unpaired
2025_Conforme_2_Cam_B_5_383.jpg,2025,2,B,5,383,Conforme,Conforme,False,True,False,0,1,bottom_only,historical_namespace,unpaired
2025_Conforme_2_Cam_B_5_384.jpg,2025,2,B,5,384,Conforme,Conforme,False,False,False,0,1,bottom_only,historical_namespace,unpaired
2025_Conforme_2_Cam_B_5_385.jpg,2025,2,B,5,385,Conforme,Conforme,False,False,False,0,1,bottom_only,historical_namespace,unpaired
2025_Conforme_2_Cam_B_5_386.jpg,2025,2,B,5,386,Conforme,Conforme,False,False,False,0,1,bottom_only,historical_namespace,unpaired
2025_Conforme_2_Cam_B_5_387.jpg,2025,2,B,5,387,Conforme,Conforme,False,False,False,0,1,bottom_only,historical_namespace,unpaired
2025_Conforme_2_Cam_B_5_388.jpg,2025,2,B,5,388,Conforme,Vide,False,False,False,0,1,bottom_only,historical_namespace,unpaired
2025_Conforme_2_Cam_B_5_389.jpg,2025,2,B,5,389,Conforme,Conforme,False,False,False,0,1,bottom_only,historical_namespace,unpaired
2025_Conforme_2_Cam_B_5_390.jpg,2025,2,B,5,390,Conforme,Conforme,False,True,False,0,1,bottom_only,historical_namespace,unpaired
2025_Conforme_2_Cam_B_5_391.jpg,2025,2,B,5,391,Conforme,Vide,False,False,False,0,1,bottom_only,historical_namespace,unpaired
2025_Conforme_2_Cam_B_5_392.jpg,2025,2,B,5,392,Conforme,Conforme,False,False,False,0,1,bottom_only,historical_namespace,unpaired
2025_Conforme_2_Cam_B_5_393.jpg,2025,2,B,5,393,Conforme,Vide,False,False,False,0,1,bottom_only,historical_namespace,unpaired
2025_Conforme_2_Cam_B_5_394.jpg,2025,2,B,5,394,Conforme,Vide,False,False,False,0,1,bottom_only,historical_namespace,unpaired
2025_Conforme_2_Cam_B_5_395.jpg,2025,2,B,5,395,Conforme,Conforme,False,False,False,0,1,bottom_only,historical_namespace,unpaired
2025_Conforme_2_Cam_B_5_396.jpg,2025,2,B,5,396,Conforme,Conforme,False,False,False,0,1,bottom_only,historical_namespace,unpaired
2025_Conforme_2_Cam_B_5_397.jpg,2025,2,B,5,397,Conforme,Conforme,False,False,False,0,1,bottom_only,historical_namespace,unpaired
2025_Conforme_2_Cam_B_5_398.jpg,2025,2,B,5,398,Conforme,Conforme,False,False,False,0,1,bottom_only,historical_namespace,unpaired
2025_Conforme_2_Cam_B_5_399.jpg,2025,2,B,5,399,Conforme,Conforme,False,False,False,0,1,bottom_only,historical_namespace,unpaired
2025_Conforme_2_Cam_B_5_400.jpg,2025,2,B,5,400,Conforme,Conforme,False,True,False,0,1,bottom_only,historical_namespace,unpaired
2025_Conforme_2_Cam_B_5_401.jpg,2025,2,B,5,401,Conforme,Conforme,False,False,False,0,1,bottom_only,historical_namespace,unpaired
2025_Conforme_2_Cam_B_5_402.jpg,2025,2,B,5,402,Conforme,Conforme,False,False,False,0,1,bottom_only,historical_namespace,unpaired
2025_Conforme_2_Cam_B_5_403.jpg,2025,2,B,5,403,Conforme,Conforme,False,False,False,0,1,bottom_only,historical_namespace,unpaired
2025_Conforme_2_Cam_B_5_404.jpg,2025,2,B,5,404,Conforme,Vide,False,False,False,0,1,bottom_only,historical_namespace,unpaired
2025_Conforme_2_Cam_B_5_405.jpg,2025,2,B,5,405,Conforme,Vide,False,False,False,0,1,bottom_only,historical_namespace,unpaired
2025_Conforme_2_Cam_B_5_406.jpg,2025,2,B,5,406,Conforme,Vide,False,False,False,0,1,bottom_only,historical_namespace,unpaired
2025_Conforme_2_Cam_B_5_407.jpg,2025,2,B,5,407,Conforme,Vide,False,False,False,0,1,bottom_only,historical_namespace,unpaired
2025_Conforme_2_Cam_B_5_408.jpg,2025,2,B,5,408,Conforme,Conforme,False,True,False,0,1,bottom_only,historical_namespace,unpaired
2025_Conforme_2_Cam_B_5_409.jpg,2025,2,B,5,409,Conforme,Conforme,False,False,False,0,1,bottom_only,historical_namespace,unpaired
2025_Conforme_2_Cam_B_5_410.jpg,2025,2,B,5,410,Conforme,Conforme,False,False,False,0,1,bottom_only,historical_namespace,unpaired
2025_Conforme_2_Cam_B_5_411.jpg,2025,2,B,5,411,Conforme,Conforme,False,False,False,0,1,bottom_only,historical_namespace,unpaired
2025_Conforme_2_Cam_B_5_412.jpg,2025,2,B,5,412,Conforme,Conforme,False,True,False,0,1,bottom_only,historical_namespace,unpaired
2025_Conforme_2_Cam_B_5_413.jpg,2025,2,B,5,413,Conforme,Conforme,False,False,False,0,1,bottom_only,historical_namespace,unpaired
2025_Conforme_2_Cam_B_5_414.jpg,2025,2,B,5,414,Conforme,Conforme,False,False,False,0,1,bottom_only,historical_namespace,unpaired
2025_Conforme_2_Cam_B_5_415.jpg,2025,2,B,5,415,Conforme,Conforme,False,False,False,0,1,bottom_only,historical_namespace,unpaired
2025_Conforme_2_Cam_B_5_416.jpg,2025,2,B,5,416,Conforme,Conforme,False,True,False,0,1,bottom_only,historical_namespace,unpaired
2025_Conforme_2_Cam_B_5_417.jpg,2025,2,B,5,417,Conforme,Conforme,False,False,False,0,1,bottom_only,historical_namespace,unpaired
2025_Conforme_2_Cam_B_5_418.jpg,2025,2,B,5,418,Conforme,Conforme,False,False,False,0,1,bottom_only,historical_namespace,unpaired
2025_Conforme_2_Cam_B_5_419.jpg,2025,2,B,5,419,Conforme,Vide,False,False,False,0,1,bottom_only,historical_namespace,unpaired
2025_Conforme_2_Cam_B_5_420.jpg,2025,2,B,5,420,Conforme,Conforme,False,True,False,0,1,bottom_only,historical_namespace,unpaired
2025_Conforme_2_Cam_B_5_421.jpg,2025,2,B,5,421,Conforme,Conforme,False,False,False,0,1,bottom_only,historical_namespace,unpaired
2025_Conforme_2_Cam_B_5_422.jpg,2025,2,B,5,422,Conforme,Conforme,True,False,False,0,1,bottom_only,historical_namespace,unpaired
2025_Conforme_2_Cam_B_5_423.jpg,2025,2,B,5,423,Conforme,Conforme,False,False,False,0,1,bottom_only,historical_namespace,unpaired
2025_Conforme_2_Cam_B_5_424.jpg,2025,2,B,5,424,Conforme,Conforme,False,False,False,0,1,bottom_only,historical_namespace,unpaired
2025_Conforme_2_Cam_B_5_425.jpg,2025,2,B,5,425,Conforme,Vide,False,False,False,0,1,bottom_only,historical_namespace,unpaired
2025_Conforme_2_Cam_B_5_426.jpg,2025,2,B,5,426,Conforme,Conforme,False,True,False,0,1,bottom_only,historical_namespace,unpaired
2025_Conforme_2_Cam_B_5_427.jpg,2025,2,B,5,427,Conforme,Conforme,False,False,False,0,1,bottom_only,historical_namespace,unpaired
2025_Conforme_2_Cam_B_5_428.jpg,2025,2,B,5,428,Conforme,Conforme,False,False,False,0,1,bottom_only,historical_namespace,unpaired
2025_Conforme_2_Cam_B_5_429.jpg,2025,2,B,5,429,Conforme,Conforme,False,False,False,0,1,bottom_only,historical_namespace,unpaired
2025_Conforme_2_Cam_B_5_430.jpg,2025,2,B,5,430,Conforme,Conforme,True,False,False,0,1,bottom_only,historical_namespace,unpaired
2025_Conforme_2_Cam_B_5_431.jpg,2025,2,B,5,431,Conforme,Conforme,False,False,False,0,1,bottom_only,historical_namespace,unpaired
2025_Conforme_2_Cam_B_5_432.jpg,2025,2,B,5,432,Conforme,Conforme,False,False,False,0,1,bottom_only,historical_namespace,unpaired
2025_Conforme_2_Cam_B_5_433.jpg,2025,2,B,5,433,Conforme,Vide,False,False,False,0,1,bottom_only,historical_namespace,unpaired
2025_Conforme_2_Cam_B_5_434.jpg,2025,2,B,5,434,Conforme,Conforme,False,False,False,0,1,bottom_only,historical_namespace,unpaired
2025_Conforme_2_Cam_B_5_435.jpg,2025,2,B,5,435,Conforme,Conforme,False,False,False,0,1,bottom_only,historical_namespace,unpaired
2025_Conforme_2_Cam_B_5_436.jpg,2025,2,B,5,436,Conforme,Vide,False,False,False,0,1,bottom_only,historical_namespace,unpaired
2025_Conforme_2_Cam_B_5_437.jpg,2025,2,B,5,437,Conforme,Conforme,False,False,False,0,1,bottom_only,historical_namespace,unpaired
2025_Conforme_2_Cam_B_5_438.jpg,2025,2,B,5,438,Conforme,Vide,False,False,False,0,1,bottom_only,historical_namespace,unpaired
2025_Conforme_2_Cam_B_5_439.jpg,2025,2,B,5,439,Conforme,Conforme,False,False,False,0,1,bottom_only,historical_namespace,unpaired
2025_Conforme_2_Cam_B_5_440.jpg,2025,2,B,5,440,Conforme,Conforme,False,True,False,0,1,bottom_only,historical_namespace,unpaired
2025_Conforme_2_Cam_B_5_441.jpg,2025,2,B,5,441,Conforme,Vide,False,False,False,0,1,bottom_only,historical_namespace,unpaired
2025_Conforme_2_Cam_B_5_442.jpg,2025,2,B,5,442,Conforme,Vide,False,False,False,0,1,bottom_only,historical_namespace,unpaired
2025_Conforme_2_Cam_B_5_443.jpg,2025,2,B,5,443,Conforme,Conforme,False,True,False,0,1,bottom_only,historical_namespace,unpaired
2025_Conforme_2_Cam_B_5_444.jpg,2025,2,B,5,444,Conforme,Vide,False,False,False,0,1,bottom_only,historical_namespace,unpaired
2025_Conforme_2_Cam_B_5_445.jpg,2025,2,B,5,445,Conforme,Vide,False,False,False,0,1,bottom_only,historical_namespace,unpaired
2025_Conforme_2_Cam_B_5_446.jpg,2025,2,B,5,446,Conforme,Vide,False,False,False,0,1,bottom_only,historical_namespace,unpaired
2025_Conforme_2_Cam_B_5_447.jpg,2025,2,B,5,447,Conforme,Vide,False,False,False,0,1,bottom_only,historical_namespace,unpaired
2025_Conforme_2_Cam_B_5_448.jpg,2025,2,B,5,448,Conforme,Vide,False,False,False,0,1,bottom_only,historical_namespace,unpaired
2025_Conforme_2_Cam_B_5_449.jpg,2025,2,B,5,449,Conforme,Conforme,False,True,False,0,1,bottom_only,historical_namespace,unpaired
2025_Conforme_2_Cam_B_5_450.jpg,2025,2,B,5,450,Conforme,Conforme,False,False,False,0,1,bottom_only,historical_namespace,unpaired
2025_Conforme_2_Cam_B_5_451.jpg,2025,2,B,5,451,Conforme,Conforme,False,True,False,0,1,bottom_only,historical_namespace,unpaired
2025_Conforme_2_Cam_B_5_452.jpg,2025,2,B,5,452,Conforme,Vide,False,False,False,0,1,bottom_only,historical_namespace,unpaired
2025_Conforme_2_Cam_B_5_453.jpg,2025,2,B,5,453,Conforme,Conforme,False,True,False,0,1,bottom_only,historical_namespace,unpaired
2025_Conforme_2_Cam_B_5_454.jpg,2025,2,B,5,454,Conforme,Conforme,False,False,False,0,1,bottom_only,historical_namespace,unpaired
2025_Conforme_2_Cam_B_5_455.jpg,2025,2,B,5,455,Conforme,Conforme,False,True,False,0,1,bottom_only,historical_namespace,unpaired
2025_Conforme_2_Cam_B_5_456.jpg,2025,2,B,5,456,Conforme,Vide,False,False,False,0,1,bottom_only,historical_namespace,unpaired
2025_Conforme_2_Cam_B_5_457.jpg,2025,2,B,5,457,Conforme,Vide,False,False,False,0,1,bottom_only,historical_namespace,unpaired
2025_Conforme_2_Cam_B_5_458.jpg,2025,2,B,5,458,Conforme,Vide,False,False,False,0,1,bottom_only,historical_namespace,unpaired
2025_Conforme_2_Cam_B_5_459.jpg,2025,2,B,5,459,Conforme,Vide,False,False,False,0,1,bottom_only,historical_namespace,unpaired
2025_Conforme_2_Cam_B_5_460.jpg,2025,2,B,5,460,Conforme,Vide,False,False,False,0,1,bottom_only,historical_namespace,unpaired
2025_Conforme_2_Cam_B_5_461.jpg,2025,2,B,5,461,Conforme,Vide,False,False,False,0,1,bottom_only,historical_namespace,unpaired
2025_Conforme_2_Cam_B_5_462.jpg,2025,2,B,5,462,Conforme,Vide,False,False,False,0,1,bottom_only,historical_namespace,unpaired
2025_Conforme_2_Cam_B_5_463.jpg,2025,2,B,5,463,Conforme,Vide,False,False,False,0,1,bottom_only,historical_namespace,unpaired
2025_Conforme_2_Cam_B_5_464.jpg,2025,2,B,5,464,Conforme,Vide,False,False,False,0,1,bottom_only,historical_namespace,unpaired
2025_Conforme_2_Cam_B_5_465.jpg,2025,2,B,5,465,Conforme,Vide,False,False,False,0,1,bottom_only,historical_namespace,unpaired
2025_Conforme_2_Cam_B_5_466.jpg,2025,2,B,5,466,Conforme,Vide,False,False,False,0,1,bottom_only,historical_namespace,unpaired
2025_Conforme_2_Cam_B_5_467.jpg,2025,2,B,5,467,Conforme,Vide,False,False,False,0,1,bottom_only,historical_namespace,unpaired
2025_Conforme_2_Cam_B_5_468.jpg,2025,2,B,5,468,Conforme,Vide,False,False,False,0,1,bottom_only,historical_namespace,unpaired
2025_Conforme_2_Cam_B_5_469.jpg,2025,2,B,5,469,Conforme,Vide,False,False,False,0,1,bottom_only,historical_namespace,unpaired
2025_Conforme_2_Cam_B_5_470.jpg,2025,2,B,5,470,Conforme,Vide,False,False,False,0,1,bottom_only,historical_namespace,unpaired
2025_Conforme_2_Cam_B_5_471.jpg,2025,2,B,5,471,Conforme,Vide,False,False,False,0,1,bottom_only,historical_namespace,unpaired
2025_Conforme_2_Cam_B_5_472.jpg,2025,2,B,5,472,Conforme,Vide,False,False,False,0,1,bottom_only,historical_namespace,unpaired
2025_Conforme_2_Cam_B_5_473.jpg,2025,2,B,5,473,Conforme,Vide,False,False,False,0,1,bottom_only,historical_namespace,unpaired
2025_Conforme_2_Cam_B_5_474.jpg,2025,2,B,5,474,Conforme,Vide,False,False,False,0,1,bottom_only,historical_namespace,unpaired
2025_Conforme_2_Cam_B_5_475.jpg,2025,2,B,5,475,Conforme,Vide,False,False,False,0,1,bottom_only,historical_namespace,unpaired
2025_Conforme_2_Cam_B_5_476.jpg,2025,2,B,5,476,Conforme,Conforme,False,False,False,0,1,bottom_only,historical_namespace,unpaired
2025_Conforme_2_Cam_B_5_477.jpg,2025,2,B,5,477,Conforme,Vide,False,False,False,0,1,bottom_only,historical_namespace,unpaired
2025_Conforme_2_Cam_B_5_478.jpg,2025,2,B,5,478,Conforme,Vide,False,False,False,0,1,bottom_only,historical_namespace,unpaired
2025_Conforme_2_Cam_B_5_479.jpg,2025,2,B,5,479,Conforme,Conforme,False,True,False,0,1,bottom_only,historical_namespace,unpaired
2025_Conforme_2_Cam_B_5_480.jpg,2025,2,B,5,480,Conforme,Vide,False,False,False,0,1,bottom_only,historical_namespace,unpaired
2025_Conforme_2_Cam_B_5_481.jpg,2025,2,B,5,481,Conforme,Vide,False,False,False,0,1,bottom_only,historical_namespace,unpaired
2025_Conforme_2_Cam_B_5_482.jpg,2025,2,B,5,482,Conforme,Vide,False,False,False,0,1,bottom_only,historical_namespace,unpaired
2025_Conforme_2_Cam_B_5_483.jpg,2025,2,B,5,483,Conforme,Vide,False,False,False,0,1,bottom_only,historical_namespace,unpaired
2025_Conforme_2_Cam_B_5_484.jpg,2025,2,B,5,484,Conforme,Vide,False,False,False,0,1,bottom_only,historical_namespace,unpaired
2025_Conforme_2_Cam_B_5_485.jpg,2025,2,B,5,485,Conforme,Vide,False,False,False,0,1,bottom_only,historical_namespace,unpaired
2025_Conforme_2_Cam_B_5_486.jpg,2025,2,B,5,486,Conforme,Vide,False,False,False,0,1,bottom_only,historical_namespace,unpaired
2025_Conforme_2_Cam_B_5_487.jpg,2025,2,B,5,487,Conforme,Vide,False,False,False,0,1,bottom_only,historical_namespace,unpaired
2025_Conforme_2_Cam_B_5_488.jpg,2025,2,B,5,488,Conforme,Vide,False,False,False,0,1,bottom_only,historical_namespace,unpaired
2025_Conforme_2_Cam_B_5_489.jpg,2025,2,B,5,489,Conforme,Vide,False,False,False,0,1,bottom_only,historical_namespace,unpaired
2025_Conforme_2_Cam_B_5_490.jpg,2025,2,B,5,490,Conforme,Vide,False,False,False,0,1,bottom_only,historical_namespace,unpaired
2025_Conforme_2_Cam_B_5_491.jpg,2025,2,B,5,491,Conforme,Vide,False,False,False,0,1,bottom_only,historical_namespace,unpaired
2025_Conforme_2_Cam_B_5_492.jpg,2025,2,B,5,492,Conforme,Vide,False,False,False,0,1,bottom_only,historical_namespace,unpaired
2025_Conforme_2_Cam_B_5_493.jpg,2025,2,B,5,493,Conforme,Conforme,False,False,False,0,1,bottom_only,historical_namespace,unpaired
2025_Conforme_2_Cam_B_5_494.jpg,2025,2,B,5,494,Conforme,Conforme,False,True,False,0,1,bottom_only,historical_namespace,unpaired
2025_Conforme_2_Cam_B_5_495.jpg,2025,2,B,5,495,Conforme,Conforme,False,True,False,0,1,bottom_only,historical_namespace,unpaired
2025_Conforme_2_Cam_B_5_496.jpg,2025,2,B,5,496,Conforme,Vide,False,False,False,0,1,bottom_only,historical_namespace,unpaired
2025_Conforme_2_Cam_B_5_497.jpg,2025,2,B,5,497,Conforme,Vide,False,False,False,0,1,bottom_only,historical_namespace,unpaired
2025_Conforme_2_Cam_B_5_498.jpg,2025,2,B,5,498,Conforme,Vide,False,False,False,0,1,bottom_only,historical_namespace,unpaired
2025_Conforme_2_Cam_B_5_499.jpg,2025,2,B,5,499,Conforme,Vide,False,False,False,0,1,bottom_only,historical_namespace,unpaired
2025_Conforme_2_Cam_B_5_500.jpg,2025,2,B,5,500,Conforme,Vide,False,False,False,0,1,bottom_only,historical_namespace,unpaired
2025_Conforme_2_Cam_B_5_501.jpg,2025,2,B,5,501,Conforme,Conforme,False,False,False,0,1,bottom_only,historical_namespace,unpaired
2025_Conforme_2_Cam_B_5_502.jpg,2025,2,B,5,502,Conforme,Vide,False,False,False,0,1,bottom_only,historical_namespace,unpaired
2025_Conforme_2_Cam_B_5_503.jpg,2025,2,B,5,503,Conforme,Conforme,False,False,False,0,1,bottom_only,historical_namespace,unpaired
2025_Conforme_2_Cam_B_5_504.jpg,2025,2,B,5,504,Conforme,Vide,False,False,False,0,1,bottom_only,historical_namespace,unpaired
2025_Conforme_2_Cam_B_5_505.jpg,2025,2,B,5,505,Conforme,Conforme,False,False,False,0,1,bottom_only,historical_namespace,unpaired
2025_Conforme_2_Cam_B_5_506.jpg,2025,2,B,5,506,Conforme,Vide,False,False,False,0,1,bottom_only,historical_namespace,unpaired
2025_Conforme_2_Cam_B_5_507.jpg,2025,2,B,5,507,Conforme,Vide,False,False,False,0,1,bottom_only,historical_namespace,unpaired
2025_Conforme_2_Cam_B_5_508.jpg,2025,2,B,5,508,Conforme,Conforme,False,False,False,0,1,bottom_only,historical_namespace,unpaired
2025_Conforme_2_Cam_B_5_509.jpg,2025,2,B,5,509,Conforme,Conforme,False,False,False,0,1,bottom_only,historical_namespace,unpaired
2025_Conforme_2_Cam_B_5_510.jpg,2025,2,B,5,510,Conforme,Conforme,False,True,False,0,1,bottom_only,historical_namespace,unpaired
2025_Conforme_2_Cam_B_5_511.jpg,2025,2,B,5,511,Conforme,Conforme,False,False,False,0,1,bottom_only,historical_namespace,unpaired
2025_Conforme_2_Cam_B_5_512.jpg,2025,2,B,5,512,Conforme,Conforme,False,False,False,0,1,bottom_only,historical_namespace,unpaired
2025_Conforme_2_Cam_B_5_513.jpg,2025,2,B,5,513,Conforme,Conforme,False,False,False,0,1,bottom_only,historical_namespace,unpaired
2025_Conforme_2_Cam_B_5_514.jpg,2025,2,B,5,514,Conforme,Vide,False,False,False,0,1,bottom_only,historical_namespace,unpaired
2025_Conforme_2_Cam_B_5_515.jpg,2025,2,B,5,515,Conforme,Conforme,False,False,False,0,1,bottom_only,historical_namespace,unpaired
2025_Conforme_2_Cam_B_5_516.jpg,2025,2,B,5,516,Conforme,Vide,False,False,False,0,1,bottom_only,historical_namespace,unpaired
2025_Conforme_2_Cam_B_5_517.jpg,2025,2,B,5,517,Conforme,Conforme,False,False,False,0,1,bottom_only,historical_namespace,unpaired
2025_Conforme_2_Cam_B_5_518.jpg,2025,2,B,5,518,Conforme,Conforme,False,False,False,0,1,bottom_only,historical_namespace,unpaired
2025_Conforme_2_Cam_B_5_519.jpg,2025,2,B,5,519,Conforme,Conforme,False,False,False,0,1,bottom_only,historical_namespace,unpaired
2025_Conforme_2_Cam_B_5_520.jpg,2025,2,B,5,520,Conforme,Conforme,False,False,False,0,1,bottom_only,historical_namespace,unpaired
2025_Conforme_2_Cam_B_5_521.jpg,2025,2,B,5,521,Conforme,Conforme,False,False,False,0,1,bottom_only,historical_namespace,unpaired
2025_Conforme_2_Cam_B_5_522.jpg,2025,2,B,5,522,Conforme,Vide,False,False,False,0,1,bottom_only,historical_namespace,unpaired
2025_Conforme_2_Cam_B_5_523.jpg,2025,2,B,5,523,Conforme,Conforme,False,False,False,0,1,bottom_only,historical_namespace,unpaired
2025_Conforme_2_Cam_B_5_524.jpg,2025,2,B,5,524,Conforme,Vide,False,False,False,0,1,bottom_only,historical_namespace,unpaired
2025_Conforme_2_Cam_B_5_525.jpg,2025,2,B,5,525,Conforme,Vide,False,False,False,0,1,bottom_only,historical_namespace,unpaired
2025_Conforme_2_Cam_B_5_526.jpg,2025,2,B,5,526,Conforme,Vide,False,False,False,0,1,bottom_only,historical_namespace,unpaired
2025_Conforme_2_Cam_B_5_527.jpg,2025,2,B,5,527,Conforme,Conforme,False,False,False,0,1,bottom_only,historical_namespace,unpaired
2025_Conforme_2_Cam_B_5_528.jpg,2025,2,B,5,528,Conforme,Conforme,False,True,False,0,1,bottom_only,historical_namespace,unpaired
2025_Conforme_2_Cam_B_5_529.jpg,2025,2,B,5,529,Conforme,Vide,False,False,False,0,1,bottom_only,historical_namespace,unpaired
2025_Conforme_2_Cam_B_5_530.jpg,2025,2,B,5,530,Conforme,Conforme,False,True,False,0,1,bottom_only,historical_namespace,unpaired
2025_Conforme_2_Cam_B_5_531.jpg,2025,2,B,5,531,Conforme,Conforme,False,True,False,0,1,bottom_only,historical_namespace,unpaired
2025_Conforme_2_Cam_B_5_532.jpg,2025,2,B,5,532,Conforme,Conforme,False,True,False,0,1,bottom_only,historical_namespace,unpaired
2025_Conforme_2_Cam_B_5_533.jpg,2025,2,B,5,533,Conforme,Conforme,False,False,False,0,1,bottom_only,historical_namespace,unpaired
2025_Conforme_2_Cam_B_5_534.jpg,2025,2,B,5,534,Conforme,Conforme,False,False,False,0,1,bottom_only,historical_namespace,unpaired
2025_Conforme_2_Cam_B_5_535.jpg,2025,2,B,5,535,Conforme,Conforme,False,False,False,0,1,bottom_only,historical_namespace,unpaired
2025_Conforme_2_Cam_B_5_536.jpg,2025,2,B,5,536,Conforme,Conforme,False,False,False,0,1,bottom_only,historical_namespace,unpaired
2025_Conforme_2_Cam_B_6_173.jpg,2025,2,B,6,173,Conforme,Conforme,False,False,False,0,1,bottom_only,historical_namespace,unpaired
2025_Conforme_2_Cam_B_6_227.jpg,2025,2,B,6,227,Conforme,Vide,False,False,False,0,1,bottom_only,historical_namespace,unpaired
2025_Conforme_2_Cam_B_6_228.jpg,2025,2,B,6,228,Conforme,Conforme,False,False,False,0,1,bottom_only,historical_namespace,unpaired
2025_Conforme_2_Cam_B_6_229.jpg,2025,2,B,6,229,Conforme,Conforme,False,False,False,0,1,bottom_only,historical_namespace,unpaired
2025_Conforme_2_Cam_B_6_230.jpg,2025,2,B,6,230,Conforme,Conforme,False,False,False,0,1,bottom_only,historical_namespace,unpaired
2025_Conforme_2_Cam_B_6_231.jpg,2025,2,B,6,231,Conforme,Conforme,False,False,False,0,1,bottom_only,historical_namespace,unpaired
2025_Conforme_2_Cam_B_6_232.jpg,2025,2,B,6,232,Conforme,Vide,False,False,False,0,1,bottom_only,historical_namespace,unpaired
2025_Conforme_2_Cam_B_6_233.jpg,2025,2,B,6,233,Conforme,Conforme,False,True,False,0,1,bottom_only,historical_namespace,unpaired
2025_Conforme_2_Cam_B_6_234.jpg,2025,2,B,6,234,Conforme,Conforme,False,False,False,0,1,bottom_only,historical_namespace,unpaired
2025_Conforme_2_Cam_B_6_235.jpg,2025,2,B,6,235,Conforme,Conforme,False,False,False,0,1,bottom_only,historical_namespace,unpaired
2025_Conforme_2_Cam_B_6_236.jpg,2025,2,B,6,236,Conforme,Conforme,False,False,False,0,1,bottom_only,historical_namespace,unpaired
2025_Conforme_2_Cam_B_6_237.jpg,2025,2,B,6,237,Conforme,Conforme,False,False,False,0,1,bottom_only,historical_namespace,unpaired
2025_Conforme_2_Cam_B_6_238.jpg,2025,2,B,6,238,Conforme,Conforme,False,False,False,0,1,bottom_only,historical_namespace,unpaired
2025_Conforme_2_Cam_B_6_239.jpg,2025,2,B,6,239,Conforme,Conforme,False,False,False,0,1,bottom_only,historical_namespace,unpaired
2025_Conforme_2_Cam_B_6_240.jpg,2025,2,B,6,240,Conforme,Conforme,False,True,False,0,1,bottom_only,historical_namespace,unpaired
2025_Conforme_2_Cam_B_6_241.jpg,2025,2,B,6,241,Conforme,Conforme,False,True,False,0,1,bottom_only,historical_namespace,unpaired
2025_Conforme_2_Cam_B_6_242.jpg,2025,2,B,6,242,Conforme,Conforme,False,False,False,0,1,bottom_only,historical_namespace,unpaired
2025_Conforme_2_Cam_B_6_243.jpg,2025,2,B,6,243,Conforme,Vide,False,False,False,0,1,bottom_only,historical_namespace,unpaired
2025_Conforme_2_Cam_B_6_244.jpg,2025,2,B,6,244,Conforme,Vide,False,False,False,0,1,bottom_only,historical_namespace,unpaired
2025_Conforme_2_Cam_B_6_245.jpg,2025,2,B,6,245,Conforme,Conforme,False,False,False,0,1,bottom_only,historical_namespace,unpaired
2025_Conforme_2_Cam_B_6_246.jpg,2025,2,B,6,246,Conforme,Conforme,False,True,False,0,1,bottom_only,historical_namespace,unpaired
2025_Conforme_2_Cam_B_6_247.jpg,2025,2,B,6,247,Conforme,Vide,False,False,False,0,1,bottom_only,historical_namespace,unpaired
2025_Conforme_2_Cam_B_6_248.jpg,2025,2,B,6,248,Conforme,Vide,False,False,False,0,1,bottom_only,historical_namespace,unpaired
2025_Conforme_2_Cam_B_6_249.jpg,2025,2,B,6,249,Conforme,Conforme,False,False,False,0,1,bottom_only,historical_namespace,unpaired
2025_Conforme_2_Cam_B_6_250.jpg,2025,2,B,6,250,Conforme,Conforme,False,True,False,0,1,bottom_only,historical_namespace,unpaired
2025_Conforme_2_Cam_B_6_251.jpg,2025,2,B,6,251,Conforme,Vide,False,False,False,0,1,bottom_only,historical_namespace,unpaired
2025_Conforme_2_Cam_B_6_252.jpg,2025,2,B,6,252,Conforme,Conforme,False,False,False,0,1,bottom_only,historical_namespace,unpaired
2025_Conforme_2_Cam_B_6_253.jpg,2025,2,B,6,253,Conforme,Conforme,False,False,False,0,1,bottom_only,historical_namespace,unpaired
2025_Conforme_2_Cam_B_6_254.jpg,2025,2,B,6,254,Conforme,Conforme,False,False,False,0,1,bottom_only,historical_namespace,unpaired
2025_Conforme_2_Cam_B_6_255.jpg,2025,2,B,6,255,Conforme,Vide,False,False,False,0,1,bottom_only,historical_namespace,unpaired
2025_Conforme_2_Cam_B_6_256.jpg,2025,2,B,6,256,Conforme,Conforme,False,False,False,0,1,bottom_only,historical_namespace,unpaired
2025_Conforme_2_Cam_B_6_257.jpg,2025,2,B,6,257,Conforme,Conforme,False,True,False,0,1,bottom_only,historical_namespace,unpaired
2025_Conforme_2_Cam_B_6_259.jpg,2025,2,B,6,259,Conforme,Conforme,False,False,False,0,1,bottom_only,historical_namespace,unpaired
2025_Conforme_2_Cam_B_6_260.jpg,2025,2,B,6,260,Conforme,Conforme,False,False,False,0,1,bottom_only,historical_namespace,unpaired
2025_Conforme_2_Cam_B_6_264.jpg,2025,2,B,6,264,Conforme,Conforme,False,False,False,0,1,bottom_only,historical_namespace,unpaired
2025_Conforme_2_Cam_B_6_265.jpg,2025,2,B,6,265,Conforme,Conforme,False,True,False,0,1,bottom_only,historical_namespace,unpaired
2025_Conforme_2_Cam_B_6_266.jpg,2025,2,B,6,266,Conforme,Conforme,False,False,False,0,1,bottom_only,historical_namespace,unpaired
2025_Conforme_2_Cam_B_6_267.jpg,2025,2,B,6,267,Conforme,Vide,False,False,False,0,1,bottom_only,historical_namespace,unpaired
2025_Conforme_2_Cam_B_6_268.jpg,2025,2,B,6,268,Conforme,Conforme,False,True,False,0,1,bottom_only,historical_namespace,unpaired
2025_Conforme_2_Cam_B_6_269.jpg,2025,2,B,6,269,Conforme,Conforme,False,False,False,0,1,bottom_only,historical_namespace,unpaired
2025_Conforme_2_Cam_B_6_270.jpg,2025,2,B,6,270,Conforme,Conforme,False,False,False,0,1,bottom_only,historical_namespace,unpaired
2025_Conforme_2_Cam_B_6_271.jpg,2025,2,B,6,271,Conforme,Conforme,False,True,False,0,1,bottom_only,historical_namespace,unpaired
2025_Conforme_2_Cam_B_6_272.jpg,2025,2,B,6,272,Conforme,Conforme,False,False,False,0,1,bottom_only,historical_namespace,unpaired
2025_Conforme_2_Cam_B_6_273.jpg,2025,2,B,6,273,Conforme,Vide,False,False,False,0,1,bottom_only,historical_namespace,unpaired
2025_Conforme_2_Cam_B_6_274.jpg,2025,2,B,6,274,Conforme,Conforme,False,False,False,0,1,bottom_only,historical_namespace,unpaired
2025_Conforme_2_Cam_B_6_275.jpg,2025,2,B,6,275,Conforme,Conforme,False,False,False,0,1,bottom_only,historical_namespace,unpaired
2025_Conforme_2_Cam_B_6_276.jpg,2025,2,B,6,276,Conforme,Conforme,False,False,False,0,1,bottom_only,historical_namespace,unpaired
2025_Conforme_2_Cam_B_6_277.jpg,2025,2,B,6,277,Conforme,Conforme,False,False,False,0,1,bottom_only,historical_namespace,unpaired
2025_Conforme_2_Cam_B_6_278.jpg,2025,2,B,6,278,Conforme,Conforme,False,False,False,0,1,bottom_only,historical_namespace,unpaired
2025_Conforme_2_Cam_B_6_279.jpg,2025,2,B,6,279,Conforme,Conforme,False,False,False,0,1,bottom_only,historical_namespace,unpaired
2025_Conforme_2_Cam_B_6_280.jpg,2025,2,B,6,280,Conforme,Conforme,False,True,False,0,1,bottom_only,historical_namespace,unpaired
2025_Conforme_2_Cam_B_6_281.jpg,2025,2,B,6,281,Conforme,Conforme,False,False,False,0,1,bottom_only,historical_namespace,unpaired
2025_Conforme_2_Cam_B_6_282.jpg,2025,2,B,6,282,Conforme,Vide,False,False,False,0,1,bottom_only,historical_namespace,unpaired
2025_Conforme_2_Cam_B_6_283.jpg,2025,2,B,6,283,Conforme,Conforme,False,True,False,0,1,bottom_only,historical_namespace,unpaired
2025_Conforme_2_Cam_B_6_284.jpg,2025,2,B,6,284,Conforme,Conforme,False,False,False,0,1,bottom_only,historical_namespace,unpaired
2025_Conforme_2_Cam_B_6_285.jpg,2025,2,B,6,285,Conforme,Conforme,False,False,False,0,1,bottom_only,historical_namespace,unpaired
2025_Conforme_2_Cam_B_6_287.jpg,2025,2,B,6,287,Conforme,Conforme,False,False,False,0,1,bottom_only,historical_namespace,unpaired
2025_Conforme_2_Cam_B_6_288.jpg,2025,2,B,6,288,Conforme,Vide,False,False,False,0,1,bottom_only,historical_namespace,unpaired
2025_Conforme_2_Cam_B_6_289.jpg,2025,2,B,6,289,Conforme,Conforme,False,False,False,0,1,bottom_only,historical_namespace,unpaired
2025_Conforme_2_Cam_B_6_290.jpg,2025,2,B,6,290,Conforme,Vide,False,False,False,0,1,bottom_only,historical_namespace,unpaired
2025_Conforme_2_Cam_B_6_291.jpg,2025,2,B,6,291,Conforme,Vide,False,False,False,0,1,bottom_only,historical_namespace,unpaired
2025_Conforme_2_Cam_B_6_292.jpg,2025,2,B,6,292,Conforme,Conforme,False,False,False,0,1,bottom_only,historical_namespace,unpaired
2025_Conforme_2_Cam_B_6_296.jpg,2025,2,B,6,296,Conforme,Conforme,False,False,False,0,1,bottom_only,historical_namespace,unpaired
2025_Conforme_2_Cam_B_6_297.jpg,2025,2,B,6,297,Conforme,Conforme,True,False,False,0,1,bottom_only,historical_namespace,unpaired
2025_Conforme_2_Cam_B_6_298.jpg,2025,2,B,6,298,Conforme,Conforme,False,False,False,0,1,bottom_only,historical_namespace,unpaired
2025_Conforme_2_Cam_B_6_299.jpg,2025,2,B,6,299,Conforme,Vide,False,False,False,0,1,bottom_only,historical_namespace,unpaired
2025_Conforme_2_Cam_B_6_300.jpg,2025,2,B,6,300,Conforme,Conforme,False,True,False,0,1,bottom_only,historical_namespace,unpaired
2025_Conforme_2_Cam_B_6_301.jpg,2025,2,B,6,301,Conforme,Conforme,False,False,False,0,1,bottom_only,historical_namespace,unpaired
2025_Conforme_2_Cam_B_6_304.jpg,2025,2,B,6,304,Conforme,Vide,False,False,False,0,1,bottom_only,historical_namespace,unpaired
2025_Conforme_2_Cam_B_6_306.jpg,2025,2,B,6,306,Conforme,Conforme,False,False,False,0,1,bottom_only,historical_namespace,unpaired
2025_Conforme_2_Cam_B_6_307.jpg,2025,2,B,6,307,Conforme,Conforme,False,True,False,0,1,bottom_only,historical_namespace,unpaired
2025_Conforme_2_Cam_B_6_309.jpg,2025,2,B,6,309,Conforme,Conforme,False,False,False,0,1,bottom_only,historical_namespace,unpaired
2025_Conforme_2_Cam_B_6_310.jpg,2025,2,B,6,310,Conforme,Conforme,False,True,False,0,1,bottom_only,historical_namespace,unpaired
2025_Conforme_2_Cam_B_6_311.jpg,2025,2,B,6,311,Conforme,Conforme,False,False,False,0,1,bottom_only,historical_namespace,unpaired
2025_Conforme_2_Cam_B_6_312.jpg,2025,2,B,6,312,Conforme,Conforme,False,False,False,0,1,bottom_only,historical_namespace,unpaired
2025_Conforme_2_Cam_B_6_313.jpg,2025,2,B,6,313,Conforme,Conforme,False,False,False,0,1,bottom_only,historical_namespace,unpaired
2025_Conforme_2_Cam_B_6_314.jpg,2025,2,B,6,314,Conforme,Conforme,False,False,False,0,1,bottom_only,historical_namespace,unpaired
2025_Conforme_2_Cam_B_6_315.jpg,2025,2,B,6,315,Conforme,Conforme,False,False,False,0,1,bottom_only,historical_namespace,unpaired
2025_Conforme_2_Cam_B_6_316.jpg,2025,2,B,6,316,Conforme,Conforme,False,False,False,0,1,bottom_only,historical_namespace,unpaired
2025_Conforme_2_Cam_B_6_317.jpg,2025,2,B,6,317,Conforme,Conforme,False,False,False,0,1,bottom_only,historical_namespace,unpaired
2025_Conforme_2_Cam_B_6_318.jpg,2025,2,B,6,318,Conforme,Conforme,False,False,False,0,1,bottom_only,historical_namespace,unpaired
2025_Conforme_2_Cam_B_6_319.jpg,2025,2,B,6,319,Conforme,Vide,False,False,False,0,1,bottom_only,historical_namespace,unpaired
2025_Conforme_2_Cam_B_6_320.jpg,2025,2,B,6,320,Conforme,Conforme,False,True,False,0,1,bottom_only,historical_namespace,unpaired
2025_Conforme_2_Cam_B_6_321.jpg,2025,2,B,6,321,Conforme,Conforme,False,False,False,0,1,bottom_only,historical_namespace,unpaired
2025_Conforme_2_Cam_B_6_322.jpg,2025,2,B,6,322,Conforme,Conforme,False,True,False,0,1,bottom_only,historical_namespace,unpaired
2025_Conforme_2_Cam_B_6_323.jpg,2025,2,B,6,323,Conforme,Conforme,False,False,False,0,1,bottom_only,historical_namespace,unpaired
2025_Conforme_2_Cam_B_6_324.jpg,2025,2,B,6,324,Conforme,Conforme,False,False,False,0,1,bottom_only,historical_namespace,unpaired
2025_Conforme_2_Cam_B_6_325.jpg,2025,2,B,6,325,Conforme,Conforme,False,True,False,0,1,bottom_only,historical_namespace,unpaired
2025_Conforme_2_Cam_B_6_326.jpg,2025,2,B,6,326,Conforme,Conforme,False,False,False,0,1,bottom_only,historical_namespace,unpaired
2025_Conforme_2_Cam_B_6_327.jpg,2025,2,B,6,327,Conforme,Vide,False,False,False,0,1,bottom_only,historical_namespace,unpaired
2025_Conforme_2_Cam_B_6_328.jpg,2025,2,B,6,328,Conforme,Conforme,False,False,False,0,1,bottom_only,historical_namespace,unpaired
2025_Conforme_2_Cam_B_6_329.jpg,2025,2,B,6,329,Conforme,Conforme,False,True,False,0,1,bottom_only,historical_namespace,unpaired
2025_Conforme_2_Cam_B_6_330.jpg,2025,2,B,6,330,Conforme,Conforme,False,False,False,0,1,bottom_only,historical_namespace,unpaired
2025_Conforme_2_Cam_B_6_331.jpg,2025,2,B,6,331,Conforme,Conforme,False,False,False,0,1,bottom_only,historical_namespace,unpaired
2025_Conforme_2_Cam_B_6_332.jpg,2025,2,B,6,332,Conforme,Vide,False,False,False,0,1,bottom_only,historical_namespace,unpaired
2025_Conforme_2_Cam_B_6_333.jpg,2025,2,B,6,333,Conforme,Vide,False,False,False,0,1,bottom_only,historical_namespace,unpaired
2025_Conforme_2_Cam_B_6_334.jpg,2025,2,B,6,334,Conforme,Vide,False,False,False,0,1,bottom_only,historical_namespace,unpaired
2025_Conforme_2_Cam_B_6_335.jpg,2025,2,B,6,335,Conforme,Conforme,False,False,False,0,1,bottom_only,historical_namespace,unpaired
2025_Conforme_2_Cam_B_6_336.jpg,2025,2,B,6,336,Conforme,Vide,False,False,False,0,1,bottom_only,historical_namespace,unpaired
2025_Conforme_2_Cam_B_6_337.jpg,2025,2,B,6,337,Conforme,Conforme,False,True,False,0,1,bottom_only,historical_namespace,unpaired
2025_Conforme_2_Cam_B_6_338.jpg,2025,2,B,6,338,Conforme,Conforme,False,True,False,0,1,bottom_only,historical_namespace,unpaired
2025_Conforme_2_Cam_B_6_339.jpg,2025,2,B,6,339,Conforme,Conforme,False,True,False,0,1,bottom_only,historical_namespace,unpaired
2025_Conforme_2_Cam_B_6_340.jpg,2025,2,B,6,340,Conforme,Vide,False,False,False,0,1,bottom_only,historical_namespace,unpaired
2025_Conforme_2_Cam_B_6_341.jpg,2025,2,B,6,341,Conforme,Conforme,False,False,False,0,1,bottom_only,historical_namespace,unpaired
2025_Conforme_2_Cam_B_6_342.jpg,2025,2,B,6,342,Conforme,Conforme,False,False,False,0,1,bottom_only,historical_namespace,unpaired
2025_Conforme_2_Cam_B_6_343.jpg,2025,2,B,6,343,Conforme,Vide,False,False,False,0,1,bottom_only,historical_namespace,unpaired
2025_Conforme_2_Cam_B_6_344.jpg,2025,2,B,6,344,Conforme,Conforme,False,False,False,0,1,bottom_only,historical_namespace,unpaired
2025_Conforme_2_Cam_B_6_345.jpg,2025,2,B,6,345,Conforme,Conforme,False,False,False,0,1,bottom_only,historical_namespace,unpaired
2025_Conforme_2_Cam_B_6_348.jpg,2025,2,B,6,348,Conforme,Vide,False,False,False,0,1,bottom_only,historical_namespace,unpaired
2025_Conforme_2_Cam_B_6_349.jpg,2025,2,B,6,349,Conforme,Conforme,False,True,False,0,1,bottom_only,historical_namespace,unpaired
2025_Conforme_2_Cam_B_6_351.jpg,2025,2,B,6,351,Conforme,Conforme,False,False,False,0,1,bottom_only,historical_namespace,unpaired
2025_Conforme_2_Cam_B_6_352.jpg,2025,2,B,6,352,Conforme,Vide,False,False,False,0,1,bottom_only,historical_namespace,unpaired
2025_Conforme_2_Cam_B_6_353.jpg,2025,2,B,6,353,Conforme,Conforme,False,True,False,0,1,bottom_only,historical_namespace,unpaired
2025_Conforme_2_Cam_B_6_354.jpg,2025,2,B,6,354,Conforme,Conforme,False,False,False,0,1,bottom_only,historical_namespace,unpaired
2025_Conforme_2_Cam_B_6_355.jpg,2025,2,B,6,355,Conforme,Conforme,False,False,False,0,1,bottom_only,historical_namespace,unpaired
2025_Conforme_2_Cam_B_6_356.jpg,2025,2,B,6,356,Conforme,Conforme,False,False,False,0,1,bottom_only,historical_namespace,unpaired
2025_Conforme_2_Cam_B_6_357.jpg,2025,2,B,6,357,Conforme,Conforme,False,False,False,0,1,bottom_only,historical_namespace,unpaired
2025_Conforme_2_Cam_B_6_358.jpg,2025,2,B,6,358,Conforme,Vide,False,False,False,0,1,bottom_only,historical_namespace,unpaired
2025_Conforme_2_Cam_B_6_359.jpg,2025,2,B,6,359,Conforme,Conforme,False,True,False,0,1,bottom_only,historical_namespace,unpaired
2025_Conforme_2_Cam_B_6_360.jpg,2025,2,B,6,360,Conforme,Conforme,False,True,False,0,1,bottom_only,historical_namespace,unpaired
2025_Conforme_2_Cam_B_6_361.jpg,2025,2,B,6,361,Conforme,Conforme,False,False,False,0,1,bottom_only,historical_namespace,unpaired
2025_Conforme_2_Cam_B_6_362.jpg,2025,2,B,6,362,Conforme,Conforme,False,False,False,0,1,bottom_only,historical_namespace,unpaired
2025_Conforme_2_Cam_B_6_363.jpg,2025,2,B,6,363,Conforme,Conforme,False,False,False,0,1,bottom_only,historical_namespace,unpaired
2025_Conforme_2_Cam_B_6_365.jpg,2025,2,B,6,365,Conforme,Conforme,False,False,False,0,1,bottom_only,historical_namespace,unpaired
2025_Conforme_2_Cam_B_6_366.jpg,2025,2,B,6,366,Conforme,Conforme,False,False,False,0,1,bottom_only,historical_namespace,unpaired
2025_Conforme_2_Cam_B_6_367.jpg,2025,2,B,6,367,Conforme,Conforme,False,False,False,0,1,bottom_only,historical_namespace,unpaired
2025_Conforme_2_Cam_B_6_368.jpg,2025,2,B,6,368,Conforme,Conforme,False,False,False,0,1,bottom_only,historical_namespace,unpaired
2025_Conforme_2_Cam_B_6_369.jpg,2025,2,B,6,369,Conforme,Conforme,False,False,False,0,1,bottom_only,historical_namespace,unpaired
2025_Conforme_2_Cam_B_6_370.jpg,2025,2,B,6,370,Conforme,Conforme,False,True,False,0,1,bottom_only,historical_namespace,unpaired
2025_Conforme_2_Cam_B_6_371.jpg,2025,2,B,6,371,Conforme,Conforme,False,False,False,0,1,bottom_only,historical_namespace,unpaired
2025_Conforme_2_Cam_B_6_372.jpg,2025,2,B,6,372,Conforme,Conforme,False,False,False,0,1,bottom_only,historical_namespace,unpaired
2025_Conforme_2_Cam_B_6_373.jpg,2025,2,B,6,373,Conforme,Vide,False,False,False,0,1,bottom_only,historical_namespace,unpaired
2025_Conforme_2_Cam_B_6_374.jpg,2025,2,B,6,374,Conforme,Conforme,False,False,False,0,1,bottom_only,historical_namespace,unpaired
2025_Conforme_2_Cam_B_6_375.jpg,2025,2,B,6,375,Conforme,Conforme,False,True,False,0,1,bottom_only,historical_namespace,unpaired
2025_Conforme_2_Cam_B_6_376.jpg,2025,2,B,6,376,Conforme,Vide,False,False,False,0,1,bottom_only,historical_namespace,unpaired
2025_Conforme_2_Cam_B_6_377.jpg,2025,2,B,6,377,Conforme,Conforme,False,False,False,0,1,bottom_only,historical_namespace,unpaired
2025_Conforme_2_Cam_B_6_378.jpg,2025,2,B,6,378,Conforme,Conforme,False,False,False,0,1,bottom_only,historical_namespace,unpaired
2025_Conforme_2_Cam_B_6_379.jpg,2025,2,B,6,379,Conforme,Conforme,False,False,False,0,1,bottom_only,historical_namespace,unpaired
2025_Conforme_2_Cam_B_6_380.jpg,2025,2,B,6,380,Conforme,Conforme,False,False,False,0,1,bottom_only,historical_namespace,unpaired
2025_Conforme_2_Cam_B_6_381.jpg,2025,2,B,6,381,Conforme,Conforme,False,True,False,0,1,bottom_only,historical_namespace,unpaired
2025_Conforme_2_Cam_B_6_382.jpg,2025,2,B,6,382,Conforme,Conforme,False,True,False,0,1,bottom_only,historical_namespace,unpaired
2025_Conforme_2_Cam_B_6_383.jpg,2025,2,B,6,383,Conforme,Conforme,False,False,False,0,1,bottom_only,historical_namespace,unpaired
2025_Conforme_2_Cam_B_6_385.jpg,2025,2,B,6,385,Conforme,Conforme,False,False,False,0,1,bottom_only,historical_namespace,unpaired
2025_Conforme_2_Cam_B_6_386.jpg,2025,2,B,6,386,Conforme,Conforme,False,True,False,0,1,bottom_only,historical_namespace,unpaired
2025_Conforme_2_Cam_B_6_387.jpg,2025,2,B,6,387,Conforme,Conforme,False,False,False,0,1,bottom_only,historical_namespace,unpaired
2025_Conforme_2_Cam_B_6_388.jpg,2025,2,B,6,388,Conforme,Conforme,False,False,False,0,1,bottom_only,historical_namespace,unpaired
2025_Conforme_2_Cam_B_6_389.jpg,2025,2,B,6,389,Conforme,Conforme,False,False,False,0,1,bottom_only,historical_namespace,unpaired
2025_Conforme_2_Cam_B_6_390.jpg,2025,2,B,6,390,Conforme,Conforme,False,False,False,0,1,bottom_only,historical_namespace,unpaired
2025_Conforme_2_Cam_B_6_391.jpg,2025,2,B,6,391,Conforme,Vide,False,False,False,0,1,bottom_only,historical_namespace,unpaired
2025_Conforme_2_Cam_B_6_392.jpg,2025,2,B,6,392,Conforme,Conforme,False,True,False,0,1,bottom_only,historical_namespace,unpaired
2025_Conforme_2_Cam_B_6_393.jpg,2025,2,B,6,393,Conforme,Conforme,False,False,False,0,1,bottom_only,historical_namespace,unpaired
2025_Conforme_2_Cam_B_6_394.jpg,2025,2,B,6,394,Conforme,Conforme,False,False,False,0,1,bottom_only,historical_namespace,unpaired
2025_Conforme_2_Cam_B_6_395.jpg,2025,2,B,6,395,Conforme,Conforme,False,True,False,0,1,bottom_only,historical_namespace,unpaired
2025_Conforme_2_Cam_B_6_396.jpg,2025,2,B,6,396,Conforme,Conforme,False,False,False,0,1,bottom_only,historical_namespace,unpaired
2025_Conforme_2_Cam_B_6_397.jpg,2025,2,B,6,397,Conforme,Vide,False,False,False,0,1,bottom_only,historical_namespace,unpaired
2025_Conforme_2_Cam_B_6_400.jpg,2025,2,B,6,400,Conforme,Vide,False,False,False,0,1,bottom_only,historical_namespace,unpaired
2025_Conforme_2_Cam_B_6_401.jpg,2025,2,B,6,401,Conforme,Conforme,False,False,False,0,1,bottom_only,historical_namespace,unpaired
2025_Conforme_2_Cam_B_6_402.jpg,2025,2,B,6,402,Conforme,Conforme,False,False,False,0,1,bottom_only,historical_namespace,unpaired
2025_Conforme_2_Cam_B_6_403.jpg,2025,2,B,6,403,Conforme,Conforme,False,False,False,0,1,bottom_only,historical_namespace,unpaired
2025_Conforme_2_Cam_B_6_404.jpg,2025,2,B,6,404,Conforme,Conforme,False,True,False,0,1,bottom_only,historical_namespace,unpaired
2025_Conforme_2_Cam_B_6_405.jpg,2025,2,B,6,405,Conforme,Conforme,False,False,False,0,1,bottom_only,historical_namespace,unpaired
2025_Conforme_2_Cam_B_6_406.jpg,2025,2,B,6,406,Conforme,Conforme,False,False,False,0,1,bottom_only,historical_namespace,unpaired
2025_Conforme_2_Cam_B_6_407.jpg,2025,2,B,6,407,Conforme,Conforme,False,False,False,0,1,bottom_only,historical_namespace,unpaired
2025_Conforme_2_Cam_B_6_408.jpg,2025,2,B,6,408,Conforme,Conforme,False,True,False,0,1,bottom_only,historical_namespace,unpaired
2025_Conforme_2_Cam_B_6_409.jpg,2025,2,B,6,409,Conforme,Vide,False,False,False,0,1,bottom_only,historical_namespace,unpaired
2025_Conforme_2_Cam_B_6_410.jpg,2025,2,B,6,410,Conforme,Conforme,False,False,False,0,1,bottom_only,historical_namespace,unpaired
2025_Conforme_2_Cam_B_6_411.jpg,2025,2,B,6,411,Conforme,Conforme,False,False,False,0,1,bottom_only,historical_namespace,unpaired
2025_Conforme_2_Cam_B_6_412.jpg,2025,2,B,6,412,Conforme,Conforme,False,False,False,0,1,bottom_only,historical_namespace,unpaired
2025_Conforme_2_Cam_B_6_413.jpg,2025,2,B,6,413,Conforme,Vide,False,False,False,0,1,bottom_only,historical_namespace,unpaired
2025_Conforme_2_Cam_B_6_414.jpg,2025,2,B,6,414,Conforme,Conforme,False,True,False,0,1,bottom_only,historical_namespace,unpaired
2025_Conforme_2_Cam_B_6_415.jpg,2025,2,B,6,415,Conforme,Conforme,False,False,False,0,1,bottom_only,historical_namespace,unpaired
2025_Conforme_2_Cam_B_6_416.jpg,2025,2,B,6,416,Conforme,Conforme,False,True,False,0,1,bottom_only,historical_namespace,unpaired
2025_Conforme_2_Cam_B_6_417.jpg,2025,2,B,6,417,Conforme,Conforme,False,True,False,0,1,bottom_only,historical_namespace,unpaired
2025_Conforme_2_Cam_B_6_418.jpg,2025,2,B,6,418,Conforme,Vide,False,False,False,0,1,bottom_only,historical_namespace,unpaired
2025_Conforme_2_Cam_B_6_419.jpg,2025,2,B,6,419,Conforme,Conforme,False,False,False,0,1,bottom_only,historical_namespace,unpaired
2025_Conforme_2_Cam_B_6_420.jpg,2025,2,B,6,420,Conforme,Conforme,False,False,False,0,1,bottom_only,historical_namespace,unpaired
2025_Conforme_2_Cam_B_6_421.jpg,2025,2,B,6,421,Conforme,Conforme,False,False,False,0,1,bottom_only,historical_namespace,unpaired
2025_Conforme_2_Cam_B_6_422.jpg,2025,2,B,6,422,Conforme,Conforme,False,False,False,0,1,bottom_only,historical_namespace,unpaired
2025_Conforme_2_Cam_B_6_423.jpg,2025,2,B,6,423,Conforme,Conforme,False,False,False,0,1,bottom_only,historical_namespace,unpaired
2025_Conforme_2_Cam_B_6_424.jpg,2025,2,B,6,424,Conforme,Conforme,False,False,False,0,1,bottom_only,historical_namespace,unpaired
2025_Conforme_2_Cam_B_6_425.jpg,2025,2,B,6,425,Conforme,Conforme,False,True,False,0,1,bottom_only,historical_namespace,unpaired
2025_Conforme_2_Cam_B_6_426.jpg,2025,2,B,6,426,Conforme,Conforme,False,False,False,0,1,bottom_only,historical_namespace,unpaired
2025_Conforme_2_Cam_B_6_427.jpg,2025,2,B,6,427,Conforme,Conforme,False,False,False,0,1,bottom_only,historical_namespace,unpaired
2025_Conforme_2_Cam_B_6_428.jpg,2025,2,B,6,428,Conforme,Conforme,False,True,False,0,1,bottom_only,historical_namespace,unpaired
2025_Conforme_2_Cam_B_6_429.jpg,2025,2,B,6,429,Conforme,Vide,False,False,False,0,1,bottom_only,historical_namespace,unpaired
2025_Conforme_2_Cam_B_6_430.jpg,2025,2,B,6,430,Conforme,Conforme,False,False,False,0,1,bottom_only,historical_namespace,unpaired
2025_Conforme_2_Cam_B_6_431.jpg,2025,2,B,6,431,Conforme,Conforme,False,False,False,0,1,bottom_only,historical_namespace,unpaired
2025_Conforme_2_Cam_B_6_433.jpg,2025,2,B,6,433,Conforme,Conforme,False,False,False,0,1,bottom_only,historical_namespace,unpaired
2025_Conforme_2_Cam_B_6_434.jpg,2025,2,B,6,434,Conforme,Conforme,False,True,False,0,1,bottom_only,historical_namespace,unpaired
2025_Conforme_2_Cam_B_6_436.jpg,2025,2,B,6,436,Conforme,Conforme,False,False,False,0,1,bottom_only,historical_namespace,unpaired
2025_Conforme_2_Cam_B_6_437.jpg,2025,2,B,6,437,Conforme,Conforme,False,False,False,0,1,bottom_only,historical_namespace,unpaired
2025_Conforme_2_Cam_B_6_438.jpg,2025,2,B,6,438,Conforme,Conforme,False,True,False,0,1,bottom_only,historical_namespace,unpaired
2025_Conforme_2_Cam_B_6_439.jpg,2025,2,B,6,439,Conforme,Conforme,False,False,False,0,1,bottom_only,historical_namespace,unpaired
2025_Conforme_2_Cam_B_6_440.jpg,2025,2,B,6,440,Conforme,Conforme,False,False,False,0,1,bottom_only,historical_namespace,unpaired
2025_Conforme_2_Cam_B_6_441.jpg,2025,2,B,6,441,Conforme,Vide,False,False,False,0,1,bottom_only,historical_namespace,unpaired
2025_Conforme_2_Cam_B_6_442.jpg,2025,2,B,6,442,Conforme,Conforme,False,False,False,0,1,bottom_only,historical_namespace,unpaired
2025_Conforme_2_Cam_B_6_443.jpg,2025,2,B,6,443,Conforme,Conforme,False,False,False,0,1,bottom_only,historical_namespace,unpaired
2025_Conforme_2_Cam_B_6_444.jpg,2025,2,B,6,444,Conforme,Conforme,False,True,False,0,1,bottom_only,historical_namespace,unpaired
2025_Conforme_2_Cam_B_6_445.jpg,2025,2,B,6,445,Conforme,Vide,False,False,False,0,1,bottom_only,historical_namespace,unpaired
2025_Conforme_2_Cam_B_6_446.jpg,2025,2,B,6,446,Conforme,Conforme,False,True,False,0,1,bottom_only,historical_namespace,unpaired
2025_Conforme_2_Cam_B_6_447.jpg,2025,2,B,6,447,Conforme,Conforme,False,False,False,0,1,bottom_only,historical_namespace,unpaired
2025_Conforme_2_Cam_B_6_448.jpg,2025,2,B,6,448,Conforme,Vide,False,False,False,0,1,bottom_only,historical_namespace,unpaired
2025_Conforme_2_Cam_B_6_449.jpg,2025,2,B,6,449,Conforme,Conforme,False,False,False,0,1,bottom_only,historical_namespace,unpaired
2025_Conforme_2_Cam_B_6_450.jpg,2025,2,B,6,450,Conforme,Conforme,False,True,False,0,1,bottom_only,historical_namespace,unpaired
2025_Conforme_2_Cam_B_6_451.jpg,2025,2,B,6,451,Conforme,Conforme,False,False,False,0,1,bottom_only,historical_namespace,unpaired
2025_Conforme_2_Cam_B_6_452.jpg,2025,2,B,6,452,Conforme,Vide,False,False,False,0,1,bottom_only,historical_namespace,unpaired
2025_Conforme_2_Cam_B_6_453.jpg,2025,2,B,6,453,Conforme,Conforme,False,False,False,0,1,bottom_only,historical_namespace,unpaired
2025_Conforme_2_Cam_B_6_454.jpg,2025,2,B,6,454,Conforme,Conforme,False,True,False,0,1,bottom_only,historical_namespace,unpaired
2025_Conforme_2_Cam_B_6_455.jpg,2025,2,B,6,455,Conforme,Conforme,False,True,False,0,1,bottom_only,historical_namespace,unpaired
2025_Conforme_2_Cam_B_6_456.jpg,2025,2,B,6,456,Conforme,Conforme,False,False,False,0,1,bottom_only,historical_namespace,unpaired
2025_Conforme_2_Cam_B_6_457.jpg,2025,2,B,6,457,Conforme,Conforme,False,True,False,0,1,bottom_only,historical_namespace,unpaired
2025_Conforme_2_Cam_B_6_458.jpg,2025,2,B,6,458,Conforme,Conforme,False,True,False,0,1,bottom_only,historical_namespace,unpaired
2025_Conforme_2_Cam_B_6_459.jpg,2025,2,B,6,459,Conforme,Conforme,False,True,False,0,1,bottom_only,historical_namespace,unpaired
2025_Conforme_2_Cam_B_6_460.jpg,2025,2,B,6,460,Conforme,Conforme,False,False,False,0,1,bottom_only,historical_namespace,unpaired
2025_Conforme_2_Cam_B_6_461.jpg,2025,2,B,6,461,Conforme,Conforme,False,True,False,0,1,bottom_only,historical_namespace,unpaired
2025_Conforme_2_Cam_B_6_464.jpg,2025,2,B,6,464,Conforme,Conforme,False,True,False,0,1,bottom_only,historical_namespace,unpaired
2025_Conforme_2_Cam_B_6_465.jpg,2025,2,B,6,465,Conforme,Conforme,False,False,False,0,1,bottom_only,historical_namespace,unpaired
2025_Conforme_2_Cam_B_6_466.jpg,2025,2,B,6,466,Conforme,Conforme,False,True,False,0,1,bottom_only,historical_namespace,unpaired
2025_Conforme_2_Cam_B_6_467.jpg,2025,2,B,6,467,Conforme,Conforme,False,False,False,0,1,bottom_only,historical_namespace,unpaired
2025_Conforme_2_Cam_B_6_468.jpg,2025,2,B,6,468,Conforme,Conforme,False,False,False,0,1,bottom_only,historical_namespace,unpaired
2025_Conforme_2_Cam_B_6_469.jpg,2025,2,B,6,469,Conforme,Conforme,False,True,False,0,1,bottom_only,historical_namespace,unpaired
2025_Conforme_2_Cam_B_6_470.jpg,2025,2,B,6,470,Conforme,Vide,False,False,False,0,1,bottom_only,historical_namespace,unpaired
2025_Conforme_2_Cam_B_6_471.jpg,2025,2,B,6,471,Conforme,Conforme,False,True,False,0,1,bottom_only,historical_namespace,unpaired
2025_Conforme_2_Cam_B_6_472.jpg,2025,2,B,6,472,Conforme,Conforme,False,False,False,0,1,bottom_only,historical_namespace,unpaired
2025_Conforme_2_Cam_B_6_473.jpg,2025,2,B,6,473,Conforme,Conforme,False,False,False,0,1,bottom_only,historical_namespace,unpaired
2025_Conforme_2_Cam_B_6_474.jpg,2025,2,B,6,474,Conforme,Vide,False,False,False,0,1,bottom_only,historical_namespace,unpaired
2025_Conforme_2_Cam_B_6_475.jpg,2025,2,B,6,475,Conforme,Vide,False,False,False,0,1,bottom_only,historical_namespace,unpaired
2025_Conforme_2_Cam_B_6_476.jpg,2025,2,B,6,476,Conforme,Vide,False,False,False,0,1,bottom_only,historical_namespace,unpaired
2025_Conforme_2_Cam_B_6_477.jpg,2025,2,B,6,477,Conforme,Conforme,False,True,False,0,1,bottom_only,historical_namespace,unpaired
2025_Conforme_2_Cam_B_6_478.jpg,2025,2,B,6,478,Conforme,Conforme,False,True,False,0,1,bottom_only,historical_namespace,unpaired
2025_Conforme_2_Cam_B_6_479.jpg,2025,2,B,6,479,Conforme,Vide,False,False,False,0,1,bottom_only,historical_namespace,unpaired
2025_Conforme_2_Cam_B_6_480.jpg,2025,2,B,6,480,Conforme,Conforme,False,True,False,0,1,bottom_only,historical_namespace,unpaired
2025_Conforme_2_Cam_B_6_481.jpg,2025,2,B,6,481,Conforme,Conforme,False,False,False,0,1,bottom_only,historical_namespace,unpaired
2025_Conforme_2_Cam_B_6_482.jpg,2025,2,B,6,482,Conforme,Conforme,False,False,False,0,1,bottom_only,historical_namespace,unpaired
2025_Conforme_2_Cam_B_6_484.jpg,2025,2,B,6,484,Conforme,Conforme,False,False,False,0,1,bottom_only,historical_namespace,unpaired
2025_Conforme_2_Cam_B_6_485.jpg,2025,2,B,6,485,Conforme,Vide,False,False,False,0,1,bottom_only,historical_namespace,unpaired
2025_Conforme_2_Cam_B_6_486.jpg,2025,2,B,6,486,Conforme,Vide,False,False,False,0,1,bottom_only,historical_namespace,unpaired
2025_Conforme_2_Cam_B_6_487.jpg,2025,2,B,6,487,Conforme,Conforme,False,True,False,0,1,bottom_only,historical_namespace,unpaired
2025_Conforme_2_Cam_B_6_489.jpg,2025,2,B,6,489,Conforme,Conforme,False,True,False,0,1,bottom_only,historical_namespace,unpaired
2025_Conforme_2_Cam_B_6_490.jpg,2025,2,B,6,490,Conforme,Conforme,False,False,False,0,1,bottom_only,historical_namespace,unpaired
2025_Conforme_2_Cam_B_6_491.jpg,2025,2,B,6,491,Conforme,Conforme,False,False,False,0,1,bottom_only,historical_namespace,unpaired
2025_Conforme_2_Cam_B_6_492.jpg,2025,2,B,6,492,Conforme,Conforme,False,False,False,0,1,bottom_only,historical_namespace,unpaired
2025_Conforme_2_Cam_B_6_493.jpg,2025,2,B,6,493,Conforme,Conforme,False,True,False,0,1,bottom_only,historical_namespace,unpaired
2025_Conforme_2_Cam_B_6_494.jpg,2025,2,B,6,494,Conforme,Conforme,False,True,False,0,1,bottom_only,historical_namespace,unpaired
2025_Conforme_2_Cam_B_6_495.jpg,2025,2,B,6,495,Conforme,Conforme,False,False,False,0,1,bottom_only,historical_namespace,unpaired
2025_Conforme_2_Cam_B_6_496.jpg,2025,2,B,6,496,Conforme,Conforme,False,True,False,0,1,bottom_only,historical_namespace,unpaired
2025_Conforme_2_Cam_B_6_497.jpg,2025,2,B,6,497,Conforme,Conforme,False,False,False,0,1,bottom_only,historical_namespace,unpaired
2025_Conforme_2_Cam_B_6_498.jpg,2025,2,B,6,498,Conforme,Vide,False,False,False,0,1,bottom_only,historical_namespace,unpaired
2025_Conforme_2_Cam_B_6_499.jpg,2025,2,B,6,499,Conforme,Conforme,False,True,False,0,1,bottom_only,historical_namespace,unpaired
2025_Conforme_2_Cam_B_6_500.jpg,2025,2,B,6,500,Conforme,Conforme,False,False,False,0,1,bottom_only,historical_namespace,unpaired
2025_Conforme_2_Cam_B_6_501.jpg,2025,2,B,6,501,Conforme,Vide,False,False,False,0,1,bottom_only,historical_namespace,unpaired
2025_Conforme_2_Cam_B_6_502.jpg,2025,2,B,6,502,Conforme,Conforme,False,False,False,0,1,bottom_only,historical_namespace,unpaired
2025_Conforme_2_Cam_B_6_503.jpg,2025,2,B,6,503,Conforme,Conforme,False,False,False,0,1,bottom_only,historical_namespace,unpaired
2025_Conforme_2_Cam_B_6_505.jpg,2025,2,B,6,505,Conforme,Conforme,False,False,False,0,1,bottom_only,historical_namespace,unpaired
2025_Conforme_2_Cam_B_6_506.jpg,2025,2,B,6,506,Conforme,Vide,False,False,False,0,1,bottom_only,historical_namespace,unpaired
2025_Conforme_2_Cam_B_6_507.jpg,2025,2,B,6,507,Conforme,Conforme,False,False,False,0,1,bottom_only,historical_namespace,unpaired
2025_Conforme_2_Cam_B_6_508.jpg,2025,2,B,6,508,Conforme,Conforme,False,True,False,0,1,bottom_only,historical_namespace,unpaired
2025_Conforme_2_Cam_B_6_509.jpg,2025,2,B,6,509,Conforme,Conforme,False,True,False,0,1,bottom_only,historical_namespace,unpaired
2025_Conforme_2_Cam_B_6_510.jpg,2025,2,B,6,510,Conforme,Conforme,False,False,False,0,1,bottom_only,historical_namespace,unpaired
2025_Conforme_2_Cam_B_6_511.jpg,2025,2,B,6,511,Conforme,Conforme,False,False,False,0,1,bottom_only,historical_namespace,unpaired
2025_Conforme_2_Cam_B_6_512.jpg,2025,2,B,6,512,Conforme,Conforme,False,True,False,0,1,bottom_only,historical_namespace,unpaired
2025_Conforme_2_Cam_B_6_513.jpg,2025,2,B,6,513,Conforme,Conforme,False,False,False,0,1,bottom_only,historical_namespace,unpaired
2025_Conforme_2_Cam_B_6_514.jpg,2025,2,B,6,514,Conforme,Conforme,False,False,False,0,1,bottom_only,historical_namespace,unpaired
2025_Conforme_2_Cam_B_6_515.jpg,2025,2,B,6,515,Conforme,Conforme,False,False,False,0,1,bottom_only,historical_namespace,unpaired
2025_Conforme_2_Cam_T_1_129.jpg,2025,2,T,1,129,Conforme,Conforme,False,False,False,1,0,top_only,historical_namespace,unpaired
2025_Conforme_2_Cam_T_1_143.jpg,2025,2,T,1,143,Conforme,Conforme,False,False,False,1,0,top_only,historical_namespace,unpaired
2025_Conforme_2_Cam_T_1_8.jpg,2025,2,T,1,8,Conforme,Vide,False,False,False,1,0,top_only,historical_namespace,unpaired
2025_Conforme_2_Cam_T_1_81.jpg,2025,2,T,1,81,Conforme,Conforme,False,False,False,1,0,top_only,historical_namespace,unpaired
2025_Conforme_2_Cam_T_3_105.jpg,2025,2,T,3,105,Conforme,Conforme,False,True,False,1,0,top_only,historical_namespace,unpaired
2025_Conforme_2_Cam_T_4_1.jpg,2025,2,T,4,1,Conforme,Vide,False,False,False,1,0,top_only,historical_namespace,unpaired
2025_Conforme_2_Cam_T_4_10.jpg,2025,2,T,4,10,Conforme,Vide,False,False,False,1,0,top_only,historical_namespace,unpaired
2025_Conforme_2_Cam_T_4_167.jpg,2025,2,T,4,167,Conforme,Conforme,False,False,False,1,0,top_only,historical_namespace,unpaired
2025_Conforme_2_Cam_T_4_17.jpg,2025,2,T,4,17,Conforme,Vide,False,False,False,1,0,top_only,historical_namespace,unpaired
2025_Conforme_2_Cam_T_4_23.jpg,2025,2,T,4,23,Conforme,Conforme,False,False,False,1,0,top_only,historical_namespace,unpaired
2025_Conforme_2_Cam_T_4_26.jpg,2025,2,T,4,26,Conforme,Vide,False,False,False,1,0,top_only,historical_namespace,unpaired
2025_Conforme_2_Cam_T_4_38.jpg,2025,2,T,4,38,Conforme,Vide,False,False,False,1,0,top_only,historical_namespace,unpaired
2025_Conforme_2_Cam_T_4_4.jpg,2025,2,T,4,4,Conforme,Vide,False,False,False,1,0,top_only,historical_namespace,unpaired
2025_Conforme_2_Cam_T_4_7.jpg,2025,2,T,4,7,Conforme,Vide,False,False,False,1,0,top_only,historical_namespace,unpaired
2025_Conforme_2_Cam_T_6_101.jpg,2025,2,T,6,101,Conforme,Vide,False,False,False,1,0,top_only,historical_namespace,unpaired
2025_Conforme_2_Cam_T_6_118.jpg,2025,2,T,6,118,Conforme,Conforme,False,False,False,1,0,top_only,historical_namespace,unpaired
2025_Conforme_2_Cam_T_6_128.jpg,2025,2,T,6,128,Conforme,Vide,False,False,False,1,0,top_only,historical_namespace,unpaired
2025_Conforme_2_Cam_T_6_129.jpg,2025,2,T,6,129,Conforme,Vide,False,False,False,1,0,top_only,historical_namespace,unpaired
2025_Conforme_2_Cam_T_6_13.jpg,2025,2,T,6,13,Conforme,Vide,False,False,False,1,0,top_only,historical_namespace,unpaired
2025_Conforme_2_Cam_T_6_14.jpg,2025,2,T,6,14,Conforme,Vide,False,False,False,1,0,top_only,historical_namespace,unpaired
2025_Conforme_2_Cam_T_6_145.jpg,2025,2,T,6,145,Conforme,Conforme,False,False,False,1,0,top_only,historical_namespace,unpaired
2025_Conforme_2_Cam_T_6_154.jpg,2025,2,T,6,154,Conforme,Vide,False,False,False,1,0,top_only,historical_namespace,unpaired
2025_Conforme_2_Cam_T_6_18.jpg,2025,2,T,6,18,Conforme,Vide,False,False,False,1,0,top_only,historical_namespace,unpaired
2025_Conforme_2_Cam_T_6_182.jpg,2025,2,T,6,182,Conforme,Vide,False,False,False,1,0,top_only,historical_namespace,unpaired
2025_Conforme_2_Cam_T_6_185.jpg,2025,2,T,6,185,Conforme,Conforme,False,True,False,1,0,top_only,historical_namespace,unpaired
2025_Conforme_2_Cam_T_6_186.jpg,2025,2,T,6,186,Conforme,Conforme,False,False,False,1,0,top_only,historical_namespace,unpaired
2025_Conforme_2_Cam_T_6_210.jpg,2025,2,T,6,210,Conforme,Conforme,False,False,False,1,0,top_only,historical_namespace,unpaired
2025_Conforme_2_Cam_T_6_224.jpg,2025,2,T,6,224,Conforme,Conforme,False,False,False,1,0,top_only,historical_namespace,unpaired
2025_Conforme_2_Cam_T_6_23.jpg,2025,2,T,6,23,Conforme,Vide,False,False,False,1,0,top_only,historical_namespace,unpaired
2025_Conforme_2_Cam_T_6_56.jpg,2025,2,T,6,56,Conforme,Conforme,False,False,False,1,0,top_only,historical_namespace,unpaired
2025_Conforme_2_Cam_T_6_58.jpg,2025,2,T,6,58,Conforme,Vide,False,False,False,1,0,top_only,historical_namespace,unpaired
2025_Conforme_2_Cam_T_6_63.jpg,2025,2,T,6,63,Conforme,Conforme,False,True,False,1,0,top_only,historical_namespace,unpaired
2025_Conforme_2_Cam_T_6_67.jpg,2025,2,T,6,67,Conforme,Conforme,False,False,False,1,0,top_only,historical_namespace,unpaired
2025_Conforme_2_Cam_T_6_83.jpg,2025,2,T,6,83,Conforme,Vide,False,False,False,1,0,top_only,historical_namespace,unpaired
2025_NON_Conforme_Cam_B_1_11.jpg,2025,,B,1,11,NON Conforme,Vide,False,False,False,0,1,bottom_only,historical_namespace,unpaired
2025_NON_Conforme_Cam_B_1_18.jpg,2025,,B,1,18,NON Conforme,Vide,False,False,False,0,1,bottom_only,historical_namespace,unpaired
2025_NON_Conforme_Cam_B_1_19.jpg,2025,,B,1,19,NON Conforme,Vide,False,False,False,0,1,bottom_only,historical_namespace,unpaired
2025_NON_Conforme_Cam_B_2_11.jpg,2025,,B,2,11,NON Conforme,Vide,False,False,False,0,1,bottom_only,historical_namespace,unpaired
2025_NON_Conforme_Cam_B_2_18.jpg,2025,,B,2,18,NON Conforme,Vide,False,False,False,0,1,bottom_only,historical_namespace,unpaired
2025_NON_Conforme_Cam_B_2_21.jpg,2025,,B,2,21,NON Conforme,Vide,False,False,False,0,1,bottom_only,historical_namespace,unpaired
2025_NON_Conforme_Cam_B_2_22.jpg,2025,,B,2,22,NON Conforme,Vide,False,False,False,0,1,bottom_only,historical_namespace,unpaired
2025_NON_Conforme_Cam_B_2_23.jpg,2025,,B,2,23,NON Conforme,Vide,False,False,False,0,1,bottom_only,historical_namespace,unpaired
2025_NON_Conforme_Cam_B_3_12.jpg,2025,,B,3,12,NON Conforme,Vide,False,False,False,0,1,bottom_only,historical_namespace,unpaired
2025_NON_Conforme_Cam_B_3_16.jpg,2025,,B,3,16,NON Conforme,Vide,False,False,False,0,1,bottom_only,historical_namespace,unpaired
2025_NON_Conforme_Cam_B_3_17.jpg,2025,,B,3,17,NON Conforme,Vide,False,False,False,0,1,bottom_only,historical_namespace,unpaired
2025_NON_Conforme_Cam_B_3_18.jpg,2025,,B,3,18,NON Conforme,Vide,False,False,False,0,1,bottom_only,historical_namespace,unpaired
2025_NON_Conforme_Cam_B_3_19.jpg,2025,,B,3,19,NON Conforme,Vide,False,False,False,0,1,bottom_only,historical_namespace,unpaired
2025_NON_Conforme_Cam_B_3_20.jpg,2025,,B,3,20,NON Conforme,Vide,False,False,False,0,1,bottom_only,historical_namespace,unpaired
2025_NON_Conforme_Cam_B_3_23.jpg,2025,,B,3,23,NON Conforme,Vide,False,False,False,0,1,bottom_only,historical_namespace,unpaired
2025_NON_Conforme_Cam_B_4_12.jpg,2025,,B,4,12,NON Conforme,Vide,False,False,False,0,1,bottom_only,historical_namespace,unpaired
2025_NON_Conforme_Cam_B_4_19.jpg,2025,,B,4,19,NON Conforme,Vide,False,False,False,0,1,bottom_only,historical_namespace,unpaired
2025_NON_Conforme_Cam_B_4_20.jpg,2025,,B,4,20,NON Conforme,Vide,False,False,False,0,1,bottom_only,historical_namespace,unpaired
2025_NON_Conforme_Cam_B_4_23.jpg,2025,,B,4,23,NON Conforme,Vide,False,False,False,0,1,bottom_only,historical_namespace,unpaired
2025_NON_Conforme_Cam_B_4_499.jpg,2025,,B,4,499,NON Conforme,Vide,False,False,False,0,1,bottom_only,historical_namespace,unpaired
2025_NON_Conforme_Cam_B_4_500.jpg,2025,,B,4,500,NON Conforme,Vide,False,False,False,0,1,bottom_only,historical_namespace,unpaired
2025_NON_Conforme_Cam_B_5_500.jpg,2025,,B,5,500,NON Conforme,NON Conforme,False,False,False,0,1,bottom_only,historical_namespace,unpaired
2025_NON_Conforme_Cam_B_5_501.jpg,2025,,B,5,501,NON Conforme,Vide,False,False,False,0,1,bottom_only,historical_namespace,unpaired
2025_NON_Conforme_Cam_B_5_502.jpg,2025,,B,5,502,NON Conforme,Vide,False,False,False,0,1,bottom_only,historical_namespace,unpaired
2025_NON_Conforme_Cam_B_5_503.jpg,2025,,B,5,503,NON Conforme,Vide,False,False,False,0,1,bottom_only,historical_namespace,unpaired
2025_NON_Conforme_Cam_B_5_504.jpg,2025,,B,5,504,NON Conforme,Vide,False,False,False,0,1,bottom_only,historical_namespace,unpaired
2025_NON_Conforme_Cam_B_5_505.jpg,2025,,B,5,505,NON Conforme,Vide,False,False,False,0,1,bottom_only,historical_namespace,unpaired
2025_NON_Conforme_Cam_B_6_102.jpg,2025,,B,6,102,NON Conforme,NON Conforme,False,False,False,0,1,bottom_only,historical_namespace,unpaired
2025_NON_Conforme_Cam_B_6_105.jpg,2025,,B,6,105,NON Conforme,NON Conforme,False,False,False,0,1,bottom_only,historical_namespace,unpaired
2025_NON_Conforme_Cam_B_6_121.jpg,2025,,B,6,121,NON Conforme,NON Conforme,False,True,False,0,1,bottom_only,historical_namespace,unpaired
2025_NON_Conforme_Cam_B_6_13.jpg,2025,,B,6,13,NON Conforme,Vide,False,False,False,0,1,bottom_only,historical_namespace,unpaired
2025_NON_Conforme_Cam_B_6_143.jpg,2025,,B,6,143,NON Conforme,Vide,False,False,False,0,1,bottom_only,historical_namespace,unpaired
2025_NON_Conforme_Cam_B_6_155.jpg,2025,,B,6,155,NON Conforme,NON Conforme,False,False,False,0,1,bottom_only,historical_namespace,unpaired
2025_NON_Conforme_Cam_B_6_20.jpg,2025,,B,6,20,NON Conforme,Vide,False,False,False,0,1,bottom_only,historical_namespace,unpaired
2025_NON_Conforme_Cam_B_6_209.jpg,2025,,B,6,209,NON Conforme,Vide,False,False,False,0,1,bottom_only,historical_namespace,unpaired
2025_NON_Conforme_Cam_B_6_21.jpg,2025,,B,6,21,NON Conforme,Vide,False,False,False,0,1,bottom_only,historical_namespace,unpaired
2025_NON_Conforme_Cam_B_6_232.jpg,2025,,B,6,232,NON Conforme,Vide,False,False,False,0,1,bottom_only,historical_namespace,unpaired
2025_NON_Conforme_Cam_B_6_235.jpg,2025,,B,6,235,NON Conforme,NON Conforme,False,False,False,0,1,bottom_only,historical_namespace,unpaired
2025_NON_Conforme_Cam_B_6_24.jpg,2025,,B,6,24,NON Conforme,Vide,False,False,False,0,1,bottom_only,historical_namespace,unpaired
2025_NON_Conforme_Cam_B_6_241.jpg,2025,,B,6,241,NON Conforme,NON Conforme,False,False,False,0,1,bottom_only,historical_namespace,unpaired
2025_NON_Conforme_Cam_B_6_255.jpg,2025,,B,6,255,NON Conforme,Vide,False,False,False,0,1,bottom_only,historical_namespace,unpaired
2025_NON_Conforme_Cam_B_6_279.jpg,2025,,B,6,279,NON Conforme,NON Conforme,False,False,False,0,1,bottom_only,historical_namespace,unpaired
2025_NON_Conforme_Cam_B_6_305.jpg,2025,,B,6,305,NON Conforme,Vide,False,False,False,0,1,bottom_only,historical_namespace,unpaired
2025_NON_Conforme_Cam_B_6_311.jpg,2025,,B,6,311,NON Conforme,NON Conforme,False,True,False,0,1,bottom_only,historical_namespace,unpaired
2025_NON_Conforme_Cam_B_6_331.jpg,2025,,B,6,331,NON Conforme,Vide,False,False,False,0,1,bottom_only,historical_namespace,unpaired
2025_NON_Conforme_Cam_B_6_363.jpg,2025,,B,6,363,NON Conforme,NON Conforme,False,False,False,0,1,bottom_only,historical_namespace,unpaired
2025_NON_Conforme_Cam_B_6_367.jpg,2025,,B,6,367,NON Conforme,Vide,False,False,False,0,1,bottom_only,historical_namespace,unpaired
2025_NON_Conforme_Cam_B_6_382.jpg,2025,,B,6,382,NON Conforme,Vide,False,False,False,0,1,bottom_only,historical_namespace,unpaired
2025_NON_Conforme_Cam_B_6_431.jpg,2025,,B,6,431,NON Conforme,NON Conforme,False,False,False,0,1,bottom_only,historical_namespace,unpaired
2025_NON_Conforme_Cam_B_6_445.jpg,2025,,B,6,445,NON Conforme,Vide,False,False,False,0,1,bottom_only,historical_namespace,unpaired
2025_NON_Conforme_Cam_B_6_52.jpg,2025,,B,6,52,NON Conforme,Vide,False,False,False,0,1,bottom_only,historical_namespace,unpaired
2025_NON_Conforme_Cam_B_6_63.jpg,2025,,B,6,63,NON Conforme,Vide,False,False,False,0,1,bottom_only,historical_namespace,unpaired
2025_NON_Conforme_Cam_T_1_15.jpg,2025,,T,1,15,NON Conforme,Vide,False,False,False,1,0,top_only,historical_namespace,unpaired
2025_NON_Conforme_Cam_T_1_167.jpg,2025,,T,1,167,NON Conforme,NON Conforme,True,False,False,1,0,top_only,historical_namespace,unpaired
2025_NON_Conforme_Cam_T_1_17.jpg,2025,,T,1,17,NON Conforme,Vide,False,False,False,1,0,top_only,historical_namespace,unpaired
2025_NON_Conforme_Cam_T_1_21.jpg,2025,,T,1,21,NON Conforme,Vide,False,False,False,1,0,top_only,historical_namespace,unpaired
2025_NON_Conforme_Cam_T_1_22.jpg,2025,,T,1,22,NON Conforme,Vide,False,False,False,1,0,top_only,historical_namespace,unpaired
2025_NON_Conforme_Cam_T_1_289.jpg,2025,,T,1,289,NON Conforme,Vide,False,False,False,1,0,top_only,historical_namespace,unpaired
2025_NON_Conforme_Cam_T_1_313.jpg,2025,,T,1,313,NON Conforme,Vide,False,False,False,1,0,top_only,historical_namespace,unpaired
2025_NON_Conforme_Cam_T_1_314.jpg,2025,,T,1,314,NON Conforme,Vide,False,False,False,1,0,top_only,historical_namespace,unpaired
2025_NON_Conforme_Cam_T_1_315.jpg,2025,,T,1,315,NON Conforme,Vide,False,False,False,1,0,top_only,historical_namespace,unpaired
2025_NON_Conforme_Cam_T_1_380.jpg,2025,,T,1,380,NON Conforme,Vide,False,False,False,1,0,top_only,historical_namespace,unpaired
2025_NON_Conforme_Cam_T_1_386.jpg,2025,,T,1,386,NON Conforme,Vide,False,False,False,1,0,top_only,historical_namespace,unpaired
2025_NON_Conforme_Cam_T_1_43.jpg,2025,,T,1,43,NON Conforme,Vide,False,False,False,1,0,top_only,historical_namespace,unpaired
2025_NON_Conforme_Cam_T_1_9.jpg,2025,,T,1,9,NON Conforme,Vide,False,False,False,1,0,top_only,historical_namespace,unpaired
2025_NON_Conforme_Cam_T_2_17.jpg,2025,,T,2,17,NON Conforme,Vide,False,False,False,1,0,top_only,historical_namespace,unpaired
2025_NON_Conforme_Cam_T_2_24.jpg,2025,,T,2,24,NON Conforme,Vide,False,False,False,1,0,top_only,historical_namespace,unpaired
2025_NON_Conforme_Cam_T_2_25.jpg,2025,,T,2,25,NON Conforme,Vide,False,False,False,1,0,top_only,historical_namespace,unpaired
2025_NON_Conforme_Cam_T_2_28.jpg,2025,,T,2,28,NON Conforme,Vide,False,False,False,1,0,top_only,historical_namespace,unpaired
2025_NON_Conforme_Cam_T_2_29.jpg,2025,,T,2,29,NON Conforme,Vide,False,False,False,1,0,top_only,historical_namespace,unpaired
2025_NON_Conforme_Cam_T_2_503.jpg,2025,,T,2,503,NON Conforme,Vide,False,False,False,1,0,top_only,historical_namespace,unpaired
2025_NON_Conforme_Cam_T_2_504.jpg,2025,,T,2,504,NON Conforme,NON Conforme,False,False,False,1,0,top_only,historical_namespace,unpaired
2025_NON_Conforme_Cam_T_2_505.jpg,2025,,T,2,505,NON Conforme,NON Conforme,False,False,False,1,0,top_only,historical_namespace,unpaired
2025_NON_Conforme_Cam_T_2_506.jpg,2025,,T,2,506,NON Conforme,NON Conforme,False,False,False,1,0,top_only,historical_namespace,unpaired
2025_NON_Conforme_Cam_T_2_507.jpg,2025,,T,2,507,NON Conforme,Vide,False,False,False,1,0,top_only,historical_namespace,unpaired
2025_NON_Conforme_Cam_T_2_508.jpg,2025,,T,2,508,NON Conforme,Vide,False,False,False,1,0,top_only,historical_namespace,unpaired
2025_NON_Conforme_Cam_T_2_509.jpg,2025,,T,2,509,NON Conforme,Vide,False,False,False,1,0,top_only,historical_namespace,unpaired
2025_NON_Conforme_Cam_T_2_510.jpg,2025,,T,2,510,NON Conforme,Vide,False,False,False,1,0,top_only,historical_namespace,unpaired
2025_NON_Conforme_Cam_T_2_511.jpg,2025,,T,2,511,NON Conforme,Vide,False,False,False,1,0,top_only,historical_namespace,unpaired
2025_NON_Conforme_Cam_T_2_512.jpg,2025,,T,2,512,NON Conforme,Vide,False,False,False,1,0,top_only,historical_namespace,unpaired
2025_NON_Conforme_Cam_T_2_513.jpg,2025,,T,2,513,NON Conforme,Vide,False,False,False,1,0,top_only,historical_namespace,unpaired
2025_NON_Conforme_Cam_T_2_514.jpg,2025,,T,2,514,NON Conforme,Vide,False,False,False,1,0,top_only,historical_namespace,unpaired
2025_NON_Conforme_Cam_T_2_515.jpg,2025,,T,2,515,NON Conforme,Vide,False,False,False,1,0,top_only,historical_namespace,unpaired
2025_NON_Conforme_Cam_T_2_516.jpg,2025,,T,2,516,NON Conforme,Vide,False,False,False,1,0,top_only,historical_namespace,unpaired
2025_NON_Conforme_Cam_T_3_28.jpg,2025,,T,3,28,NON Conforme,Vide,False,False,False,1,0,top_only,historical_namespace,unpaired
2025_NON_Conforme_Cam_T_3_495.jpg,2025,,T,3,495,NON Conforme,Vide,False,False,False,1,0,top_only,historical_namespace,unpaired
2025_NON_Conforme_Cam_T_3_496.jpg,2025,,T,3,496,NON Conforme,Vide,False,False,False,1,0,top_only,historical_namespace,unpaired
2025_NON_Conforme_Cam_T_3_497.jpg,2025,,T,3,497,NON Conforme,Vide,False,False,False,1,0,top_only,historical_namespace,unpaired
2025_NON_Conforme_Cam_T_4_0.jpg,2025,,T,4,0,NON Conforme,Vide,False,False,False,1,0,top_only,historical_namespace,unpaired
2025_NON_Conforme_Cam_T_4_135.jpg,2025,,T,4,135,NON Conforme,NON Conforme,False,True,False,1,0,top_only,historical_namespace,unpaired
2025_NON_Conforme_Cam_T_4_14.jpg,2025,,T,4,14,NON Conforme,Vide,False,False,False,1,0,top_only,historical_namespace,unpaired
2025_NON_Conforme_Cam_T_4_151.jpg,2025,,T,4,151,NON Conforme,NON Conforme,False,False,False,1,0,top_only,historical_namespace,unpaired
2025_NON_Conforme_Cam_T_4_17.jpg,2025,,T,4,17,NON Conforme,Vide,False,False,False,1,0,top_only,historical_namespace,unpaired
2025_NON_Conforme_Cam_T_4_18.jpg,2025,,T,4,18,NON Conforme,Vide,False,False,False,1,0,top_only,historical_namespace,unpaired
2025_NON_Conforme_Cam_T_4_197.jpg,2025,,T,4,197,NON Conforme,Vide,False,False,False,1,0,top_only,historical_namespace,unpaired
2025_NON_Conforme_Cam_T_4_203.jpg,2025,,T,4,203,NON Conforme,NON Conforme,False,False,False,1,0,top_only,historical_namespace,unpaired
2025_NON_Conforme_Cam_T_4_217.jpg,2025,,T,4,217,NON Conforme,Vide,False,False,False,1,0,top_only,historical_namespace,unpaired
2025_NON_Conforme_Cam_T_4_224.jpg,2025,,T,4,224,NON Conforme,NON Conforme,False,False,False,1,0,top_only,historical_namespace,unpaired
2025_NON_Conforme_Cam_T_4_230.jpg,2025,,T,4,230,NON Conforme,NON Conforme,False,False,False,1,0,top_only,historical_namespace,unpaired
2025_NON_Conforme_Cam_T_4_238.jpg,2025,,T,4,238,NON Conforme,NON Conforme,False,False,False,1,0,top_only,historical_namespace,unpaired
2025_NON_Conforme_Cam_T_4_241.jpg,2025,,T,4,241,NON Conforme,NON Conforme,False,False,False,1,0,top_only,historical_namespace,unpaired
2025_NON_Conforme_Cam_T_4_261.jpg,2025,,T,4,261,NON Conforme,NON Conforme,False,False,False,1,0,top_only,historical_namespace,unpaired
2025_NON_Conforme_Cam_T_4_268.jpg,2025,,T,4,268,NON Conforme,NON Conforme,False,False,False,1,0,top_only,historical_namespace,unpaired
2025_NON_Conforme_Cam_T_4_27.jpg,2025,,T,4,27,NON Conforme,Vide,False,False,False,1,0,top_only,historical_namespace,unpaired
2025_NON_Conforme_Cam_T_4_28.jpg,2025,,T,4,28,NON Conforme,Vide,False,False,False,1,0,top_only,historical_namespace,unpaired
2025_NON_Conforme_Cam_T_4_29.jpg,2025,,T,4,29,NON Conforme,Vide,False,False,False,1,0,top_only,historical_namespace,unpaired
2025_NON_Conforme_Cam_T_4_292.jpg,2025,,T,4,292,NON Conforme,NON Conforme,False,False,False,1,0,top_only,historical_namespace,unpaired
2025_NON_Conforme_Cam_T_4_293.jpg,2025,,T,4,293,NON Conforme,NON Conforme,False,False,False,1,0,top_only,historical_namespace,unpaired
2025_NON_Conforme_Cam_T_4_33.jpg,2025,,T,4,33,NON Conforme,Vide,False,False,False,1,0,top_only,historical_namespace,unpaired
2025_NON_Conforme_Cam_T_4_35.jpg,2025,,T,4,35,NON Conforme,Vide,False,False,False,1,0,top_only,historical_namespace,unpaired
2025_NON_Conforme_Cam_T_4_36.jpg,2025,,T,4,36,NON Conforme,Vide,False,False,False,1,0,top_only,historical_namespace,unpaired
2025_NON_Conforme_Cam_T_4_38.jpg,2025,,T,4,38,NON Conforme,Vide,False,False,False,1,0,top_only,historical_namespace,unpaired
2025_NON_Conforme_Cam_T_4_385.jpg,2025,,T,4,385,NON Conforme,Vide,False,False,False,1,0,top_only,historical_namespace,unpaired
2025_NON_Conforme_Cam_T_4_391.jpg,2025,,T,4,391,NON Conforme,Vide,False,False,False,1,0,top_only,historical_namespace,unpaired
2025_NON_Conforme_Cam_T_4_54.jpg,2025,,T,4,54,NON Conforme,Vide,False,False,False,1,0,top_only,historical_namespace,unpaired
2025_NON_Conforme_Cam_T_4_55.jpg,2025,,T,4,55,NON Conforme,Vide,False,False,False,1,0,top_only,historical_namespace,unpaired
2025_NON_Conforme_Cam_T_4_61.jpg,2025,,T,4,61,NON Conforme,Vide,False,False,False,1,0,top_only,historical_namespace,unpaired
2025_NON_Conforme_Cam_T_4_73.jpg,2025,,T,4,73,NON Conforme,Vide,False,False,False,1,0,top_only,historical_namespace,unpaired
2025_NON_Conforme_Cam_T_4_74.jpg,2025,,T,4,74,NON Conforme,NON Conforme,False,False,False,1,0,top_only,historical_namespace,unpaired
2025_NON_Conforme_Cam_T_4_75.jpg,2025,,T,4,75,NON Conforme,NON Conforme,False,False,False,1,0,top_only,historical_namespace,unpaired
2025_NON_Conforme_Cam_T_4_76.jpg,2025,,T,4,76,NON Conforme,NON Conforme,False,False,False,1,0,top_only,historical_namespace,unpaired
2025_NON_Conforme_Cam_T_5_22.jpg,2025,,T,5,22,NON Conforme,Vide,False,False,False,1,0,top_only,historical_namespace,unpaired
2025_NON_Conforme_Cam_T_5_24.jpg,2025,,T,5,24,NON Conforme,Vide,False,False,False,1,0,top_only,historical_namespace,unpaired
2025_NON_Conforme_Cam_T_5_25.jpg,2025,,T,5,25,NON Conforme,Vide,False,False,False,1,0,top_only,historical_namespace,unpaired
2025_NON_Conforme_Cam_T_5_31.jpg,2025,,T,5,31,NON Conforme,Vide,False,False,False,1,0,top_only,historical_namespace,unpaired
2025_NON_Conforme_Cam_T_6_0.jpg,2025,,T,6,0,NON Conforme,Vide,False,False,False,1,0,top_only,historical_namespace,unpaired
2025_NON_Conforme_Cam_T_6_119.jpg,2025,,T,6,119,NON Conforme,Vide,False,False,False,1,0,top_only,historical_namespace,unpaired
2025_NON_Conforme_Cam_T_6_138.jpg,2025,,T,6,138,NON Conforme,NON Conforme,False,False,False,1,0,top_only,historical_namespace,unpaired
2025_NON_Conforme_Cam_T_6_149.jpg,2025,,T,6,149,NON Conforme,NON Conforme,False,False,False,1,0,top_only,historical_namespace,unpaired
2025_NON_Conforme_Cam_T_6_15.jpg,2025,,T,6,15,NON Conforme,Vide,False,False,False,1,0,top_only,historical_namespace,unpaired
2025_NON_Conforme_Cam_T_6_159.jpg,2025,,T,6,159,NON Conforme,NON Conforme,False,False,False,1,0,top_only,historical_namespace,unpaired
2025_NON_Conforme_Cam_T_6_16.jpg,2025,,T,6,16,NON Conforme,Vide,False,False,False,1,0,top_only,historical_namespace,unpaired
2025_NON_Conforme_Cam_T_6_160.jpg,2025,,T,6,160,NON Conforme,Vide,False,False,False,1,0,top_only,historical_namespace,unpaired
2025_NON_Conforme_Cam_T_6_163.jpg,2025,,T,6,163,NON Conforme,Vide,False,False,False,1,0,top_only,historical_namespace,unpaired
2025_NON_Conforme_Cam_T_6_169.jpg,2025,,T,6,169,NON Conforme,Vide,False,False,False,1,0,top_only,historical_namespace,unpaired
2025_NON_Conforme_Cam_T_6_17.jpg,2025,,T,6,17,NON Conforme,Vide,False,False,False,1,0,top_only,historical_namespace,unpaired
2025_NON_Conforme_Cam_T_6_181.jpg,2025,,T,6,181,NON Conforme,Vide,False,False,False,1,0,top_only,historical_namespace,unpaired
2025_NON_Conforme_Cam_T_6_182.jpg,2025,,T,6,182,NON Conforme,Vide,False,False,False,1,0,top_only,historical_namespace,unpaired
2025_NON_Conforme_Cam_T_6_200.jpg,2025,,T,6,200,NON Conforme,Vide,False,False,False,1,0,top_only,historical_namespace,unpaired
2025_NON_Conforme_Cam_T_6_201.jpg,2025,,T,6,201,NON Conforme,Vide,False,False,False,1,0,top_only,historical_namespace,unpaired
2025_NON_Conforme_Cam_T_6_205.jpg,2025,,T,6,205,NON Conforme,Vide,False,False,False,1,0,top_only,historical_namespace,unpaired
2025_NON_Conforme_Cam_T_6_212.jpg,2025,,T,6,212,NON Conforme,Vide,False,False,False,1,0,top_only,historical_namespace,unpaired
2025_NON_Conforme_Cam_T_6_213.jpg,2025,,T,6,213,NON Conforme,Vide,False,False,False,1,0,top_only,historical_namespace,unpaired
2025_NON_Conforme_Cam_T_6_215.jpg,2025,,T,6,215,NON Conforme,Vide,False,False,False,1,0,top_only,historical_namespace,unpaired
2025_NON_Conforme_Cam_T_6_225.jpg,2025,,T,6,225,NON Conforme,Vide,False,False,False,1,0,top_only,historical_namespace,unpaired
2025_NON_Conforme_Cam_T_6_23.jpg,2025,,T,6,23,NON Conforme,Vide,False,False,False,1,0,top_only,historical_namespace,unpaired
2025_NON_Conforme_Cam_T_6_247.jpg,2025,,T,6,247,NON Conforme,Vide,False,False,False,1,0,top_only,historical_namespace,unpaired
2025_NON_Conforme_Cam_T_6_263.jpg,2025,,T,6,263,NON Conforme,Vide,False,False,False,1,0,top_only,historical_namespace,unpaired
2025_NON_Conforme_Cam_T_6_27.jpg,2025,,T,6,27,NON Conforme,Vide,False,False,False,1,0,top_only,historical_namespace,unpaired
2025_NON_Conforme_Cam_T_6_29.jpg,2025,,T,6,29,NON Conforme,Vide,False,False,False,1,0,top_only,historical_namespace,unpaired
2025_NON_Conforme_Cam_T_6_293.jpg,2025,,T,6,293,NON Conforme,NON Conforme,True,False,False,1,0,top_only,historical_namespace,unpaired
2025_NON_Conforme_Cam_T_6_3.jpg,2025,,T,6,3,NON Conforme,Vide,False,False,False,1,0,top_only,historical_namespace,unpaired
2025_NON_Conforme_Cam_T_6_317.jpg,2025,,T,6,317,NON Conforme,NON Conforme,False,False,False,1,0,top_only,historical_namespace,unpaired
2025_NON_Conforme_Cam_T_6_318.jpg,2025,,T,6,318,NON Conforme,NON Conforme,False,False,False,1,0,top_only,historical_namespace,unpaired
2025_NON_Conforme_Cam_T_6_319.jpg,2025,,T,6,319,NON Conforme,NON Conforme,False,False,False,1,0,top_only,historical_namespace,unpaired
2025_NON_Conforme_Cam_T_6_321.jpg,2025,,T,6,321,NON Conforme,NON Conforme,False,False,False,1,0,top_only,historical_namespace,unpaired
2025_NON_Conforme_Cam_T_6_324.jpg,2025,,T,6,324,NON Conforme,NON Conforme,False,False,False,1,0,top_only,historical_namespace,unpaired
2025_NON_Conforme_Cam_T_6_326.jpg,2025,,T,6,326,NON Conforme,NON Conforme,False,False,False,1,0,top_only,historical_namespace,unpaired
2025_NON_Conforme_Cam_T_6_327.jpg,2025,,T,6,327,NON Conforme,Vide,False,False,False,1,0,top_only,historical_namespace,unpaired
2025_NON_Conforme_Cam_T_6_34.jpg,2025,,T,6,34,NON Conforme,Vide,False,False,False,1,0,top_only,historical_namespace,unpaired
2025_NON_Conforme_Cam_T_6_347.jpg,2025,,T,6,347,NON Conforme,NON Conforme,False,False,False,1,0,top_only,historical_namespace,unpaired
2025_NON_Conforme_Cam_T_6_352.jpg,2025,,T,6,352,NON Conforme,Vide,False,False,False,1,0,top_only,historical_namespace,unpaired
2025_NON_Conforme_Cam_T_6_353.jpg,2025,,T,6,353,NON Conforme,NON Conforme,False,False,False,1,0,top_only,historical_namespace,unpaired
2025_NON_Conforme_Cam_T_6_36.jpg,2025,,T,6,36,NON Conforme,Vide,False,False,False,1,0,top_only,historical_namespace,unpaired
2025_NON_Conforme_Cam_T_6_38.jpg,2025,,T,6,38,NON Conforme,Vide,False,False,False,1,0,top_only,historical_namespace,unpaired
2025_NON_Conforme_Cam_T_6_47.jpg,2025,,T,6,47,NON Conforme,Vide,False,False,False,1,0,top_only,historical_namespace,unpaired
2025_NON_Conforme_Cam_T_6_484.jpg,2025,,T,6,484,NON Conforme,Vide,False,False,False,1,0,top_only,historical_namespace,unpaired
2025_NON_Conforme_Cam_T_6_485.jpg,2025,,T,6,485,NON Conforme,Vide,False,False,False,1,0,top_only,historical_namespace,unpaired
2025_NON_Conforme_Cam_T_6_486.jpg,2025,,T,6,486,NON Conforme,Vide,False,False,False,1,0,top_only,historical_namespace,unpaired
2025_NON_Conforme_Cam_T_6_487.jpg,2025,,T,6,487,NON Conforme,Vide,False,False,False,1,0,top_only,historical_namespace,unpaired
2025_NON_Conforme_Cam_T_6_488.jpg,2025,,T,6,488,NON Conforme,Vide,False,False,False,1,0,top_only,historical_namespace,unpaired
2025_NON_Conforme_Cam_T_6_489.jpg,2025,,T,6,489,NON Conforme,Vide,False,False,False,1,0,top_only,historical_namespace,unpaired
2025_NON_Conforme_Cam_T_6_49.jpg,2025,,T,6,49,NON Conforme,Vide,False,False,False,1,0,top_only,historical_namespace,unpaired
2025_NON_Conforme_Cam_T_6_490.jpg,2025,,T,6,490,NON Conforme,Vide,False,False,False,1,0,top_only,historical_namespace,unpaired
2025_NON_Conforme_Cam_T_6_491.jpg,2025,,T,6,491,NON Conforme,Vide,False,False,False,1,0,top_only,historical_namespace,unpaired
2025_NON_Conforme_Cam_T_6_492.jpg,2025,,T,6,492,NON Conforme,Vide,False,False,False,1,0,top_only,historical_namespace,unpaired
2025_NON_Conforme_Cam_T_6_493.jpg,2025,,T,6,493,NON Conforme,Vide,False,False,False,1,0,top_only,historical_namespace,unpaired
2025_NON_Conforme_Cam_T_6_494.jpg,2025,,T,6,494,NON Conforme,Vide,False,False,False,1,0,top_only,historical_namespace,unpaired
2025_NON_Conforme_Cam_T_6_495.jpg,2025,,T,6,495,NON Conforme,Vide,False,False,False,1,0,top_only,historical_namespace,unpaired
2025_NON_Conforme_Cam_T_6_496.jpg,2025,,T,6,496,NON Conforme,Vide,False,False,False,1,0,top_only,historical_namespace,unpaired
2025_NON_Conforme_Cam_T_6_497.jpg,2025,,T,6,497,NON Conforme,Vide,False,False,False,1,0,top_only,historical_namespace,unpaired
2025_NON_Conforme_Cam_T_6_498.jpg,2025,,T,6,498,NON Conforme,Vide,False,False,False,1,0,top_only,historical_namespace,unpaired
2025_NON_Conforme_Cam_T_6_50.jpg,2025,,T,6,50,NON Conforme,Vide,False,False,False,1,0,top_only,historical_namespace,unpaired
2025_NON_Conforme_Cam_T_6_54.jpg,2025,,T,6,54,NON Conforme,Vide,False,False,False,1,0,top_only,historical_namespace,unpaired
2025_NON_Conforme_Cam_T_6_68.jpg,2025,,T,6,68,NON Conforme,NON Conforme,False,False,False,1,0,top_only,historical_namespace,unpaired
2025_NON_Conforme_Cam_T_6_70.jpg,2025,,T,6,70,NON Conforme,Vide,False,False,False,1,0,top_only,historical_namespace,unpaired
2025_NON_Conforme_Cam_T_6_71.jpg,2025,,T,6,71,NON Conforme,NON Conforme,False,False,False,1,0,top_only,historical_namespace,unpaired
2025_NON_Conforme_Cam_T_6_72.jpg,2025,,T,6,72,NON Conforme,NON Conforme,False,False,False,1,0,top_only,historical_namespace,unpaired
2025_NON_Conforme_Cam_T_6_80.jpg,2025,,T,6,80,NON Conforme,NON Conforme,False,True,False,1,0,top_only,historical_namespace,unpaired
2025_NON_Conforme_Cam_T_6_87.jpg,2025,,T,6,87,NON Conforme,Vide,False,False,False,1,0,top_only,historical_namespace,unpaired
2025_NON_Conforme_Cam_T_6_92.jpg,2025,,T,6,92,NON Conforme,Vide,False,False,False,1,0,top_only,historical_namespace,unpaired
2025_NON_Conforme_Cam_T_6_99.jpg,2025,,T,6,99,NON Conforme,NON Conforme,False,False,False,1,0,top_only,historical_namespace,unpaired
2025_PIETRA_Cam_B_1_378.jpg,2025,,B,1,378,PIETRA,Vide,False,False,False,0,1,bottom_only,historical_namespace,unpaired
2025_PIETRA_Cam_B_1_379.jpg,2025,,B,1,379,PIETRA,Vide,False,False,False,0,1,bottom_only,historical_namespace,unpaired
2025_PIETRA_Cam_B_1_380.jpg,2025,,B,1,380,PIETRA,PIETRA,False,False,False,0,1,bottom_only,historical_namespace,unpaired
2025_PIETRA_Cam_B_1_381.jpg,2025,,B,1,381,PIETRA,PIETRA,False,False,False,0,1,bottom_only,historical_namespace,unpaired
2025_PIETRA_Cam_B_1_382.jpg,2025,,B,1,382,PIETRA,PIETRA,False,False,False,0,1,bottom_only,historical_namespace,unpaired
2025_PIETRA_Cam_B_1_383.jpg,2025,,B,1,383,PIETRA,PIETRA,False,True,False,0,1,bottom_only,historical_namespace,unpaired
2025_PIETRA_Cam_B_1_384.jpg,2025,,B,1,384,PIETRA,Vide,False,False,False,0,1,bottom_only,historical_namespace,unpaired
2025_PIETRA_Cam_B_1_385.jpg,2025,,B,1,385,PIETRA,PIETRA,False,True,False,0,1,bottom_only,historical_namespace,unpaired
2025_PIETRA_Cam_B_1_386.jpg,2025,,B,1,386,PIETRA,PIETRA,False,True,False,0,1,bottom_only,historical_namespace,unpaired
2025_PIETRA_Cam_B_1_387.jpg,2025,,B,1,387,PIETRA,PIETRA,False,False,False,0,1,bottom_only,historical_namespace,unpaired
2025_PIETRA_Cam_B_1_388.jpg,2025,,B,1,388,PIETRA,PIETRA,False,False,False,0,1,bottom_only,historical_namespace,unpaired
2025_PIETRA_Cam_B_1_389.jpg,2025,,B,1,389,PIETRA,PIETRA,False,False,False,0,1,bottom_only,historical_namespace,unpaired
2025_PIETRA_Cam_B_1_390.jpg,2025,,B,1,390,PIETRA,PIETRA,False,False,False,0,1,bottom_only,historical_namespace,unpaired
2025_PIETRA_Cam_B_1_391.jpg,2025,,B,1,391,PIETRA,PIETRA,False,False,False,0,1,bottom_only,historical_namespace,unpaired
2025_PIETRA_Cam_B_1_392.jpg,2025,,B,1,392,PIETRA,PIETRA,False,False,False,0,1,bottom_only,historical_namespace,unpaired
2025_PIETRA_Cam_B_1_393.jpg,2025,,B,1,393,PIETRA,PIETRA,False,False,False,0,1,bottom_only,historical_namespace,unpaired
2025_PIETRA_Cam_B_1_394.jpg,2025,,B,1,394,PIETRA,PIETRA,False,False,False,0,1,bottom_only,historical_namespace,unpaired
2025_PIETRA_Cam_B_1_395.jpg,2025,,B,1,395,PIETRA,PIETRA,False,False,False,0,1,bottom_only,historical_namespace,unpaired
2025_PIETRA_Cam_B_1_396.jpg,2025,,B,1,396,PIETRA,PIETRA,False,True,False,0,1,bottom_only,historical_namespace,unpaired
2025_PIETRA_Cam_B_1_397.jpg,2025,,B,1,397,PIETRA,PIETRA,False,True,False,0,1,bottom_only,historical_namespace,unpaired
2025_PIETRA_Cam_B_1_398.jpg,2025,,B,1,398,PIETRA,PIETRA,False,False,False,0,1,bottom_only,historical_namespace,unpaired
2025_PIETRA_Cam_B_1_399.jpg,2025,,B,1,399,PIETRA,PIETRA,False,False,False,0,1,bottom_only,historical_namespace,unpaired
2025_PIETRA_Cam_B_1_400.jpg,2025,,B,1,400,PIETRA,PIETRA,False,True,False,0,1,bottom_only,historical_namespace,unpaired
2025_PIETRA_Cam_B_1_401.jpg,2025,,B,1,401,PIETRA,PIETRA,False,False,False,0,1,bottom_only,historical_namespace,unpaired
2025_PIETRA_Cam_B_1_402.jpg,2025,,B,1,402,PIETRA,PIETRA,False,False,False,0,1,bottom_only,historical_namespace,unpaired
2025_PIETRA_Cam_B_1_403.jpg,2025,,B,1,403,PIETRA,PIETRA,True,False,False,0,1,bottom_only,historical_namespace,unpaired
2025_PIETRA_Cam_B_1_404.jpg,2025,,B,1,404,PIETRA,PIETRA,False,True,False,0,1,bottom_only,historical_namespace,unpaired
2025_PIETRA_Cam_B_1_405.jpg,2025,,B,1,405,PIETRA,PIETRA,False,False,False,0,1,bottom_only,historical_namespace,unpaired
2025_PIETRA_Cam_B_2_375.jpg,2025,,B,2,375,PIETRA,PIETRA,False,True,False,0,1,bottom_only,historical_namespace,unpaired
2025_PIETRA_Cam_B_2_376.jpg,2025,,B,2,376,PIETRA,PIETRA,False,False,False,0,1,bottom_only,historical_namespace,unpaired
2025_PIETRA_Cam_B_2_377.jpg,2025,,B,2,377,PIETRA,PIETRA,False,False,False,0,1,bottom_only,historical_namespace,unpaired
2025_PIETRA_Cam_B_2_378.jpg,2025,,B,2,378,PIETRA,PIETRA,False,False,False,0,1,bottom_only,historical_namespace,unpaired
2025_PIETRA_Cam_B_2_379.jpg,2025,,B,2,379,PIETRA,Vide,False,False,False,0,1,bottom_only,historical_namespace,unpaired
2025_PIETRA_Cam_B_2_380.jpg,2025,,B,2,380,PIETRA,Vide,False,False,False,0,1,bottom_only,historical_namespace,unpaired
2025_PIETRA_Cam_B_2_381.jpg,2025,,B,2,381,PIETRA,PIETRA,False,False,False,0,1,bottom_only,historical_namespace,unpaired
2025_PIETRA_Cam_B_2_382.jpg,2025,,B,2,382,PIETRA,PIETRA,False,True,False,0,1,bottom_only,historical_namespace,unpaired
2025_PIETRA_Cam_B_2_383.jpg,2025,,B,2,383,PIETRA,PIETRA,False,False,False,0,1,bottom_only,historical_namespace,unpaired
2025_PIETRA_Cam_B_2_384.jpg,2025,,B,2,384,PIETRA,PIETRA,False,True,False,0,1,bottom_only,historical_namespace,unpaired
2025_PIETRA_Cam_B_2_385.jpg,2025,,B,2,385,PIETRA,PIETRA,False,False,False,0,1,bottom_only,historical_namespace,unpaired
2025_PIETRA_Cam_B_2_386.jpg,2025,,B,2,386,PIETRA,Vide,False,False,False,0,1,bottom_only,historical_namespace,unpaired
2025_PIETRA_Cam_B_2_387.jpg,2025,,B,2,387,PIETRA,PIETRA,False,False,False,0,1,bottom_only,historical_namespace,unpaired
2025_PIETRA_Cam_B_2_388.jpg,2025,,B,2,388,PIETRA,PIETRA,False,True,False,0,1,bottom_only,historical_namespace,unpaired
2025_PIETRA_Cam_B_2_389.jpg,2025,,B,2,389,PIETRA,PIETRA,False,True,False,0,1,bottom_only,historical_namespace,unpaired
2025_PIETRA_Cam_B_2_390.jpg,2025,,B,2,390,PIETRA,PIETRA,False,False,False,0,1,bottom_only,historical_namespace,unpaired
2025_PIETRA_Cam_B_2_391.jpg,2025,,B,2,391,PIETRA,PIETRA,False,True,False,0,1,bottom_only,historical_namespace,unpaired
2025_PIETRA_Cam_B_2_392.jpg,2025,,B,2,392,PIETRA,Vide,False,False,False,0,1,bottom_only,historical_namespace,unpaired
2025_PIETRA_Cam_B_2_393.jpg,2025,,B,2,393,PIETRA,PIETRA,False,True,False,0,1,bottom_only,historical_namespace,unpaired
2025_PIETRA_Cam_B_2_394.jpg,2025,,B,2,394,PIETRA,PIETRA,False,True,False,0,1,bottom_only,historical_namespace,unpaired
2025_PIETRA_Cam_B_2_395.jpg,2025,,B,2,395,PIETRA,PIETRA,False,False,False,0,1,bottom_only,historical_namespace,unpaired
2025_PIETRA_Cam_B_2_396.jpg,2025,,B,2,396,PIETRA,Vide,False,False,False,0,1,bottom_only,historical_namespace,unpaired
2025_PIETRA_Cam_B_2_397.jpg,2025,,B,2,397,PIETRA,PIETRA,False,True,False,0,1,bottom_only,historical_namespace,unpaired
2025_PIETRA_Cam_B_2_398.jpg,2025,,B,2,398,PIETRA,PIETRA,False,True,False,0,1,bottom_only,historical_namespace,unpaired
2025_PIETRA_Cam_B_3_351.jpg,2025,,B,3,351,PIETRA,PIETRA,False,True,False,0,1,bottom_only,historical_namespace,unpaired
2025_PIETRA_Cam_B_3_387.jpg,2025,,B,3,387,PIETRA,Vide,False,False,False,0,1,bottom_only,historical_namespace,unpaired
2025_PIETRA_Cam_B_3_388.jpg,2025,,B,3,388,PIETRA,Vide,False,False,False,0,1,bottom_only,historical_namespace,unpaired
2025_PIETRA_Cam_B_3_389.jpg,2025,,B,3,389,PIETRA,Vide,False,False,False,0,1,bottom_only,historical_namespace,unpaired
2025_PIETRA_Cam_B_3_390.jpg,2025,,B,3,390,PIETRA,Vide,False,False,False,0,1,bottom_only,historical_namespace,unpaired
2025_PIETRA_Cam_B_5_118.jpg,2025,,B,5,118,PIETRA,Vide,False,False,False,0,1,bottom_only,historical_namespace,unpaired
2025_PIETRA_Cam_B_5_229.jpg,2025,,B,5,229,PIETRA,PIETRA,False,False,False,0,1,bottom_only,historical_namespace,unpaired
2025_PIETRA_Cam_B_5_312.jpg,2025,,B,5,312,PIETRA,Vide,False,False,False,0,1,bottom_only,historical_namespace,unpaired
2025_PIETRA_Cam_B_5_313.jpg,2025,,B,5,313,PIETRA,PIETRA,False,True,False,0,1,bottom_only,historical_namespace,unpaired
2025_PIETRA_Cam_B_5_324.jpg,2025,,B,5,324,PIETRA,Vide,False,False,False,0,1,bottom_only,historical_namespace,unpaired
2025_PIETRA_Cam_B_5_325.jpg,2025,,B,5,325,PIETRA,Vide,False,False,False,0,1,bottom_only,historical_namespace,unpaired
2025_PIETRA_Cam_B_5_326.jpg,2025,,B,5,326,PIETRA,Vide,False,False,False,0,1,bottom_only,historical_namespace,unpaired
2025_PIETRA_Cam_B_5_327.jpg,2025,,B,5,327,PIETRA,Vide,False,False,False,0,1,bottom_only,historical_namespace,unpaired
2025_PIETRA_Cam_B_5_328.jpg,2025,,B,5,328,PIETRA,Vide,False,False,False,0,1,bottom_only,historical_namespace,unpaired
2025_PIETRA_Cam_B_5_329.jpg,2025,,B,5,329,PIETRA,Vide,False,False,False,0,1,bottom_only,historical_namespace,unpaired
2025_PIETRA_Cam_B_5_330.jpg,2025,,B,5,330,PIETRA,PIETRA,False,True,False,0,1,bottom_only,historical_namespace,unpaired
2025_PIETRA_Cam_B_5_331.jpg,2025,,B,5,331,PIETRA,PIETRA,False,True,False,0,1,bottom_only,historical_namespace,unpaired
2025_PIETRA_Cam_B_5_332.jpg,2025,,B,5,332,PIETRA,PIETRA,False,False,False,0,1,bottom_only,historical_namespace,unpaired
2025_PIETRA_Cam_B_5_333.jpg,2025,,B,5,333,PIETRA,PIETRA,False,True,False,0,1,bottom_only,historical_namespace,unpaired
2025_PIETRA_Cam_B_5_334.jpg,2025,,B,5,334,PIETRA,PIETRA,False,False,False,0,1,bottom_only,historical_namespace,unpaired
2025_PIETRA_Cam_B_5_335.jpg,2025,,B,5,335,PIETRA,Vide,False,False,False,0,1,bottom_only,historical_namespace,unpaired
2025_PIETRA_Cam_B_5_336.jpg,2025,,B,5,336,PIETRA,PIETRA,False,True,False,0,1,bottom_only,historical_namespace,unpaired
2025_PIETRA_Cam_B_5_337.jpg,2025,,B,5,337,PIETRA,Vide,False,False,False,0,1,bottom_only,historical_namespace,unpaired
2025_PIETRA_Cam_B_5_338.jpg,2025,,B,5,338,PIETRA,PIETRA,False,True,False,0,1,bottom_only,historical_namespace,unpaired
2025_PIETRA_Cam_B_5_339.jpg,2025,,B,5,339,PIETRA,Vide,False,False,False,0,1,bottom_only,historical_namespace,unpaired
2025_PIETRA_Cam_B_5_340.jpg,2025,,B,5,340,PIETRA,Vide,False,False,False,0,1,bottom_only,historical_namespace,unpaired
2025_PIETRA_Cam_B_5_341.jpg,2025,,B,5,341,PIETRA,Vide,False,False,False,0,1,bottom_only,historical_namespace,unpaired
2025_PIETRA_Cam_B_5_342.jpg,2025,,B,5,342,PIETRA,PIETRA,False,True,False,0,1,bottom_only,historical_namespace,unpaired
2025_PIETRA_Cam_B_5_343.jpg,2025,,B,5,343,PIETRA,PIETRA,False,True,False,0,1,bottom_only,historical_namespace,unpaired
2025_PIETRA_Cam_B_5_344.jpg,2025,,B,5,344,PIETRA,Vide,False,False,False,0,1,bottom_only,historical_namespace,unpaired
2025_PIETRA_Cam_B_5_345.jpg,2025,,B,5,345,PIETRA,Vide,False,False,False,0,1,bottom_only,historical_namespace,unpaired
2025_PIETRA_Cam_B_5_346.jpg,2025,,B,5,346,PIETRA,PIETRA,False,True,False,0,1,bottom_only,historical_namespace,unpaired
2025_PIETRA_Cam_B_5_347.jpg,2025,,B,5,347,PIETRA,Vide,False,False,False,0,1,bottom_only,historical_namespace,unpaired
2025_PIETRA_Cam_B_5_348.jpg,2025,,B,5,348,PIETRA,Vide,False,False,False,0,1,bottom_only,historical_namespace,unpaired
2025_PIETRA_Cam_B_5_349.jpg,2025,,B,5,349,PIETRA,PIETRA,False,True,False,0,1,bottom_only,historical_namespace,unpaired
2025_PIETRA_Cam_B_5_350.jpg,2025,,B,5,350,PIETRA,PIETRA,False,True,False,0,1,bottom_only,historical_namespace,unpaired
2025_PIETRA_Cam_B_5_351.jpg,2025,,B,5,351,PIETRA,Vide,False,False,False,0,1,bottom_only,historical_namespace,unpaired
2025_PIETRA_Cam_B_5_352.jpg,2025,,B,5,352,PIETRA,Vide,False,False,False,0,1,bottom_only,historical_namespace,unpaired
2025_PIETRA_Cam_B_5_353.jpg,2025,,B,5,353,PIETRA,PIETRA,False,False,False,0,1,bottom_only,historical_namespace,unpaired
2025_PIETRA_Cam_B_5_354.jpg,2025,,B,5,354,PIETRA,PIETRA,False,True,False,0,1,bottom_only,historical_namespace,unpaired
2025_PIETRA_Cam_B_5_355.jpg,2025,,B,5,355,PIETRA,Vide,False,False,False,0,1,bottom_only,historical_namespace,unpaired
2025_PIETRA_Cam_B_5_356.jpg,2025,,B,5,356,PIETRA,PIETRA,False,True,False,0,1,bottom_only,historical_namespace,unpaired
2025_PIETRA_Cam_B_5_357.jpg,2025,,B,5,357,PIETRA,Vide,False,False,False,0,1,bottom_only,historical_namespace,unpaired
2025_PIETRA_Cam_B_5_358.jpg,2025,,B,5,358,PIETRA,Vide,False,False,False,0,1,bottom_only,historical_namespace,unpaired
2025_PIETRA_Cam_B_5_359.jpg,2025,,B,5,359,PIETRA,PIETRA,False,True,False,0,1,bottom_only,historical_namespace,unpaired
2025_PIETRA_Cam_B_5_360.jpg,2025,,B,5,360,PIETRA,PIETRA,False,True,False,0,1,bottom_only,historical_namespace,unpaired
2025_PIETRA_Cam_B_5_361.jpg,2025,,B,5,361,PIETRA,Vide,False,False,False,0,1,bottom_only,historical_namespace,unpaired
2025_PIETRA_Cam_B_5_362.jpg,2025,,B,5,362,PIETRA,Vide,False,False,False,0,1,bottom_only,historical_namespace,unpaired
2025_PIETRA_Cam_B_5_363.jpg,2025,,B,5,363,PIETRA,Vide,False,False,False,0,1,bottom_only,historical_namespace,unpaired
2025_PIETRA_Cam_B_5_364.jpg,2025,,B,5,364,PIETRA,PIETRA,False,True,False,0,1,bottom_only,historical_namespace,unpaired
2025_PIETRA_Cam_B_5_365.jpg,2025,,B,5,365,PIETRA,Vide,False,False,False,0,1,bottom_only,historical_namespace,unpaired
2025_PIETRA_Cam_B_5_366.jpg,2025,,B,5,366,PIETRA,PIETRA,False,False,False,0,1,bottom_only,historical_namespace,unpaired
2025_PIETRA_Cam_B_5_367.jpg,2025,,B,5,367,PIETRA,PIETRA,False,False,False,0,1,bottom_only,historical_namespace,unpaired
2025_PIETRA_Cam_B_5_368.jpg,2025,,B,5,368,PIETRA,PIETRA,False,True,False,0,1,bottom_only,historical_namespace,unpaired
2025_PIETRA_Cam_B_5_369.jpg,2025,,B,5,369,PIETRA,PIETRA,False,True,False,0,1,bottom_only,historical_namespace,unpaired
2025_PIETRA_Cam_B_5_370.jpg,2025,,B,5,370,PIETRA,PIETRA,False,True,False,0,1,bottom_only,historical_namespace,unpaired
2025_PIETRA_Cam_B_5_371.jpg,2025,,B,5,371,PIETRA,Vide,False,False,False,0,1,bottom_only,historical_namespace,unpaired
2025_PIETRA_Cam_B_5_372.jpg,2025,,B,5,372,PIETRA,Vide,False,False,False,0,1,bottom_only,historical_namespace,unpaired
2025_PIETRA_Cam_B_5_373.jpg,2025,,B,5,373,PIETRA,Vide,False,False,False,0,1,bottom_only,historical_namespace,unpaired
2025_PIETRA_Cam_B_5_374.jpg,2025,,B,5,374,PIETRA,PIETRA,False,True,False,0,1,bottom_only,historical_namespace,unpaired
2025_PIETRA_Cam_B_5_375.jpg,2025,,B,5,375,PIETRA,PIETRA,False,True,False,0,1,bottom_only,historical_namespace,unpaired
2025_PIETRA_Cam_B_5_376.jpg,2025,,B,5,376,PIETRA,PIETRA,False,True,False,0,1,bottom_only,historical_namespace,unpaired
2025_PIETRA_Cam_B_5_377.jpg,2025,,B,5,377,PIETRA,PIETRA,False,True,False,0,1,bottom_only,historical_namespace,unpaired
2025_PIETRA_Cam_B_5_378.jpg,2025,,B,5,378,PIETRA,PIETRA,False,False,False,0,1,bottom_only,historical_namespace,unpaired
2025_PIETRA_Cam_B_5_379.jpg,2025,,B,5,379,PIETRA,Vide,False,False,False,0,1,bottom_only,historical_namespace,unpaired
2025_PIETRA_Cam_B_5_380.jpg,2025,,B,5,380,PIETRA,PIETRA,False,False,False,0,1,bottom_only,historical_namespace,unpaired
2025_PIETRA_Cam_B_5_381.jpg,2025,,B,5,381,PIETRA,Vide,False,False,False,0,1,bottom_only,historical_namespace,unpaired
2025_PIETRA_Cam_B_5_382.jpg,2025,,B,5,382,PIETRA,Vide,False,False,False,0,1,bottom_only,historical_namespace,unpaired
2025_PIETRA_Cam_B_5_383.jpg,2025,,B,5,383,PIETRA,PIETRA,False,True,False,0,1,bottom_only,historical_namespace,unpaired
2025_PIETRA_Cam_B_5_384.jpg,2025,,B,5,384,PIETRA,Vide,False,False,False,0,1,bottom_only,historical_namespace,unpaired
2025_PIETRA_Cam_B_6_16.jpg,2025,,B,6,16,PIETRA,Vide,False,False,False,0,1,bottom_only,historical_namespace,unpaired
2025_PIETRA_Cam_B_6_178.jpg,2025,,B,6,178,PIETRA,Vide,False,False,False,0,1,bottom_only,historical_namespace,unpaired
2025_PIETRA_Cam_B_6_183.jpg,2025,,B,6,183,PIETRA,PIETRA,False,True,False,0,1,bottom_only,historical_namespace,unpaired
2025_PIETRA_Cam_B_6_202.jpg,2025,,B,6,202,PIETRA,PIETRA,False,True,False,0,1,bottom_only,historical_namespace,unpaired
2025_PIETRA_Cam_B_6_21.jpg,2025,,B,6,21,PIETRA,Vide,False,False,False,0,1,bottom_only,historical_namespace,unpaired
2025_PIETRA_Cam_B_6_213.jpg,2025,,B,6,213,PIETRA,Vide,False,False,False,0,1,bottom_only,historical_namespace,unpaired
2025_PIETRA_Cam_B_6_232.jpg,2025,,B,6,232,PIETRA,PIETRA,False,True,False,0,1,bottom_only,historical_namespace,unpaired
2025_PIETRA_Cam_B_6_233.jpg,2025,,B,6,233,PIETRA,PIETRA,False,False,False,0,1,bottom_only,historical_namespace,unpaired
2025_PIETRA_Cam_B_6_303.jpg,2025,,B,6,303,PIETRA,PIETRA,False,True,False,0,1,bottom_only,historical_namespace,unpaired
2025_PIETRA_Cam_B_6_307.jpg,2025,,B,6,307,PIETRA,PIETRA,False,False,False,0,1,bottom_only,historical_namespace,unpaired
2025_PIETRA_Cam_B_6_310.jpg,2025,,B,6,310,PIETRA,PIETRA,False,True,False,0,1,bottom_only,historical_namespace,unpaired
2025_PIETRA_Cam_B_6_315.jpg,2025,,B,6,315,PIETRA,Vide,False,False,False,0,1,bottom_only,historical_namespace,unpaired
2025_PIETRA_Cam_B_6_340.jpg,2025,,B,6,340,PIETRA,PIETRA,False,True,False,0,1,bottom_only,historical_namespace,unpaired
2025_PIETRA_Cam_B_6_355.jpg,2025,,B,6,355,PIETRA,PIETRA,False,False,False,0,1,bottom_only,historical_namespace,unpaired
2025_PIETRA_Cam_B_6_356.jpg,2025,,B,6,356,PIETRA,PIETRA,False,True,False,0,1,bottom_only,historical_namespace,unpaired
2025_PIETRA_Cam_B_6_43.jpg,2025,,B,6,43,PIETRA,PIETRA,False,True,False,0,1,bottom_only,historical_namespace,unpaired
2025_PIETRA_Cam_B_6_89.jpg,2025,,B,6,89,PIETRA,PIETRA,False,True,False,0,1,bottom_only,historical_namespace,unpaired
2025_PIETRA_Cam_T_1_132.jpg,2025,,T,1,132,PIETRA,PIETRA,False,False,False,1,0,top_only,historical_namespace,unpaired
2025_PIETRA_Cam_T_1_145.jpg,2025,,T,1,145,PIETRA,PIETRA,False,True,False,1,0,top_only,historical_namespace,unpaired
2025_PIETRA_Cam_T_1_189.jpg,2025,,T,1,189,PIETRA,PIETRA,False,False,False,1,0,top_only,historical_namespace,unpaired
2025_PIETRA_Cam_T_1_190.jpg,2025,,T,1,190,PIETRA,Vide,False,False,False,1,0,top_only,historical_namespace,unpaired
2025_PIETRA_Cam_T_1_191.jpg,2025,,T,1,191,PIETRA,PIETRA,False,False,False,1,0,top_only,historical_namespace,unpaired
2025_PIETRA_Cam_T_1_192.jpg,2025,,T,1,192,PIETRA,Vide,False,False,False,1,0,top_only,historical_namespace,unpaired
2025_PIETRA_Cam_T_1_221.jpg,2025,,T,1,221,PIETRA,Vide,False,False,False,1,0,top_only,historical_namespace,unpaired
2025_PIETRA_Cam_T_1_296.jpg,2025,,T,1,296,PIETRA,Vide,False,False,False,1,0,top_only,historical_namespace,unpaired
2025_PIETRA_Cam_T_1_313.jpg,2025,,T,1,313,PIETRA,Vide,False,False,False,1,0,top_only,historical_namespace,unpaired
2025_PIETRA_Cam_T_1_314.jpg,2025,,T,1,314,PIETRA,PIETRA,False,True,False,1,0,top_only,historical_namespace,unpaired
2025_PIETRA_Cam_T_1_358.jpg,2025,,T,1,358,PIETRA,PIETRA,False,True,False,1,0,top_only,historical_namespace,unpaired
2025_PIETRA_Cam_T_1_363.jpg,2025,,T,1,363,PIETRA,PIETRA,False,False,False,1,0,top_only,historical_namespace,unpaired
2025_PIETRA_Cam_T_2_316.jpg,2025,,T,2,316,PIETRA,PIETRA,True,False,False,1,0,top_only,historical_namespace,unpaired
2025_PIETRA_Cam_T_3_153.jpg,2025,,T,3,153,PIETRA,Vide,False,False,False,1,0,top_only,historical_namespace,unpaired
2025_PIETRA_Cam_T_3_19.jpg,2025,,T,3,19,PIETRA,Vide,False,False,False,1,0,top_only,historical_namespace,unpaired
2025_PIETRA_Cam_T_4_120.jpg,2025,,T,4,120,PIETRA,PIETRA,False,False,False,1,0,top_only,historical_namespace,unpaired
2025_PIETRA_Cam_T_4_127.jpg,2025,,T,4,127,PIETRA,PIETRA,False,False,False,1,0,top_only,historical_namespace,unpaired
2025_PIETRA_Cam_T_4_153.jpg,2025,,T,4,153,PIETRA,Vide,False,False,False,1,0,top_only,historical_namespace,unpaired
2025_PIETRA_Cam_T_4_169.jpg,2025,,T,4,169,PIETRA,Vide,False,False,False,1,0,top_only,historical_namespace,unpaired
2025_PIETRA_Cam_T_4_209.jpg,2025,,T,4,209,PIETRA,Vide,False,False,False,1,0,top_only,historical_namespace,unpaired
2025_PIETRA_Cam_T_4_238.jpg,2025,,T,4,238,PIETRA,PIETRA,False,True,False,1,0,top_only,historical_namespace,unpaired
2025_PIETRA_Cam_T_4_259.jpg,2025,,T,4,259,PIETRA,PIETRA,False,True,False,1,0,top_only,historical_namespace,unpaired
2025_PIETRA_Cam_T_4_262.jpg,2025,,T,4,262,PIETRA,PIETRA,False,True,False,1,0,top_only,historical_namespace,unpaired
2025_PIETRA_Cam_T_4_265.jpg,2025,,T,4,265,PIETRA,PIETRA,False,True,False,1,0,top_only,historical_namespace,unpaired
2025_PIETRA_Cam_T_4_27.jpg,2025,,T,4,27,PIETRA,PIETRA,False,True,False,1,0,top_only,historical_namespace,unpaired
2025_PIETRA_Cam_T_4_275.jpg,2025,,T,4,275,PIETRA,Vide,False,False,False,1,0,top_only,historical_namespace,unpaired
2025_PIETRA_Cam_T_4_282.jpg,2025,,T,4,282,PIETRA,PIETRA,False,False,False,1,0,top_only,historical_namespace,unpaired
2025_PIETRA_Cam_T_4_285.jpg,2025,,T,4,285,PIETRA,PIETRA,False,True,False,1,0,top_only,historical_namespace,unpaired
2025_PIETRA_Cam_T_4_288.jpg,2025,,T,4,288,PIETRA,Vide,False,False,False,1,0,top_only,historical_namespace,unpaired
2025_PIETRA_Cam_T_4_291.jpg,2025,,T,4,291,PIETRA,Vide,False,False,False,1,0,top_only,historical_namespace,unpaired
2025_PIETRA_Cam_T_4_327.jpg,2025,,T,4,327,PIETRA,Vide,False,False,False,1,0,top_only,historical_namespace,unpaired
2025_PIETRA_Cam_T_4_330.jpg,2025,,T,4,330,PIETRA,Vide,False,False,False,1,0,top_only,historical_namespace,unpaired
2025_PIETRA_Cam_T_4_331.jpg,2025,,T,4,331,PIETRA,PIETRA,False,True,False,1,0,top_only,historical_namespace,unpaired
2025_PIETRA_Cam_T_4_332.jpg,2025,,T,4,332,PIETRA,PIETRA,False,False,False,1,0,top_only,historical_namespace,unpaired
2025_PIETRA_Cam_T_4_333.jpg,2025,,T,4,333,PIETRA,PIETRA,False,True,False,1,0,top_only,historical_namespace,unpaired
2025_PIETRA_Cam_T_4_334.jpg,2025,,T,4,334,PIETRA,Vide,False,False,False,1,0,top_only,historical_namespace,unpaired
2025_PIETRA_Cam_T_4_335.jpg,2025,,T,4,335,PIETRA,Vide,False,False,False,1,0,top_only,historical_namespace,unpaired
2025_PIETRA_Cam_T_4_336.jpg,2025,,T,4,336,PIETRA,PIETRA,False,True,False,1,0,top_only,historical_namespace,unpaired
2025_PIETRA_Cam_T_4_337.jpg,2025,,T,4,337,PIETRA,Vide,False,False,False,1,0,top_only,historical_namespace,unpaired
2025_PIETRA_Cam_T_4_338.jpg,2025,,T,4,338,PIETRA,PIETRA,False,False,False,1,0,top_only,historical_namespace,unpaired
2025_PIETRA_Cam_T_4_339.jpg,2025,,T,4,339,PIETRA,PIETRA,False,False,False,1,0,top_only,historical_namespace,unpaired
2025_PIETRA_Cam_T_4_340.jpg,2025,,T,4,340,PIETRA,PIETRA,False,True,False,1,0,top_only,historical_namespace,unpaired
2025_PIETRA_Cam_T_4_341.jpg,2025,,T,4,341,PIETRA,PIETRA,False,True,False,1,0,top_only,historical_namespace,unpaired
2025_PIETRA_Cam_T_4_342.jpg,2025,,T,4,342,PIETRA,Vide,False,False,False,1,0,top_only,historical_namespace,unpaired
2025_PIETRA_Cam_T_4_343.jpg,2025,,T,4,343,PIETRA,PIETRA,False,False,False,1,0,top_only,historical_namespace,unpaired
2025_PIETRA_Cam_T_4_344.jpg,2025,,T,4,344,PIETRA,Vide,False,False,False,1,0,top_only,historical_namespace,unpaired
2025_PIETRA_Cam_T_4_345.jpg,2025,,T,4,345,PIETRA,Vide,False,False,False,1,0,top_only,historical_namespace,unpaired
2025_PIETRA_Cam_T_4_346.jpg,2025,,T,4,346,PIETRA,PIETRA,False,True,False,1,0,top_only,historical_namespace,unpaired
2025_PIETRA_Cam_T_4_347.jpg,2025,,T,4,347,PIETRA,PIETRA,False,True,False,1,0,top_only,historical_namespace,unpaired
2025_PIETRA_Cam_T_4_348.jpg,2025,,T,4,348,PIETRA,Vide,False,False,False,1,0,top_only,historical_namespace,unpaired
2025_PIETRA_Cam_T_4_349.jpg,2025,,T,4,349,PIETRA,Vide,False,False,False,1,0,top_only,historical_namespace,unpaired
2025_PIETRA_Cam_T_4_350.jpg,2025,,T,4,350,PIETRA,PIETRA,False,False,False,1,0,top_only,historical_namespace,unpaired
2025_PIETRA_Cam_T_4_351.jpg,2025,,T,4,351,PIETRA,Vide,False,False,False,1,0,top_only,historical_namespace,unpaired
2025_PIETRA_Cam_T_4_352.jpg,2025,,T,4,352,PIETRA,PIETRA,False,True,False,1,0,top_only,historical_namespace,unpaired
2025_PIETRA_Cam_T_4_353.jpg,2025,,T,4,353,PIETRA,PIETRA,False,False,False,1,0,top_only,historical_namespace,unpaired
2025_PIETRA_Cam_T_4_354.jpg,2025,,T,4,354,PIETRA,Vide,False,False,False,1,0,top_only,historical_namespace,unpaired
2025_PIETRA_Cam_T_4_355.jpg,2025,,T,4,355,PIETRA,Vide,False,False,False,1,0,top_only,historical_namespace,unpaired
2025_PIETRA_Cam_T_4_356.jpg,2025,,T,4,356,PIETRA,Vide,False,False,False,1,0,top_only,historical_namespace,unpaired
2025_PIETRA_Cam_T_4_357.jpg,2025,,T,4,357,PIETRA,Vide,False,False,False,1,0,top_only,historical_namespace,unpaired
2025_PIETRA_Cam_T_4_358.jpg,2025,,T,4,358,PIETRA,Vide,False,False,False,1,0,top_only,historical_namespace,unpaired
2025_PIETRA_Cam_T_4_359.jpg,2025,,T,4,359,PIETRA,PIETRA,False,True,False,1,0,top_only,historical_namespace,unpaired
2025_PIETRA_Cam_T_4_360.jpg,2025,,T,4,360,PIETRA,PIETRA,False,True,False,1,0,top_only,historical_namespace,unpaired
2025_PIETRA_Cam_T_4_361.jpg,2025,,T,4,361,PIETRA,PIETRA,False,True,False,1,0,top_only,historical_namespace,unpaired
2025_PIETRA_Cam_T_4_362.jpg,2025,,T,4,362,PIETRA,Vide,False,False,False,1,0,top_only,historical_namespace,unpaired
2025_PIETRA_Cam_T_4_363.jpg,2025,,T,4,363,PIETRA,Vide,False,False,False,1,0,top_only,historical_namespace,unpaired
2025_PIETRA_Cam_T_4_364.jpg,2025,,T,4,364,PIETRA,PIETRA,False,True,False,1,0,top_only,historical_namespace,unpaired
2025_PIETRA_Cam_T_4_365.jpg,2025,,T,4,365,PIETRA,PIETRA,False,False,False,1,0,top_only,historical_namespace,unpaired
2025_PIETRA_Cam_T_4_366.jpg,2025,,T,4,366,PIETRA,PIETRA,False,False,False,1,0,top_only,historical_namespace,unpaired
2025_PIETRA_Cam_T_4_367.jpg,2025,,T,4,367,PIETRA,Vide,False,False,False,1,0,top_only,historical_namespace,unpaired
2025_PIETRA_Cam_T_4_368.jpg,2025,,T,4,368,PIETRA,Vide,False,False,False,1,0,top_only,historical_namespace,unpaired
2025_PIETRA_Cam_T_4_369.jpg,2025,,T,4,369,PIETRA,PIETRA,False,True,False,1,0,top_only,historical_namespace,unpaired
2025_PIETRA_Cam_T_4_370.jpg,2025,,T,4,370,PIETRA,Vide,False,False,False,1,0,top_only,historical_namespace,unpaired
2025_PIETRA_Cam_T_4_371.jpg,2025,,T,4,371,PIETRA,Vide,False,False,False,1,0,top_only,historical_namespace,unpaired
2025_PIETRA_Cam_T_4_372.jpg,2025,,T,4,372,PIETRA,Vide,False,False,False,1,0,top_only,historical_namespace,unpaired
2025_PIETRA_Cam_T_4_373.jpg,2025,,T,4,373,PIETRA,PIETRA,False,False,False,1,0,top_only,historical_namespace,unpaired
2025_PIETRA_Cam_T_4_374.jpg,2025,,T,4,374,PIETRA,Vide,False,False,False,1,0,top_only,historical_namespace,unpaired
2025_PIETRA_Cam_T_4_375.jpg,2025,,T,4,375,PIETRA,PIETRA,False,True,False,1,0,top_only,historical_namespace,unpaired
2025_PIETRA_Cam_T_4_376.jpg,2025,,T,4,376,PIETRA,PIETRA,False,True,False,1,0,top_only,historical_namespace,unpaired
2025_PIETRA_Cam_T_4_377.jpg,2025,,T,4,377,PIETRA,Vide,False,False,False,1,0,top_only,historical_namespace,unpaired
2025_PIETRA_Cam_T_4_378.jpg,2025,,T,4,378,PIETRA,PIETRA,False,True,False,1,0,top_only,historical_namespace,unpaired
2025_PIETRA_Cam_T_4_379.jpg,2025,,T,4,379,PIETRA,PIETRA,False,True,False,1,0,top_only,historical_namespace,unpaired
2025_PIETRA_Cam_T_4_38.jpg,2025,,T,4,38,PIETRA,PIETRA,False,False,False,1,0,top_only,historical_namespace,unpaired
2025_PIETRA_Cam_T_4_380.jpg,2025,,T,4,380,PIETRA,PIETRA,False,True,False,1,0,top_only,historical_namespace,unpaired
2025_PIETRA_Cam_T_4_381.jpg,2025,,T,4,381,PIETRA,PIETRA,False,True,False,1,0,top_only,historical_namespace,unpaired
2025_PIETRA_Cam_T_4_382.jpg,2025,,T,4,382,PIETRA,PIETRA,False,True,False,1,0,top_only,historical_namespace,unpaired
2025_PIETRA_Cam_T_4_383.jpg,2025,,T,4,383,PIETRA,PIETRA,False,True,False,1,0,top_only,historical_namespace,unpaired
2025_PIETRA_Cam_T_4_384.jpg,2025,,T,4,384,PIETRA,PIETRA,False,True,False,1,0,top_only,historical_namespace,unpaired
2025_PIETRA_Cam_T_4_385.jpg,2025,,T,4,385,PIETRA,PIETRA,False,True,False,1,0,top_only,historical_namespace,unpaired
2025_PIETRA_Cam_T_4_386.jpg,2025,,T,4,386,PIETRA,Vide,False,False,False,1,0,top_only,historical_namespace,unpaired
2025_PIETRA_Cam_T_4_387.jpg,2025,,T,4,387,PIETRA,PIETRA,False,True,False,1,0,top_only,historical_namespace,unpaired
2025_PIETRA_Cam_T_4_388.jpg,2025,,T,4,388,PIETRA,PIETRA,False,False,False,1,0,top_only,historical_namespace,unpaired
2025_PIETRA_Cam_T_4_389.jpg,2025,,T,4,389,PIETRA,PIETRA,False,True,False,1,0,top_only,historical_namespace,unpaired
2025_PIETRA_Cam_T_4_390.jpg,2025,,T,4,390,PIETRA,Vide,False,False,False,1,0,top_only,historical_namespace,unpaired
2025_PIETRA_Cam_T_4_391.jpg,2025,,T,4,391,PIETRA,Vide,False,False,False,1,0,top_only,historical_namespace,unpaired
2025_PIETRA_Cam_T_6_149.jpg,2025,,T,6,149,PIETRA,PIETRA,False,True,False,1,0,top_only,historical_namespace,unpaired
2025_PIETRA_Cam_T_6_161.jpg,2025,,T,6,161,PIETRA,PIETRA,False,False,False,1,0,top_only,historical_namespace,unpaired
2025_PIETRA_Cam_T_6_162.jpg,2025,,T,6,162,PIETRA,Vide,False,False,False,1,0,top_only,historical_namespace,unpaired
2025_PIETRA_Cam_T_6_200.jpg,2025,,T,6,200,PIETRA,Vide,False,False,False,1,0,top_only,historical_namespace,unpaired
2025_PIETRA_Cam_T_6_203.jpg,2025,,T,6,203,PIETRA,PIETRA,False,True,False,1,0,top_only,historical_namespace,unpaired
2025_PIETRA_Cam_T_6_215.jpg,2025,,T,6,215,PIETRA,Vide,False,False,False,1,0,top_only,historical_namespace,unpaired
2025_PIETRA_Cam_T_6_221.jpg,2025,,T,6,221,PIETRA,PIETRA,False,False,False,1,0,top_only,historical_namespace,unpaired
2025_PIETRA_Cam_T_6_251.jpg,2025,,T,6,251,PIETRA,Vide,False,False,False,1,0,top_only,historical_namespace,unpaired
2025_PIETRA_Cam_T_6_260.jpg,2025,,T,6,260,PIETRA,Vide,False,False,False,1,0,top_only,historical_namespace,unpaired
2025_PIETRA_Cam_T_6_262.jpg,2025,,T,6,262,PIETRA,Vide,False,False,False,1,0,top_only,historical_namespace,unpaired
2025_PIETRA_Cam_T_6_271.jpg,2025,,T,6,271,PIETRA,Vide,False,False,False,1,0,top_only,historical_namespace,unpaired
2025_PIETRA_Cam_T_6_288.jpg,2025,,T,6,288,PIETRA,PIETRA,False,False,False,1,0,top_only,historical_namespace,unpaired
2025_PIETRA_Cam_T_6_296.jpg,2025,,T,6,296,PIETRA,Vide,False,False,False,1,0,top_only,historical_namespace,unpaired
2025_PIETRA_Cam_T_6_302.jpg,2025,,T,6,302,PIETRA,Vide,False,False,False,1,0,top_only,historical_namespace,unpaired
2025_PIETRA_Cam_T_6_306.jpg,2025,,T,6,306,PIETRA,PIETRA,False,True,False,1,0,top_only,historical_namespace,unpaired
2025_PIETRA_Cam_T_6_325.jpg,2025,,T,6,325,PIETRA,Vide,False,False,False,1,0,top_only,historical_namespace,unpaired
2025_PIETRA_Cam_T_6_328.jpg,2025,,T,6,328,PIETRA,PIETRA,False,True,False,1,0,top_only,historical_namespace,unpaired
2025_PIETRA_Cam_T_6_329.jpg,2025,,T,6,329,PIETRA,Vide,False,False,False,1,0,top_only,historical_namespace,unpaired
2025_PIETRA_Cam_T_6_330.jpg,2025,,T,6,330,PIETRA,PIETRA,False,True,False,1,0,top_only,historical_namespace,unpaired
2025_PIETRA_Cam_T_6_331.jpg,2025,,T,6,331,PIETRA,Vide,False,False,False,1,0,top_only,historical_namespace,unpaired
2025_PIETRA_Cam_T_6_332.jpg,2025,,T,6,332,PIETRA,PIETRA,False,True,False,1,0,top_only,historical_namespace,unpaired
2025_PIETRA_Cam_T_6_333.jpg,2025,,T,6,333,PIETRA,PIETRA,False,False,False,1,0,top_only,historical_namespace,unpaired
2025_PIETRA_Cam_T_6_337.jpg,2025,,T,6,337,PIETRA,Vide,False,False,False,1,0,top_only,historical_namespace,unpaired
2025_PIETRA_Cam_T_6_369.jpg,2025,,T,6,369,PIETRA,PIETRA,False,False,False,1,0,top_only,historical_namespace,unpaired
2025_PIETRA_Cam_T_6_376.jpg,2025,,T,6,376,PIETRA,Vide,False,False,False,1,0,top_only,historical_namespace,unpaired
2025_PIETRA_Cam_T_6_382.jpg,2025,,T,6,382,PIETRA,Vide,False,False,False,1,0,top_only,historical_namespace,unpaired
2025_PIETRA_Cam_T_6_385.jpg,2025,,T,6,385,PIETRA,PIETRA,False,False,False,1,0,top_only,historical_namespace,unpaired
2025_PIETRA_Cam_T_6_386.jpg,2025,,T,6,386,PIETRA,PIETRA,False,True,False,1,0,top_only,historical_namespace,unpaired
2025_PIETRA_Cam_T_6_387.jpg,2025,,T,6,387,PIETRA,PIETRA,False,False,False,1,0,top_only,historical_namespace,unpaired
2026_Conforme_Cam_B_1_407.jpg,2026,,B,1,407,Conforme,Vide,False,False,False,0,1,bottom_only,historical_namespace,unpaired
2026_Conforme_Cam_B_1_408.jpg,2026,,B,1,408,Conforme,Vide,False,False,False,0,1,bottom_only,historical_namespace,unpaired
2026_Conforme_Cam_B_1_409.jpg,2026,,B,1,409,Conforme,Vide,False,False,False,0,1,bottom_only,historical_namespace,unpaired
2026_Conforme_Cam_B_1_410.jpg,2026,,B,1,410,Conforme,Vide,False,False,False,0,1,bottom_only,historical_namespace,unpaired
2026_Conforme_Cam_B_1_411.jpg,2026,,B,1,411,Conforme,Vide,False,False,False,0,1,bottom_only,historical_namespace,unpaired
2026_Conforme_Cam_B_1_412.jpg,2026,,B,1,412,Conforme,Vide,False,False,False,0,1,bottom_only,historical_namespace,unpaired
2026_Conforme_Cam_B_1_413.jpg,2026,,B,1,413,Conforme,Vide,False,False,False,0,1,bottom_only,historical_namespace,unpaired
2026_Conforme_Cam_B_1_414.jpg,2026,,B,1,414,Conforme,Vide,False,False,False,0,1,bottom_only,historical_namespace,unpaired
2026_Conforme_Cam_B_2_414.jpg,2026,,B,2,414,Conforme,Vide,False,False,False,0,1,bottom_only,historical_namespace,unpaired
2026_Conforme_Cam_B_2_415.jpg,2026,,B,2,415,Conforme,Vide,False,False,False,0,1,bottom_only,historical_namespace,unpaired
2026_Conforme_Cam_B_2_416.jpg,2026,,B,2,416,Conforme,Vide,False,False,False,0,1,bottom_only,historical_namespace,unpaired
2026_Conforme_Cam_B_2_417.jpg,2026,,B,2,417,Conforme,Vide,False,False,False,0,1,bottom_only,historical_namespace,unpaired
2026_Conforme_Cam_B_3_405.jpg,2026,,B,3,405,Conforme,Vide,False,False,False,0,1,bottom_only,historical_namespace,unpaired
2026_Conforme_Cam_B_3_406.jpg,2026,,B,3,406,Conforme,Vide,False,False,False,0,1,bottom_only,historical_namespace,unpaired
2026_Conforme_Cam_B_3_407.jpg,2026,,B,3,407,Conforme,Vide,False,False,False,0,1,bottom_only,historical_namespace,unpaired
2026_Conforme_Cam_B_3_408.jpg,2026,,B,3,408,Conforme,Vide,False,False,False,0,1,bottom_only,historical_namespace,unpaired
2026_Conforme_Cam_B_3_409.jpg,2026,,B,3,409,Conforme,Vide,False,False,False,0,1,bottom_only,historical_namespace,unpaired
2026_Conforme_Cam_B_3_410.jpg,2026,,B,3,410,Conforme,Vide,False,False,False,0,1,bottom_only,historical_namespace,unpaired
2026_Conforme_Cam_B_3_411.jpg,2026,,B,3,411,Conforme,Vide,False,False,False,0,1,bottom_only,historical_namespace,unpaired
2026_Conforme_Cam_B_3_412.jpg,2026,,B,3,412,Conforme,Vide,False,False,False,0,1,bottom_only,historical_namespace,unpaired
2026_Conforme_Cam_B_3_413.jpg,2026,,B,3,413,Conforme,Vide,False,False,False,0,1,bottom_only,historical_namespace,unpaired
2026_Conforme_Cam_B_3_414.jpg,2026,,B,3,414,Conforme,Conforme,False,True,False,0,1,bottom_only,historical_namespace,unpaired
2026_Conforme_Cam_B_3_415.jpg,2026,,B,3,415,Conforme,Vide,False,False,False,0,1,bottom_only,historical_namespace,unpaired
2026_Conforme_Cam_B_3_416.jpg,2026,,B,3,416,Conforme,Vide,False,False,False,0,1,bottom_only,historical_namespace,unpaired
2026_Conforme_Cam_B_3_417.jpg,2026,,B,3,417,Conforme,Vide,False,False,False,0,1,bottom_only,historical_namespace,unpaired
2026_Conforme_Cam_B_3_418.jpg,2026,,B,3,418,Conforme,Vide,False,False,False,0,1,bottom_only,historical_namespace,unpaired
2026_Conforme_Cam_B_3_419.jpg,2026,,B,3,419,Conforme,Vide,False,False,False,0,1,bottom_only,historical_namespace,unpaired
2026_Conforme_Cam_B_3_420.jpg,2026,,B,3,420,Conforme,Vide,False,False,False,0,1,bottom_only,historical_namespace,unpaired
2026_Conforme_Cam_B_3_421.jpg,2026,,B,3,421,Conforme,Vide,False,False,False,0,1,bottom_only,historical_namespace,unpaired
2026_Conforme_Cam_B_3_422.jpg,2026,,B,3,422,Conforme,Vide,False,False,False,0,1,bottom_only,historical_namespace,unpaired
2026_Conforme_Cam_B_3_423.jpg,2026,,B,3,423,Conforme,Vide,False,False,False,0,1,bottom_only,historical_namespace,unpaired
2026_Conforme_Cam_B_3_424.jpg,2026,,B,3,424,Conforme,Vide,False,False,False,0,1,bottom_only,historical_namespace,unpaired
2026_Conforme_Cam_B_5_394.jpg,2026,,B,5,394,Conforme,Vide,False,False,False,0,1,bottom_only,historical_namespace,unpaired
2026_Conforme_Cam_B_5_395.jpg,2026,,B,5,395,Conforme,Vide,False,False,False,0,1,bottom_only,historical_namespace,unpaired
2026_Conforme_Cam_B_5_396.jpg,2026,,B,5,396,Conforme,Vide,False,False,False,0,1,bottom_only,historical_namespace,unpaired
2026_Conforme_Cam_B_5_397.jpg,2026,,B,5,397,Conforme,Vide,False,False,False,0,1,bottom_only,historical_namespace,unpaired
2026_Conforme_Cam_B_5_398.jpg,2026,,B,5,398,Conforme,Vide,False,False,False,0,1,bottom_only,historical_namespace,unpaired
2026_Conforme_Cam_B_5_399.jpg,2026,,B,5,399,Conforme,Vide,False,False,False,0,1,bottom_only,historical_namespace,unpaired
2026_Conforme_Cam_B_5_400.jpg,2026,,B,5,400,Conforme,Vide,False,False,False,0,1,bottom_only,historical_namespace,unpaired
2026_Conforme_Cam_B_5_401.jpg,2026,,B,5,401,Conforme,Vide,False,False,False,0,1,bottom_only,historical_namespace,unpaired
2026_Conforme_Cam_B_5_402.jpg,2026,,B,5,402,Conforme,Vide,False,False,False,0,1,bottom_only,historical_namespace,unpaired
2026_Conforme_Cam_B_5_403.jpg,2026,,B,5,403,Conforme,Vide,False,False,False,0,1,bottom_only,historical_namespace,unpaired
2026_Conforme_Cam_B_5_404.jpg,2026,,B,5,404,Conforme,Vide,False,False,False,0,1,bottom_only,historical_namespace,unpaired
2026_Conforme_Cam_B_5_405.jpg,2026,,B,5,405,Conforme,Vide,False,False,False,0,1,bottom_only,historical_namespace,unpaired
2026_Conforme_Cam_B_5_406.jpg,2026,,B,5,406,Conforme,Vide,False,False,False,0,1,bottom_only,historical_namespace,unpaired
2026_Conforme_Cam_B_5_407.jpg,2026,,B,5,407,Conforme,Vide,False,False,False,0,1,bottom_only,historical_namespace,unpaired
2026_Conforme_Cam_B_5_408.jpg,2026,,B,5,408,Conforme,Vide,False,False,False,0,1,bottom_only,historical_namespace,unpaired
2026_Conforme_Cam_B_5_409.jpg,2026,,B,5,409,Conforme,Vide,False,False,False,0,1,bottom_only,historical_namespace,unpaired
2026_Conforme_Cam_B_5_410.jpg,2026,,B,5,410,Conforme,Vide,False,False,False,0,1,bottom_only,historical_namespace,unpaired
2026_Conforme_Cam_B_5_411.jpg,2026,,B,5,411,Conforme,Vide,False,False,False,0,1,bottom_only,historical_namespace,unpaired
2026_Conforme_Cam_B_6_167.jpg,2026,,B,6,167,Conforme,Conforme,False,True,False,0,1,bottom_only,historical_namespace,unpaired
2026_Conforme_Cam_B_6_181.jpg,2026,,B,6,181,Conforme,Conforme,False,False,False,0,1,bottom_only,historical_namespace,unpaired
2026_Conforme_Cam_B_6_21.jpg,2026,,B,6,21,Conforme,Conforme,False,True,False,0,1,bottom_only,historical_namespace,unpaired
2026_Conforme_Cam_B_6_248.jpg,2026,,B,6,248,Conforme,Vide,False,False,False,0,1,bottom_only,historical_namespace,unpaired
2026_Conforme_Cam_B_6_344.jpg,2026,,B,6,344,Conforme,Conforme,False,True,False,0,1,bottom_only,historical_namespace,unpaired
2026_Conforme_Cam_B_6_384.jpg,2026,,B,6,384,Conforme,Vide,False,False,False,0,1,bottom_only,historical_namespace,unpaired
2026_Conforme_Cam_B_6_401.jpg,2026,,B,6,401,Conforme,Vide,False,False,False,0,1,bottom_only,historical_namespace,unpaired
2026_Conforme_Cam_B_6_402.jpg,2026,,B,6,402,Conforme,Vide,False,False,False,0,1,bottom_only,historical_namespace,unpaired
2026_Conforme_Cam_B_6_45.jpg,2026,,B,6,45,Conforme,Conforme,False,False,False,0,1,bottom_only,historical_namespace,unpaired
2026_Conforme_Cam_B_6_71.jpg,2026,,B,6,71,Conforme,Conforme,False,False,False,0,1,bottom_only,historical_namespace,unpaired
2026_Conforme_Cam_B_6_92.jpg,2026,,B,6,92,Conforme,Vide,False,False,False,0,1,bottom_only,historical_namespace,unpaired
2026_Conforme_Cam_T_1_11.jpg,2026,,T,1,11,Conforme,Vide,False,False,False,1,0,top_only,historical_namespace,unpaired
2026_Conforme_Cam_T_1_153.jpg,2026,,T,1,153,Conforme,Conforme,False,False,False,1,0,top_only,historical_namespace,unpaired
2026_Conforme_Cam_T_1_16.jpg,2026,,T,1,16,Conforme,Vide,False,False,False,1,0,top_only,historical_namespace,unpaired
2026_Conforme_Cam_T_1_185.jpg,2026,,T,1,185,Conforme,Conforme,False,False,False,1,0,top_only,historical_namespace,unpaired
2026_Conforme_Cam_T_1_188.jpg,2026,,T,1,188,Conforme,Conforme,False,False,False,1,0,top_only,historical_namespace,unpaired
2026_Conforme_Cam_T_1_2.jpg,2026,,T,1,2,Conforme,Vide,False,False,False,1,0,top_only,historical_namespace,unpaired
2026_Conforme_Cam_T_1_208.jpg,2026,,T,1,208,Conforme,Vide,False,False,False,1,0,top_only,historical_namespace,unpaired
2026_Conforme_Cam_T_1_217.jpg,2026,,T,1,217,Conforme,Conforme,False,True,False,1,0,top_only,historical_namespace,unpaired
2026_Conforme_Cam_T_1_230.jpg,2026,,T,1,230,Conforme,Conforme,False,False,False,1,0,top_only,historical_namespace,unpaired
2026_Conforme_Cam_T_1_265.jpg,2026,,T,1,265,Conforme,Conforme,False,False,False,1,0,top_only,historical_namespace,unpaired
2026_Conforme_Cam_T_1_324.jpg,2026,,T,1,324,Conforme,Conforme,False,False,False,1,0,top_only,historical_namespace,unpaired
2026_Conforme_Cam_T_1_334.jpg,2026,,T,1,334,Conforme,Conforme,True,False,False,1,0,top_only,historical_namespace,unpaired
2026_Conforme_Cam_T_1_353.jpg,2026,,T,1,353,Conforme,Vide,False,False,False,1,0,top_only,historical_namespace,unpaired
2026_Conforme_Cam_T_1_369.jpg,2026,,T,1,369,Conforme,Conforme,False,False,False,1,0,top_only,historical_namespace,unpaired
2026_Conforme_Cam_T_1_48.jpg,2026,,T,1,48,Conforme,Vide,False,False,False,1,0,top_only,historical_namespace,unpaired
2026_Conforme_Cam_T_1_96.jpg,2026,,T,1,96,Conforme,Conforme,False,True,False,1,0,top_only,historical_namespace,unpaired
2026_Conforme_Cam_T_1_97.jpg,2026,,T,1,97,Conforme,Conforme,False,False,False,1,0,top_only,historical_namespace,unpaired
2026_Conforme_Cam_T_2_15.jpg,2026,,T,2,15,Conforme,Vide,False,False,False,1,0,top_only,historical_namespace,unpaired
2026_Conforme_Cam_T_4_14.jpg,2026,,T,4,14,Conforme,Conforme,False,False,False,1,0,top_only,historical_namespace,unpaired
2026_Conforme_Cam_T_4_161.jpg,2026,,T,4,161,Conforme,Conforme,False,False,False,1,0,top_only,historical_namespace,unpaired
2026_Conforme_Cam_T_4_20.jpg,2026,,T,4,20,Conforme,Conforme,False,False,False,1,0,top_only,historical_namespace,unpaired
2026_Conforme_Cam_T_4_213.jpg,2026,,T,4,213,Conforme,Conforme,False,False,False,1,0,top_only,historical_namespace,unpaired
2026_Conforme_Cam_T_4_269.jpg,2026,,T,4,269,Conforme,Conforme,False,False,False,1,0,top_only,historical_namespace,unpaired
2026_Conforme_Cam_T_4_314.jpg,2026,,T,4,314,Conforme,Conforme,False,False,False,1,0,top_only,historical_namespace,unpaired
2026_Conforme_Cam_T_4_353.jpg,2026,,T,4,353,Conforme,Conforme,False,False,False,1,0,top_only,historical_namespace,unpaired
2026_Conforme_Cam_T_4_354.jpg,2026,,T,4,354,Conforme,Conforme,False,False,False,1,0,top_only,historical_namespace,unpaired
2026_Conforme_Cam_T_4_367.jpg,2026,,T,4,367,Conforme,Conforme,False,False,False,1,0,top_only,historical_namespace,unpaired
2026_Conforme_Cam_T_4_37.jpg,2026,,T,4,37,Conforme,Conforme,False,False,False,1,0,top_only,historical_namespace,unpaired
2026_Conforme_Cam_T_4_386.jpg,2026,,T,4,386,Conforme,Vide,False,False,False,1,0,top_only,historical_namespace,unpaired
2026_Conforme_Cam_T_4_387.jpg,2026,,T,4,387,Conforme,Conforme,False,True,False,1,0,top_only,historical_namespace,unpaired
2026_Conforme_Cam_T_4_389.jpg,2026,,T,4,389,Conforme,Vide,False,False,False,1,0,top_only,historical_namespace,unpaired
2026_Conforme_Cam_T_4_390.jpg,2026,,T,4,390,Conforme,Vide,False,False,False,1,0,top_only,historical_namespace,unpaired
2026_Conforme_Cam_T_4_393.jpg,2026,,T,4,393,Conforme,Vide,False,False,False,1,0,top_only,historical_namespace,unpaired
2026_Conforme_Cam_T_4_402.jpg,2026,,T,4,402,Conforme,Vide,False,False,False,1,0,top_only,historical_namespace,unpaired
2026_Conforme_Cam_T_6_165.jpg,2026,,T,6,165,Conforme,Conforme,False,False,False,1,0,top_only,historical_namespace,unpaired
2026_Conforme_Cam_T_6_169.jpg,2026,,T,6,169,Conforme,Conforme,False,False,False,1,0,top_only,historical_namespace,unpaired
2026_Conforme_Cam_T_6_171.jpg,2026,,T,6,171,Conforme,Conforme,False,False,False,1,0,top_only,historical_namespace,unpaired
2026_Conforme_Cam_T_6_18.jpg,2026,,T,6,18,Conforme,Vide,False,False,False,1,0,top_only,historical_namespace,unpaired
2026_Conforme_Cam_T_6_210.jpg,2026,,T,6,210,Conforme,Conforme,False,True,False,1,0,top_only,historical_namespace,unpaired
2026_Conforme_Cam_T_6_234.jpg,2026,,T,6,234,Conforme,Vide,False,False,False,1,0,top_only,historical_namespace,unpaired
2026_Conforme_Cam_T_6_278.jpg,2026,,T,6,278,Conforme,Conforme,False,False,False,1,0,top_only,historical_namespace,unpaired
2026_Conforme_Cam_T_6_304.jpg,2026,,T,6,304,Conforme,Conforme,False,False,False,1,0,top_only,historical_namespace,unpaired
2026_Conforme_Cam_T_6_323.jpg,2026,,T,6,323,Conforme,Conforme,True,False,False,1,0,top_only,historical_namespace,unpaired
2026_Conforme_Cam_T_6_343.jpg,2026,,T,6,343,Conforme,Conforme,False,True,False,1,0,top_only,historical_namespace,unpaired
2026_Conforme_Cam_T_6_35.jpg,2026,,T,6,35,Conforme,Conforme,False,False,False,1,0,top_only,historical_namespace,unpaired
2026_Conforme_Cam_T_6_352.jpg,2026,,T,6,352,Conforme,Conforme,False,False,False,1,0,top_only,historical_namespace,unpaired
2026_Conforme_Cam_T_6_354.jpg,2026,,T,6,354,Conforme,Conforme,False,True,False,1,0,top_only,historical_namespace,unpaired
2026_Conforme_Cam_T_6_355.jpg,2026,,T,6,355,Conforme,Vide,False,False,False,1,0,top_only,historical_namespace,unpaired
2026_Conforme_Cam_T_6_365.jpg,2026,,T,6,365,Conforme,Conforme,False,False,False,1,0,top_only,historical_namespace,unpaired
2026_Conforme_Cam_T_6_380.jpg,2026,,T,6,380,Conforme,Conforme,False,True,False,1,0,top_only,historical_namespace,unpaired
2026_Conforme_Cam_T_6_385.jpg,2026,,T,6,385,Conforme,Vide,False,False,False,1,0,top_only,historical_namespace,unpaired
2026_Conforme_Cam_T_6_386.jpg,2026,,T,6,386,Conforme,Vide,False,False,False,1,0,top_only,historical_namespace,unpaired
2026_Conforme_Cam_T_6_387.jpg,2026,,T,6,387,Conforme,Vide,False,False,False,1,0,top_only,historical_namespace,unpaired
2026_Conforme_Cam_T_6_388.jpg,2026,,T,6,388,Conforme,Vide,False,False,False,1,0,top_only,historical_namespace,unpaired
2026_Conforme_Cam_T_6_389.jpg,2026,,T,6,389,Conforme,Vide,False,False,False,1,0,top_only,historical_namespace,unpaired
2026_Conforme_Cam_T_6_398.jpg,2026,,T,6,398,Conforme,Vide,False,False,False,1,0,top_only,historical_namespace,unpaired
2026_Conforme_Cam_T_6_41.jpg,2026,,T,6,41,Conforme,Vide,False,False,False,1,0,top_only,historical_namespace,unpaired
2026_Conforme_Cam_T_6_7.jpg,2026,,T,6,7,Conforme,Vide,False,False,False,1,0,top_only,historical_namespace,unpaired
2026_Conforme_Cam_T_6_85.jpg,2026,,T,6,85,Conforme,Conforme,False,False,False,1,0,top_only,historical_namespace,unpaired
2026_NON_Conforme_Cam_B_3_166.jpg,2026,,B,3,166,NON Conforme,NON Conforme,True,False,False,0,1,bottom_only,historical_namespace,unpaired
2026_NON_Conforme_Cam_B_3_176.jpg,2026,,B,3,176,NON Conforme,NON Conforme,False,False,False,0,1,bottom_only,historical_namespace,unpaired
2026_NON_Conforme_Cam_B_4_280.jpg,2026,,B,4,280,NON Conforme,Vide,False,False,False,0,1,bottom_only,historical_namespace,unpaired
2026_NON_Conforme_Cam_B_4_281.jpg,2026,,B,4,281,NON Conforme,Vide,False,False,False,0,1,bottom_only,historical_namespace,unpaired
2026_NON_Conforme_Cam_B_4_282.jpg,2026,,B,4,282,NON Conforme,Vide,False,False,False,0,1,bottom_only,historical_namespace,unpaired
2026_NON_Conforme_Cam_B_4_283.jpg,2026,,B,4,283,NON Conforme,Vide,False,False,False,0,1,bottom_only,historical_namespace,unpaired
2026_NON_Conforme_Cam_B_4_284.jpg,2026,,B,4,284,NON Conforme,Vide,False,False,False,0,1,bottom_only,historical_namespace,unpaired
2026_NON_Conforme_Cam_B_4_285.jpg,2026,,B,4,285,NON Conforme,Vide,False,False,False,0,1,bottom_only,historical_namespace,unpaired
2026_NON_Conforme_Cam_B_4_9.jpg,2026,,B,4,9,NON Conforme,Vide,False,False,False,0,1,bottom_only,historical_namespace,unpaired
2026_NON_Conforme_Cam_B_5_287.jpg,2026,,B,5,287,NON Conforme,Vide,False,False,False,0,1,bottom_only,historical_namespace,unpaired
2026_NON_Conforme_Cam_B_5_288.jpg,2026,,B,5,288,NON Conforme,Vide,False,False,False,0,1,bottom_only,historical_namespace,unpaired
2026_NON_Conforme_Cam_B_5_289.jpg,2026,,B,5,289,NON Conforme,Vide,False,False,False,0,1,bottom_only,historical_namespace,unpaired
2026_NON_Conforme_Cam_B_5_290.jpg,2026,,B,5,290,NON Conforme,Vide,False,False,False,0,1,bottom_only,historical_namespace,unpaired
2026_NON_Conforme_Cam_B_5_291.jpg,2026,,B,5,291,NON Conforme,Vide,False,False,False,0,1,bottom_only,historical_namespace,unpaired
2026_NON_Conforme_Cam_B_5_292.jpg,2026,,B,5,292,NON Conforme,Vide,False,False,False,0,1,bottom_only,historical_namespace,unpaired
2026_NON_Conforme_Cam_B_5_293.jpg,2026,,B,5,293,NON Conforme,Vide,False,False,False,0,1,bottom_only,historical_namespace,unpaired
2026_NON_Conforme_Cam_B_5_294.jpg,2026,,B,5,294,NON Conforme,Vide,False,False,False,0,1,bottom_only,historical_namespace,unpaired
2026_NON_Conforme_Cam_B_6_132.jpg,2026,,B,6,132,NON Conforme,NON Conforme,False,True,False,0,1,bottom_only,historical_namespace,unpaired
2026_NON_Conforme_Cam_B_6_185.jpg,2026,,B,6,185,NON Conforme,NON Conforme,False,False,False,0,1,bottom_only,historical_namespace,unpaired
2026_NON_Conforme_Cam_B_6_188.jpg,2026,,B,6,188,NON Conforme,NON Conforme,False,False,False,0,1,bottom_only,historical_namespace,unpaired
2026_NON_Conforme_Cam_B_6_203.jpg,2026,,B,6,203,NON Conforme,NON Conforme,False,True,False,0,1,bottom_only,historical_namespace,unpaired
2026_NON_Conforme_Cam_B_6_248.jpg,2026,,B,6,248,NON Conforme,Vide,False,False,False,0,1,bottom_only,historical_namespace,unpaired
2026_NON_Conforme_Cam_B_6_280.jpg,2026,,B,6,280,NON Conforme,Vide,False,False,False,0,1,bottom_only,historical_namespace,unpaired
2026_NON_Conforme_Cam_B_6_281.jpg,2026,,B,6,281,NON Conforme,Vide,False,False,False,0,1,bottom_only,historical_namespace,unpaired
2026_NON_Conforme_Cam_B_6_282.jpg,2026,,B,6,282,NON Conforme,Vide,False,False,False,0,1,bottom_only,historical_namespace,unpaired
2026_NON_Conforme_Cam_T_1_122.jpg,2026,,T,1,122,NON Conforme,Vide,False,False,False,1,0,top_only,historical_namespace,unpaired
2026_NON_Conforme_Cam_T_1_124.jpg,2026,,T,1,124,NON Conforme,NON Conforme,False,True,False,1,0,top_only,historical_namespace,unpaired
2026_NON_Conforme_Cam_T_1_172.jpg,2026,,T,1,172,NON Conforme,NON Conforme,False,False,False,1,0,top_only,historical_namespace,unpaired
2026_NON_Conforme_Cam_T_1_234.jpg,2026,,T,1,234,NON Conforme,NON Conforme,False,False,False,1,0,top_only,historical_namespace,unpaired
2026_NON_Conforme_Cam_T_1_276.jpg,2026,,T,1,276,NON Conforme,Vide,False,False,False,1,0,top_only,historical_namespace,unpaired
2026_NON_Conforme_Cam_T_1_277.jpg,2026,,T,1,277,NON Conforme,Vide,False,False,False,1,0,top_only,historical_namespace,unpaired
2026_NON_Conforme_Cam_T_1_278.jpg,2026,,T,1,278,NON Conforme,Vide,False,False,False,1,0,top_only,historical_namespace,unpaired
2026_NON_Conforme_Cam_T_1_279.jpg,2026,,T,1,279,NON Conforme,Vide,False,False,False,1,0,top_only,historical_namespace,unpaired
2026_NON_Conforme_Cam_T_1_280.jpg,2026,,T,1,280,NON Conforme,Vide,False,False,False,1,0,top_only,historical_namespace,unpaired
2026_NON_Conforme_Cam_T_1_56.jpg,2026,,T,1,56,NON Conforme,NON Conforme,False,False,False,1,0,top_only,historical_namespace,unpaired
2026_NON_Conforme_Cam_T_2_200.jpg,2026,,T,2,200,NON Conforme,Vide,False,False,False,1,0,top_only,historical_namespace,unpaired
2026_NON_Conforme_Cam_T_2_283.jpg,2026,,T,2,283,NON Conforme,Vide,False,False,False,1,0,top_only,historical_namespace,unpaired
2026_NON_Conforme_Cam_T_3_280.jpg,2026,,T,3,280,NON Conforme,Vide,False,False,False,1,0,top_only,historical_namespace,unpaired
2026_NON_Conforme_Cam_T_3_281.jpg,2026,,T,3,281,NON Conforme,Vide,False,False,False,1,0,top_only,historical_namespace,unpaired
2026_NON_Conforme_Cam_T_3_282.jpg,2026,,T,3,282,NON Conforme,Vide,False,False,False,1,0,top_only,historical_namespace,unpaired
2026_NON_Conforme_Cam_T_3_283.jpg,2026,,T,3,283,NON Conforme,Vide,False,False,False,1,0,top_only,historical_namespace,unpaired
2026_NON_Conforme_Cam_T_4_108.jpg,2026,,T,4,108,NON Conforme,NON Conforme,False,False,False,1,0,top_only,historical_namespace,unpaired
2026_NON_Conforme_Cam_T_4_128.jpg,2026,,T,4,128,NON Conforme,NON Conforme,False,False,False,1,0,top_only,historical_namespace,unpaired
2026_NON_Conforme_Cam_T_4_148.jpg,2026,,T,4,148,NON Conforme,NON Conforme,False,False,False,1,0,top_only,historical_namespace,unpaired
2026_NON_Conforme_Cam_T_4_194.jpg,2026,,T,4,194,NON Conforme,NON Conforme,False,False,False,1,0,top_only,historical_namespace,unpaired
2026_NON_Conforme_Cam_T_4_202.jpg,2026,,T,4,202,NON Conforme,Vide,False,False,False,1,0,top_only,historical_namespace,unpaired
2026_NON_Conforme_Cam_T_4_219.jpg,2026,,T,4,219,NON Conforme,NON Conforme,False,False,False,1,0,top_only,historical_namespace,unpaired
2026_NON_Conforme_Cam_T_4_222.jpg,2026,,T,4,222,NON Conforme,NON Conforme,False,False,False,1,0,top_only,historical_namespace,unpaired
2026_NON_Conforme_Cam_T_4_258.jpg,2026,,T,4,258,NON Conforme,NON Conforme,False,False,False,1,0,top_only,historical_namespace,unpaired
2026_NON_Conforme_Cam_T_4_268.jpg,2026,,T,4,268,NON Conforme,NON Conforme,True,False,False,1,0,top_only,historical_namespace,unpaired
2026_NON_Conforme_Cam_T_4_271.jpg,2026,,T,4,271,NON Conforme,Vide,False,False,False,1,0,top_only,historical_namespace,unpaired
2026_NON_Conforme_Cam_T_4_272.jpg,2026,,T,4,272,NON Conforme,Vide,False,False,False,1,0,top_only,historical_namespace,unpaired
2026_NON_Conforme_Cam_T_4_273.jpg,2026,,T,4,273,NON Conforme,Vide,False,False,False,1,0,top_only,historical_namespace,unpaired
2026_NON_Conforme_Cam_T_4_274.jpg,2026,,T,4,274,NON Conforme,Vide,False,False,False,1,0,top_only,historical_namespace,unpaired
2026_NON_Conforme_Cam_T_4_38.jpg,2026,,T,4,38,NON Conforme,NON Conforme,False,False,False,1,0,top_only,historical_namespace,unpaired
2026_NON_Conforme_Cam_T_4_51.jpg,2026,,T,4,51,NON Conforme,NON Conforme,False,False,False,1,0,top_only,historical_namespace,unpaired
2026_NON_Conforme_Cam_T_4_59.jpg,2026,,T,4,59,NON Conforme,NON Conforme,False,True,False,1,0,top_only,historical_namespace,unpaired
2026_NON_Conforme_Cam_T_4_60.jpg,2026,,T,4,60,NON Conforme,NON Conforme,False,False,False,1,0,top_only,historical_namespace,unpaired
2026_NON_Conforme_Cam_T_4_67.jpg,2026,,T,4,67,NON Conforme,NON Conforme,True,False,False,1,0,top_only,historical_namespace,unpaired
2026_NON_Conforme_Cam_T_4_71.jpg,2026,,T,4,71,NON Conforme,Vide,False,False,False,1,0,top_only,historical_namespace,unpaired
2026_NON_Conforme_Cam_T_4_73.jpg,2026,,T,4,73,NON Conforme,Vide,False,False,False,1,0,top_only,historical_namespace,unpaired
2026_NON_Conforme_Cam_T_4_8.jpg,2026,,T,4,8,NON Conforme,Vide,False,False,False,1,0,top_only,historical_namespace,unpaired
2026_NON_Conforme_Cam_T_4_82.jpg,2026,,T,4,82,NON Conforme,NON Conforme,False,False,False,1,0,top_only,historical_namespace,unpaired
2026_NON_Conforme_Cam_T_4_97.jpg,2026,,T,4,97,NON Conforme,NON Conforme,False,False,False,1,0,top_only,historical_namespace,unpaired
2026_NON_Conforme_Cam_T_5_175.jpg,2026,,T,5,175,NON Conforme,NON Conforme,False,False,False,1,0,top_only,historical_namespace,unpaired
2026_NON_Conforme_Cam_T_6_0.jpg,2026,,T,6,0,NON Conforme,Vide,False,False,False,1,0,top_only,historical_namespace,unpaired
2026_NON_Conforme_Cam_T_6_1.jpg,2026,,T,6,1,NON Conforme,Vide,False,False,False,1,0,top_only,historical_namespace,unpaired
2026_NON_Conforme_Cam_T_6_11.jpg,2026,,T,6,11,NON Conforme,Vide,False,False,False,1,0,top_only,historical_namespace,unpaired
2026_NON_Conforme_Cam_T_6_128.jpg,2026,,T,6,128,NON Conforme,Vide,False,False,False,1,0,top_only,historical_namespace,unpaired
2026_NON_Conforme_Cam_T_6_129.jpg,2026,,T,6,129,NON Conforme,NON Conforme,False,False,False,1,0,top_only,historical_namespace,unpaired
2026_NON_Conforme_Cam_T_6_137.jpg,2026,,T,6,137,NON Conforme,Vide,False,False,False,1,0,top_only,historical_namespace,unpaired
2026_NON_Conforme_Cam_T_6_143.jpg,2026,,T,6,143,NON Conforme,NON Conforme,False,False,False,1,0,top_only,historical_namespace,unpaired
2026_NON_Conforme_Cam_T_6_145.jpg,2026,,T,6,145,NON Conforme,NON Conforme,False,False,False,1,0,top_only,historical_namespace,unpaired
2026_NON_Conforme_Cam_T_6_153.jpg,2026,,T,6,153,NON Conforme,NON Conforme,False,False,False,1,0,top_only,historical_namespace,unpaired
2026_NON_Conforme_Cam_T_6_167.jpg,2026,,T,6,167,NON Conforme,NON Conforme,False,False,False,1,0,top_only,historical_namespace,unpaired
2026_NON_Conforme_Cam_T_6_202.jpg,2026,,T,6,202,NON Conforme,NON Conforme,False,False,False,1,0,top_only,historical_namespace,unpaired
2026_NON_Conforme_Cam_T_6_236.jpg,2026,,T,6,236,NON Conforme,NON Conforme,False,True,False,1,0,top_only,historical_namespace,unpaired
2026_NON_Conforme_Cam_T_6_3.jpg,2026,,T,6,3,NON Conforme,Vide,False,False,False,1,0,top_only,historical_namespace,unpaired
2026_NON_Conforme_Cam_T_6_7.jpg,2026,,T,6,7,NON Conforme,Vide,False,False,False,1,0,top_only,historical_namespace,unpaired
2026_NON_Conforme_Cam_T_6_75.jpg,2026,,T,6,75,NON Conforme,NON Conforme,False,True,False,1,0,top_only,historical_namespace,unpaired
2026_NON_Conforme_Cam_T_6_78.jpg,2026,,T,6,78,NON Conforme,NON Conforme,False,False,False,1,0,top_only,historical_namespace,unpaired
2026_PIETRA_Cam_B_1_0.jpg,2026,,B,1,0,PIETRA,Vide,False,False,False,0,1,bottom_only,historical_namespace,unpaired
2026_PIETRA_Cam_B_1_1.jpg,2026,,B,1,1,PIETRA,Vide,False,False,False,0,1,bottom_only,historical_namespace,unpaired
2026_PIETRA_Cam_B_2_0.jpg,2026,,B,2,0,PIETRA,Vide,False,False,False,0,1,bottom_only,historical_namespace,unpaired
2026_PIETRA_Cam_B_2_1.jpg,2026,,B,2,1,PIETRA,Vide,False,False,False,0,1,bottom_only,historical_namespace,unpaired
2026_PIETRA_Cam_B_2_126.jpg,2026,,B,2,126,PIETRA,PIETRA,False,False,False,0,1,bottom_only,historical_namespace,unpaired
2026_PIETRA_Cam_B_3_454.jpg,2026,,B,3,454,PIETRA,PIETRA,False,False,False,0,1,bottom_only,historical_namespace,unpaired
2026_PIETRA_Cam_B_3_544.jpg,2026,,B,3,544,PIETRA,PIETRA,False,False,False,0,1,bottom_only,historical_namespace,unpaired
2026_PIETRA_Cam_B_5_570.jpg,2026,,B,5,570,PIETRA,PIETRA,False,False,False,0,1,bottom_only,historical_namespace,unpaired
2026_PIETRA_Cam_B_5_571.jpg,2026,,B,5,571,PIETRA,Vide,False,False,False,0,1,bottom_only,historical_namespace,unpaired
2026_PIETRA_Cam_B_5_572.jpg,2026,,B,5,572,PIETRA,Vide,False,False,False,0,1,bottom_only,historical_namespace,unpaired
2026_PIETRA_Cam_B_5_573.jpg,2026,,B,5,573,PIETRA,Vide,False,False,False,0,1,bottom_only,historical_namespace,unpaired
2026_PIETRA_Cam_B_5_574.jpg,2026,,B,5,574,PIETRA,Vide,False,False,False,0,1,bottom_only,historical_namespace,unpaired
2026_PIETRA_Cam_B_5_575.jpg,2026,,B,5,575,PIETRA,Vide,False,False,False,0,1,bottom_only,historical_namespace,unpaired
2026_PIETRA_Cam_B_5_576.jpg,2026,,B,5,576,PIETRA,Vide,False,False,False,0,1,bottom_only,historical_namespace,unpaired
2026_PIETRA_Cam_B_5_577.jpg,2026,,B,5,577,PIETRA,Vide,False,False,False,0,1,bottom_only,historical_namespace,unpaired
2026_PIETRA_Cam_B_5_578.jpg,2026,,B,5,578,PIETRA,Vide,False,False,False,0,1,bottom_only,historical_namespace,unpaired
2026_PIETRA_Cam_B_5_579.jpg,2026,,B,5,579,PIETRA,Vide,False,False,False,0,1,bottom_only,historical_namespace,unpaired
2026_PIETRA_Cam_B_5_580.jpg,2026,,B,5,580,PIETRA,Vide,False,False,False,0,1,bottom_only,historical_namespace,unpaired
2026_PIETRA_Cam_B_5_581.jpg,2026,,B,5,581,PIETRA,Vide,False,False,False,0,1,bottom_only,historical_namespace,unpaired
2026_PIETRA_Cam_B_5_582.jpg,2026,,B,5,582,PIETRA,Vide,False,False,False,0,1,bottom_only,historical_namespace,unpaired
2026_PIETRA_Cam_B_5_583.jpg,2026,,B,5,583,PIETRA,Vide,False,False,False,0,1,bottom_only,historical_namespace,unpaired
2026_PIETRA_Cam_B_5_584.jpg,2026,,B,5,584,PIETRA,PIETRA,False,False,False,0,1,bottom_only,historical_namespace,unpaired
2026_PIETRA_Cam_B_5_585.jpg,2026,,B,5,585,PIETRA,PIETRA,False,False,False,0,1,bottom_only,historical_namespace,unpaired
2026_PIETRA_Cam_B_5_586.jpg,2026,,B,5,586,PIETRA,Vide,False,False,False,0,1,bottom_only,historical_namespace,unpaired
2026_PIETRA_Cam_B_5_587.jpg,2026,,B,5,587,PIETRA,Vide,False,False,False,0,1,bottom_only,historical_namespace,unpaired
2026_PIETRA_Cam_B_5_588.jpg,2026,,B,5,588,PIETRA,PIETRA,False,False,False,0,1,bottom_only,historical_namespace,unpaired
2026_PIETRA_Cam_B_5_589.jpg,2026,,B,5,589,PIETRA,PIETRA,False,False,False,0,1,bottom_only,historical_namespace,unpaired
2026_PIETRA_Cam_B_5_590.jpg,2026,,B,5,590,PIETRA,PIETRA,False,False,False,0,1,bottom_only,historical_namespace,unpaired
2026_PIETRA_Cam_B_5_591.jpg,2026,,B,5,591,PIETRA,Vide,False,False,False,0,1,bottom_only,historical_namespace,unpaired
2026_PIETRA_Cam_B_5_592.jpg,2026,,B,5,592,PIETRA,PIETRA,False,False,False,0,1,bottom_only,historical_namespace,unpaired
2026_PIETRA_Cam_B_5_593.jpg,2026,,B,5,593,PIETRA,PIETRA,False,True,False,0,1,bottom_only,historical_namespace,unpaired
2026_PIETRA_Cam_B_5_594.jpg,2026,,B,5,594,PIETRA,Vide,False,False,False,0,1,bottom_only,historical_namespace,unpaired
2026_PIETRA_Cam_B_5_595.jpg,2026,,B,5,595,PIETRA,Vide,False,False,False,0,1,bottom_only,historical_namespace,unpaired
2026_PIETRA_Cam_B_5_596.jpg,2026,,B,5,596,PIETRA,Vide,False,False,False,0,1,bottom_only,historical_namespace,unpaired
2026_PIETRA_Cam_B_5_597.jpg,2026,,B,5,597,PIETRA,Vide,False,False,False,0,1,bottom_only,historical_namespace,unpaired
2026_PIETRA_Cam_B_5_598.jpg,2026,,B,5,598,PIETRA,Vide,False,False,False,0,1,bottom_only,historical_namespace,unpaired
2026_PIETRA_Cam_B_5_599.jpg,2026,,B,5,599,PIETRA,PIETRA,False,False,False,0,1,bottom_only,historical_namespace,unpaired
2026_PIETRA_Cam_B_5_600.jpg,2026,,B,5,600,PIETRA,Vide,False,False,False,0,1,bottom_only,historical_namespace,unpaired
2026_PIETRA_Cam_B_5_601.jpg,2026,,B,5,601,PIETRA,Vide,False,False,False,0,1,bottom_only,historical_namespace,unpaired
2026_PIETRA_Cam_B_5_602.jpg,2026,,B,5,602,PIETRA,PIETRA,False,False,False,0,1,bottom_only,historical_namespace,unpaired
2026_PIETRA_Cam_B_5_603.jpg,2026,,B,5,603,PIETRA,Vide,False,False,False,0,1,bottom_only,historical_namespace,unpaired
2026_PIETRA_Cam_B_5_604.jpg,2026,,B,5,604,PIETRA,Vide,False,False,False,0,1,bottom_only,historical_namespace,unpaired
2026_PIETRA_Cam_B_5_605.jpg,2026,,B,5,605,PIETRA,PIETRA,False,False,False,0,1,bottom_only,historical_namespace,unpaired
2026_PIETRA_Cam_B_5_606.jpg,2026,,B,5,606,PIETRA,Vide,False,False,False,0,1,bottom_only,historical_namespace,unpaired
2026_PIETRA_Cam_B_5_607.jpg,2026,,B,5,607,PIETRA,Vide,False,False,False,0,1,bottom_only,historical_namespace,unpaired
2026_PIETRA_Cam_B_5_608.jpg,2026,,B,5,608,PIETRA,PIETRA,False,False,False,0,1,bottom_only,historical_namespace,unpaired
2026_PIETRA_Cam_B_5_609.jpg,2026,,B,5,609,PIETRA,PIETRA,False,False,False,0,1,bottom_only,historical_namespace,unpaired
2026_PIETRA_Cam_B_5_610.jpg,2026,,B,5,610,PIETRA,Vide,False,False,False,0,1,bottom_only,historical_namespace,unpaired
2026_PIETRA_Cam_B_5_611.jpg,2026,,B,5,611,PIETRA,Vide,False,False,False,0,1,bottom_only,historical_namespace,unpaired
2026_PIETRA_Cam_B_5_612.jpg,2026,,B,5,612,PIETRA,Vide,False,False,False,0,1,bottom_only,historical_namespace,unpaired
2026_PIETRA_Cam_B_6_242.jpg,2026,,B,6,242,PIETRA,PIETRA,False,False,False,0,1,bottom_only,historical_namespace,unpaired
2026_PIETRA_Cam_B_6_246.jpg,2026,,B,6,246,PIETRA,PIETRA,False,True,False,0,1,bottom_only,historical_namespace,unpaired
2026_PIETRA_Cam_B_6_263.jpg,2026,,B,6,263,PIETRA,Vide,False,False,False,0,1,bottom_only,historical_namespace,unpaired
2026_PIETRA_Cam_B_6_427.jpg,2026,,B,6,427,PIETRA,PIETRA,False,False,False,0,1,bottom_only,historical_namespace,unpaired
2026_PIETRA_Cam_B_6_57.jpg,2026,,B,6,57,PIETRA,PIETRA,False,True,False,0,1,bottom_only,historical_namespace,unpaired
2026_PIETRA_Cam_B_6_96.jpg,2026,,B,6,96,PIETRA,PIETRA,True,False,False,0,1,bottom_only,historical_namespace,unpaired
2026_PIETRA_Cam_B_6_97.jpg,2026,,B,6,97,PIETRA,PIETRA,False,False,False,0,1,bottom_only,historical_namespace,unpaired
2026_PIETRA_Cam_T_1_101.jpg,2026,,T,1,101,PIETRA,PIETRA,False,False,False,1,0,top_only,historical_namespace,unpaired
2026_PIETRA_Cam_T_1_11.jpg,2026,,T,1,11,PIETRA,Vide,False,False,False,1,0,top_only,historical_namespace,unpaired
2026_PIETRA_Cam_T_1_116.jpg,2026,,T,1,116,PIETRA,PIETRA,False,False,False,1,0,top_only,historical_namespace,unpaired
2026_PIETRA_Cam_T_1_118.jpg,2026,,T,1,118,PIETRA,Vide,False,False,False,1,0,top_only,historical_namespace,unpaired
2026_PIETRA_Cam_T_1_119.jpg,2026,,T,1,119,PIETRA,Vide,False,False,False,1,0,top_only,historical_namespace,unpaired
2026_PIETRA_Cam_T_1_120.jpg,2026,,T,1,120,PIETRA,Vide,False,False,False,1,0,top_only,historical_namespace,unpaired
2026_PIETRA_Cam_T_1_123.jpg,2026,,T,1,123,PIETRA,PIETRA,False,False,False,1,0,top_only,historical_namespace,unpaired
2026_PIETRA_Cam_T_1_14.jpg,2026,,T,1,14,PIETRA,Vide,False,False,False,1,0,top_only,historical_namespace,unpaired
2026_PIETRA_Cam_T_1_166.jpg,2026,,T,1,166,PIETRA,Vide,False,False,False,1,0,top_only,historical_namespace,unpaired
2026_PIETRA_Cam_T_1_175.jpg,2026,,T,1,175,PIETRA,Vide,False,False,False,1,0,top_only,historical_namespace,unpaired
2026_PIETRA_Cam_T_1_178.jpg,2026,,T,1,178,PIETRA,Vide,False,False,False,1,0,top_only,historical_namespace,unpaired
2026_PIETRA_Cam_T_1_183.jpg,2026,,T,1,183,PIETRA,Vide,False,False,False,1,0,top_only,historical_namespace,unpaired
2026_PIETRA_Cam_T_1_190.jpg,2026,,T,1,190,PIETRA,Vide,False,False,False,1,0,top_only,historical_namespace,unpaired
2026_PIETRA_Cam_T_1_193.jpg,2026,,T,1,193,PIETRA,Vide,False,False,False,1,0,top_only,historical_namespace,unpaired
2026_PIETRA_Cam_T_1_204.jpg,2026,,T,1,204,PIETRA,Vide,False,False,False,1,0,top_only,historical_namespace,unpaired
2026_PIETRA_Cam_T_1_209.jpg,2026,,T,1,209,PIETRA,Vide,False,False,False,1,0,top_only,historical_namespace,unpaired
2026_PIETRA_Cam_T_1_211.jpg,2026,,T,1,211,PIETRA,Vide,False,False,False,1,0,top_only,historical_namespace,unpaired
2026_PIETRA_Cam_T_1_24.jpg,2026,,T,1,24,PIETRA,Vide,False,False,False,1,0,top_only,historical_namespace,unpaired
2026_PIETRA_Cam_T_1_248.jpg,2026,,T,1,248,PIETRA,Vide,False,False,False,1,0,top_only,historical_namespace,unpaired
2026_PIETRA_Cam_T_1_255.jpg,2026,,T,1,255,PIETRA,Vide,False,False,False,1,0,top_only,historical_namespace,unpaired
2026_PIETRA_Cam_T_1_266.jpg,2026,,T,1,266,PIETRA,Vide,False,False,False,1,0,top_only,historical_namespace,unpaired
2026_PIETRA_Cam_T_1_277.jpg,2026,,T,1,277,PIETRA,Vide,False,False,False,1,0,top_only,historical_namespace,unpaired
2026_PIETRA_Cam_T_1_282.jpg,2026,,T,1,282,PIETRA,Vide,False,False,False,1,0,top_only,historical_namespace,unpaired
2026_PIETRA_Cam_T_1_306.jpg,2026,,T,1,306,PIETRA,Vide,False,False,False,1,0,top_only,historical_namespace,unpaired
2026_PIETRA_Cam_T_1_375.jpg,2026,,T,1,375,PIETRA,Vide,False,False,False,1,0,top_only,historical_namespace,unpaired
2026_PIETRA_Cam_T_1_382.jpg,2026,,T,1,382,PIETRA,Vide,False,False,False,1,0,top_only,historical_namespace,unpaired
2026_PIETRA_Cam_T_1_384.jpg,2026,,T,1,384,PIETRA,Vide,False,False,False,1,0,top_only,historical_namespace,unpaired
2026_PIETRA_Cam_T_1_390.jpg,2026,,T,1,390,PIETRA,PIETRA,False,False,False,1,0,top_only,historical_namespace,unpaired
2026_PIETRA_Cam_T_1_405.jpg,2026,,T,1,405,PIETRA,Vide,False,False,False,1,0,top_only,historical_namespace,unpaired
2026_PIETRA_Cam_T_1_415.jpg,2026,,T,1,415,PIETRA,PIETRA,False,False,False,1,0,top_only,historical_namespace,unpaired
2026_PIETRA_Cam_T_1_454.jpg,2026,,T,1,454,PIETRA,Vide,False,False,False,1,0,top_only,historical_namespace,unpaired
2026_PIETRA_Cam_T_1_482.jpg,2026,,T,1,482,PIETRA,Vide,False,False,False,1,0,top_only,historical_namespace,unpaired
2026_PIETRA_Cam_T_1_485.jpg,2026,,T,1,485,PIETRA,Vide,False,False,False,1,0,top_only,historical_namespace,unpaired
2026_PIETRA_Cam_T_1_486.jpg,2026,,T,1,486,PIETRA,Vide,False,False,False,1,0,top_only,historical_namespace,unpaired
2026_PIETRA_Cam_T_1_487.jpg,2026,,T,1,487,PIETRA,Vide,False,False,False,1,0,top_only,historical_namespace,unpaired
2026_PIETRA_Cam_T_1_493.jpg,2026,,T,1,493,PIETRA,Vide,False,False,False,1,0,top_only,historical_namespace,unpaired
2026_PIETRA_Cam_T_1_521.jpg,2026,,T,1,521,PIETRA,Vide,False,False,False,1,0,top_only,historical_namespace,unpaired
2026_PIETRA_Cam_T_1_559.jpg,2026,,T,1,559,PIETRA,Vide,False,False,False,1,0,top_only,historical_namespace,unpaired
2026_PIETRA_Cam_T_1_567.jpg,2026,,T,1,567,PIETRA,PIETRA,False,False,False,1,0,top_only,historical_namespace,unpaired
2026_PIETRA_Cam_T_1_568.jpg,2026,,T,1,568,PIETRA,PIETRA,False,False,False,1,0,top_only,historical_namespace,unpaired
2026_PIETRA_Cam_T_1_569.jpg,2026,,T,1,569,PIETRA,PIETRA,False,False,False,1,0,top_only,historical_namespace,unpaired
2026_PIETRA_Cam_T_1_570.jpg,2026,,T,1,570,PIETRA,PIETRA,True,False,False,1,0,top_only,historical_namespace,unpaired
2026_PIETRA_Cam_T_1_571.jpg,2026,,T,1,571,PIETRA,Vide,False,False,False,1,0,top_only,historical_namespace,unpaired
2026_PIETRA_Cam_T_1_572.jpg,2026,,T,1,572,PIETRA,PIETRA,False,False,False,1,0,top_only,historical_namespace,unpaired
2026_PIETRA_Cam_T_1_573.jpg,2026,,T,1,573,PIETRA,Vide,False,False,False,1,0,top_only,historical_namespace,unpaired
2026_PIETRA_Cam_T_1_574.jpg,2026,,T,1,574,PIETRA,PIETRA,False,True,False,1,0,top_only,historical_namespace,unpaired
2026_PIETRA_Cam_T_1_575.jpg,2026,,T,1,575,PIETRA,Vide,False,False,False,1,0,top_only,historical_namespace,unpaired
2026_PIETRA_Cam_T_1_576.jpg,2026,,T,1,576,PIETRA,Vide,False,False,False,1,0,top_only,historical_namespace,unpaired
2026_PIETRA_Cam_T_1_577.jpg,2026,,T,1,577,PIETRA,Vide,False,False,False,1,0,top_only,historical_namespace,unpaired
2026_PIETRA_Cam_T_1_578.jpg,2026,,T,1,578,PIETRA,PIETRA,False,False,False,1,0,top_only,historical_namespace,unpaired
2026_PIETRA_Cam_T_1_579.jpg,2026,,T,1,579,PIETRA,PIETRA,True,False,False,1,0,top_only,historical_namespace,unpaired
2026_PIETRA_Cam_T_1_580.jpg,2026,,T,1,580,PIETRA,Vide,False,False,False,1,0,top_only,historical_namespace,unpaired
2026_PIETRA_Cam_T_1_581.jpg,2026,,T,1,581,PIETRA,Vide,False,False,False,1,0,top_only,historical_namespace,unpaired
2026_PIETRA_Cam_T_1_582.jpg,2026,,T,1,582,PIETRA,Vide,False,False,False,1,0,top_only,historical_namespace,unpaired
2026_PIETRA_Cam_T_1_583.jpg,2026,,T,1,583,PIETRA,Vide,False,False,False,1,0,top_only,historical_namespace,unpaired
2026_PIETRA_Cam_T_1_584.jpg,2026,,T,1,584,PIETRA,Vide,False,False,False,1,0,top_only,historical_namespace,unpaired
2026_PIETRA_Cam_T_1_585.jpg,2026,,T,1,585,PIETRA,Vide,False,False,False,1,0,top_only,historical_namespace,unpaired
2026_PIETRA_Cam_T_1_586.jpg,2026,,T,1,586,PIETRA,Vide,False,False,False,1,0,top_only,historical_namespace,unpaired
2026_PIETRA_Cam_T_1_587.jpg,2026,,T,1,587,PIETRA,PIETRA,False,False,False,1,0,top_only,historical_namespace,unpaired
2026_PIETRA_Cam_T_1_588.jpg,2026,,T,1,588,PIETRA,PIETRA,False,True,False,1,0,top_only,historical_namespace,unpaired
2026_PIETRA_Cam_T_1_589.jpg,2026,,T,1,589,PIETRA,Vide,False,False,False,1,0,top_only,historical_namespace,unpaired
2026_PIETRA_Cam_T_1_590.jpg,2026,,T,1,590,PIETRA,Vide,False,False,False,1,0,top_only,historical_namespace,unpaired
2026_PIETRA_Cam_T_1_591.jpg,2026,,T,1,591,PIETRA,Vide,False,False,False,1,0,top_only,historical_namespace,unpaired
2026_PIETRA_Cam_T_1_592.jpg,2026,,T,1,592,PIETRA,PIETRA,False,False,False,1,0,top_only,historical_namespace,unpaired
2026_PIETRA_Cam_T_1_66.jpg,2026,,T,1,66,PIETRA,Vide,False,False,False,1,0,top_only,historical_namespace,unpaired
2026_PIETRA_Cam_T_2_586.jpg,2026,,T,2,586,PIETRA,Vide,False,False,False,1,0,top_only,historical_namespace,unpaired
2026_PIETRA_Cam_T_2_587.jpg,2026,,T,2,587,PIETRA,PIETRA,False,False,False,1,0,top_only,historical_namespace,unpaired
2026_PIETRA_Cam_T_2_588.jpg,2026,,T,2,588,PIETRA,PIETRA,False,False,False,1,0,top_only,historical_namespace,unpaired
2026_PIETRA_Cam_T_2_589.jpg,2026,,T,2,589,PIETRA,PIETRA,False,False,False,1,0,top_only,historical_namespace,unpaired
2026_PIETRA_Cam_T_2_590.jpg,2026,,T,2,590,PIETRA,PIETRA,False,False,False,1,0,top_only,historical_namespace,unpaired
2026_PIETRA_Cam_T_2_591.jpg,2026,,T,2,591,PIETRA,PIETRA,True,False,False,1,0,top_only,historical_namespace,unpaired
2026_PIETRA_Cam_T_2_592.jpg,2026,,T,2,592,PIETRA,PIETRA,False,False,False,1,0,top_only,historical_namespace,unpaired
2026_PIETRA_Cam_T_2_593.jpg,2026,,T,2,593,PIETRA,Vide,False,False,False,1,0,top_only,historical_namespace,unpaired
2026_PIETRA_Cam_T_2_594.jpg,2026,,T,2,594,PIETRA,PIETRA,False,False,False,1,0,top_only,historical_namespace,unpaired
2026_PIETRA_Cam_T_2_595.jpg,2026,,T,2,595,PIETRA,PIETRA,False,False,False,1,0,top_only,historical_namespace,unpaired
2026_PIETRA_Cam_T_2_596.jpg,2026,,T,2,596,PIETRA,PIETRA,False,False,False,1,0,top_only,historical_namespace,unpaired
2026_PIETRA_Cam_T_2_597.jpg,2026,,T,2,597,PIETRA,PIETRA,False,False,False,1,0,top_only,historical_namespace,unpaired
2026_PIETRA_Cam_T_2_598.jpg,2026,,T,2,598,PIETRA,PIETRA,False,False,False,1,0,top_only,historical_namespace,unpaired
2026_PIETRA_Cam_T_2_599.jpg,2026,,T,2,599,PIETRA,PIETRA,False,False,False,1,0,top_only,historical_namespace,unpaired
2026_PIETRA_Cam_T_2_600.jpg,2026,,T,2,600,PIETRA,PIETRA,False,False,False,1,0,top_only,historical_namespace,unpaired
2026_PIETRA_Cam_T_2_601.jpg,2026,,T,2,601,PIETRA,PIETRA,False,False,False,1,0,top_only,historical_namespace,unpaired
2026_PIETRA_Cam_T_2_602.jpg,2026,,T,2,602,PIETRA,PIETRA,False,False,False,1,0,top_only,historical_namespace,unpaired
2026_PIETRA_Cam_T_2_603.jpg,2026,,T,2,603,PIETRA,Vide,False,False,False,1,0,top_only,historical_namespace,unpaired
2026_PIETRA_Cam_T_2_604.jpg,2026,,T,2,604,PIETRA,Vide,False,False,False,1,0,top_only,historical_namespace,unpaired
2026_PIETRA_Cam_T_3_13.jpg,2026,,T,3,13,PIETRA,Vide,False,False,False,1,0,top_only,historical_namespace,unpaired
2026_PIETRA_Cam_T_3_375.jpg,2026,,T,3,375,PIETRA,PIETRA,False,False,False,1,0,top_only,historical_namespace,unpaired
2026_PIETRA_Cam_T_3_580.jpg,2026,,T,3,580,PIETRA,Vide,False,False,False,1,0,top_only,historical_namespace,unpaired
2026_PIETRA_Cam_T_3_581.jpg,2026,,T,3,581,PIETRA,Vide,False,False,False,1,0,top_only,historical_namespace,unpaired
2026_PIETRA_Cam_T_3_582.jpg,2026,,T,3,582,PIETRA,Vide,False,False,False,1,0,top_only,historical_namespace,unpaired
2026_PIETRA_Cam_T_3_583.jpg,2026,,T,3,583,PIETRA,Vide,False,False,False,1,0,top_only,historical_namespace,unpaired
2026_PIETRA_Cam_T_3_584.jpg,2026,,T,3,584,PIETRA,PIETRA,False,False,False,1,0,top_only,historical_namespace,unpaired
2026_PIETRA_Cam_T_3_585.jpg,2026,,T,3,585,PIETRA,PIETRA,False,False,False,1,0,top_only,historical_namespace,unpaired
2026_PIETRA_Cam_T_3_586.jpg,2026,,T,3,586,PIETRA,Vide,False,False,False,1,0,top_only,historical_namespace,unpaired
2026_PIETRA_Cam_T_3_587.jpg,2026,,T,3,587,PIETRA,PIETRA,False,False,False,1,0,top_only,historical_namespace,unpaired
2026_PIETRA_Cam_T_3_588.jpg,2026,,T,3,588,PIETRA,PIETRA,False,False,False,1,0,top_only,historical_namespace,unpaired
2026_PIETRA_Cam_T_3_589.jpg,2026,,T,3,589,PIETRA,Vide,False,False,False,1,0,top_only,historical_namespace,unpaired
2026_PIETRA_Cam_T_3_590.jpg,2026,,T,3,590,PIETRA,Vide,False,False,False,1,0,top_only,historical_namespace,unpaired
2026_PIETRA_Cam_T_3_591.jpg,2026,,T,3,591,PIETRA,PIETRA,False,False,False,1,0,top_only,historical_namespace,unpaired
2026_PIETRA_Cam_T_4_115.jpg,2026,,T,4,115,PIETRA,PIETRA,False,False,False,1,0,top_only,historical_namespace,unpaired
2026_PIETRA_Cam_T_4_116.jpg,2026,,T,4,116,PIETRA,PIETRA,True,False,False,1,0,top_only,historical_namespace,unpaired
2026_PIETRA_Cam_T_4_119.jpg,2026,,T,4,119,PIETRA,PIETRA,False,False,False,1,0,top_only,historical_namespace,unpaired
2026_PIETRA_Cam_T_4_12.jpg,2026,,T,4,12,PIETRA,Vide,False,False,False,1,0,top_only,historical_namespace,unpaired
2026_PIETRA_Cam_T_4_121.jpg,2026,,T,4,121,PIETRA,PIETRA,False,False,False,1,0,top_only,historical_namespace,unpaired
2026_PIETRA_Cam_T_4_125.jpg,2026,,T,4,125,PIETRA,Vide,False,False,False,1,0,top_only,historical_namespace,unpaired
2026_PIETRA_Cam_T_4_127.jpg,2026,,T,4,127,PIETRA,PIETRA,False,False,False,1,0,top_only,historical_namespace,unpaired
2026_PIETRA_Cam_T_4_128.jpg,2026,,T,4,128,PIETRA,PIETRA,False,False,False,1,0,top_only,historical_namespace,unpaired
2026_PIETRA_Cam_T_4_134.jpg,2026,,T,4,134,PIETRA,Vide,False,False,False,1,0,top_only,historical_namespace,unpaired
2026_PIETRA_Cam_T_4_137.jpg,2026,,T,4,137,PIETRA,PIETRA,False,False,False,1,0,top_only,historical_namespace,unpaired
2026_PIETRA_Cam_T_4_140.jpg,2026,,T,4,140,PIETRA,Vide,False,False,False,1,0,top_only,historical_namespace,unpaired
2026_PIETRA_Cam_T_4_153.jpg,2026,,T,4,153,PIETRA,Vide,False,False,False,1,0,top_only,historical_namespace,unpaired
2026_PIETRA_Cam_T_4_156.jpg,2026,,T,4,156,PIETRA,PIETRA,False,False,False,1,0,top_only,historical_namespace,unpaired
2026_PIETRA_Cam_T_4_157.jpg,2026,,T,4,157,PIETRA,Vide,False,False,False,1,0,top_only,historical_namespace,unpaired
2026_PIETRA_Cam_T_4_196.jpg,2026,,T,4,196,PIETRA,Vide,False,False,False,1,0,top_only,historical_namespace,unpaired
2026_PIETRA_Cam_T_4_198.jpg,2026,,T,4,198,PIETRA,PIETRA,False,True,False,1,0,top_only,historical_namespace,unpaired
2026_PIETRA_Cam_T_4_22.jpg,2026,,T,4,22,PIETRA,Vide,False,False,False,1,0,top_only,historical_namespace,unpaired
2026_PIETRA_Cam_T_4_23.jpg,2026,,T,4,23,PIETRA,Vide,False,False,False,1,0,top_only,historical_namespace,unpaired
2026_PIETRA_Cam_T_4_260.jpg,2026,,T,4,260,PIETRA,Vide,False,False,False,1,0,top_only,historical_namespace,unpaired
2026_PIETRA_Cam_T_4_287.jpg,2026,,T,4,287,PIETRA,Vide,False,False,False,1,0,top_only,historical_namespace,unpaired
2026_PIETRA_Cam_T_4_309.jpg,2026,,T,4,309,PIETRA,Vide,False,False,False,1,0,top_only,historical_namespace,unpaired
2026_PIETRA_Cam_T_4_312.jpg,2026,,T,4,312,PIETRA,PIETRA,False,False,False,1,0,top_only,historical_namespace,unpaired
2026_PIETRA_Cam_T_4_313.jpg,2026,,T,4,313,PIETRA,PIETRA,False,False,False,1,0,top_only,historical_namespace,unpaired
2026_PIETRA_Cam_T_4_319.jpg,2026,,T,4,319,PIETRA,Vide,False,False,False,1,0,top_only,historical_namespace,unpaired
2026_PIETRA_Cam_T_4_320.jpg,2026,,T,4,320,PIETRA,PIETRA,False,False,False,1,0,top_only,historical_namespace,unpaired
2026_PIETRA_Cam_T_4_333.jpg,2026,,T,4,333,PIETRA,Vide,False,False,False,1,0,top_only,historical_namespace,unpaired
2026_PIETRA_Cam_T_4_357.jpg,2026,,T,4,357,PIETRA,Vide,False,False,False,1,0,top_only,historical_namespace,unpaired
2026_PIETRA_Cam_T_4_358.jpg,2026,,T,4,358,PIETRA,Vide,False,False,False,1,0,top_only,historical_namespace,unpaired
2026_PIETRA_Cam_T_4_360.jpg,2026,,T,4,360,PIETRA,Vide,False,False,False,1,0,top_only,historical_namespace,unpaired
2026_PIETRA_Cam_T_4_362.jpg,2026,,T,4,362,PIETRA,PIETRA,False,False,False,1,0,top_only,historical_namespace,unpaired
2026_PIETRA_Cam_T_4_363.jpg,2026,,T,4,363,PIETRA,PIETRA,False,False,False,1,0,top_only,historical_namespace,unpaired
2026_PIETRA_Cam_T_4_364.jpg,2026,,T,4,364,PIETRA,Vide,False,False,False,1,0,top_only,historical_namespace,unpaired
2026_PIETRA_Cam_T_4_366.jpg,2026,,T,4,366,PIETRA,Vide,False,False,False,1,0,top_only,historical_namespace,unpaired
2026_PIETRA_Cam_T_4_368.jpg,2026,,T,4,368,PIETRA,Vide,False,False,False,1,0,top_only,historical_namespace,unpaired
2026_PIETRA_Cam_T_4_38.jpg,2026,,T,4,38,PIETRA,Vide,False,False,False,1,0,top_only,historical_namespace,unpaired
2026_PIETRA_Cam_T_4_390.jpg,2026,,T,4,390,PIETRA,Vide,False,False,False,1,0,top_only,historical_namespace,unpaired
2026_PIETRA_Cam_T_4_393.jpg,2026,,T,4,393,PIETRA,Vide,False,False,False,1,0,top_only,historical_namespace,unpaired
2026_PIETRA_Cam_T_4_396.jpg,2026,,T,4,396,PIETRA,Vide,False,False,False,1,0,top_only,historical_namespace,unpaired
2026_PIETRA_Cam_T_4_41.jpg,2026,,T,4,41,PIETRA,Vide,False,False,False,1,0,top_only,historical_namespace,unpaired
2026_PIETRA_Cam_T_4_414.jpg,2026,,T,4,414,PIETRA,PIETRA,False,False,False,1,0,top_only,historical_namespace,unpaired
2026_PIETRA_Cam_T_4_416.jpg,2026,,T,4,416,PIETRA,PIETRA,False,False,False,1,0,top_only,historical_namespace,unpaired
2026_PIETRA_Cam_T_4_417.jpg,2026,,T,4,417,PIETRA,PIETRA,False,False,False,1,0,top_only,historical_namespace,unpaired
2026_PIETRA_Cam_T_4_418.jpg,2026,,T,4,418,PIETRA,PIETRA,False,False,False,1,0,top_only,historical_namespace,unpaired
2026_PIETRA_Cam_T_4_442.jpg,2026,,T,4,442,PIETRA,PIETRA,False,False,False,1,0,top_only,historical_namespace,unpaired
2026_PIETRA_Cam_T_4_468.jpg,2026,,T,4,468,PIETRA,PIETRA,False,False,False,1,0,top_only,historical_namespace,unpaired
2026_PIETRA_Cam_T_4_477.jpg,2026,,T,4,477,PIETRA,PIETRA,False,False,False,1,0,top_only,historical_namespace,unpaired
2026_PIETRA_Cam_T_4_508.jpg,2026,,T,4,508,PIETRA,PIETRA,False,False,False,1,0,top_only,historical_namespace,unpaired
2026_PIETRA_Cam_T_4_511.jpg,2026,,T,4,511,PIETRA,Vide,False,False,False,1,0,top_only,historical_namespace,unpaired
2026_PIETRA_Cam_T_4_514.jpg,2026,,T,4,514,PIETRA,PIETRA,False,False,False,1,0,top_only,historical_namespace,unpaired
2026_PIETRA_Cam_T_4_517.jpg,2026,,T,4,517,PIETRA,PIETRA,False,True,False,1,0,top_only,historical_namespace,unpaired
2026_PIETRA_Cam_T_4_522.jpg,2026,,T,4,522,PIETRA,PIETRA,False,True,False,1,0,top_only,historical_namespace,unpaired
2026_PIETRA_Cam_T_4_523.jpg,2026,,T,4,523,PIETRA,Vide,False,False,False,1,0,top_only,historical_namespace,unpaired
2026_PIETRA_Cam_T_4_524.jpg,2026,,T,4,524,PIETRA,PIETRA,False,True,False,1,0,top_only,historical_namespace,unpaired
2026_PIETRA_Cam_T_4_527.jpg,2026,,T,4,527,PIETRA,Vide,False,False,False,1,0,top_only,historical_namespace,unpaired
2026_PIETRA_Cam_T_4_536.jpg,2026,,T,4,536,PIETRA,PIETRA,False,False,False,1,0,top_only,historical_namespace,unpaired
2026_PIETRA_Cam_T_4_537.jpg,2026,,T,4,537,PIETRA,PIETRA,False,False,False,1,0,top_only,historical_namespace,unpaired
2026_PIETRA_Cam_T_4_538.jpg,2026,,T,4,538,PIETRA,PIETRA,False,False,False,1,0,top_only,historical_namespace,unpaired
2026_PIETRA_Cam_T_4_539.jpg,2026,,T,4,539,PIETRA,PIETRA,False,False,False,1,0,top_only,historical_namespace,unpaired
2026_PIETRA_Cam_T_4_540.jpg,2026,,T,4,540,PIETRA,Vide,False,False,False,1,0,top_only,historical_namespace,unpaired
2026_PIETRA_Cam_T_4_541.jpg,2026,,T,4,541,PIETRA,PIETRA,False,False,False,1,0,top_only,historical_namespace,unpaired
2026_PIETRA_Cam_T_4_542.jpg,2026,,T,4,542,PIETRA,Vide,False,False,False,1,0,top_only,historical_namespace,unpaired
2026_PIETRA_Cam_T_4_543.jpg,2026,,T,4,543,PIETRA,Vide,False,False,False,1,0,top_only,historical_namespace,unpaired
2026_PIETRA_Cam_T_4_544.jpg,2026,,T,4,544,PIETRA,Vide,False,False,False,1,0,top_only,historical_namespace,unpaired
2026_PIETRA_Cam_T_4_545.jpg,2026,,T,4,545,PIETRA,PIETRA,False,False,False,1,0,top_only,historical_namespace,unpaired
2026_PIETRA_Cam_T_4_546.jpg,2026,,T,4,546,PIETRA,Vide,False,False,False,1,0,top_only,historical_namespace,unpaired
2026_PIETRA_Cam_T_4_547.jpg,2026,,T,4,547,PIETRA,PIETRA,False,False,False,1,0,top_only,historical_namespace,unpaired
2026_PIETRA_Cam_T_4_548.jpg,2026,,T,4,548,PIETRA,PIETRA,False,False,False,1,0,top_only,historical_namespace,unpaired
2026_PIETRA_Cam_T_4_549.jpg,2026,,T,4,549,PIETRA,PIETRA,False,False,False,1,0,top_only,historical_namespace,unpaired
2026_PIETRA_Cam_T_4_550.jpg,2026,,T,4,550,PIETRA,PIETRA,False,False,False,1,0,top_only,historical_namespace,unpaired
2026_PIETRA_Cam_T_4_551.jpg,2026,,T,4,551,PIETRA,PIETRA,False,False,False,1,0,top_only,historical_namespace,unpaired
2026_PIETRA_Cam_T_4_552.jpg,2026,,T,4,552,PIETRA,Vide,False,False,False,1,0,top_only,historical_namespace,unpaired
2026_PIETRA_Cam_T_4_553.jpg,2026,,T,4,553,PIETRA,PIETRA,False,False,False,1,0,top_only,historical_namespace,unpaired
2026_PIETRA_Cam_T_4_554.jpg,2026,,T,4,554,PIETRA,Vide,False,False,False,1,0,top_only,historical_namespace,unpaired
2026_PIETRA_Cam_T_4_555.jpg,2026,,T,4,555,PIETRA,PIETRA,False,False,False,1,0,top_only,historical_namespace,unpaired
2026_PIETRA_Cam_T_4_556.jpg,2026,,T,4,556,PIETRA,Vide,False,False,False,1,0,top_only,historical_namespace,unpaired
2026_PIETRA_Cam_T_4_557.jpg,2026,,T,4,557,PIETRA,PIETRA,False,False,False,1,0,top_only,historical_namespace,unpaired
2026_PIETRA_Cam_T_4_558.jpg,2026,,T,4,558,PIETRA,Vide,False,False,False,1,0,top_only,historical_namespace,unpaired
2026_PIETRA_Cam_T_4_559.jpg,2026,,T,4,559,PIETRA,Vide,False,False,False,1,0,top_only,historical_namespace,unpaired
2026_PIETRA_Cam_T_4_560.jpg,2026,,T,4,560,PIETRA,Vide,False,False,False,1,0,top_only,historical_namespace,unpaired
2026_PIETRA_Cam_T_4_561.jpg,2026,,T,4,561,PIETRA,PIETRA,True,False,False,1,0,top_only,historical_namespace,unpaired
2026_PIETRA_Cam_T_4_562.jpg,2026,,T,4,562,PIETRA,Vide,False,False,False,1,0,top_only,historical_namespace,unpaired
2026_PIETRA_Cam_T_4_563.jpg,2026,,T,4,563,PIETRA,Vide,False,False,False,1,0,top_only,historical_namespace,unpaired
2026_PIETRA_Cam_T_4_564.jpg,2026,,T,4,564,PIETRA,Vide,False,False,False,1,0,top_only,historical_namespace,unpaired
2026_PIETRA_Cam_T_4_565.jpg,2026,,T,4,565,PIETRA,Vide,False,False,False,1,0,top_only,historical_namespace,unpaired
2026_PIETRA_Cam_T_4_566.jpg,2026,,T,4,566,PIETRA,Vide,False,False,False,1,0,top_only,historical_namespace,unpaired
2026_PIETRA_Cam_T_4_567.jpg,2026,,T,4,567,PIETRA,Vide,False,False,False,1,0,top_only,historical_namespace,unpaired
2026_PIETRA_Cam_T_4_568.jpg,2026,,T,4,568,PIETRA,Vide,False,False,False,1,0,top_only,historical_namespace,unpaired
2026_PIETRA_Cam_T_4_569.jpg,2026,,T,4,569,PIETRA,PIETRA,False,False,False,1,0,top_only,historical_namespace,unpaired
2026_PIETRA_Cam_T_4_57.jpg,2026,,T,4,57,PIETRA,PIETRA,False,False,False,1,0,top_only,historical_namespace,unpaired
2026_PIETRA_Cam_T_4_570.jpg,2026,,T,4,570,PIETRA,Vide,False,False,False,1,0,top_only,historical_namespace,unpaired
2026_PIETRA_Cam_T_4_571.jpg,2026,,T,4,571,PIETRA,PIETRA,False,False,False,1,0,top_only,historical_namespace,unpaired
2026_PIETRA_Cam_T_4_572.jpg,2026,,T,4,572,PIETRA,Vide,False,False,False,1,0,top_only,historical_namespace,unpaired
2026_PIETRA_Cam_T_4_573.jpg,2026,,T,4,573,PIETRA,Vide,False,False,False,1,0,top_only,historical_namespace,unpaired
2026_PIETRA_Cam_T_4_574.jpg,2026,,T,4,574,PIETRA,Vide,False,False,False,1,0,top_only,historical_namespace,unpaired
2026_PIETRA_Cam_T_4_575.jpg,2026,,T,4,575,PIETRA,Vide,False,False,False,1,0,top_only,historical_namespace,unpaired
2026_PIETRA_Cam_T_4_576.jpg,2026,,T,4,576,PIETRA,Vide,False,False,False,1,0,top_only,historical_namespace,unpaired
2026_PIETRA_Cam_T_4_577.jpg,2026,,T,4,577,PIETRA,Vide,False,False,False,1,0,top_only,historical_namespace,unpaired
2026_PIETRA_Cam_T_4_578.jpg,2026,,T,4,578,PIETRA,Vide,False,False,False,1,0,top_only,historical_namespace,unpaired
2026_PIETRA_Cam_T_4_579.jpg,2026,,T,4,579,PIETRA,Vide,False,False,False,1,0,top_only,historical_namespace,unpaired
2026_PIETRA_Cam_T_4_580.jpg,2026,,T,4,580,PIETRA,PIETRA,False,False,False,1,0,top_only,historical_namespace,unpaired
2026_PIETRA_Cam_T_4_581.jpg,2026,,T,4,581,PIETRA,PIETRA,False,True,False,1,0,top_only,historical_namespace,unpaired
2026_PIETRA_Cam_T_4_582.jpg,2026,,T,4,582,PIETRA,PIETRA,False,True,False,1,0,top_only,historical_namespace,unpaired
2026_PIETRA_Cam_T_4_583.jpg,2026,,T,4,583,PIETRA,Vide,False,False,False,1,0,top_only,historical_namespace,unpaired
2026_PIETRA_Cam_T_4_584.jpg,2026,,T,4,584,PIETRA,Vide,False,False,False,1,0,top_only,historical_namespace,unpaired
2026_PIETRA_Cam_T_4_585.jpg,2026,,T,4,585,PIETRA,Vide,False,False,False,1,0,top_only,historical_namespace,unpaired
2026_PIETRA_Cam_T_4_586.jpg,2026,,T,4,586,PIETRA,Vide,False,False,False,1,0,top_only,historical_namespace,unpaired
2026_PIETRA_Cam_T_4_6.jpg,2026,,T,4,6,PIETRA,Vide,False,False,False,1,0,top_only,historical_namespace,unpaired
2026_PIETRA_Cam_T_4_67.jpg,2026,,T,4,67,PIETRA,PIETRA,False,False,False,1,0,top_only,historical_namespace,unpaired
2026_PIETRA_Cam_T_4_8.jpg,2026,,T,4,8,PIETRA,Vide,False,False,False,1,0,top_only,historical_namespace,unpaired
2026_PIETRA_Cam_T_4_9.jpg,2026,,T,4,9,PIETRA,Vide,False,False,False,1,0,top_only,historical_namespace,unpaired
2026_PIETRA_Cam_T_5_174.jpg,2026,,T,5,174,PIETRA,Vide,False,False,False,1,0,top_only,historical_namespace,unpaired
2026_PIETRA_Cam_T_5_4.jpg,2026,,T,5,4,PIETRA,Vide,False,False,False,1,0,top_only,historical_namespace,unpaired
2026_PIETRA_Cam_T_6_101.jpg,2026,,T,6,101,PIETRA,Vide,False,False,False,1,0,top_only,historical_namespace,unpaired
2026_PIETRA_Cam_T_6_105.jpg,2026,,T,6,105,PIETRA,PIETRA,False,False,False,1,0,top_only,historical_namespace,unpaired
2026_PIETRA_Cam_T_6_118.jpg,2026,,T,6,118,PIETRA,Vide,False,False,False,1,0,top_only,historical_namespace,unpaired
2026_PIETRA_Cam_T_6_125.jpg,2026,,T,6,125,PIETRA,PIETRA,False,True,False,1,0,top_only,historical_namespace,unpaired
2026_PIETRA_Cam_T_6_129.jpg,2026,,T,6,129,PIETRA,PIETRA,False,False,False,1,0,top_only,historical_namespace,unpaired
2026_PIETRA_Cam_T_6_132.jpg,2026,,T,6,132,PIETRA,PIETRA,False,False,False,1,0,top_only,historical_namespace,unpaired
2026_PIETRA_Cam_T_6_164.jpg,2026,,T,6,164,PIETRA,PIETRA,False,False,False,1,0,top_only,historical_namespace,unpaired
2026_PIETRA_Cam_T_6_17.jpg,2026,,T,6,17,PIETRA,Vide,False,False,False,1,0,top_only,historical_namespace,unpaired
2026_PIETRA_Cam_T_6_173.jpg,2026,,T,6,173,PIETRA,PIETRA,False,True,False,1,0,top_only,historical_namespace,unpaired
2026_PIETRA_Cam_T_6_18.jpg,2026,,T,6,18,PIETRA,Vide,False,False,False,1,0,top_only,historical_namespace,unpaired
2026_PIETRA_Cam_T_6_188.jpg,2026,,T,6,188,PIETRA,Vide,False,False,False,1,0,top_only,historical_namespace,unpaired
2026_PIETRA_Cam_T_6_205.jpg,2026,,T,6,205,PIETRA,Vide,False,False,False,1,0,top_only,historical_namespace,unpaired
2026_PIETRA_Cam_T_6_21.jpg,2026,,T,6,21,PIETRA,Vide,False,False,False,1,0,top_only,historical_namespace,unpaired
2026_PIETRA_Cam_T_6_212.jpg,2026,,T,6,212,PIETRA,PIETRA,False,False,False,1,0,top_only,historical_namespace,unpaired
2026_PIETRA_Cam_T_6_215.jpg,2026,,T,6,215,PIETRA,PIETRA,False,False,False,1,0,top_only,historical_namespace,unpaired
2026_PIETRA_Cam_T_6_216.jpg,2026,,T,6,216,PIETRA,PIETRA,False,False,False,1,0,top_only,historical_namespace,unpaired
2026_PIETRA_Cam_T_6_220.jpg,2026,,T,6,220,PIETRA,PIETRA,False,True,False,1,0,top_only,historical_namespace,unpaired
2026_PIETRA_Cam_T_6_225.jpg,2026,,T,6,225,PIETRA,PIETRA,False,True,False,1,0,top_only,historical_namespace,unpaired
2026_PIETRA_Cam_T_6_228.jpg,2026,,T,6,228,PIETRA,PIETRA,False,False,False,1,0,top_only,historical_namespace,unpaired
2026_PIETRA_Cam_T_6_233.jpg,2026,,T,6,233,PIETRA,PIETRA,False,False,False,1,0,top_only,historical_namespace,unpaired
2026_PIETRA_Cam_T_6_241.jpg,2026,,T,6,241,PIETRA,Vide,False,False,False,1,0,top_only,historical_namespace,unpaired
2026_PIETRA_Cam_T_6_252.jpg,2026,,T,6,252,PIETRA,Vide,False,False,False,1,0,top_only,historical_namespace,unpaired
2026_PIETRA_Cam_T_6_26.jpg,2026,,T,6,26,PIETRA,Vide,False,False,False,1,0,top_only,historical_namespace,unpaired
2026_PIETRA_Cam_T_6_265.jpg,2026,,T,6,265,PIETRA,PIETRA,False,False,False,1,0,top_only,historical_namespace,unpaired
2026_PIETRA_Cam_T_6_279.jpg,2026,,T,6,279,PIETRA,Vide,False,False,False,1,0,top_only,historical_namespace,unpaired
2026_PIETRA_Cam_T_6_320.jpg,2026,,T,6,320,PIETRA,Vide,False,False,False,1,0,top_only,historical_namespace,unpaired
2026_PIETRA_Cam_T_6_321.jpg,2026,,T,6,321,PIETRA,Vide,False,False,False,1,0,top_only,historical_namespace,unpaired
2026_PIETRA_Cam_T_6_324.jpg,2026,,T,6,324,PIETRA,Vide,False,False,False,1,0,top_only,historical_namespace,unpaired
2026_PIETRA_Cam_T_6_338.jpg,2026,,T,6,338,PIETRA,PIETRA,False,True,False,1,0,top_only,historical_namespace,unpaired
2026_PIETRA_Cam_T_6_34.jpg,2026,,T,6,34,PIETRA,Vide,False,False,False,1,0,top_only,historical_namespace,unpaired
2026_PIETRA_Cam_T_6_353.jpg,2026,,T,6,353,PIETRA,PIETRA,False,True,False,1,0,top_only,historical_namespace,unpaired
2026_PIETRA_Cam_T_6_355.jpg,2026,,T,6,355,PIETRA,Vide,False,False,False,1,0,top_only,historical_namespace,unpaired
2026_PIETRA_Cam_T_6_356.jpg,2026,,T,6,356,PIETRA,Vide,False,False,False,1,0,top_only,historical_namespace,unpaired
2026_PIETRA_Cam_T_6_357.jpg,2026,,T,6,357,PIETRA,Vide,False,False,False,1,0,top_only,historical_namespace,unpaired
2026_PIETRA_Cam_T_6_394.jpg,2026,,T,6,394,PIETRA,Vide,False,False,False,1,0,top_only,historical_namespace,unpaired
2026_PIETRA_Cam_T_6_401.jpg,2026,,T,6,401,PIETRA,Vide,False,False,False,1,0,top_only,historical_namespace,unpaired
2026_PIETRA_Cam_T_6_409.jpg,2026,,T,6,409,PIETRA,PIETRA,False,False,False,1,0,top_only,historical_namespace,unpaired
2026_PIETRA_Cam_T_6_410.jpg,2026,,T,6,410,PIETRA,PIETRA,False,False,False,1,0,top_only,historical_namespace,unpaired
2026_PIETRA_Cam_T_6_411.jpg,2026,,T,6,411,PIETRA,PIETRA,False,False,False,1,0,top_only,historical_namespace,unpaired
2026_PIETRA_Cam_T_6_413.jpg,2026,,T,6,413,PIETRA,Vide,False,False,False,1,0,top_only,historical_namespace,unpaired
2026_PIETRA_Cam_T_6_415.jpg,2026,,T,6,415,PIETRA,PIETRA,False,False,False,1,0,top_only,historical_namespace,unpaired
2026_PIETRA_Cam_T_6_43.jpg,2026,,T,6,43,PIETRA,Vide,False,False,False,1,0,top_only,historical_namespace,unpaired
2026_PIETRA_Cam_T_6_447.jpg,2026,,T,6,447,PIETRA,Vide,False,False,False,1,0,top_only,historical_namespace,unpaired
2026_PIETRA_Cam_T_6_463.jpg,2026,,T,6,463,PIETRA,Vide,False,False,False,1,0,top_only,historical_namespace,unpaired
2026_PIETRA_Cam_T_6_470.jpg,2026,,T,6,470,PIETRA,Vide,False,False,False,1,0,top_only,historical_namespace,unpaired
2026_PIETRA_Cam_T_6_475.jpg,2026,,T,6,475,PIETRA,Vide,False,False,False,1,0,top_only,historical_namespace,unpaired
2026_PIETRA_Cam_T_6_480.jpg,2026,,T,6,480,PIETRA,Vide,False,False,False,1,0,top_only,historical_namespace,unpaired
2026_PIETRA_Cam_T_6_487.jpg,2026,,T,6,487,PIETRA,Vide,False,False,False,1,0,top_only,historical_namespace,unpaired
2026_PIETRA_Cam_T_6_491.jpg,2026,,T,6,491,PIETRA,Vide,False,False,False,1,0,top_only,historical_namespace,unpaired
2026_PIETRA_Cam_T_6_54.jpg,2026,,T,6,54,PIETRA,PIETRA,False,False,False,1,0,top_only,historical_namespace,unpaired
2026_PIETRA_Cam_T_6_540.jpg,2026,,T,6,540,PIETRA,Vide,False,False,False,1,0,top_only,historical_namespace,unpaired
2026_PIETRA_Cam_T_6_549.jpg,2026,,T,6,549,PIETRA,PIETRA,False,False,False,1,0,top_only,historical_namespace,unpaired
2026_PIETRA_Cam_T_6_55.jpg,2026,,T,6,55,PIETRA,PIETRA,False,False,False,1,0,top_only,historical_namespace,unpaired
2026_PIETRA_Cam_T_6_555.jpg,2026,,T,6,555,PIETRA,Vide,False,False,False,1,0,top_only,historical_namespace,unpaired
2026_PIETRA_Cam_T_6_559.jpg,2026,,T,6,559,PIETRA,PIETRA,False,False,False,1,0,top_only,historical_namespace,unpaired
2026_PIETRA_Cam_T_6_565.jpg,2026,,T,6,565,PIETRA,Vide,False,False,False,1,0,top_only,historical_namespace,unpaired
2026_PIETRA_Cam_T_6_574.jpg,2026,,T,6,574,PIETRA,Vide,False,False,False,1,0,top_only,historical_namespace,unpaired
2026_PIETRA_Cam_T_6_575.jpg,2026,,T,6,575,PIETRA,Vide,False,False,False,1,0,top_only,historical_namespace,unpaired
2026_PIETRA_Cam_T_6_576.jpg,2026,,T,6,576,PIETRA,Vide,False,False,False,1,0,top_only,historical_namespace,unpaired
2026_PIETRA_Cam_T_6_577.jpg,2026,,T,6,577,PIETRA,PIETRA,False,False,False,1,0,top_only,historical_namespace,unpaired
2026_PIETRA_Cam_T_6_578.jpg,2026,,T,6,578,PIETRA,PIETRA,False,False,False,1,0,top_only,historical_namespace,unpaired
2026_PIETRA_Cam_T_6_579.jpg,2026,,T,6,579,PIETRA,Vide,False,False,False,1,0,top_only,historical_namespace,unpaired
2026_PIETRA_Cam_T_6_580.jpg,2026,,T,6,580,PIETRA,PIETRA,False,False,False,1,0,top_only,historical_namespace,unpaired
2026_PIETRA_Cam_T_6_581.jpg,2026,,T,6,581,PIETRA,Vide,False,False,False,1,0,top_only,historical_namespace,unpaired
2026_PIETRA_Cam_T_6_582.jpg,2026,,T,6,582,PIETRA,Vide,False,False,False,1,0,top_only,historical_namespace,unpaired
2026_PIETRA_Cam_T_6_61.jpg,2026,,T,6,61,PIETRA,Vide,False,False,False,1,0,top_only,historical_namespace,unpaired
2026_PIETRA_Cam_T_6_7.jpg,2026,,T,6,7,PIETRA,Vide,False,False,False,1,0,top_only,historical_namespace,unpaired
2026_PIETRA_Cam_T_6_90.jpg,2026,,T,6,90,PIETRA,Vide,False,False,False,1,0,top_only,historical_namespace,unpaired
