key_id,key_columns,year,batch_num,cam_num,sample_num,top_count,bottom_count,image_count,top_filenames,bottom_filenames,side,label_filename
A,year + batch_num + cam_num + sample_num,2025,1,1,372,0,1,1,,2025_Conforme_1_Cam_B_1_372.jpg,bottom_only,
A,year + batch_num + cam_num + sample_num,2025,1,1,373,0,1,1,,2025_Conforme_1_Cam_B_1_373.jpg,bottom_only,
A,year + batch_num + cam_num + sample_num,2025,1,1,374,0,1,1,,2025_Conforme_1_Cam_B_1_374.jpg,bottom_only,
A,year + batch_num + cam_num + sample_num,2025,1,1,375,0,1,1,,2025_Conforme_1_Cam_B_1_375.jpg,bottom_only,
A,year + batch_num + cam_num + sample_num,2025,1,1,376,0,1,1,,2025_Conforme_1_Cam_B_1_376.jpg,bottom_only,
A,year + batch_num + cam_num + sample_num,2025,1,1,377,0,1,1,,2025_Conforme_1_Cam_B_1_377.jpg,bottom_only,
A,year + batch_num + cam_num + sample_num,2025,1,1,378,0,1,1,,2025_Conforme_1_Cam_B_1_378.jpg,bottom_only,
A,year + batch_num + cam_num + sample_num,2025,1,1,379,0,1,1,,2025_Conforme_1_Cam_B_1_379.jpg,bottom_only,
A,year + batch_num + cam_num + sample_num,2025,1,1,380,0,1,1,,2025_Conforme_1_Cam_B_1_380.jpg,bottom_only,
A,year + batch_num + cam_num + sample_num,2025,1,1,381,0,1,1,,2025_Conforme_1_Cam_B_1_381.jpg,bottom_only,
A,year + batch_num + cam_num + sample_num,2025,1,1,382,0,1,1,,2025_Conforme_1_Cam_B_1_382.jpg,bottom_only,
A,year + batch_num + cam_num + sample_num,2025,1,1,383,0,1,1,,2025_Conforme_1_Cam_B_1_383.jpg,bottom_only,
A,year + batch_num + cam_num + sample_num,2025,1,1,384,0,1,1,,2025_Conforme_1_Cam_B_1_384.jpg,bottom_only,
A,year + batch_num + cam_num + sample_num,2025,1,1,385,0,1,1,,2025_Conforme_1_Cam_B_1_385.jpg,bottom_only,
A,year + batch_num + cam_num + sample_num,2025,1,1,386,0,1,1,,2025_Conforme_1_Cam_B_1_386.jpg,bottom_only,
A,year + batch_num + cam_num + sample_num,2025,1,1,387,0,1,1,,2025_Conforme_1_Cam_B_1_387.jpg,bottom_only,
A,year + batch_num + cam_num + sample_num,2025,1,1,388,0,1,1,,2025_Conforme_1_Cam_B_1_388.jpg,bottom_only,
A,year + batch_num + cam_num + sample_num,2025,1,1,389,0,1,1,,2025_Conforme_1_Cam_B_1_389.jpg,bottom_only,
A,year + batch_num + cam_num + sample_num,2025,1,1,390,0,1,1,,2025_Conforme_1_Cam_B_1_390.jpg,bottom_only,
A,year + batch_num + cam_num + sample_num,2025,1,1,391,0,1,1,,2025_Conforme_1_Cam_B_1_391.jpg,bottom_only,
A,year + batch_num + cam_num + sample_num,2025,1,1,392,0,1,1,,2025_Conforme_1_Cam_B_1_392.jpg,bottom_only,
A,year + batch_num + cam_num + sample_num,2025,1,1,393,0,1,1,,2025_Conforme_1_Cam_B_1_393.jpg,bottom_only,
A,year + batch_num + cam_num + sample_num,2025,1,1,394,0,1,1,,2025_Conforme_1_Cam_B_1_394.jpg,bottom_only,
A,year + batch_num + cam_num + sample_num,2025,1,1,395,0,1,1,,2025_Conforme_1_Cam_B_1_395.jpg,bottom_only,
A,year + batch_num + cam_num + sample_num,2025,1,1,396,0,1,1,,2025_Conforme_1_Cam_B_1_396.jpg,bottom_only,
A,year + batch_num + cam_num + sample_num,2025,1,1,397,0,1,1,,2025_Conforme_1_Cam_B_1_397.jpg,bottom_only,
A,year + batch_num + cam_num + sample_num,2025,1,1,398,0,1,1,,2025_Conforme_1_Cam_B_1_398.jpg,bottom_only,
A,year + batch_num + cam_num + sample_num,2025,1,1,399,0,1,1,,2025_Conforme_1_Cam_B_1_399.jpg,bottom_only,
A,year + batch_num + cam_num + sample_num,2025,1,1,400,0,1,1,,2025_Conforme_1_Cam_B_1_400.jpg,bottom_only,
A,year + batch_num + cam_num + sample_num,2025,1,1,401,0,1,1,,2025_Conforme_1_Cam_B_1_401.jpg,bottom_only,
A,year + batch_num + cam_num + sample_num,2025,1,1,402,0,1,1,,2025_Conforme_1_Cam_B_1_402.jpg,bottom_only,
A,year + batch_num + cam_num + sample_num,2025,1,1,403,0,1,1,,2025_Conforme_1_Cam_B_1_403.jpg,bottom_only,
A,year + batch_num + cam_num + sample_num,2025,1,1,404,0,1,1,,2025_Conforme_1_Cam_B_1_404.jpg,bottom_only,
A,year + batch_num + cam_num + sample_num,2025,1,1,405,0,1,1,,2025_Conforme_1_Cam_B_1_405.jpg,bottom_only,
A,year + batch_num + cam_num + sample_num,2025,1,1,406,0,1,1,,2025_Conforme_1_Cam_B_1_406.jpg,bottom_only,
A,year + batch_num + cam_num + sample_num,2025,1,1,407,0,1,1,,2025_Conforme_1_Cam_B_1_407.jpg,bottom_only,
A,year + batch_num + cam_num + sample_num,2025,1,1,408,0,1,1,,2025_Conforme_1_Cam_B_1_408.jpg,bottom_only,
A,year + batch_num + cam_num + sample_num,2025,1,1,409,0,1,1,,2025_Conforme_1_Cam_B_1_409.jpg,bottom_only,
A,year + batch_num + cam_num + sample_num,2025,1,1,410,0,1,1,,2025_Conforme_1_Cam_B_1_410.jpg,bottom_only,
A,year + batch_num + cam_num + sample_num,2025,1,1,411,0,1,1,,2025_Conforme_1_Cam_B_1_411.jpg,bottom_only,
A,year + batch_num + cam_num + sample_num,2025,1,1,412,0,1,1,,2025_Conforme_1_Cam_B_1_412.jpg,bottom_only,
A,year + batch_num + cam_num + sample_num,2025,1,1,413,0,1,1,,2025_Conforme_1_Cam_B_1_413.jpg,bottom_only,
A,year + batch_num + cam_num + sample_num,2025,1,1,414,0,1,1,,2025_Conforme_1_Cam_B_1_414.jpg,bottom_only,
A,year + batch_num + cam_num + sample_num,2025,1,1,415,0,1,1,,2025_Conforme_1_Cam_B_1_415.jpg,bottom_only,
A,year + batch_num + cam_num + sample_num,2025,1,1,416,0,1,1,,2025_Conforme_1_Cam_B_1_416.jpg,bottom_only,
A,year + batch_num + cam_num + sample_num,2025,1,1,417,0,1,1,,2025_Conforme_1_Cam_B_1_417.jpg,bottom_only,
A,year + batch_num + cam_num + sample_num,2025,1,1,418,0,1,1,,2025_Conforme_1_Cam_B_1_418.jpg,bottom_only,
A,year + batch_num + cam_num + sample_num,2025,1,1,419,0,1,1,,2025_Conforme_1_Cam_B_1_419.jpg,bottom_only,
A,year + batch_num + cam_num + sample_num,2025,1,1,420,0,1,1,,2025_Conforme_1_Cam_B_1_420.jpg,bottom_only,
A,year + batch_num + cam_num + sample_num,2025,1,2,386,0,1,1,,2025_Conforme_1_Cam_B_2_386.jpg,bottom_only,
A,year + batch_num + cam_num + sample_num,2025,1,2,387,0,1,1,,2025_Conforme_1_Cam_B_2_387.jpg,bottom_only,
A,year + batch_num + cam_num + sample_num,2025,1,2,388,0,1,1,,2025_Conforme_1_Cam_B_2_388.jpg,bottom_only,
A,year + batch_num + cam_num + sample_num,2025,1,2,389,0,1,1,,2025_Conforme_1_Cam_B_2_389.jpg,bottom_only,
A,year + batch_num + cam_num + sample_num,2025,1,2,390,0,1,1,,2025_Conforme_1_Cam_B_2_390.jpg,bottom_only,
A,year + batch_num + cam_num + sample_num,2025,1,2,391,0,1,1,,2025_Conforme_1_Cam_B_2_391.jpg,bottom_only,
A,year + batch_num + cam_num + sample_num,2025,1,2,392,0,1,1,,2025_Conforme_1_Cam_B_2_392.jpg,bottom_only,
A,year + batch_num + cam_num + sample_num,2025,1,2,393,0,1,1,,2025_Conforme_1_Cam_B_2_393.jpg,bottom_only,
A,year + batch_num + cam_num + sample_num,2025,1,2,394,0,1,1,,2025_Conforme_1_Cam_B_2_394.jpg,bottom_only,
A,year + batch_num + cam_num + sample_num,2025,1,2,395,0,1,1,,2025_Conforme_1_Cam_B_2_395.jpg,bottom_only,
A,year + batch_num + cam_num + sample_num,2025,1,2,396,0,1,1,,2025_Conforme_1_Cam_B_2_396.jpg,bottom_only,
A,year + batch_num + cam_num + sample_num,2025,1,2,397,0,1,1,,2025_Conforme_1_Cam_B_2_397.jpg,bottom_only,
A,year + batch_num + cam_num + sample_num,2025,1,2,398,0,1,1,,2025_Conforme_1_Cam_B_2_398.jpg,bottom_only,
A,year + batch_num + cam_num + sample_num,2025,1,2,399,0,1,1,,2025_Conforme_1_Cam_B_2_399.jpg,bottom_only,
A,year + batch_num + cam_num + sample_num,2025,1,2,400,0,1,1,,2025_Conforme_1_Cam_B_2_400.jpg,bottom_only,
A,year + batch_num + cam_num + sample_num,2025,1,2,401,0,1,1,,2025_Conforme_1_Cam_B_2_401.jpg,bottom_only,
A,year + batch_num + cam_num + sample_num,2025,1,2,402,0,1,1,,2025_Conforme_1_Cam_B_2_402.jpg,bottom_only,
A,year + batch_num + cam_num + sample_num,2025,1,2,403,0,1,1,,2025_Conforme_1_Cam_B_2_403.jpg,bottom_only,
A,year + batch_num + cam_num + sample_num,2025,1,2,404,0,1,1,,2025_Conforme_1_Cam_B_2_404.jpg,bottom_only,
A,year + batch_num + cam_num + sample_num,2025,1,2,405,0,1,1,,2025_Conforme_1_Cam_B_2_405.jpg,bottom_only,
A,year + batch_num + cam_num + sample_num,2025,1,2,406,0,1,1,,2025_Conforme_1_Cam_B_2_406.jpg,bottom_only,
A,year + batch_num + cam_num + sample_num,2025,1,3,494,0,1,1,,2025_Conforme_1_Cam_B_3_494.jpg,bottom_only,
A,year + batch_num + cam_num + sample_num,2025,1,3,524,1,0,1,2025_Conforme_1_Cam_T_3_524.jpg,,top_only,
A,year + batch_num + cam_num + sample_num,2025,1,3,525,1,0,1,2025_Conforme_1_Cam_T_3_525.jpg,,top_only,
A,year + batch_num + cam_num + sample_num,2025,1,3,526,1,0,1,2025_Conforme_1_Cam_T_3_526.jpg,,top_only,
A,year + batch_num + cam_num + sample_num,2025,1,3,527,1,0,1,2025_Conforme_1_Cam_T_3_527.jpg,,top_only,
A,year + batch_num + cam_num + sample_num,2025,1,3,528,1,0,1,2025_Conforme_1_Cam_T_3_528.jpg,,top_only,
A,year + batch_num + cam_num + sample_num,2025,1,3,529,1,0,1,2025_Conforme_1_Cam_T_3_529.jpg,,top_only,
A,year + batch_num + cam_num + sample_num,2025,1,4,11,1,0,1,2025_Conforme_1_Cam_T_4_11.jpg,,top_only,
A,year + batch_num + cam_num + sample_num,2025,1,4,12,1,0,1,2025_Conforme_1_Cam_T_4_12.jpg,,top_only,
A,year + batch_num + cam_num + sample_num,2025,1,4,14,1,0,1,2025_Conforme_1_Cam_T_4_14.jpg,,top_only,
A,year + batch_num + cam_num + sample_num,2025,1,4,15,1,0,1,2025_Conforme_1_Cam_T_4_15.jpg,,top_only,
A,year + batch_num + cam_num + sample_num,2025,1,4,16,1,0,1,2025_Conforme_1_Cam_T_4_16.jpg,,top_only,
A,year + batch_num + cam_num + sample_num,2025,1,4,17,1,0,1,2025_Conforme_1_Cam_T_4_17.jpg,,top_only,
A,year + batch_num + cam_num + sample_num,2025,1,4,18,1,0,1,2025_Conforme_1_Cam_T_4_18.jpg,,top_only,
A,year + batch_num + cam_num + sample_num,2025,1,4,27,1,0,1,2025_Conforme_1_Cam_T_4_27.jpg,,top_only,
A,year + batch_num + cam_num + sample_num,2025,1,4,30,1,0,1,2025_Conforme_1_Cam_T_4_30.jpg,,top_only,
A,year + batch_num + cam_num + sample_num,2025,1,4,38,1,0,1,2025_Conforme_1_Cam_T_4_38.jpg,,top_only,
A,year + batch_num + cam_num + sample_num,2025,1,4,42,1,0,1,2025_Conforme_1_Cam_T_4_42.jpg,,top_only,
A,year + batch_num + cam_num + sample_num,2025,1,4,101,1,0,1,2025_Conforme_1_Cam_T_4_101.jpg,,top_only,
A,year + batch_num + cam_num + sample_num,2025,1,4,113,1,0,1,2025_Conforme_1_Cam_T_4_113.jpg,,top_only,
A,year + batch_num + cam_num + sample_num,2025,1,4,130,1,0,1,2025_Conforme_1_Cam_T_4_130.jpg,,top_only,
A,year + batch_num + cam_num + sample_num,2025,1,4,136,1,0,1,2025_Conforme_1_Cam_T_4_136.jpg,,top_only,
A,year + batch_num + cam_num + sample_num,2025,1,4,215,1,0,1,2025_Conforme_1_Cam_T_4_215.jpg,,top_only,
A,year + batch_num + cam_num + sample_num,2025,1,4,216,1,0,1,2025_Conforme_1_Cam_T_4_216.jpg,,top_only,
A,year + batch_num + cam_num + sample_num,2025,1,4,463,1,0,1,2025_Conforme_1_Cam_T_4_463.jpg,,top_only,
A,year + batch_num + cam_num + sample_num,2025,1,4,466,1,0,1,2025_Conforme_1_Cam_T_4_466.jpg,,top_only,
A,year + batch_num + cam_num + sample_num,2025,1,4,494,1,0,1,2025_Conforme_1_Cam_T_4_494.jpg,,top_only,
A,year + batch_num + cam_num + sample_num,2025,1,4,495,1,0,1,2025_Conforme_1_Cam_T_4_495.jpg,,top_only,
A,year + batch_num + cam_num + sample_num,2025,1,4,496,1,0,1,2025_Conforme_1_Cam_T_4_496.jpg,,top_only,
A,year + batch_num + cam_num + sample_num,2025,1,4,497,1,0,1,2025_Conforme_1_Cam_T_4_497.jpg,,top_only,
A,year + batch_num + cam_num + sample_num,2025,1,4,498,1,0,1,2025_Conforme_1_Cam_T_4_498.jpg,,top_only,
A,year + batch_num + cam_num + sample_num,2025,1,4,499,1,0,1,2025_Conforme_1_Cam_T_4_499.jpg,,top_only,
A,year + batch_num + cam_num + sample_num,2025,1,4,500,1,0,1,2025_Conforme_1_Cam_T_4_500.jpg,,top_only,
A,year + batch_num + cam_num + sample_num,2025,1,4,501,1,0,1,2025_Conforme_1_Cam_T_4_501.jpg,,top_only,
A,year + batch_num + cam_num + sample_num,2025,1,4,502,1,0,1,2025_Conforme_1_Cam_T_4_502.jpg,,top_only,
A,year + batch_num + cam_num + sample_num,2025,1,4,503,1,0,1,2025_Conforme_1_Cam_T_4_503.jpg,,top_only,
A,year + batch_num + cam_num + sample_num,2025,1,4,504,1,0,1,2025_Conforme_1_Cam_T_4_504.jpg,,top_only,
A,year + batch_num + cam_num + sample_num,2025,1,4,505,1,0,1,2025_Conforme_1_Cam_T_4_505.jpg,,top_only,
A,year + batch_num + cam_num + sample_num,2025,1,4,506,1,0,1,2025_Conforme_1_Cam_T_4_506.jpg,,top_only,
A,year + batch_num + cam_num + sample_num,2025,1,4,507,1,0,1,2025_Conforme_1_Cam_T_4_507.jpg,,top_only,
A,year + batch_num + cam_num + sample_num,2025,1,4,508,1,0,1,2025_Conforme_1_Cam_T_4_508.jpg,,top_only,
A,year + batch_num + cam_num + sample_num,2025,1,4,509,1,0,1,2025_Conforme_1_Cam_T_4_509.jpg,,top_only,
A,year + batch_num + cam_num + sample_num,2025,1,4,510,1,0,1,2025_Conforme_1_Cam_T_4_510.jpg,,top_only,
A,year + batch_num + cam_num + sample_num,2025,1,4,511,1,0,1,2025_Conforme_1_Cam_T_4_511.jpg,,top_only,
A,year + batch_num + cam_num + sample_num,2025,1,4,512,1,0,1,2025_Conforme_1_Cam_T_4_512.jpg,,top_only,
A,year + batch_num + cam_num + sample_num,2025,1,4,513,1,0,1,2025_Conforme_1_Cam_T_4_513.jpg,,top_only,
A,year + batch_num + cam_num + sample_num,2025,1,4,514,1,0,1,2025_Conforme_1_Cam_T_4_514.jpg,,top_only,
A,year + batch_num + cam_num + sample_num,2025,1,4,515,1,0,1,2025_Conforme_1_Cam_T_4_515.jpg,,top_only,
A,year + batch_num + cam_num + sample_num,2025,1,4,516,1,0,1,2025_Conforme_1_Cam_T_4_516.jpg,,top_only,
A,year + batch_num + cam_num + sample_num,2025,1,5,417,1,0,1,2025_Conforme_1_Cam_T_5_417.jpg,,top_only,
A,year + batch_num + cam_num + sample_num,2025,1,5,418,1,0,1,2025_Conforme_1_Cam_T_5_418.jpg,,top_only,
A,year + batch_num + cam_num + sample_num,2025,1,5,419,1,0,1,2025_Conforme_1_Cam_T_5_419.jpg,,top_only,
A,year + batch_num + cam_num + sample_num,2025,1,5,420,1,0,1,2025_Conforme_1_Cam_T_5_420.jpg,,top_only,
A,year + batch_num + cam_num + sample_num,2025,1,5,421,1,0,1,2025_Conforme_1_Cam_T_5_421.jpg,,top_only,
A,year + batch_num + cam_num + sample_num,2025,1,5,422,1,0,1,2025_Conforme_1_Cam_T_5_422.jpg,,top_only,
A,year + batch_num + cam_num + sample_num,2025,1,5,423,1,0,1,2025_Conforme_1_Cam_T_5_423.jpg,,top_only,
A,year + batch_num + cam_num + sample_num,2025,1,5,424,1,0,1,2025_Conforme_1_Cam_T_5_424.jpg,,top_only,
A,year + batch_num + cam_num + sample_num,2025,1,5,425,1,0,1,2025_Conforme_1_Cam_T_5_425.jpg,,top_only,
A,year + batch_num + cam_num + sample_num,2025,1,5,426,1,0,1,2025_Conforme_1_Cam_T_5_426.jpg,,top_only,
A,year + batch_num + cam_num + sample_num,2025,1,5,427,1,0,1,2025_Conforme_1_Cam_T_5_427.jpg,,top_only,
A,year + batch_num + cam_num + sample_num,2025,1,5,428,1,0,1,2025_Conforme_1_Cam_T_5_428.jpg,,top_only,
A,year + batch_num + cam_num + sample_num,2025,1,5,429,1,0,1,2025_Conforme_1_Cam_T_5_429.jpg,,top_only,
A,year + batch_num + cam_num + sample_num,2025,1,5,430,1,0,1,2025_Conforme_1_Cam_T_5_430.jpg,,top_only,
A,year + batch_num + cam_num + sample_num,2025,1,5,431,1,0,1,2025_Conforme_1_Cam_T_5_431.jpg,,top_only,
A,year + batch_num + cam_num + sample_num,2025,1,5,432,1,0,1,2025_Conforme_1_Cam_T_5_432.jpg,,top_only,
A,year + batch_num + cam_num + sample_num,2025,1,5,433,1,0,1,2025_Conforme_1_Cam_T_5_433.jpg,,top_only,
A,year + batch_num + cam_num + sample_num,2025,1,5,434,1,0,1,2025_Conforme_1_Cam_T_5_434.jpg,,top_only,
A,year + batch_num + cam_num + sample_num,2025,1,5,435,1,0,1,2025_Conforme_1_Cam_T_5_435.jpg,,top_only,
A,year + batch_num + cam_num + sample_num,2025,1,5,436,1,0,1,2025_Conforme_1_Cam_T_5_436.jpg,,top_only,
A,year + batch_num + cam_num + sample_num,2025,1,5,437,1,0,1,2025_Conforme_1_Cam_T_5_437.jpg,,top_only,
A,year + batch_num + cam_num + sample_num,2025,1,5,438,1,0,1,2025_Conforme_1_Cam_T_5_438.jpg,,top_only,
A,year + batch_num + cam_num + sample_num,2025,1,5,439,1,0,1,2025_Conforme_1_Cam_T_5_439.jpg,,top_only,
A,year + batch_num + cam_num + sample_num,2025,1,5,440,1,0,1,2025_Conforme_1_Cam_T_5_440.jpg,,top_only,
A,year + batch_num + cam_num + sample_num,2025,1,5,441,1,0,1,2025_Conforme_1_Cam_T_5_441.jpg,,top_only,
A,year + batch_num + cam_num + sample_num,2025,1,5,442,1,0,1,2025_Conforme_1_Cam_T_5_442.jpg,,top_only,
A,year + batch_num + cam_num + sample_num,2025,1,5,443,1,0,1,2025_Conforme_1_Cam_T_5_443.jpg,,top_only,
A,year + batch_num + cam_num + sample_num,2025,1,5,444,1,0,1,2025_Conforme_1_Cam_T_5_444.jpg,,top_only,
A,year + batch_num + cam_num + sample_num,2025,1,5,445,1,0,1,2025_Conforme_1_Cam_T_5_445.jpg,,top_only,
A,year + batch_num + cam_num + sample_num,2025,1,5,446,1,0,1,2025_Conforme_1_Cam_T_5_446.jpg,,top_only,
A,year + batch_num + cam_num + sample_num,2025,1,5,447,1,0,1,2025_Conforme_1_Cam_T_5_447.jpg,,top_only,
A,year + batch_num + cam_num + sample_num,2025,1,5,448,1,0,1,2025_Conforme_1_Cam_T_5_448.jpg,,top_only,
A,year + batch_num + cam_num + sample_num,2025,1,5,449,1,0,1,2025_Conforme_1_Cam_T_5_449.jpg,,top_only,
A,year + batch_num + cam_num + sample_num,2025,1,5,450,1,0,1,2025_Conforme_1_Cam_T_5_450.jpg,,top_only,
A,year + batch_num + cam_num + sample_num,2025,1,5,451,1,0,1,2025_Conforme_1_Cam_T_5_451.jpg,,top_only,
A,year + batch_num + cam_num + sample_num,2025,1,5,452,1,0,1,2025_Conforme_1_Cam_T_5_452.jpg,,top_only,
A,year + batch_num + cam_num + sample_num,2025,1,5,453,1,0,1,2025_Conforme_1_Cam_T_5_453.jpg,,top_only,
A,year + batch_num + cam_num + sample_num,2025,1,5,454,1,0,1,2025_Conforme_1_Cam_T_5_454.jpg,,top_only,
A,year + batch_num + cam_num + sample_num,2025,1,5,455,1,0,1,2025_Conforme_1_Cam_T_5_455.jpg,,top_only,
A,year + batch_num + cam_num + sample_num,2025,1,5,456,1,0,1,2025_Conforme_1_Cam_T_5_456.jpg,,top_only,
A,year + batch_num + cam_num + sample_num,2025,1,5,457,1,0,1,2025_Conforme_1_Cam_T_5_457.jpg,,top_only,
A,year + batch_num + cam_num + sample_num,2025,1,5,458,1,0,1,2025_Conforme_1_Cam_T_5_458.jpg,,top_only,
A,year + batch_num + cam_num + sample_num,2025,1,5,459,1,0,1,2025_Conforme_1_Cam_T_5_459.jpg,,top_only,
A,year + batch_num + cam_num + sample_num,2025,1,5,460,1,0,1,2025_Conforme_1_Cam_T_5_460.jpg,,top_only,
A,year + batch_num + cam_num + sample_num,2025,1,5,461,1,0,1,2025_Conforme_1_Cam_T_5_461.jpg,,top_only,
A,year + batch_num + cam_num + sample_num,2025,1,5,462,1,0,1,2025_Conforme_1_Cam_T_5_462.jpg,,top_only,
A,year + batch_num + cam_num + sample_num,2025,1,5,463,1,0,1,2025_Conforme_1_Cam_T_5_463.jpg,,top_only,
A,year + batch_num + cam_num + sample_num,2025,1,5,464,1,0,1,2025_Conforme_1_Cam_T_5_464.jpg,,top_only,
A,year + batch_num + cam_num + sample_num,2025,1,6,167,0,1,1,,2025_Conforme_1_Cam_B_6_167.jpg,bottom_only,
A,year + batch_num + cam_num + sample_num,2025,1,6,171,0,1,1,,2025_Conforme_1_Cam_B_6_171.jpg,bottom_only,
A,year + batch_num + cam_num + sample_num,2025,1,6,209,0,1,1,,2025_Conforme_1_Cam_B_6_209.jpg,bottom_only,
A,year + batch_num + cam_num + sample_num,2025,1,6,246,0,1,1,,2025_Conforme_1_Cam_B_6_246.jpg,bottom_only,
A,year + batch_num + cam_num + sample_num,2025,1,6,248,0,1,1,,2025_Conforme_1_Cam_B_6_248.jpg,bottom_only,
A,year + batch_num + cam_num + sample_num,2025,1,6,259,0,1,1,,2025_Conforme_1_Cam_B_6_259.jpg,bottom_only,
A,year + batch_num + cam_num + sample_num,2025,1,6,287,0,1,1,,2025_Conforme_1_Cam_B_6_287.jpg,bottom_only,
A,year + batch_num + cam_num + sample_num,2025,1,6,302,0,1,1,,2025_Conforme_1_Cam_B_6_302.jpg,bottom_only,
A,year + batch_num + cam_num + sample_num,2025,1,6,317,0,1,1,,2025_Conforme_1_Cam_B_6_317.jpg,bottom_only,
A,year + batch_num + cam_num + sample_num,2025,1,6,327,0,1,1,,2025_Conforme_1_Cam_B_6_327.jpg,bottom_only,
A,year + batch_num + cam_num + sample_num,2025,1,6,335,0,1,1,,2025_Conforme_1_Cam_B_6_335.jpg,bottom_only,
A,year + batch_num + cam_num + sample_num,2025,1,6,400,0,1,1,,2025_Conforme_1_Cam_B_6_400.jpg,bottom_only,
A,year + batch_num + cam_num + sample_num,2025,1,6,407,1,0,1,2025_Conforme_1_Cam_T_6_407.jpg,,top_only,
A,year + batch_num + cam_num + sample_num,2025,1,6,408,1,0,1,2025_Conforme_1_Cam_T_6_408.jpg,,top_only,
A,year + batch_num + cam_num + sample_num,2025,1,6,409,1,0,1,2025_Conforme_1_Cam_T_6_409.jpg,,top_only,
A,year + batch_num + cam_num + sample_num,2025,1,6,410,1,0,1,2025_Conforme_1_Cam_T_6_410.jpg,,top_only,
A,year + batch_num + cam_num + sample_num,2025,1,6,411,1,0,1,2025_Conforme_1_Cam_T_6_411.jpg,,top_only,
A,year + batch_num + cam_num + sample_num,2025,1,6,412,1,0,1,2025_Conforme_1_Cam_T_6_412.jpg,,top_only,
A,year + batch_num + cam_num + sample_num,2025,1,6,413,1,0,1,2025_Conforme_1_Cam_T_6_413.jpg,,top_only,
A,year + batch_num + cam_num + sample_num,2025,1,6,414,1,0,1,2025_Conforme_1_Cam_T_6_414.jpg,,top_only,
A,year + batch_num + cam_num + sample_num,2025,1,6,415,1,0,1,2025_Conforme_1_Cam_T_6_415.jpg,,top_only,
A,year + batch_num + cam_num + sample_num,2025,1,6,416,1,0,1,2025_Conforme_1_Cam_T_6_416.jpg,,top_only,
A,year + batch_num + cam_num + sample_num,2025,1,6,417,1,0,1,2025_Conforme_1_Cam_T_6_417.jpg,,top_only,
A,year + batch_num + cam_num + sample_num,2025,1,6,418,1,0,1,2025_Conforme_1_Cam_T_6_418.jpg,,top_only,
A,year + batch_num + cam_num + sample_num,2025,1,6,420,1,0,1,2025_Conforme_1_Cam_T_6_420.jpg,,top_only,
A,year + batch_num + cam_num + sample_num,2025,1,6,421,1,0,1,2025_Conforme_1_Cam_T_6_421.jpg,,top_only,
A,year + batch_num + cam_num + sample_num,2025,1,6,422,1,0,1,2025_Conforme_1_Cam_T_6_422.jpg,,top_only,
A,year + batch_num + cam_num + sample_num,2025,1,6,423,1,0,1,2025_Conforme_1_Cam_T_6_423.jpg,,top_only,
A,year + batch_num + cam_num + sample_num,2025,1,6,424,1,0,1,2025_Conforme_1_Cam_T_6_424.jpg,,top_only,
A,year + batch_num + cam_num + sample_num,2025,1,6,425,1,0,1,2025_Conforme_1_Cam_T_6_425.jpg,,top_only,
A,year + batch_num + cam_num + sample_num,2025,1,6,426,1,0,1,2025_Conforme_1_Cam_T_6_426.jpg,,top_only,
A,year + batch_num + cam_num + sample_num,2025,1,6,427,1,0,1,2025_Conforme_1_Cam_T_6_427.jpg,,top_only,
A,year + batch_num + cam_num + sample_num,2025,1,6,428,1,0,1,2025_Conforme_1_Cam_T_6_428.jpg,,top_only,
A,year + batch_num + cam_num + sample_num,2025,1,6,429,1,0,1,2025_Conforme_1_Cam_T_6_429.jpg,,top_only,
A,year + batch_num + cam_num + sample_num,2025,1,6,430,1,0,1,2025_Conforme_1_Cam_T_6_430.jpg,,top_only,
A,year + batch_num + cam_num + sample_num,2025,1,6,431,1,0,1,2025_Conforme_1_Cam_T_6_431.jpg,,top_only,
A,year + batch_num + cam_num + sample_num,2025,1,6,432,1,0,1,2025_Conforme_1_Cam_T_6_432.jpg,,top_only,
A,year + batch_num + cam_num + sample_num,2025,1,6,433,1,0,1,2025_Conforme_1_Cam_T_6_433.jpg,,top_only,
A,year + batch_num + cam_num + sample_num,2025,1,6,435,1,0,1,2025_Conforme_1_Cam_T_6_435.jpg,,top_only,
A,year + batch_num + cam_num + sample_num,2025,1,6,436,1,0,1,2025_Conforme_1_Cam_T_6_436.jpg,,top_only,
A,year + batch_num + cam_num + sample_num,2025,1,6,437,1,0,1,2025_Conforme_1_Cam_T_6_437.jpg,,top_only,
A,year + batch_num + cam_num + sample_num,2025,1,6,438,1,0,1,2025_Conforme_1_Cam_T_6_438.jpg,,top_only,
A,year + batch_num + cam_num + sample_num,2025,1,6,439,1,0,1,2025_Conforme_1_Cam_T_6_439.jpg,,top_only,
A,year + batch_num + cam_num + sample_num,2025,1,6,440,1,0,1,2025_Conforme_1_Cam_T_6_440.jpg,,top_only,
A,year + batch_num + cam_num + sample_num,2025,1,6,441,1,0,1,2025_Conforme_1_Cam_T_6_441.jpg,,top_only,
A,year + batch_num + cam_num + sample_num,2025,1,6,442,1,0,1,2025_Conforme_1_Cam_T_6_442.jpg,,top_only,
A,year + batch_num + cam_num + sample_num,2025,1,6,443,1,0,1,2025_Conforme_1_Cam_T_6_443.jpg,,top_only,
A,year + batch_num + cam_num + sample_num,2025,1,6,446,1,0,1,2025_Conforme_1_Cam_T_6_446.jpg,,top_only,
A,year + batch_num + cam_num + sample_num,2025,1,6,447,1,0,1,2025_Conforme_1_Cam_T_6_447.jpg,,top_only,
A,year + batch_num + cam_num + sample_num,2025,1,6,449,1,0,1,2025_Conforme_1_Cam_T_6_449.jpg,,top_only,
A,year + batch_num + cam_num + sample_num,2025,1,6,450,1,0,1,2025_Conforme_1_Cam_T_6_450.jpg,,top_only,
A,year + batch_num + cam_num + sample_num,2025,1,6,451,1,0,1,2025_Conforme_1_Cam_T_6_451.jpg,,top_only,
A,year + batch_num + cam_num + sample_num,2025,1,6,452,1,0,1,2025_Conforme_1_Cam_T_6_452.jpg,,top_only,
A,year + batch_num + cam_num + sample_num,2025,1,6,453,1,0,1,2025_Conforme_1_Cam_T_6_453.jpg,,top_only,
A,year + batch_num + cam_num + sample_num,2025,1,6,454,1,0,1,2025_Conforme_1_Cam_T_6_454.jpg,,top_only,
A,year + batch_num + cam_num + sample_num,2025,1,6,455,1,0,1,2025_Conforme_1_Cam_T_6_455.jpg,,top_only,
A,year + batch_num + cam_num + sample_num,2025,1,6,456,1,0,1,2025_Conforme_1_Cam_T_6_456.jpg,,top_only,
A,year + batch_num + cam_num + sample_num,2025,1,6,457,1,0,1,2025_Conforme_1_Cam_T_6_457.jpg,,top_only,
A,year + batch_num + cam_num + sample_num,2025,1,6,458,1,0,1,2025_Conforme_1_Cam_T_6_458.jpg,,top_only,
A,year + batch_num + cam_num + sample_num,2025,1,6,459,1,0,1,2025_Conforme_1_Cam_T_6_459.jpg,,top_only,
A,year + batch_num + cam_num + sample_num,2025,1,6,460,1,0,1,2025_Conforme_1_Cam_T_6_460.jpg,,top_only,
A,year + batch_num + cam_num + sample_num,2025,1,6,461,1,0,1,2025_Conforme_1_Cam_T_6_461.jpg,,top_only,
A,year + batch_num + cam_num + sample_num,2025,1,6,462,1,0,1,2025_Conforme_1_Cam_T_6_462.jpg,,top_only,
A,year + batch_num + cam_num + sample_num,2025,1,6,463,1,0,1,2025_Conforme_1_Cam_T_6_463.jpg,,top_only,
A,year + batch_num + cam_num + sample_num,2025,1,6,464,1,0,1,2025_Conforme_1_Cam_T_6_464.jpg,,top_only,
A,year + batch_num + cam_num + sample_num,2025,1,6,465,1,0,1,2025_Conforme_1_Cam_T_6_465.jpg,,top_only,
A,year + batch_num + cam_num + sample_num,2025,1,6,466,1,0,1,2025_Conforme_1_Cam_T_6_466.jpg,,top_only,
A,year + batch_num + cam_num + sample_num,2025,1,6,467,1,0,1,2025_Conforme_1_Cam_T_6_467.jpg,,top_only,
A,year + batch_num + cam_num + sample_num,2025,1,6,468,1,0,1,2025_Conforme_1_Cam_T_6_468.jpg,,top_only,
A,year + batch_num + cam_num + sample_num,2025,1,6,469,1,0,1,2025_Conforme_1_Cam_T_6_469.jpg,,top_only,
A,year + batch_num + cam_num + sample_num,2025,1,6,470,1,0,1,2025_Conforme_1_Cam_T_6_470.jpg,,top_only,
A,year + batch_num + cam_num + sample_num,2025,1,6,471,1,0,1,2025_Conforme_1_Cam_T_6_471.jpg,,top_only,
A,year + batch_num + cam_num + sample_num,2025,1,6,472,1,0,1,2025_Conforme_1_Cam_T_6_472.jpg,,top_only,
A,year + batch_num + cam_num + sample_num,2025,1,6,473,1,0,1,2025_Conforme_1_Cam_T_6_473.jpg,,top_only,
A,year + batch_num + cam_num + sample_num,2025,1,6,474,1,0,1,2025_Conforme_1_Cam_T_6_474.jpg,,top_only,
A,year + batch_num + cam_num + sample_num,2025,1,6,475,1,0,1,2025_Conforme_1_Cam_T_6_475.jpg,,top_only,
A,year + batch_num + cam_num + sample_num,2025,1,6,476,1,0,1,2025_Conforme_1_Cam_T_6_476.jpg,,top_only,
A,year + batch_num + cam_num + sample_num,2025,1,6,477,1,0,1,2025_Conforme_1_Cam_T_6_477.jpg,,top_only,
A,year + batch_num + cam_num + sample_num,2025,1,6,478,1,0,1,2025_Conforme_1_Cam_T_6_478.jpg,,top_only,
A,year + batch_num + cam_num + sample_num,2025,1,6,480,1,0,1,2025_Conforme_1_Cam_T_6_480.jpg,,top_only,
A,year + batch_num + cam_num + sample_num,2025,1,6,481,1,0,1,2025_Conforme_1_Cam_T_6_481.jpg,,top_only,
A,year + batch_num + cam_num + sample_num,2025,1,6,482,1,0,1,2025_Conforme_1_Cam_T_6_482.jpg,,top_only,
A,year + batch_num + cam_num + sample_num,2025,1,6,483,1,0,1,2025_Conforme_1_Cam_T_6_483.jpg,,top_only,
A,year + batch_num + cam_num + sample_num,2025,1,6,484,1,0,1,2025_Conforme_1_Cam_T_6_484.jpg,,top_only,
A,year + batch_num + cam_num + sample_num,2025,1,6,485,1,0,1,2025_Conforme_1_Cam_T_6_485.jpg,,top_only,
A,year + batch_num + cam_num + sample_num,2025,1,6,487,1,0,1,2025_Conforme_1_Cam_T_6_487.jpg,,top_only,
A,year + batch_num + cam_num + sample_num,2025,1,6,489,1,0,1,2025_Conforme_1_Cam_T_6_489.jpg,,top_only,
A,year + batch_num + cam_num + sample_num,2025,1,6,490,1,0,1,2025_Conforme_1_Cam_T_6_490.jpg,,top_only,
A,year + batch_num + cam_num + sample_num,2025,1,6,491,1,0,1,2025_Conforme_1_Cam_T_6_491.jpg,,top_only,
A,year + batch_num + cam_num + sample_num,2025,1,6,492,1,0,1,2025_Conforme_1_Cam_T_6_492.jpg,,top_only,
A,year + batch_num + cam_num + sample_num,2025,1,6,493,1,0,1,2025_Conforme_1_Cam_T_6_493.jpg,,top_only,
A,year + batch_num + cam_num + sample_num,2025,1,6,494,1,0,1,2025_Conforme_1_Cam_T_6_494.jpg,,top_only,
A,year + batch_num + cam_num + sample_num,2025,1,6,495,1,0,1,2025_Conforme_1_Cam_T_6_495.jpg,,top_only,
A,year + batch_num + cam_num + sample_num,2025,1,6,496,1,0,1,2025_Conforme_1_Cam_T_6_496.jpg,,top_only,
A,year + batch_num + cam_num + sample_num,2025,1,6,497,1,0,1,2025_Conforme_1_Cam_T_6_497.jpg,,top_only,
A,year + batch_num + cam_num + sample_num,2025,1,6,498,1,0,1,2025_Conforme_1_Cam_T_6_498.jpg,,top_only,
A,year + batch_num + cam_num + sample_num,2025,1,6,499,1,0,1,2025_Conforme_1_Cam_T_6_499.jpg,,top_only,
A,year + batch_num + cam_num + sample_num,2025,1,6,500,1,0,1,2025_Conforme_1_Cam_T_6_500.jpg,,top_only,
A,year + batch_num + cam_num + sample_num,2025,1,6,501,1,0,1,2025_Conforme_1_Cam_T_6_501.jpg,,top_only,
A,year + batch_num + cam_num + sample_num,2025,1,6,502,1,0,1,2025_Conforme_1_Cam_T_6_502.jpg,,top_only,
A,year + batch_num + cam_num + sample_num,2025,1,6,503,1,0,1,2025_Conforme_1_Cam_T_6_503.jpg,,top_only,
A,year + batch_num + cam_num + sample_num,2025,1,6,504,1,0,1,2025_Conforme_1_Cam_T_6_504.jpg,,top_only,
A,year + batch_num + cam_num + sample_num,2025,1,6,506,1,0,1,2025_Conforme_1_Cam_T_6_506.jpg,,top_only,
A,year + batch_num + cam_num + sample_num,2025,1,6,507,1,0,1,2025_Conforme_1_Cam_T_6_507.jpg,,top_only,
A,year + batch_num + cam_num + sample_num,2025,1,6,508,1,0,1,2025_Conforme_1_Cam_T_6_508.jpg,,top_only,
A,year + batch_num + cam_num + sample_num,2025,1,6,509,1,0,1,2025_Conforme_1_Cam_T_6_509.jpg,,top_only,
A,year + batch_num + cam_num + sample_num,2025,1,6,510,1,0,1,2025_Conforme_1_Cam_T_6_510.jpg,,top_only,
A,year + batch_num + cam_num + sample_num,2025,1,6,511,1,0,1,2025_Conforme_1_Cam_T_6_511.jpg,,top_only,
A,year + batch_num + cam_num + sample_num,2025,1,6,512,1,0,1,2025_Conforme_1_Cam_T_6_512.jpg,,top_only,
A,year + batch_num + cam_num + sample_num,2025,1,6,513,1,0,1,2025_Conforme_1_Cam_T_6_513.jpg,,top_only,
A,year + batch_num + cam_num + sample_num,2025,1,6,514,1,0,1,2025_Conforme_1_Cam_T_6_514.jpg,,top_only,
A,year + batch_num + cam_num + sample_num,2025,1,6,515,1,0,1,2025_Conforme_1_Cam_T_6_515.jpg,,top_only,
A,year + batch_num + cam_num + sample_num,2025,1,6,517,1,0,1,2025_Conforme_1_Cam_T_6_517.jpg,,top_only,
A,year + batch_num + cam_num + sample_num,2025,1,6,518,1,0,1,2025_Conforme_1_Cam_T_6_518.jpg,,top_only,
A,year + batch_num + cam_num + sample_num,2025,1,6,519,1,0,1,2025_Conforme_1_Cam_T_6_519.jpg,,top_only,
A,year + batch_num + cam_num + sample_num,2025,2,1,0,0,1,1,,2025_Conforme_2_Cam_B_1_0.jpg,bottom_only,
A,year + batch_num + cam_num + sample_num,2025,2,1,8,1,0,1,2025_Conforme_2_Cam_T_1_8.jpg,,top_only,
A,year + batch_num + cam_num + sample_num,2025,2,1,81,1,0,1,2025_Conforme_2_Cam_T_1_81.jpg,,top_only,
A,year + batch_num + cam_num + sample_num,2025,2,1,129,1,0,1,2025_Conforme_2_Cam_T_1_129.jpg,,top_only,
A,year + batch_num + cam_num + sample_num,2025,2,1,143,1,0,1,2025_Conforme_2_Cam_T_1_143.jpg,,top_only,
A,year + batch_num + cam_num + sample_num,2025,2,1,268,0,1,1,,2025_Conforme_2_Cam_B_1_268.jpg,bottom_only,
A,year + batch_num + cam_num + sample_num,2025,2,1,269,0,1,1,,2025_Conforme_2_Cam_B_1_269.jpg,bottom_only,
A,year + batch_num + cam_num + sample_num,2025,2,1,270,0,1,1,,2025_Conforme_2_Cam_B_1_270.jpg,bottom_only,
A,year + batch_num + cam_num + sample_num,2025,2,1,271,0,1,1,,2025_Conforme_2_Cam_B_1_271.jpg,bottom_only,
A,year + batch_num + cam_num + sample_num,2025,2,1,272,0,1,1,,2025_Conforme_2_Cam_B_1_272.jpg,bottom_only,
A,year + batch_num + cam_num + sample_num,2025,2,1,273,0,1,1,,2025_Conforme_2_Cam_B_1_273.jpg,bottom_only,
A,year + batch_num + cam_num + sample_num,2025,2,1,274,0,1,1,,2025_Conforme_2_Cam_B_1_274.jpg,bottom_only,
A,year + batch_num + cam_num + sample_num,2025,2,1,275,0,1,1,,2025_Conforme_2_Cam_B_1_275.jpg,bottom_only,
A,year + batch_num + cam_num + sample_num,2025,2,1,276,0,1,1,,2025_Conforme_2_Cam_B_1_276.jpg,bottom_only,
A,year + batch_num + cam_num + sample_num,2025,2,1,277,0,1,1,,2025_Conforme_2_Cam_B_1_277.jpg,bottom_only,
A,year + batch_num + cam_num + sample_num,2025,2,1,278,0,1,1,,2025_Conforme_2_Cam_B_1_278.jpg,bottom_only,
A,year + batch_num + cam_num + sample_num,2025,2,1,279,0,1,1,,2025_Conforme_2_Cam_B_1_279.jpg,bottom_only,
A,year + batch_num + cam_num + sample_num,2025,2,1,280,0,1,1,,2025_Conforme_2_Cam_B_1_280.jpg,bottom_only,
A,year + batch_num + cam_num + sample_num,2025,2,1,281,0,1,1,,2025_Conforme_2_Cam_B_1_281.jpg,bottom_only,
A,year + batch_num + cam_num + sample_num,2025,2,1,282,0,1,1,,2025_Conforme_2_Cam_B_1_282.jpg,bottom_only,
A,year + batch_num + cam_num + sample_num,2025,2,1,283,0,1,1,,2025_Conforme_2_Cam_B_1_283.jpg,bottom_only,
A,year + batch_num + cam_num + sample_num,2025,2,1,284,0,1,1,,2025_Conforme_2_Cam_B_1_284.jpg,bottom_only,
A,year + batch_num + cam_num + sample_num,2025,2,1,285,0,1,1,,2025_Conforme_2_Cam_B_1_285.jpg,bottom_only,
A,year + batch_num + cam_num + sample_num,2025,2,1,286,0,1,1,,2025_Conforme_2_Cam_B_1_286.jpg,bottom_only,
A,year + batch_num + cam_num + sample_num,2025,2,1,287,0,1,1,,2025_Conforme_2_Cam_B_1_287.jpg,bottom_only,
A,year + batch_num + cam_num + sample_num,2025,2,1,288,0,1,1,,2025_Conforme_2_Cam_B_1_288.jpg,bottom_only,
A,year + batch_num + cam_num + sample_num,2025,2,1,289,0,1,1,,2025_Conforme_2_Cam_B_1_289.jpg,bottom_only,
A,year + batch_num + cam_num + sample_num,2025,2,1,290,0,1,1,,2025_Conforme_2_Cam_B_1_290.jpg,bottom_only,
A,year + batch_num + cam_num + sample_num,2025,2,1,291,0,1,1,,2025_Conforme_2_Cam_B_1_291.jpg,bottom_only,
A,year + batch_num + cam_num + sample_num,2025,2,1,292,0,1,1,,2025_Conforme_2_Cam_B_1_292.jpg,bottom_only,
A,year + batch_num + cam_num + sample_num,2025,2,1,293,0,1,1,,2025_Conforme_2_Cam_B_1_293.jpg,bottom_only,
A,year + batch_num + cam_num + sample_num,2025,2,1,294,0,1,1,,2025_Conforme_2_Cam_B_1_294.jpg,bottom_only,
A,year + batch_num + cam_num + sample_num,2025,2,1,295,0,1,1,,2025_Conforme_2_Cam_B_1_295.jpg,bottom_only,
A,year + batch_num + cam_num + sample_num,2025,2,1,296,0,1,1,,2025_Conforme_2_Cam_B_1_296.jpg,bottom_only,
A,year + batch_num + cam_num + sample_num,2025,2,1,297,0,1,1,,2025_Conforme_2_Cam_B_1_297.jpg,bottom_only,
A,year + batch_num + cam_num + sample_num,2025,2,1,298,0,1,1,,2025_Conforme_2_Cam_B_1_298.jpg,bottom_only,
A,year + batch_num + cam_num + sample_num,2025,2,1,299,0,1,1,,2025_Conforme_2_Cam_B_1_299.jpg,bottom_only,
A,year + batch_num + cam_num + sample_num,2025,2,1,300,0,1,1,,2025_Conforme_2_Cam_B_1_300.jpg,bottom_only,
A,year + batch_num + cam_num + sample_num,2025,2,1,301,0,1,1,,2025_Conforme_2_Cam_B_1_301.jpg,bottom_only,
A,year + batch_num + cam_num + sample_num,2025,2,1,302,0,1,1,,2025_Conforme_2_Cam_B_1_302.jpg,bottom_only,
A,year + batch_num + cam_num + sample_num,2025,2,1,303,0,1,1,,2025_Conforme_2_Cam_B_1_303.jpg,bottom_only,
A,year + batch_num + cam_num + sample_num,2025,2,1,304,0,1,1,,2025_Conforme_2_Cam_B_1_304.jpg,bottom_only,
A,year + batch_num + cam_num + sample_num,2025,2,1,305,0,1,1,,2025_Conforme_2_Cam_B_1_305.jpg,bottom_only,
A,year + batch_num + cam_num + sample_num,2025,2,1,306,0,1,1,,2025_Conforme_2_Cam_B_1_306.jpg,bottom_only,
A,year + batch_num + cam_num + sample_num,2025,2,1,307,0,1,1,,2025_Conforme_2_Cam_B_1_307.jpg,bottom_only,
A,year + batch_num + cam_num + sample_num,2025,2,1,308,0,1,1,,2025_Conforme_2_Cam_B_1_308.jpg,bottom_only,
A,year + batch_num + cam_num + sample_num,2025,2,1,309,0,1,1,,2025_Conforme_2_Cam_B_1_309.jpg,bottom_only,
A,year + batch_num + cam_num + sample_num,2025,2,1,310,0,1,1,,2025_Conforme_2_Cam_B_1_310.jpg,bottom_only,
A,year + batch_num + cam_num + sample_num,2025,2,1,311,0,1,1,,2025_Conforme_2_Cam_B_1_311.jpg,bottom_only,
A,year + batch_num + cam_num + sample_num,2025,2,1,312,0,1,1,,2025_Conforme_2_Cam_B_1_312.jpg,bottom_only,
A,year + batch_num + cam_num + sample_num,2025,2,1,313,0,1,1,,2025_Conforme_2_Cam_B_1_313.jpg,bottom_only,
A,year + batch_num + cam_num + sample_num,2025,2,1,314,0,1,1,,2025_Conforme_2_Cam_B_1_314.jpg,bottom_only,
A,year + batch_num + cam_num + sample_num,2025,2,1,315,0,1,1,,2025_Conforme_2_Cam_B_1_315.jpg,bottom_only,
A,year + batch_num + cam_num + sample_num,2025,2,1,316,0,1,1,,2025_Conforme_2_Cam_B_1_316.jpg,bottom_only,
A,year + batch_num + cam_num + sample_num,2025,2,1,317,0,1,1,,2025_Conforme_2_Cam_B_1_317.jpg,bottom_only,
A,year + batch_num + cam_num + sample_num,2025,2,1,318,0,1,1,,2025_Conforme_2_Cam_B_1_318.jpg,bottom_only,
A,year + batch_num + cam_num + sample_num,2025,2,1,319,0,1,1,,2025_Conforme_2_Cam_B_1_319.jpg,bottom_only,
A,year + batch_num + cam_num + sample_num,2025,2,1,320,0,1,1,,2025_Conforme_2_Cam_B_1_320.jpg,bottom_only,
A,year + batch_num + cam_num + sample_num,2025,2,1,321,0,1,1,,2025_Conforme_2_Cam_B_1_321.jpg,bottom_only,
A,year + batch_num + cam_num + sample_num,2025,2,1,322,0,1,1,,2025_Conforme_2_Cam_B_1_322.jpg,bottom_only,
A,year + batch_num + cam_num + sample_num,2025,2,1,323,0,1,1,,2025_Conforme_2_Cam_B_1_323.jpg,bottom_only,
A,year + batch_num + cam_num + sample_num,2025,2,1,324,0,1,1,,2025_Conforme_2_Cam_B_1_324.jpg,bottom_only,
A,year + batch_num + cam_num + sample_num,2025,2,1,325,0,1,1,,2025_Conforme_2_Cam_B_1_325.jpg,bottom_only,
A,year + batch_num + cam_num + sample_num,2025,2,1,326,0,1,1,,2025_Conforme_2_Cam_B_1_326.jpg,bottom_only,
A,year + batch_num + cam_num + sample_num,2025,2,1,327,0,1,1,,2025_Conforme_2_Cam_B_1_327.jpg,bottom_only,
A,year + batch_num + cam_num + sample_num,2025,2,1,328,0,1,1,,2025_Conforme_2_Cam_B_1_328.jpg,bottom_only,
A,year + batch_num + cam_num + sample_num,2025,2,1,329,0,1,1,,2025_Conforme_2_Cam_B_1_329.jpg,bottom_only,
A,year + batch_num + cam_num + sample_num,2025,2,1,330,0,1,1,,2025_Conforme_2_Cam_B_1_330.jpg,bottom_only,
A,year + batch_num + cam_num + sample_num,2025,2,1,331,0,1,1,,2025_Conforme_2_Cam_B_1_331.jpg,bottom_only,
A,year + batch_num + cam_num + sample_num,2025,2,1,332,0,1,1,,2025_Conforme_2_Cam_B_1_332.jpg,bottom_only,
A,year + batch_num + cam_num + sample_num,2025,2,1,333,0,1,1,,2025_Conforme_2_Cam_B_1_333.jpg,bottom_only,
A,year + batch_num + cam_num + sample_num,2025,2,1,334,0,1,1,,2025_Conforme_2_Cam_B_1_334.jpg,bottom_only,
A,year + batch_num + cam_num + sample_num,2025,2,1,335,0,1,1,,2025_Conforme_2_Cam_B_1_335.jpg,bottom_only,
A,year + batch_num + cam_num + sample_num,2025,2,1,336,0,1,1,,2025_Conforme_2_Cam_B_1_336.jpg,bottom_only,
A,year + batch_num + cam_num + sample_num,2025,2,1,337,0,1,1,,2025_Conforme_2_Cam_B_1_337.jpg,bottom_only,
A,year + batch_num + cam_num + sample_num,2025,2,1,338,0,1,1,,2025_Conforme_2_Cam_B_1_338.jpg,bottom_only,
A,year + batch_num + cam_num + sample_num,2025,2,1,339,0,1,1,,2025_Conforme_2_Cam_B_1_339.jpg,bottom_only,
A,year + batch_num + cam_num + sample_num,2025,2,1,340,0,1,1,,2025_Conforme_2_Cam_B_1_340.jpg,bottom_only,
A,year + batch_num + cam_num + sample_num,2025,2,1,341,0,1,1,,2025_Conforme_2_Cam_B_1_341.jpg,bottom_only,
A,year + batch_num + cam_num + sample_num,2025,2,1,342,0,1,1,,2025_Conforme_2_Cam_B_1_342.jpg,bottom_only,
A,year + batch_num + cam_num + sample_num,2025,2,1,343,0,1,1,,2025_Conforme_2_Cam_B_1_343.jpg,bottom_only,
A,year + batch_num + cam_num + sample_num,2025,2,1,344,0,1,1,,2025_Conforme_2_Cam_B_1_344.jpg,bottom_only,
A,year + batch_num + cam_num + sample_num,2025,2,1,345,0,1,1,,2025_Conforme_2_Cam_B_1_345.jpg,bottom_only,
A,year + batch_num + cam_num + sample_num,2025,2,1,346,0,1,1,,2025_Conforme_2_Cam_B_1_346.jpg,bottom_only,
A,year + batch_num + cam_num + sample_num,2025,2,1,347,0,1,1,,2025_Conforme_2_Cam_B_1_347.jpg,bottom_only,
A,year + batch_num + cam_num + sample_num,2025,2,1,348,0,1,1,,2025_Conforme_2_Cam_B_1_348.jpg,bottom_only,
A,year + batch_num + cam_num + sample_num,2025,2,1,349,0,1,1,,2025_Conforme_2_Cam_B_1_349.jpg,bottom_only,
A,year + batch_num + cam_num + sample_num,2025,2,1,350,0,1,1,,2025_Conforme_2_Cam_B_1_350.jpg,bottom_only,
A,year + batch_num + cam_num + sample_num,2025,2,1,351,0,1,1,,2025_Conforme_2_Cam_B_1_351.jpg,bottom_only,
A,year + batch_num + cam_num + sample_num,2025,2,1,352,0,1,1,,2025_Conforme_2_Cam_B_1_352.jpg,bottom_only,
A,year + batch_num + cam_num + sample_num,2025,2,1,353,0,1,1,,2025_Conforme_2_Cam_B_1_353.jpg,bottom_only,
A,year + batch_num + cam_num + sample_num,2025,2,1,354,0,1,1,,2025_Conforme_2_Cam_B_1_354.jpg,bottom_only,
A,year + batch_num + cam_num + sample_num,2025,2,1,355,0,1,1,,2025_Conforme_2_Cam_B_1_355.jpg,bottom_only,
A,year + batch_num + cam_num + sample_num,2025,2,1,356,0,1,1,,2025_Conforme_2_Cam_B_1_356.jpg,bottom_only,
A,year + batch_num + cam_num + sample_num,2025,2,1,357,0,1,1,,2025_Conforme_2_Cam_B_1_357.jpg,bottom_only,
A,year + batch_num + cam_num + sample_num,2025,2,1,358,0,1,1,,2025_Conforme_2_Cam_B_1_358.jpg,bottom_only,
A,year + batch_num + cam_num + sample_num,2025,2,1,359,0,1,1,,2025_Conforme_2_Cam_B_1_359.jpg,bottom_only,
A,year + batch_num + cam_num + sample_num,2025,2,1,360,0,1,1,,2025_Conforme_2_Cam_B_1_360.jpg,bottom_only,
A,year + batch_num + cam_num + sample_num,2025,2,1,361,0,1,1,,2025_Conforme_2_Cam_B_1_361.jpg,bottom_only,
A,year + batch_num + cam_num + sample_num,2025,2,1,362,0,1,1,,2025_Conforme_2_Cam_B_1_362.jpg,bottom_only,
A,year + batch_num + cam_num + sample_num,2025,2,1,363,0,1,1,,2025_Conforme_2_Cam_B_1_363.jpg,bottom_only,
A,year + batch_num + cam_num + sample_num,2025,2,1,364,0,1,1,,2025_Conforme_2_Cam_B_1_364.jpg,bottom_only,
A,year + batch_num + cam_num + sample_num,2025,2,1,365,0,1,1,,2025_Conforme_2_Cam_B_1_365.jpg,bottom_only,
A,year + batch_num + cam_num + sample_num,2025,2,1,366,0,1,1,,2025_Conforme_2_Cam_B_1_366.jpg,bottom_only,
A,year + batch_num + cam_num + sample_num,2025,2,1,367,0,1,1,,2025_Conforme_2_Cam_B_1_367.jpg,bottom_only,
A,year + batch_num + cam_num + sample_num,2025,2,1,368,0,1,1,,2025_Conforme_2_Cam_B_1_368.jpg,bottom_only,
A,year + batch_num + cam_num + sample_num,2025,2,1,369,0,1,1,,2025_Conforme_2_Cam_B_1_369.jpg,bottom_only,
A,year + batch_num + cam_num + sample_num,2025,2,1,370,0,1,1,,2025_Conforme_2_Cam_B_1_370.jpg,bottom_only,
A,year + batch_num + cam_num + sample_num,2025,2,1,371,0,1,1,,2025_Conforme_2_Cam_B_1_371.jpg,bottom_only,
A,year + batch_num + cam_num + sample_num,2025,2,1,372,0,1,1,,2025_Conforme_2_Cam_B_1_372.jpg,bottom_only,
A,year + batch_num + cam_num + sample_num,2025,2,1,373,0,1,1,,2025_Conforme_2_Cam_B_1_373.jpg,bottom_only,
A,year + batch_num + cam_num + sample_num,2025,2,1,374,0,1,1,,2025_Conforme_2_Cam_B_1_374.jpg,bottom_only,
A,year + batch_num + cam_num + sample_num,2025,2,1,375,0,1,1,,2025_Conforme_2_Cam_B_1_375.jpg,bottom_only,
A,year + batch_num + cam_num + sample_num,2025,2,1,376,0,1,1,,2025_Conforme_2_Cam_B_1_376.jpg,bottom_only,
A,year + batch_num + cam_num + sample_num,2025,2,1,377,0,1,1,,2025_Conforme_2_Cam_B_1_377.jpg,bottom_only,
A,year + batch_num + cam_num + sample_num,2025,2,1,378,0,1,1,,2025_Conforme_2_Cam_B_1_378.jpg,bottom_only,
A,year + batch_num + cam_num + sample_num,2025,2,1,379,0,1,1,,2025_Conforme_2_Cam_B_1_379.jpg,bottom_only,
A,year + batch_num + cam_num + sample_num,2025,2,1,380,0,1,1,,2025_Conforme_2_Cam_B_1_380.jpg,bottom_only,
A,year + batch_num + cam_num + sample_num,2025,2,1,381,0,1,1,,2025_Conforme_2_Cam_B_1_381.jpg,bottom_only,
A,year + batch_num + cam_num + sample_num,2025,2,1,382,0,1,1,,2025_Conforme_2_Cam_B_1_382.jpg,bottom_only,
A,year + batch_num + cam_num + sample_num,2025,2,1,383,0,1,1,,2025_Conforme_2_Cam_B_1_383.jpg,bottom_only,
A,year + batch_num + cam_num + sample_num,2025,2,1,384,0,1,1,,2025_Conforme_2_Cam_B_1_384.jpg,bottom_only,
A,year + batch_num + cam_num + sample_num,2025,2,1,385,0,1,1,,2025_Conforme_2_Cam_B_1_385.jpg,bottom_only,
A,year + batch_num + cam_num + sample_num,2025,2,1,386,0,1,1,,2025_Conforme_2_Cam_B_1_386.jpg,bottom_only,
A,year + batch_num + cam_num + sample_num,2025,2,1,387,0,1,1,,2025_Conforme_2_Cam_B_1_387.jpg,bottom_only,
A,year + batch_num + cam_num + sample_num,2025,2,1,388,0,1,1,,2025_Conforme_2_Cam_B_1_388.jpg,bottom_only,
A,year + batch_num + cam_num + sample_num,2025,2,1,389,0,1,1,,2025_Conforme_2_Cam_B_1_389.jpg,bottom_only,
A,year + batch_num + cam_num + sample_num,2025,2,1,390,0,1,1,,2025_Conforme_2_Cam_B_1_390.jpg,bottom_only,
A,year + batch_num + cam_num + sample_num,2025,2,1,391,0,1,1,,2025_Conforme_2_Cam_B_1_391.jpg,bottom_only,
A,year + batch_num + cam_num + sample_num,2025,2,1,392,0,1,1,,2025_Conforme_2_Cam_B_1_392.jpg,bottom_only,
A,year + batch_num + cam_num + sample_num,2025,2,1,393,0,1,1,,2025_Conforme_2_Cam_B_1_393.jpg,bottom_only,
A,year + batch_num + cam_num + sample_num,2025,2,1,394,0,1,1,,2025_Conforme_2_Cam_B_1_394.jpg,bottom_only,
A,year + batch_num + cam_num + sample_num,2025,2,1,395,0,1,1,,2025_Conforme_2_Cam_B_1_395.jpg,bottom_only,
A,year + batch_num + cam_num + sample_num,2025,2,1,396,0,1,1,,2025_Conforme_2_Cam_B_1_396.jpg,bottom_only,
A,year + batch_num + cam_num + sample_num,2025,2,1,397,0,1,1,,2025_Conforme_2_Cam_B_1_397.jpg,bottom_only,
A,year + batch_num + cam_num + sample_num,2025,2,1,398,0,1,1,,2025_Conforme_2_Cam_B_1_398.jpg,bottom_only,
A,year + batch_num + cam_num + sample_num,2025,2,1,399,0,1,1,,2025_Conforme_2_Cam_B_1_399.jpg,bottom_only,
A,year + batch_num + cam_num + sample_num,2025,2,1,400,0,1,1,,2025_Conforme_2_Cam_B_1_400.jpg,bottom_only,
A,year + batch_num + cam_num + sample_num,2025,2,1,401,0,1,1,,2025_Conforme_2_Cam_B_1_401.jpg,bottom_only,
A,year + batch_num + cam_num + sample_num,2025,2,1,402,0,1,1,,2025_Conforme_2_Cam_B_1_402.jpg,bottom_only,
A,year + batch_num + cam_num + sample_num,2025,2,1,403,0,1,1,,2025_Conforme_2_Cam_B_1_403.jpg,bottom_only,
A,year + batch_num + cam_num + sample_num,2025,2,1,404,0,1,1,,2025_Conforme_2_Cam_B_1_404.jpg,bottom_only,
A,year + batch_num + cam_num + sample_num,2025,2,1,405,0,1,1,,2025_Conforme_2_Cam_B_1_405.jpg,bottom_only,
A,year + batch_num + cam_num + sample_num,2025,2,1,406,0,1,1,,2025_Conforme_2_Cam_B_1_406.jpg,bottom_only,
A,year + batch_num + cam_num + sample_num,2025,2,1,407,0,1,1,,2025_Conforme_2_Cam_B_1_407.jpg,bottom_only,
A,year + batch_num + cam_num + sample_num,2025,2,1,408,0,1,1,,2025_Conforme_2_Cam_B_1_408.jpg,bottom_only,
A,year + batch_num + cam_num + sample_num,2025,2,1,409,0,1,1,,2025_Conforme_2_Cam_B_1_409.jpg,bottom_only,
A,year + batch_num + cam_num + sample_num,2025,2,1,410,0,1,1,,2025_Conforme_2_Cam_B_1_410.jpg,bottom_only,
A,year + batch_num + cam_num + sample_num,2025,2,1,411,0,1,1,,2025_Conforme_2_Cam_B_1_411.jpg,bottom_only,
A,year + batch_num + cam_num + sample_num,2025,2,1,412,0,1,1,,2025_Conforme_2_Cam_B_1_412.jpg,bottom_only,
A,year + batch_num + cam_num + sample_num,2025,2,1,413,0,1,1,,2025_Conforme_2_Cam_B_1_413.jpg,bottom_only,
A,year + batch_num + cam_num + sample_num,2025,2,1,414,0,1,1,,2025_Conforme_2_Cam_B_1_414.jpg,bottom_only,
A,year + batch_num + cam_num + sample_num,2025,2,1,415,0,1,1,,2025_Conforme_2_Cam_B_1_415.jpg,bottom_only,
A,year + batch_num + cam_num + sample_num,2025,2,1,416,0,1,1,,2025_Conforme_2_Cam_B_1_416.jpg,bottom_only,
A,year + batch_num + cam_num + sample_num,2025,2,1,417,0,1,1,,2025_Conforme_2_Cam_B_1_417.jpg,bottom_only,
A,year + batch_num + cam_num + sample_num,2025,2,1,418,0,1,1,,2025_Conforme_2_Cam_B_1_418.jpg,bottom_only,
A,year + batch_num + cam_num + sample_num,2025,2,1,419,0,1,1,,2025_Conforme_2_Cam_B_1_419.jpg,bottom_only,
A,year + batch_num + cam_num + sample_num,2025,2,1,420,0,1,1,,2025_Conforme_2_Cam_B_1_420.jpg,bottom_only,
A,year + batch_num + cam_num + sample_num,2025,2,1,421,0,1,1,,2025_Conforme_2_Cam_B_1_421.jpg,bottom_only,
A,year + batch_num + cam_num + sample_num,2025,2,1,422,0,1,1,,2025_Conforme_2_Cam_B_1_422.jpg,bottom_only,
A,year + batch_num + cam_num + sample_num,2025,2,1,423,0,1,1,,2025_Conforme_2_Cam_B_1_423.jpg,bottom_only,
A,year + batch_num + cam_num + sample_num,2025,2,1,424,0,1,1,,2025_Conforme_2_Cam_B_1_424.jpg,bottom_only,
A,year + batch_num + cam_num + sample_num,2025,2,1,425,0,1,1,,2025_Conforme_2_Cam_B_1_425.jpg,bottom_only,
A,year + batch_num + cam_num + sample_num,2025,2,1,426,0,1,1,,2025_Conforme_2_Cam_B_1_426.jpg,bottom_only,
A,year + batch_num + cam_num + sample_num,2025,2,1,427,0,1,1,,2025_Conforme_2_Cam_B_1_427.jpg,bottom_only,
A,year + batch_num + cam_num + sample_num,2025,2,1,428,0,1,1,,2025_Conforme_2_Cam_B_1_428.jpg,bottom_only,
A,year + batch_num + cam_num + sample_num,2025,2,1,429,0,1,1,,2025_Conforme_2_Cam_B_1_429.jpg,bottom_only,
A,year + batch_num + cam_num + sample_num,2025,2,1,430,0,1,1,,2025_Conforme_2_Cam_B_1_430.jpg,bottom_only,
A,year + batch_num + cam_num + sample_num,2025,2,1,431,0,1,1,,2025_Conforme_2_Cam_B_1_431.jpg,bottom_only,
A,year + batch_num + cam_num + sample_num,2025,2,1,432,0,1,1,,2025_Conforme_2_Cam_B_1_432.jpg,bottom_only,
A,year + batch_num + cam_num + sample_num,2025,2,1,433,0,1,1,,2025_Conforme_2_Cam_B_1_433.jpg,bottom_only,
A,year + batch_num + cam_num + sample_num,2025,2,1,434,0,1,1,,2025_Conforme_2_Cam_B_1_434.jpg,bottom_only,
A,year + batch_num + cam_num + sample_num,2025,2,1,435,0,1,1,,2025_Conforme_2_Cam_B_1_435.jpg,bottom_only,
A,year + batch_num + cam_num + sample_num,2025,2,1,436,0,1,1,,2025_Conforme_2_Cam_B_1_436.jpg,bottom_only,
A,year + batch_num + cam_num + sample_num,2025,2,1,437,0,1,1,,2025_Conforme_2_Cam_B_1_437.jpg,bottom_only,
A,year + batch_num + cam_num + sample_num,2025,2,1,438,0,1,1,,2025_Conforme_2_Cam_B_1_438.jpg,bottom_only,
A,year + batch_num + cam_num + sample_num,2025,2,1,439,0,1,1,,2025_Conforme_2_Cam_B_1_439.jpg,bottom_only,
A,year + batch_num + cam_num + sample_num,2025,2,1,440,0,1,1,,2025_Conforme_2_Cam_B_1_440.jpg,bottom_only,
A,year + batch_num + cam_num + sample_num,2025,2,1,441,0,1,1,,2025_Conforme_2_Cam_B_1_441.jpg,bottom_only,
A,year + batch_num + cam_num + sample_num,2025,2,1,442,0,1,1,,2025_Conforme_2_Cam_B_1_442.jpg,bottom_only,
A,year + batch_num + cam_num + sample_num,2025,2,1,443,0,1,1,,2025_Conforme_2_Cam_B_1_443.jpg,bottom_only,
A,year + batch_num + cam_num + sample_num,2025,2,1,444,0,1,1,,2025_Conforme_2_Cam_B_1_444.jpg,bottom_only,
A,year + batch_num + cam_num + sample_num,2025,2,1,445,0,1,1,,2025_Conforme_2_Cam_B_1_445.jpg,bottom_only,
A,year + batch_num + cam_num + sample_num,2025,2,1,446,0,1,1,,2025_Conforme_2_Cam_B_1_446.jpg,bottom_only,
A,year + batch_num + cam_num + sample_num,2025,2,1,447,0,1,1,,2025_Conforme_2_Cam_B_1_447.jpg,bottom_only,
A,year + batch_num + cam_num + sample_num,2025,2,1,448,0,1,1,,2025_Conforme_2_Cam_B_1_448.jpg,bottom_only,
A,year + batch_num + cam_num + sample_num,2025,2,1,449,0,1,1,,2025_Conforme_2_Cam_B_1_449.jpg,bottom_only,
A,year + batch_num + cam_num + sample_num,2025,2,1,450,0,1,1,,2025_Conforme_2_Cam_B_1_450.jpg,bottom_only,
A,year + batch_num + cam_num + sample_num,2025,2,1,451,0,1,1,,2025_Conforme_2_Cam_B_1_451.jpg,bottom_only,
A,year + batch_num + cam_num + sample_num,2025,2,1,452,0,1,1,,2025_Conforme_2_Cam_B_1_452.jpg,bottom_only,
A,year + batch_num + cam_num + sample_num,2025,2,1,453,0,1,1,,2025_Conforme_2_Cam_B_1_453.jpg,bottom_only,
A,year + batch_num + cam_num + sample_num,2025,2,1,454,0,1,1,,2025_Conforme_2_Cam_B_1_454.jpg,bottom_only,
A,year + batch_num + cam_num + sample_num,2025,2,1,455,0,1,1,,2025_Conforme_2_Cam_B_1_455.jpg,bottom_only,
A,year + batch_num + cam_num + sample_num,2025,2,1,456,0,1,1,,2025_Conforme_2_Cam_B_1_456.jpg,bottom_only,
A,year + batch_num + cam_num + sample_num,2025,2,1,457,0,1,1,,2025_Conforme_2_Cam_B_1_457.jpg,bottom_only,
A,year + batch_num + cam_num + sample_num,2025,2,1,458,0,1,1,,2025_Conforme_2_Cam_B_1_458.jpg,bottom_only,
A,year + batch_num + cam_num + sample_num,2025,2,1,459,0,1,1,,2025_Conforme_2_Cam_B_1_459.jpg,bottom_only,
A,year + batch_num + cam_num + sample_num,2025,2,1,460,0,1,1,,2025_Conforme_2_Cam_B_1_460.jpg,bottom_only,
A,year + batch_num + cam_num + sample_num,2025,2,1,461,0,1,1,,2025_Conforme_2_Cam_B_1_461.jpg,bottom_only,
A,year + batch_num + cam_num + sample_num,2025,2,1,462,0,1,1,,2025_Conforme_2_Cam_B_1_462.jpg,bottom_only,
A,year + batch_num + cam_num + sample_num,2025,2,1,463,0,1,1,,2025_Conforme_2_Cam_B_1_463.jpg,bottom_only,
A,year + batch_num + cam_num + sample_num,2025,2,1,464,0,1,1,,2025_Conforme_2_Cam_B_1_464.jpg,bottom_only,
A,year + batch_num + cam_num + sample_num,2025,2,1,465,0,1,1,,2025_Conforme_2_Cam_B_1_465.jpg,bottom_only,
A,year + batch_num + cam_num + sample_num,2025,2,1,466,0,1,1,,2025_Conforme_2_Cam_B_1_466.jpg,bottom_only,
A,year + batch_num + cam_num + sample_num,2025,2,1,467,0,1,1,,2025_Conforme_2_Cam_B_1_467.jpg,bottom_only,
A,year + batch_num + cam_num + sample_num,2025,2,1,468,0,1,1,,2025_Conforme_2_Cam_B_1_468.jpg,bottom_only,
A,year + batch_num + cam_num + sample_num,2025,2,1,469,0,1,1,,2025_Conforme_2_Cam_B_1_469.jpg,bottom_only,
A,year + batch_num + cam_num + sample_num,2025,2,1,470,0,1,1,,2025_Conforme_2_Cam_B_1_470.jpg,bottom_only,
A,year + batch_num + cam_num + sample_num,2025,2,1,471,0,1,1,,2025_Conforme_2_Cam_B_1_471.jpg,bottom_only,
A,year + batch_num + cam_num + sample_num,2025,2,1,472,0,1,1,,2025_Conforme_2_Cam_B_1_472.jpg,bottom_only,
A,year + batch_num + cam_num + sample_num,2025,2,1,473,0,1,1,,2025_Conforme_2_Cam_B_1_473.jpg,bottom_only,
A,year + batch_num + cam_num + sample_num,2025,2,1,474,0,1,1,,2025_Conforme_2_Cam_B_1_474.jpg,bottom_only,
A,year + batch_num + cam_num + sample_num,2025,2,1,475,0,1,1,,2025_Conforme_2_Cam_B_1_475.jpg,bottom_only,
A,year + batch_num + cam_num + sample_num,2025,2,1,476,0,1,1,,2025_Conforme_2_Cam_B_1_476.jpg,bottom_only,
A,year + batch_num + cam_num + sample_num,2025,2,1,477,0,1,1,,2025_Conforme_2_Cam_B_1_477.jpg,bottom_only,
A,year + batch_num + cam_num + sample_num,2025,2,1,478,0,1,1,,2025_Conforme_2_Cam_B_1_478.jpg,bottom_only,
A,year + batch_num + cam_num + sample_num,2025,2,1,479,0,1,1,,2025_Conforme_2_Cam_B_1_479.jpg,bottom_only,
A,year + batch_num + cam_num + sample_num,2025,2,1,480,0,1,1,,2025_Conforme_2_Cam_B_1_480.jpg,bottom_only,
A,year + batch_num + cam_num + sample_num,2025,2,1,481,0,1,1,,2025_Conforme_2_Cam_B_1_481.jpg,bottom_only,
A,year + batch_num + cam_num + sample_num,2025,2,1,482,0,1,1,,2025_Conforme_2_Cam_B_1_482.jpg,bottom_only,
A,year + batch_num + cam_num + sample_num,2025,2,1,483,0,1,1,,2025_Conforme_2_Cam_B_1_483.jpg,bottom_only,
A,year + batch_num + cam_num + sample_num,2025,2,1,484,0,1,1,,2025_Conforme_2_Cam_B_1_484.jpg,bottom_only,
A,year + batch_num + cam_num + sample_num,2025,2,1,485,0,1,1,,2025_Conforme_2_Cam_B_1_485.jpg,bottom_only,
A,year + batch_num + cam_num + sample_num,2025,2,1,486,0,1,1,,2025_Conforme_2_Cam_B_1_486.jpg,bottom_only,
A,year + batch_num + cam_num + sample_num,2025,2,1,487,0,1,1,,2025_Conforme_2_Cam_B_1_487.jpg,bottom_only,
A,year + batch_num + cam_num + sample_num,2025,2,1,488,0,1,1,,2025_Conforme_2_Cam_B_1_488.jpg,bottom_only,
A,year + batch_num + cam_num + sample_num,2025,2,1,489,0,1,1,,2025_Conforme_2_Cam_B_1_489.jpg,bottom_only,
A,year + batch_num + cam_num + sample_num,2025,2,1,490,0,1,1,,2025_Conforme_2_Cam_B_1_490.jpg,bottom_only,
A,year + batch_num + cam_num + sample_num,2025,2,1,491,0,1,1,,2025_Conforme_2_Cam_B_1_491.jpg,bottom_only,
A,year + batch_num + cam_num + sample_num,2025,2,1,492,0,1,1,,2025_Conforme_2_Cam_B_1_492.jpg,bottom_only,
A,year + batch_num + cam_num + sample_num,2025,2,1,493,0,1,1,,2025_Conforme_2_Cam_B_1_493.jpg,bottom_only,
A,year + batch_num + cam_num + sample_num,2025,2,1,494,0,1,1,,2025_Conforme_2_Cam_B_1_494.jpg,bottom_only,
A,year + batch_num + cam_num + sample_num,2025,2,1,495,0,1,1,,2025_Conforme_2_Cam_B_1_495.jpg,bottom_only,
A,year + batch_num + cam_num + sample_num,2025,2,1,496,0,1,1,,2025_Conforme_2_Cam_B_1_496.jpg,bottom_only,
A,year + batch_num + cam_num + sample_num,2025,2,1,497,0,1,1,,2025_Conforme_2_Cam_B_1_497.jpg,bottom_only,
A,year + batch_num + cam_num + sample_num,2025,2,1,498,0,1,1,,2025_Conforme_2_Cam_B_1_498.jpg,bottom_only,
A,year + batch_num + cam_num + sample_num,2025,2,1,499,0,1,1,,2025_Conforme_2_Cam_B_1_499.jpg,bottom_only,
A,year + batch_num + cam_num + sample_num,2025,2,1,500,0,1,1,,2025_Conforme_2_Cam_B_1_500.jpg,bottom_only,
A,year + batch_num + cam_num + sample_num,2025,2,1,501,0,1,1,,2025_Conforme_2_Cam_B_1_501.jpg,bottom_only,
A,year + batch_num + cam_num + sample_num,2025,2,1,502,0,1,1,,2025_Conforme_2_Cam_B_1_502.jpg,bottom_only,
A,year + batch_num + cam_num + sample_num,2025,2,1,503,0,1,1,,2025_Conforme_2_Cam_B_1_503.jpg,bottom_only,
A,year + batch_num + cam_num + sample_num,2025,2,1,504,0,1,1,,2025_Conforme_2_Cam_B_1_504.jpg,bottom_only,
A,year + batch_num + cam_num + sample_num,2025,2,1,505,0,1,1,,2025_Conforme_2_Cam_B_1_505.jpg,bottom_only,
A,year + batch_num + cam_num + sample_num,2025,2,1,506,0,1,1,,2025_Conforme_2_Cam_B_1_506.jpg,bottom_only,
A,year + batch_num + cam_num + sample_num,2025,2,1,507,0,1,1,,2025_Conforme_2_Cam_B_1_507.jpg,bottom_only,
A,year + batch_num + cam_num + sample_num,2025,2,1,508,0,1,1,,2025_Conforme_2_Cam_B_1_508.jpg,bottom_only,
A,year + batch_num + cam_num + sample_num,2025,2,1,509,0,1,1,,2025_Conforme_2_Cam_B_1_509.jpg,bottom_only,
A,year + batch_num + cam_num + sample_num,2025,2,1,510,0,1,1,,2025_Conforme_2_Cam_B_1_510.jpg,bottom_only,
A,year + batch_num + cam_num + sample_num,2025,2,1,511,0,1,1,,2025_Conforme_2_Cam_B_1_511.jpg,bottom_only,
A,year + batch_num + cam_num + sample_num,2025,2,1,512,0,1,1,,2025_Conforme_2_Cam_B_1_512.jpg,bottom_only,
A,year + batch_num + cam_num + sample_num,2025,2,1,513,0,1,1,,2025_Conforme_2_Cam_B_1_513.jpg,bottom_only,
A,year + batch_num + cam_num + sample_num,2025,2,1,514,0,1,1,,2025_Conforme_2_Cam_B_1_514.jpg,bottom_only,
A,year + batch_num + cam_num + sample_num,2025,2,1,515,0,1,1,,2025_Conforme_2_Cam_B_1_515.jpg,bottom_only,
A,year + batch_num + cam_num + sample_num,2025,2,1,516,0,1,1,,2025_Conforme_2_Cam_B_1_516.jpg,bottom_only,
A,year + batch_num + cam_num + sample_num,2025,2,1,517,0,1,1,,2025_Conforme_2_Cam_B_1_517.jpg,bottom_only,
A,year + batch_num + cam_num + sample_num,2025,2,1,518,0,1,1,,2025_Conforme_2_Cam_B_1_518.jpg,bottom_only,
A,year + batch_num + cam_num + sample_num,2025,2,1,519,0,1,1,,2025_Conforme_2_Cam_B_1_519.jpg,bottom_only,
A,year + batch_num + cam_num + sample_num,2025,2,1,520,0,1,1,,2025_Conforme_2_Cam_B_1_520.jpg,bottom_only,
A,year + batch_num + cam_num + sample_num,2025,2,1,521,0,1,1,,2025_Conforme_2_Cam_B_1_521.jpg,bottom_only,
A,year + batch_num + cam_num + sample_num,2025,2,1,522,0,1,1,,2025_Conforme_2_Cam_B_1_522.jpg,bottom_only,
A,year + batch_num + cam_num + sample_num,2025,2,1,523,0,1,1,,2025_Conforme_2_Cam_B_1_523.jpg,bottom_only,
A,year + batch_num + cam_num + sample_num,2025,2,1,524,0,1,1,,2025_Conforme_2_Cam_B_1_524.jpg,bottom_only,
A,year + batch_num + cam_num + sample_num,2025,2,1,525,0,1,1,,2025_Conforme_2_Cam_B_1_525.jpg,bottom_only,
A,year + batch_num + cam_num + sample_num,2025,2,1,526,0,1,1,,2025_Conforme_2_Cam_B_1_526.jpg,bottom_only,
A,year + batch_num + cam_num + sample_num,2025,2,1,527,0,1,1,,2025_Conforme_2_Cam_B_1_527.jpg,bottom_only,
A,year + batch_num + cam_num + sample_num,2025,2,1,528,0,1,1,,2025_Conforme_2_Cam_B_1_528.jpg,bottom_only,
A,year + batch_num + cam_num + sample_num,2025,2,1,529,0,1,1,,2025_Conforme_2_Cam_B_1_529.jpg,bottom_only,
A,year + batch_num + cam_num + sample_num,2025,2,1,530,0,1,1,,2025_Conforme_2_Cam_B_1_530.jpg,bottom_only,
A,year + batch_num + cam_num + sample_num,2025,2,1,531,0,1,1,,2025_Conforme_2_Cam_B_1_531.jpg,bottom_only,
A,year + batch_num + cam_num + sample_num,2025,2,1,532,0,1,1,,2025_Conforme_2_Cam_B_1_532.jpg,bottom_only,
A,year + batch_num + cam_num + sample_num,2025,2,2,273,0,1,1,,2025_Conforme_2_Cam_B_2_273.jpg,bottom_only,
A,year + batch_num + cam_num + sample_num,2025,2,2,274,0,1,1,,2025_Conforme_2_Cam_B_2_274.jpg,bottom_only,
A,year + batch_num + cam_num + sample_num,2025,2,2,275,0,1,1,,2025_Conforme_2_Cam_B_2_275.jpg,bottom_only,
A,year + batch_num + cam_num + sample_num,2025,2,2,276,0,1,1,,2025_Conforme_2_Cam_B_2_276.jpg,bottom_only,
A,year + batch_num + cam_num + sample_num,2025,2,2,277,0,1,1,,2025_Conforme_2_Cam_B_2_277.jpg,bottom_only,
A,year + batch_num + cam_num + sample_num,2025,2,2,278,0,1,1,,2025_Conforme_2_Cam_B_2_278.jpg,bottom_only,
A,year + batch_num + cam_num + sample_num,2025,2,2,279,0,1,1,,2025_Conforme_2_Cam_B_2_279.jpg,bottom_only,
A,year + batch_num + cam_num + sample_num,2025,2,2,280,0,1,1,,2025_Conforme_2_Cam_B_2_280.jpg,bottom_only,
A,year + batch_num + cam_num + sample_num,2025,2,2,281,0,1,1,,2025_Conforme_2_Cam_B_2_281.jpg,bottom_only,
A,year + batch_num + cam_num + sample_num,2025,2,2,282,0,1,1,,2025_Conforme_2_Cam_B_2_282.jpg,bottom_only,
A,year + batch_num + cam_num + sample_num,2025,2,2,283,0,1,1,,2025_Conforme_2_Cam_B_2_283.jpg,bottom_only,
A,year + batch_num + cam_num + sample_num,2025,2,2,284,0,1,1,,2025_Conforme_2_Cam_B_2_284.jpg,bottom_only,
A,year + batch_num + cam_num + sample_num,2025,2,2,285,0,1,1,,2025_Conforme_2_Cam_B_2_285.jpg,bottom_only,
A,year + batch_num + cam_num + sample_num,2025,2,2,286,0,1,1,,2025_Conforme_2_Cam_B_2_286.jpg,bottom_only,
A,year + batch_num + cam_num + sample_num,2025,2,2,287,0,1,1,,2025_Conforme_2_Cam_B_2_287.jpg,bottom_only,
A,year + batch_num + cam_num + sample_num,2025,2,2,288,0,1,1,,2025_Conforme_2_Cam_B_2_288.jpg,bottom_only,
A,year + batch_num + cam_num + sample_num,2025,2,2,289,0,1,1,,2025_Conforme_2_Cam_B_2_289.jpg,bottom_only,
A,year + batch_num + cam_num + sample_num,2025,2,2,290,0,1,1,,2025_Conforme_2_Cam_B_2_290.jpg,bottom_only,
A,year + batch_num + cam_num + sample_num,2025,2,2,291,0,1,1,,2025_Conforme_2_Cam_B_2_291.jpg,bottom_only,
A,year + batch_num + cam_num + sample_num,2025,2,2,292,0,1,1,,2025_Conforme_2_Cam_B_2_292.jpg,bottom_only,
A,year + batch_num + cam_num + sample_num,2025,2,2,293,0,1,1,,2025_Conforme_2_Cam_B_2_293.jpg,bottom_only,
A,year + batch_num + cam_num + sample_num,2025,2,2,294,0,1,1,,2025_Conforme_2_Cam_B_2_294.jpg,bottom_only,
A,year + batch_num + cam_num + sample_num,2025,2,2,295,0,1,1,,2025_Conforme_2_Cam_B_2_295.jpg,bottom_only,
A,year + batch_num + cam_num + sample_num,2025,2,2,296,0,1,1,,2025_Conforme_2_Cam_B_2_296.jpg,bottom_only,
A,year + batch_num + cam_num + sample_num,2025,2,2,297,0,1,1,,2025_Conforme_2_Cam_B_2_297.jpg,bottom_only,
A,year + batch_num + cam_num + sample_num,2025,2,2,298,0,1,1,,2025_Conforme_2_Cam_B_2_298.jpg,bottom_only,
A,year + batch_num + cam_num + sample_num,2025,2,2,299,0,1,1,,2025_Conforme_2_Cam_B_2_299.jpg,bottom_only,
A,year + batch_num + cam_num + sample_num,2025,2,2,300,0,1,1,,2025_Conforme_2_Cam_B_2_300.jpg,bottom_only,
A,year + batch_num + cam_num + sample_num,2025,2,2,301,0,1,1,,2025_Conforme_2_Cam_B_2_301.jpg,bottom_only,
A,year + batch_num + cam_num + sample_num,2025,2,2,302,0,1,1,,2025_Conforme_2_Cam_B_2_302.jpg,bottom_only,
A,year + batch_num + cam_num + sample_num,2025,2,2,303,0,1,1,,2025_Conforme_2_Cam_B_2_303.jpg,bottom_only,
A,year + batch_num + cam_num + sample_num,2025,2,2,304,0,1,1,,2025_Conforme_2_Cam_B_2_304.jpg,bottom_only,
A,year + batch_num + cam_num + sample_num,2025,2,2,305,0,1,1,,2025_Conforme_2_Cam_B_2_305.jpg,bottom_only,
A,year + batch_num + cam_num + sample_num,2025,2,2,306,0,1,1,,2025_Conforme_2_Cam_B_2_306.jpg,bottom_only,
A,year + batch_num + cam_num + sample_num,2025,2,2,307,0,1,1,,2025_Conforme_2_Cam_B_2_307.jpg,bottom_only,
A,year + batch_num + cam_num + sample_num,2025,2,2,308,0,1,1,,2025_Conforme_2_Cam_B_2_308.jpg,bottom_only,
A,year + batch_num + cam_num + sample_num,2025,2,2,309,0,1,1,,2025_Conforme_2_Cam_B_2_309.jpg,bottom_only,
A,year + batch_num + cam_num + sample_num,2025,2,2,310,0,1,1,,2025_Conforme_2_Cam_B_2_310.jpg,bottom_only,
A,year + batch_num + cam_num + sample_num,2025,2,2,311,0,1,1,,2025_Conforme_2_Cam_B_2_311.jpg,bottom_only,
A,year + batch_num + cam_num + sample_num,2025,2,2,312,0,1,1,,2025_Conforme_2_Cam_B_2_312.jpg,bottom_only,
A,year + batch_num + cam_num + sample_num,2025,2,2,313,0,1,1,,2025_Conforme_2_Cam_B_2_313.jpg,bottom_only,
A,year + batch_num + cam_num + sample_num,2025,2,2,314,0,1,1,,2025_Conforme_2_Cam_B_2_314.jpg,bottom_only,
A,year + batch_num + cam_num + sample_num,2025,2,2,315,0,1,1,,2025_Conforme_2_Cam_B_2_315.jpg,bottom_only,
A,year + batch_num + cam_num + sample_num,2025,2,2,316,0,1,1,,2025_Conforme_2_Cam_B_2_316.jpg,bottom_only,
A,year + batch_num + cam_num + sample_num,2025,2,2,317,0,1,1,,2025_Conforme_2_Cam_B_2_317.jpg,bottom_only,
A,year + batch_num + cam_num + sample_num,2025,2,2,318,0,1,1,,2025_Conforme_2_Cam_B_2_318.jpg,bottom_only,
A,year + batch_num + cam_num + sample_num,2025,2,2,319,0,1,1,,2025_Conforme_2_Cam_B_2_319.jpg,bottom_only,
A,year + batch_num + cam_num + sample_num,2025,2,2,320,0,1,1,,2025_Conforme_2_Cam_B_2_320.jpg,bottom_only,
A,year + batch_num + cam_num + sample_num,2025,2,2,321,0,1,1,,2025_Conforme_2_Cam_B_2_321.jpg,bottom_only,
A,year + batch_num + cam_num + sample_num,2025,2,2,322,0,1,1,,2025_Conforme_2_Cam_B_2_322.jpg,bottom_only,
A,year + batch_num + cam_num + sample_num,2025,2,2,323,0,1,1,,2025_Conforme_2_Cam_B_2_323.jpg,bottom_only,
A,year + batch_num + cam_num + sample_num,2025,2,2,324,0,1,1,,2025_Conforme_2_Cam_B_2_324.jpg,bottom_only,
A,year + batch_num + cam_num + sample_num,2025,2,2,325,0,1,1,,2025_Conforme_2_Cam_B_2_325.jpg,bottom_only,
A,year + batch_num + cam_num + sample_num,2025,2,2,326,0,1,1,,2025_Conforme_2_Cam_B_2_326.jpg,bottom_only,
A,year + batch_num + cam_num + sample_num,2025,2,2,327,0,1,1,,2025_Conforme_2_Cam_B_2_327.jpg,bottom_only,
A,year + batch_num + cam_num + sample_num,2025,2,2,328,0,1,1,,2025_Conforme_2_Cam_B_2_328.jpg,bottom_only,
A,year + batch_num + cam_num + sample_num,2025,2,2,329,0,1,1,,2025_Conforme_2_Cam_B_2_329.jpg,bottom_only,
A,year + batch_num + cam_num + sample_num,2025,2,2,330,0,1,1,,2025_Conforme_2_Cam_B_2_330.jpg,bottom_only,
A,year + batch_num + cam_num + sample_num,2025,2,2,331,0,1,1,,2025_Conforme_2_Cam_B_2_331.jpg,bottom_only,
A,year + batch_num + cam_num + sample_num,2025,2,2,332,0,1,1,,2025_Conforme_2_Cam_B_2_332.jpg,bottom_only,
A,year + batch_num + cam_num + sample_num,2025,2,2,333,0,1,1,,2025_Conforme_2_Cam_B_2_333.jpg,bottom_only,
A,year + batch_num + cam_num + sample_num,2025,2,2,334,0,1,1,,2025_Conforme_2_Cam_B_2_334.jpg,bottom_only,
A,year + batch_num + cam_num + sample_num,2025,2,2,335,0,1,1,,2025_Conforme_2_Cam_B_2_335.jpg,bottom_only,
A,year + batch_num + cam_num + sample_num,2025,2,2,336,0,1,1,,2025_Conforme_2_Cam_B_2_336.jpg,bottom_only,
A,year + batch_num + cam_num + sample_num,2025,2,2,337,0,1,1,,2025_Conforme_2_Cam_B_2_337.jpg,bottom_only,
A,year + batch_num + cam_num + sample_num,2025,2,2,338,0,1,1,,2025_Conforme_2_Cam_B_2_338.jpg,bottom_only,
A,year + batch_num + cam_num + sample_num,2025,2,2,339,0,1,1,,2025_Conforme_2_Cam_B_2_339.jpg,bottom_only,
A,year + batch_num + cam_num + sample_num,2025,2,2,340,0,1,1,,2025_Conforme_2_Cam_B_2_340.jpg,bottom_only,
A,year + batch_num + cam_num + sample_num,2025,2,2,341,0,1,1,,2025_Conforme_2_Cam_B_2_341.jpg,bottom_only,
A,year + batch_num + cam_num + sample_num,2025,2,2,342,0,1,1,,2025_Conforme_2_Cam_B_2_342.jpg,bottom_only,
A,year + batch_num + cam_num + sample_num,2025,2,2,343,0,1,1,,2025_Conforme_2_Cam_B_2_343.jpg,bottom_only,
A,year + batch_num + cam_num + sample_num,2025,2,2,344,0,1,1,,2025_Conforme_2_Cam_B_2_344.jpg,bottom_only,
A,year + batch_num + cam_num + sample_num,2025,2,2,345,0,1,1,,2025_Conforme_2_Cam_B_2_345.jpg,bottom_only,
A,year + batch_num + cam_num + sample_num,2025,2,2,346,0,1,1,,2025_Conforme_2_Cam_B_2_346.jpg,bottom_only,
A,year + batch_num + cam_num + sample_num,2025,2,2,347,0,1,1,,2025_Conforme_2_Cam_B_2_347.jpg,bottom_only,
A,year + batch_num + cam_num + sample_num,2025,2,2,348,0,1,1,,2025_Conforme_2_Cam_B_2_348.jpg,bottom_only,
A,year + batch_num + cam_num + sample_num,2025,2,2,349,0,1,1,,2025_Conforme_2_Cam_B_2_349.jpg,bottom_only,
A,year + batch_num + cam_num + sample_num,2025,2,2,350,0,1,1,,2025_Conforme_2_Cam_B_2_350.jpg,bottom_only,
A,year + batch_num + cam_num + sample_num,2025,2,2,351,0,1,1,,2025_Conforme_2_Cam_B_2_351.jpg,bottom_only,
A,year + batch_num + cam_num + sample_num,2025,2,2,352,0,1,1,,2025_Conforme_2_Cam_B_2_352.jpg,bottom_only,
A,year + batch_num + cam_num + sample_num,2025,2,2,353,0,1,1,,2025_Conforme_2_Cam_B_2_353.jpg,bottom_only,
A,year + batch_num + cam_num + sample_num,2025,2,2,354,0,1,1,,2025_Conforme_2_Cam_B_2_354.jpg,bottom_only,
A,year + batch_num + cam_num + sample_num,2025,2,2,355,0,1,1,,2025_Conforme_2_Cam_B_2_355.jpg,bottom_only,
A,year + batch_num + cam_num + sample_num,2025,2,2,356,0,1,1,,2025_Conforme_2_Cam_B_2_356.jpg,bottom_only,
A,year + batch_num + cam_num + sample_num,2025,2,2,357,0,1,1,,2025_Conforme_2_Cam_B_2_357.jpg,bottom_only,
A,year + batch_num + cam_num + sample_num,2025,2,2,358,0,1,1,,2025_Conforme_2_Cam_B_2_358.jpg,bottom_only,
A,year + batch_num + cam_num + sample_num,2025,2,2,359,0,1,1,,2025_Conforme_2_Cam_B_2_359.jpg,bottom_only,
A,year + batch_num + cam_num + sample_num,2025,2,2,360,0,1,1,,2025_Conforme_2_Cam_B_2_360.jpg,bottom_only,
A,year + batch_num + cam_num + sample_num,2025,2,2,361,0,1,1,,2025_Conforme_2_Cam_B_2_361.jpg,bottom_only,
A,year + batch_num + cam_num + sample_num,2025,2,2,362,0,1,1,,2025_Conforme_2_Cam_B_2_362.jpg,bottom_only,
A,year + batch_num + cam_num + sample_num,2025,2,2,363,0,1,1,,2025_Conforme_2_Cam_B_2_363.jpg,bottom_only,
A,year + batch_num + cam_num + sample_num,2025,2,2,364,0,1,1,,2025_Conforme_2_Cam_B_2_364.jpg,bottom_only,
A,year + batch_num + cam_num + sample_num,2025,2,2,365,0,1,1,,2025_Conforme_2_Cam_B_2_365.jpg,bottom_only,
A,year + batch_num + cam_num + sample_num,2025,2,2,366,0,1,1,,2025_Conforme_2_Cam_B_2_366.jpg,bottom_only,
A,year + batch_num + cam_num + sample_num,2025,2,2,367,0,1,1,,2025_Conforme_2_Cam_B_2_367.jpg,bottom_only,
A,year + batch_num + cam_num + sample_num,2025,2,2,368,0,1,1,,2025_Conforme_2_Cam_B_2_368.jpg,bottom_only,
A,year + batch_num + cam_num + sample_num,2025,2,2,369,0,1,1,,2025_Conforme_2_Cam_B_2_369.jpg,bottom_only,
A,year + batch_num + cam_num + sample_num,2025,2,2,370,0,1,1,,2025_Conforme_2_Cam_B_2_370.jpg,bottom_only,
A,year + batch_num + cam_num + sample_num,2025,2,2,371,0,1,1,,2025_Conforme_2_Cam_B_2_371.jpg,bottom_only,
A,year + batch_num + cam_num + sample_num,2025,2,2,372,0,1,1,,2025_Conforme_2_Cam_B_2_372.jpg,bottom_only,
A,year + batch_num + cam_num + sample_num,2025,2,2,373,0,1,1,,2025_Conforme_2_Cam_B_2_373.jpg,bottom_only,
A,year + batch_num + cam_num + sample_num,2025,2,2,374,0,1,1,,2025_Conforme_2_Cam_B_2_374.jpg,bottom_only,
A,year + batch_num + cam_num + sample_num,2025,2,2,375,0,1,1,,2025_Conforme_2_Cam_B_2_375.jpg,bottom_only,
A,year + batch_num + cam_num + sample_num,2025,2,2,376,0,1,1,,2025_Conforme_2_Cam_B_2_376.jpg,bottom_only,
A,year + batch_num + cam_num + sample_num,2025,2,2,377,0,1,1,,2025_Conforme_2_Cam_B_2_377.jpg,bottom_only,
A,year + batch_num + cam_num + sample_num,2025,2,2,378,0,1,1,,2025_Conforme_2_Cam_B_2_378.jpg,bottom_only,
A,year + batch_num + cam_num + sample_num,2025,2,2,379,0,1,1,,2025_Conforme_2_Cam_B_2_379.jpg,bottom_only,
A,year + batch_num + cam_num + sample_num,2025,2,2,380,0,1,1,,2025_Conforme_2_Cam_B_2_380.jpg,bottom_only,
A,year + batch_num + cam_num + sample_num,2025,2,2,381,0,1,1,,2025_Conforme_2_Cam_B_2_381.jpg,bottom_only,
A,year + batch_num + cam_num + sample_num,2025,2,2,382,0,1,1,,2025_Conforme_2_Cam_B_2_382.jpg,bottom_only,
A,year + batch_num + cam_num + sample_num,2025,2,2,383,0,1,1,,2025_Conforme_2_Cam_B_2_383.jpg,bottom_only,
A,year + batch_num + cam_num + sample_num,2025,2,2,384,0,1,1,,2025_Conforme_2_Cam_B_2_384.jpg,bottom_only,
A,year + batch_num + cam_num + sample_num,2025,2,2,385,0,1,1,,2025_Conforme_2_Cam_B_2_385.jpg,bottom_only,
A,year + batch_num + cam_num + sample_num,2025,2,2,386,0,1,1,,2025_Conforme_2_Cam_B_2_386.jpg,bottom_only,
A,year + batch_num + cam_num + sample_num,2025,2,2,387,0,1,1,,2025_Conforme_2_Cam_B_2_387.jpg,bottom_only,
A,year + batch_num + cam_num + sample_num,2025,2,2,388,0,1,1,,2025_Conforme_2_Cam_B_2_388.jpg,bottom_only,
A,year + batch_num + cam_num + sample_num,2025,2,2,389,0,1,1,,2025_Conforme_2_Cam_B_2_389.jpg,bottom_only,
A,year + batch_num + cam_num + sample_num,2025,2,2,390,0,1,1,,2025_Conforme_2_Cam_B_2_390.jpg,bottom_only,
A,year + batch_num + cam_num + sample_num,2025,2,2,391,0,1,1,,2025_Conforme_2_Cam_B_2_391.jpg,bottom_only,
A,year + batch_num + cam_num + sample_num,2025,2,2,392,0,1,1,,2025_Conforme_2_Cam_B_2_392.jpg,bottom_only,
A,year + batch_num + cam_num + sample_num,2025,2,2,393,0,1,1,,2025_Conforme_2_Cam_B_2_393.jpg,bottom_only,
A,year + batch_num + cam_num + sample_num,2025,2,2,394,0,1,1,,2025_Conforme_2_Cam_B_2_394.jpg,bottom_only,
A,year + batch_num + cam_num + sample_num,2025,2,2,395,0,1,1,,2025_Conforme_2_Cam_B_2_395.jpg,bottom_only,
A,year + batch_num + cam_num + sample_num,2025,2,2,396,0,1,1,,2025_Conforme_2_Cam_B_2_396.jpg,bottom_only,
A,year + batch_num + cam_num + sample_num,2025,2,2,397,0,1,1,,2025_Conforme_2_Cam_B_2_397.jpg,bottom_only,
A,year + batch_num + cam_num + sample_num,2025,2,2,398,0,1,1,,2025_Conforme_2_Cam_B_2_398.jpg,bottom_only,
A,year + batch_num + cam_num + sample_num,2025,2,2,399,0,1,1,,2025_Conforme_2_Cam_B_2_399.jpg,bottom_only,
A,year + batch_num + cam_num + sample_num,2025,2,2,400,0,1,1,,2025_Conforme_2_Cam_B_2_400.jpg,bottom_only,
A,year + batch_num + cam_num + sample_num,2025,2,2,401,0,1,1,,2025_Conforme_2_Cam_B_2_401.jpg,bottom_only,
A,year + batch_num + cam_num + sample_num,2025,2,2,402,0,1,1,,2025_Conforme_2_Cam_B_2_402.jpg,bottom_only,
A,year + batch_num + cam_num + sample_num,2025,2,2,403,0,1,1,,2025_Conforme_2_Cam_B_2_403.jpg,bottom_only,
A,year + batch_num + cam_num + sample_num,2025,2,2,404,0,1,1,,2025_Conforme_2_Cam_B_2_404.jpg,bottom_only,
A,year + batch_num + cam_num + sample_num,2025,2,2,405,0,1,1,,2025_Conforme_2_Cam_B_2_405.jpg,bottom_only,
A,year + batch_num + cam_num + sample_num,2025,2,2,406,0,1,1,,2025_Conforme_2_Cam_B_2_406.jpg,bottom_only,
A,year + batch_num + cam_num + sample_num,2025,2,2,407,0,1,1,,2025_Conforme_2_Cam_B_2_407.jpg,bottom_only,
A,year + batch_num + cam_num + sample_num,2025,2,2,408,0,1,1,,2025_Conforme_2_Cam_B_2_408.jpg,bottom_only,
A,year + batch_num + cam_num + sample_num,2025,2,2,409,0,1,1,,2025_Conforme_2_Cam_B_2_409.jpg,bottom_only,
A,year + batch_num + cam_num + sample_num,2025,2,2,410,0,1,1,,2025_Conforme_2_Cam_B_2_410.jpg,bottom_only,
A,year + batch_num + cam_num + sample_num,2025,2,2,411,0,1,1,,2025_Conforme_2_Cam_B_2_411.jpg,bottom_only,
A,year + batch_num + cam_num + sample_num,2025,2,2,412,0,1,1,,2025_Conforme_2_Cam_B_2_412.jpg,bottom_only,
A,year + batch_num + cam_num + sample_num,2025,2,2,413,0,1,1,,2025_Conforme_2_Cam_B_2_413.jpg,bottom_only,
A,year + batch_num + cam_num + sample_num,2025,2,2,414,0,1,1,,2025_Conforme_2_Cam_B_2_414.jpg,bottom_only,
A,year + batch_num + cam_num + sample_num,2025,2,2,415,0,1,1,,2025_Conforme_2_Cam_B_2_415.jpg,bottom_only,
A,year + batch_num + cam_num + sample_num,2025,2,2,416,0,1,1,,2025_Conforme_2_Cam_B_2_416.jpg,bottom_only,
A,year + batch_num + cam_num + sample_num,2025,2,2,417,0,1,1,,2025_Conforme_2_Cam_B_2_417.jpg,bottom_only,
A,year + batch_num + cam_num + sample_num,2025,2,2,418,0,1,1,,2025_Conforme_2_Cam_B_2_418.jpg,bottom_only,
A,year + batch_num + cam_num + sample_num,2025,2,2,419,0,1,1,,2025_Conforme_2_Cam_B_2_419.jpg,bottom_only,
A,year + batch_num + cam_num + sample_num,2025,2,2,420,0,1,1,,2025_Conforme_2_Cam_B_2_420.jpg,bottom_only,
A,year + batch_num + cam_num + sample_num,2025,2,2,421,0,1,1,,2025_Conforme_2_Cam_B_2_421.jpg,bottom_only,
A,year + batch_num + cam_num + sample_num,2025,2,2,422,0,1,1,,2025_Conforme_2_Cam_B_2_422.jpg,bottom_only,
A,year + batch_num + cam_num + sample_num,2025,2,2,423,0,1,1,,2025_Conforme_2_Cam_B_2_423.jpg,bottom_only,
A,year + batch_num + cam_num + sample_num,2025,2,2,424,0,1,1,,2025_Conforme_2_Cam_B_2_424.jpg,bottom_only,
A,year + batch_num + cam_num + sample_num,2025,2,2,425,0,1,1,,2025_Conforme_2_Cam_B_2_425.jpg,bottom_only,
A,year + batch_num + cam_num + sample_num,2025,2,2,426,0,1,1,,2025_Conforme_2_Cam_B_2_426.jpg,bottom_only,
A,year + batch_num + cam_num + sample_num,2025,2,2,427,0,1,1,,2025_Conforme_2_Cam_B_2_427.jpg,bottom_only,
A,year + batch_num + cam_num + sample_num,2025,2,2,428,0,1,1,,2025_Conforme_2_Cam_B_2_428.jpg,bottom_only,
A,year + batch_num + cam_num + sample_num,2025,2,2,429,0,1,1,,2025_Conforme_2_Cam_B_2_429.jpg,bottom_only,
A,year + batch_num + cam_num + sample_num,2025,2,2,430,0,1,1,,2025_Conforme_2_Cam_B_2_430.jpg,bottom_only,
A,year + batch_num + cam_num + sample_num,2025,2,2,431,0,1,1,,2025_Conforme_2_Cam_B_2_431.jpg,bottom_only,
A,year + batch_num + cam_num + sample_num,2025,2,2,432,0,1,1,,2025_Conforme_2_Cam_B_2_432.jpg,bottom_only,
A,year + batch_num + cam_num + sample_num,2025,2,2,433,0,1,1,,2025_Conforme_2_Cam_B_2_433.jpg,bottom_only,
A,year + batch_num + cam_num + sample_num,2025,2,2,434,0,1,1,,2025_Conforme_2_Cam_B_2_434.jpg,bottom_only,
A,year + batch_num + cam_num + sample_num,2025,2,2,435,0,1,1,,2025_Conforme_2_Cam_B_2_435.jpg,bottom_only,
A,year + batch_num + cam_num + sample_num,2025,2,2,436,0,1,1,,2025_Conforme_2_Cam_B_2_436.jpg,bottom_only,
A,year + batch_num + cam_num + sample_num,2025,2,2,437,0,1,1,,2025_Conforme_2_Cam_B_2_437.jpg,bottom_only,
A,year + batch_num + cam_num + sample_num,2025,2,2,438,0,1,1,,2025_Conforme_2_Cam_B_2_438.jpg,bottom_only,
A,year + batch_num + cam_num + sample_num,2025,2,2,439,0,1,1,,2025_Conforme_2_Cam_B_2_439.jpg,bottom_only,
A,year + batch_num + cam_num + sample_num,2025,2,2,440,0,1,1,,2025_Conforme_2_Cam_B_2_440.jpg,bottom_only,
A,year + batch_num + cam_num + sample_num,2025,2,2,441,0,1,1,,2025_Conforme_2_Cam_B_2_441.jpg,bottom_only,
A,year + batch_num + cam_num + sample_num,2025,2,2,442,0,1,1,,2025_Conforme_2_Cam_B_2_442.jpg,bottom_only,
A,year + batch_num + cam_num + sample_num,2025,2,2,443,0,1,1,,2025_Conforme_2_Cam_B_2_443.jpg,bottom_only,
A,year + batch_num + cam_num + sample_num,2025,2,2,444,0,1,1,,2025_Conforme_2_Cam_B_2_444.jpg,bottom_only,
A,year + batch_num + cam_num + sample_num,2025,2,2,445,0,1,1,,2025_Conforme_2_Cam_B_2_445.jpg,bottom_only,
A,year + batch_num + cam_num + sample_num,2025,2,2,446,0,1,1,,2025_Conforme_2_Cam_B_2_446.jpg,bottom_only,
A,year + batch_num + cam_num + sample_num,2025,2,2,447,0,1,1,,2025_Conforme_2_Cam_B_2_447.jpg,bottom_only,
A,year + batch_num + cam_num + sample_num,2025,2,2,448,0,1,1,,2025_Conforme_2_Cam_B_2_448.jpg,bottom_only,
A,year + batch_num + cam_num + sample_num,2025,2,2,449,0,1,1,,2025_Conforme_2_Cam_B_2_449.jpg,bottom_only,
A,year + batch_num + cam_num + sample_num,2025,2,2,450,0,1,1,,2025_Conforme_2_Cam_B_2_450.jpg,bottom_only,
A,year + batch_num + cam_num + sample_num,2025,2,2,451,0,1,1,,2025_Conforme_2_Cam_B_2_451.jpg,bottom_only,
A,year + batch_num + cam_num + sample_num,2025,2,2,452,0,1,1,,2025_Conforme_2_Cam_B_2_452.jpg,bottom_only,
A,year + batch_num + cam_num + sample_num,2025,2,2,453,0,1,1,,2025_Conforme_2_Cam_B_2_453.jpg,bottom_only,
A,year + batch_num + cam_num + sample_num,2025,2,2,454,0,1,1,,2025_Conforme_2_Cam_B_2_454.jpg,bottom_only,
A,year + batch_num + cam_num + sample_num,2025,2,2,455,0,1,1,,2025_Conforme_2_Cam_B_2_455.jpg,bottom_only,
A,year + batch_num + cam_num + sample_num,2025,2,2,456,0,1,1,,2025_Conforme_2_Cam_B_2_456.jpg,bottom_only,
A,year + batch_num + cam_num + sample_num,2025,2,2,457,0,1,1,,2025_Conforme_2_Cam_B_2_457.jpg,bottom_only,
A,year + batch_num + cam_num + sample_num,2025,2,2,458,0,1,1,,2025_Conforme_2_Cam_B_2_458.jpg,bottom_only,
A,year + batch_num + cam_num + sample_num,2025,2,2,459,0,1,1,,2025_Conforme_2_Cam_B_2_459.jpg,bottom_only,
A,year + batch_num + cam_num + sample_num,2025,2,2,460,0,1,1,,2025_Conforme_2_Cam_B_2_460.jpg,bottom_only,
A,year + batch_num + cam_num + sample_num,2025,2,2,461,0,1,1,,2025_Conforme_2_Cam_B_2_461.jpg,bottom_only,
A,year + batch_num + cam_num + sample_num,2025,2,2,462,0,1,1,,2025_Conforme_2_Cam_B_2_462.jpg,bottom_only,
A,year + batch_num + cam_num + sample_num,2025,2,2,463,0,1,1,,2025_Conforme_2_Cam_B_2_463.jpg,bottom_only,
A,year + batch_num + cam_num + sample_num,2025,2,2,464,0,1,1,,2025_Conforme_2_Cam_B_2_464.jpg,bottom_only,
A,year + batch_num + cam_num + sample_num,2025,2,2,465,0,1,1,,2025_Conforme_2_Cam_B_2_465.jpg,bottom_only,
A,year + batch_num + cam_num + sample_num,2025,2,2,466,0,1,1,,2025_Conforme_2_Cam_B_2_466.jpg,bottom_only,
A,year + batch_num + cam_num + sample_num,2025,2,2,467,0,1,1,,2025_Conforme_2_Cam_B_2_467.jpg,bottom_only,
A,year + batch_num + cam_num + sample_num,2025,2,2,468,0,1,1,,2025_Conforme_2_Cam_B_2_468.jpg,bottom_only,
A,year + batch_num + cam_num + sample_num,2025,2,2,469,0,1,1,,2025_Conforme_2_Cam_B_2_469.jpg,bottom_only,
A,year + batch_num + cam_num + sample_num,2025,2,2,470,0,1,1,,2025_Conforme_2_Cam_B_2_470.jpg,bottom_only,
A,year + batch_num + cam_num + sample_num,2025,2,2,471,0,1,1,,2025_Conforme_2_Cam_B_2_471.jpg,bottom_only,
A,year + batch_num + cam_num + sample_num,2025,2,2,472,0,1,1,,2025_Conforme_2_Cam_B_2_472.jpg,bottom_only,
A,year + batch_num + cam_num + sample_num,2025,2,2,473,0,1,1,,2025_Conforme_2_Cam_B_2_473.jpg,bottom_only,
A,year + batch_num + cam_num + sample_num,2025,2,2,474,0,1,1,,2025_Conforme_2_Cam_B_2_474.jpg,bottom_only,
A,year + batch_num + cam_num + sample_num,2025,2,2,475,0,1,1,,2025_Conforme_2_Cam_B_2_475.jpg,bottom_only,
A,year + batch_num + cam_num + sample_num,2025,2,2,476,0,1,1,,2025_Conforme_2_Cam_B_2_476.jpg,bottom_only,
A,year + batch_num + cam_num + sample_num,2025,2,2,477,0,1,1,,2025_Conforme_2_Cam_B_2_477.jpg,bottom_only,
A,year + batch_num + cam_num + sample_num,2025,2,2,478,0,1,1,,2025_Conforme_2_Cam_B_2_478.jpg,bottom_only,
A,year + batch_num + cam_num + sample_num,2025,2,2,479,0,1,1,,2025_Conforme_2_Cam_B_2_479.jpg,bottom_only,
A,year + batch_num + cam_num + sample_num,2025,2,2,480,0,1,1,,2025_Conforme_2_Cam_B_2_480.jpg,bottom_only,
A,year + batch_num + cam_num + sample_num,2025,2,2,481,0,1,1,,2025_Conforme_2_Cam_B_2_481.jpg,bottom_only,
A,year + batch_num + cam_num + sample_num,2025,2,2,482,0,1,1,,2025_Conforme_2_Cam_B_2_482.jpg,bottom_only,
A,year + batch_num + cam_num + sample_num,2025,2,2,483,0,1,1,,2025_Conforme_2_Cam_B_2_483.jpg,bottom_only,
A,year + batch_num + cam_num + sample_num,2025,2,2,484,0,1,1,,2025_Conforme_2_Cam_B_2_484.jpg,bottom_only,
A,year + batch_num + cam_num + sample_num,2025,2,2,485,0,1,1,,2025_Conforme_2_Cam_B_2_485.jpg,bottom_only,
A,year + batch_num + cam_num + sample_num,2025,2,2,486,0,1,1,,2025_Conforme_2_Cam_B_2_486.jpg,bottom_only,
A,year + batch_num + cam_num + sample_num,2025,2,2,487,0,1,1,,2025_Conforme_2_Cam_B_2_487.jpg,bottom_only,
A,year + batch_num + cam_num + sample_num,2025,2,2,488,0,1,1,,2025_Conforme_2_Cam_B_2_488.jpg,bottom_only,
A,year + batch_num + cam_num + sample_num,2025,2,2,489,0,1,1,,2025_Conforme_2_Cam_B_2_489.jpg,bottom_only,
A,year + batch_num + cam_num + sample_num,2025,2,2,490,0,1,1,,2025_Conforme_2_Cam_B_2_490.jpg,bottom_only,
A,year + batch_num + cam_num + sample_num,2025,2,2,491,0,1,1,,2025_Conforme_2_Cam_B_2_491.jpg,bottom_only,
A,year + batch_num + cam_num + sample_num,2025,2,2,492,0,1,1,,2025_Conforme_2_Cam_B_2_492.jpg,bottom_only,
A,year + batch_num + cam_num + sample_num,2025,2,2,493,0,1,1,,2025_Conforme_2_Cam_B_2_493.jpg,bottom_only,
A,year + batch_num + cam_num + sample_num,2025,2,2,494,0,1,1,,2025_Conforme_2_Cam_B_2_494.jpg,bottom_only,
A,year + batch_num + cam_num + sample_num,2025,2,2,495,0,1,1,,2025_Conforme_2_Cam_B_2_495.jpg,bottom_only,
A,year + batch_num + cam_num + sample_num,2025,2,2,496,0,1,1,,2025_Conforme_2_Cam_B_2_496.jpg,bottom_only,
A,year + batch_num + cam_num + sample_num,2025,2,2,497,0,1,1,,2025_Conforme_2_Cam_B_2_497.jpg,bottom_only,
A,year + batch_num + cam_num + sample_num,2025,2,2,498,0,1,1,,2025_Conforme_2_Cam_B_2_498.jpg,bottom_only,
A,year + batch_num + cam_num + sample_num,2025,2,2,499,0,1,1,,2025_Conforme_2_Cam_B_2_499.jpg,bottom_only,
A,year + batch_num + cam_num + sample_num,2025,2,2,500,0,1,1,,2025_Conforme_2_Cam_B_2_500.jpg,bottom_only,
A,year + batch_num + cam_num + sample_num,2025,2,2,501,0,1,1,,2025_Conforme_2_Cam_B_2_501.jpg,bottom_only,
A,year + batch_num + cam_num + sample_num,2025,2,2,502,0,1,1,,2025_Conforme_2_Cam_B_2_502.jpg,bottom_only,
A,year + batch_num + cam_num + sample_num,2025,2,2,503,0,1,1,,2025_Conforme_2_Cam_B_2_503.jpg,bottom_only,
A,year + batch_num + cam_num + sample_num,2025,2,2,504,0,1,1,,2025_Conforme_2_Cam_B_2_504.jpg,bottom_only,
A,year + batch_num + cam_num + sample_num,2025,2,2,505,0,1,1,,2025_Conforme_2_Cam_B_2_505.jpg,bottom_only,
A,year + batch_num + cam_num + sample_num,2025,2,2,506,0,1,1,,2025_Conforme_2_Cam_B_2_506.jpg,bottom_only,
A,year + batch_num + cam_num + sample_num,2025,2,2,507,0,1,1,,2025_Conforme_2_Cam_B_2_507.jpg,bottom_only,
A,year + batch_num + cam_num + sample_num,2025,2,2,508,0,1,1,,2025_Conforme_2_Cam_B_2_508.jpg,bottom_only,
A,year + batch_num + cam_num + sample_num,2025,2,2,509,0,1,1,,2025_Conforme_2_Cam_B_2_509.jpg,bottom_only,
A,year + batch_num + cam_num + sample_num,2025,2,2,510,0,1,1,,2025_Conforme_2_Cam_B_2_510.jpg,bottom_only,
A,year + batch_num + cam_num + sample_num,2025,2,2,511,0,1,1,,2025_Conforme_2_Cam_B_2_511.jpg,bottom_only,
A,year + batch_num + cam_num + sample_num,2025,2,2,512,0,1,1,,2025_Conforme_2_Cam_B_2_512.jpg,bottom_only,
A,year + batch_num + cam_num + sample_num,2025,2,2,513,0,1,1,,2025_Conforme_2_Cam_B_2_513.jpg,bottom_only,
A,year + batch_num + cam_num + sample_num,2025,2,2,514,0,1,1,,2025_Conforme_2_Cam_B_2_514.jpg,bottom_only,
A,year + batch_num + cam_num + sample_num,2025,2,2,515,0,1,1,,2025_Conforme_2_Cam_B_2_515.jpg,bottom_only,
A,year + batch_num + cam_num + sample_num,2025,2,2,516,0,1,1,,2025_Conforme_2_Cam_B_2_516.jpg,bottom_only,
A,year + batch_num + cam_num + sample_num,2025,2,2,517,0,1,1,,2025_Conforme_2_Cam_B_2_517.jpg,bottom_only,
A,year + batch_num + cam_num + sample_num,2025,2,2,518,0,1,1,,2025_Conforme_2_Cam_B_2_518.jpg,bottom_only,
A,year + batch_num + cam_num + sample_num,2025,2,3,105,1,0,1,2025_Conforme_2_Cam_T_3_105.jpg,,top_only,
A,year + batch_num + cam_num + sample_num,2025,2,3,259,0,1,1,,2025_Conforme_2_Cam_B_3_259.jpg,bottom_only,
A,year + batch_num + cam_num + sample_num,2025,2,3,260,0,1,1,,2025_Conforme_2_Cam_B_3_260.jpg,bottom_only,
A,year + batch_num + cam_num + sample_num,2025,2,3,261,0,1,1,,2025_Conforme_2_Cam_B_3_261.jpg,bottom_only,
A,year + batch_num + cam_num + sample_num,2025,2,3,262,0,1,1,,2025_Conforme_2_Cam_B_3_262.jpg,bottom_only,
A,year + batch_num + cam_num + sample_num,2025,2,3,263,0,1,1,,2025_Conforme_2_Cam_B_3_263.jpg,bottom_only,
A,year + batch_num + cam_num + sample_num,2025,2,3,264,0,1,1,,2025_Conforme_2_Cam_B_3_264.jpg,bottom_only,
A,year + batch_num + cam_num + sample_num,2025,2,3,265,0,1,1,,2025_Conforme_2_Cam_B_3_265.jpg,bottom_only,
A,year + batch_num + cam_num + sample_num,2025,2,3,266,0,1,1,,2025_Conforme_2_Cam_B_3_266.jpg,bottom_only,
A,year + batch_num + cam_num + sample_num,2025,2,3,267,0,1,1,,2025_Conforme_2_Cam_B_3_267.jpg,bottom_only,
A,year + batch_num + cam_num + sample_num,2025,2,3,268,0,1,1,,2025_Conforme_2_Cam_B_3_268.jpg,bottom_only,
A,year + batch_num + cam_num + sample_num,2025,2,3,269,0,1,1,,2025_Conforme_2_Cam_B_3_269.jpg,bottom_only,
A,year + batch_num + cam_num + sample_num,2025,2,3,270,0,1,1,,2025_Conforme_2_Cam_B_3_270.jpg,bottom_only,
A,year + batch_num + cam_num + sample_num,2025,2,3,271,0,1,1,,2025_Conforme_2_Cam_B_3_271.jpg,bottom_only,
A,year + batch_num + cam_num + sample_num,2025,2,3,272,0,1,1,,2025_Conforme_2_Cam_B_3_272.jpg,bottom_only,
A,year + batch_num + cam_num + sample_num,2025,2,3,273,0,1,1,,2025_Conforme_2_Cam_B_3_273.jpg,bottom_only,
A,year + batch_num + cam_num + sample_num,2025,2,3,274,0,1,1,,2025_Conforme_2_Cam_B_3_274.jpg,bottom_only,
A,year + batch_num + cam_num + sample_num,2025,2,3,275,0,1,1,,2025_Conforme_2_Cam_B_3_275.jpg,bottom_only,
A,year + batch_num + cam_num + sample_num,2025,2,3,276,0,1,1,,2025_Conforme_2_Cam_B_3_276.jpg,bottom_only,
A,year + batch_num + cam_num + sample_num,2025,2,3,277,0,1,1,,2025_Conforme_2_Cam_B_3_277.jpg,bottom_only,
A,year + batch_num + cam_num + sample_num,2025,2,3,278,0,1,1,,2025_Conforme_2_Cam_B_3_278.jpg,bottom_only,
A,year + batch_num + cam_num + sample_num,2025,2,3,279,0,1,1,,2025_Conforme_2_Cam_B_3_279.jpg,bottom_only,
A,year + batch_num + cam_num + sample_num,2025,2,3,280,0,1,1,,2025_Conforme_2_Cam_B_3_280.jpg,bottom_only,
A,year + batch_num + cam_num + sample_num,2025,2,3,281,0,1,1,,2025_Conforme_2_Cam_B_3_281.jpg,bottom_only,
A,year + batch_num + cam_num + sample_num,2025,2,3,282,0,1,1,,2025_Conforme_2_Cam_B_3_282.jpg,bottom_only,
A,year + batch_num + cam_num + sample_num,2025,2,3,283,0,1,1,,2025_Conforme_2_Cam_B_3_283.jpg,bottom_only,
A,year + batch_num + cam_num + sample_num,2025,2,3,284,0,1,1,,2025_Conforme_2_Cam_B_3_284.jpg,bottom_only,
A,year + batch_num + cam_num + sample_num,2025,2,3,285,0,1,1,,2025_Conforme_2_Cam_B_3_285.jpg,bottom_only,
A,year + batch_num + cam_num + sample_num,2025,2,3,286,0,1,1,,2025_Conforme_2_Cam_B_3_286.jpg,bottom_only,
A,year + batch_num + cam_num + sample_num,2025,2,3,287,0,1,1,,2025_Conforme_2_Cam_B_3_287.jpg,bottom_only,
A,year + batch_num + cam_num + sample_num,2025,2,3,288,0,1,1,,2025_Conforme_2_Cam_B_3_288.jpg,bottom_only,
A,year + batch_num + cam_num + sample_num,2025,2,3,289,0,1,1,,2025_Conforme_2_Cam_B_3_289.jpg,bottom_only,
A,year + batch_num + cam_num + sample_num,2025,2,3,290,0,1,1,,2025_Conforme_2_Cam_B_3_290.jpg,bottom_only,
A,year + batch_num + cam_num + sample_num,2025,2,3,291,0,1,1,,2025_Conforme_2_Cam_B_3_291.jpg,bottom_only,
A,year + batch_num + cam_num + sample_num,2025,2,3,292,0,1,1,,2025_Conforme_2_Cam_B_3_292.jpg,bottom_only,
A,year + batch_num + cam_num + sample_num,2025,2,3,293,0,1,1,,2025_Conforme_2_Cam_B_3_293.jpg,bottom_only,
A,year + batch_num + cam_num + sample_num,2025,2,3,294,0,1,1,,2025_Conforme_2_Cam_B_3_294.jpg,bottom_only,
A,year + batch_num + cam_num + sample_num,2025,2,3,295,0,1,1,,2025_Conforme_2_Cam_B_3_295.jpg,bottom_only,
A,year + batch_num + cam_num + sample_num,2025,2,3,296,0,1,1,,2025_Conforme_2_Cam_B_3_296.jpg,bottom_only,
A,year + batch_num + cam_num + sample_num,2025,2,3,297,0,1,1,,2025_Conforme_2_Cam_B_3_297.jpg,bottom_only,
A,year + batch_num + cam_num + sample_num,2025,2,3,298,0,1,1,,2025_Conforme_2_Cam_B_3_298.jpg,bottom_only,
A,year + batch_num + cam_num + sample_num,2025,2,3,299,0,1,1,,2025_Conforme_2_Cam_B_3_299.jpg,bottom_only,
A,year + batch_num + cam_num + sample_num,2025,2,3,300,0,1,1,,2025_Conforme_2_Cam_B_3_300.jpg,bottom_only,
A,year + batch_num + cam_num + sample_num,2025,2,3,301,0,1,1,,2025_Conforme_2_Cam_B_3_301.jpg,bottom_only,
A,year + batch_num + cam_num + sample_num,2025,2,3,302,0,1,1,,2025_Conforme_2_Cam_B_3_302.jpg,bottom_only,
A,year + batch_num + cam_num + sample_num,2025,2,3,303,0,1,1,,2025_Conforme_2_Cam_B_3_303.jpg,bottom_only,
A,year + batch_num + cam_num + sample_num,2025,2,3,304,0,1,1,,2025_Conforme_2_Cam_B_3_304.jpg,bottom_only,
A,year + batch_num + cam_num + sample_num,2025,2,3,305,0,1,1,,2025_Conforme_2_Cam_B_3_305.jpg,bottom_only,
A,year + batch_num + cam_num + sample_num,2025,2,3,306,0,1,1,,2025_Conforme_2_Cam_B_3_306.jpg,bottom_only,
A,year + batch_num + cam_num + sample_num,2025,2,3,307,0,1,1,,2025_Conforme_2_Cam_B_3_307.jpg,bottom_only,
A,year + batch_num + cam_num + sample_num,2025,2,3,308,0,1,1,,2025_Conforme_2_Cam_B_3_308.jpg,bottom_only,
A,year + batch_num + cam_num + sample_num,2025,2,3,309,0,1,1,,2025_Conforme_2_Cam_B_3_309.jpg,bottom_only,
A,year + batch_num + cam_num + sample_num,2025,2,3,310,0,1,1,,2025_Conforme_2_Cam_B_3_310.jpg,bottom_only,
A,year + batch_num + cam_num + sample_num,2025,2,3,311,0,1,1,,2025_Conforme_2_Cam_B_3_311.jpg,bottom_only,
A,year + batch_num + cam_num + sample_num,2025,2,3,312,0,1,1,,2025_Conforme_2_Cam_B_3_312.jpg,bottom_only,
A,year + batch_num + cam_num + sample_num,2025,2,3,313,0,1,1,,2025_Conforme_2_Cam_B_3_313.jpg,bottom_only,
A,year + batch_num + cam_num + sample_num,2025,2,3,314,0,1,1,,2025_Conforme_2_Cam_B_3_314.jpg,bottom_only,
A,year + batch_num + cam_num + sample_num,2025,2,3,315,0,1,1,,2025_Conforme_2_Cam_B_3_315.jpg,bottom_only,
A,year + batch_num + cam_num + sample_num,2025,2,3,316,0,1,1,,2025_Conforme_2_Cam_B_3_316.jpg,bottom_only,
A,year + batch_num + cam_num + sample_num,2025,2,3,317,0,1,1,,2025_Conforme_2_Cam_B_3_317.jpg,bottom_only,
A,year + batch_num + cam_num + sample_num,2025,2,3,318,0,1,1,,2025_Conforme_2_Cam_B_3_318.jpg,bottom_only,
A,year + batch_num + cam_num + sample_num,2025,2,3,319,0,1,1,,2025_Conforme_2_Cam_B_3_319.jpg,bottom_only,
A,year + batch_num + cam_num + sample_num,2025,2,3,320,0,1,1,,2025_Conforme_2_Cam_B_3_320.jpg,bottom_only,
A,year + batch_num + cam_num + sample_num,2025,2,3,321,0,1,1,,2025_Conforme_2_Cam_B_3_321.jpg,bottom_only,
A,year + batch_num + cam_num + sample_num,2025,2,3,322,0,1,1,,2025_Conforme_2_Cam_B_3_322.jpg,bottom_only,
A,year + batch_num + cam_num + sample_num,2025,2,3,323,0,1,1,,2025_Conforme_2_Cam_B_3_323.jpg,bottom_only,
A,year + batch_num + cam_num + sample_num,2025,2,3,324,0,1,1,,2025_Conforme_2_Cam_B_3_324.jpg,bottom_only,
A,year + batch_num + cam_num + sample_num,2025,2,3,325,0,1,1,,2025_Conforme_2_Cam_B_3_325.jpg,bottom_only,
A,year + batch_num + cam_num + sample_num,2025,2,3,326,0,1,1,,2025_Conforme_2_Cam_B_3_326.jpg,bottom_only,
A,year + batch_num + cam_num + sample_num,2025,2,3,327,0,1,1,,2025_Conforme_2_Cam_B_3_327.jpg,bottom_only,
A,year + batch_num + cam_num + sample_num,2025,2,3,328,0,1,1,,2025_Conforme_2_Cam_B_3_328.jpg,bottom_only,
A,year + batch_num + cam_num + sample_num,2025,2,3,329,0,1,1,,2025_Conforme_2_Cam_B_3_329.jpg,bottom_only,
A,year + batch_num + cam_num + sample_num,2025,2,3,330,0,1,1,,2025_Conforme_2_Cam_B_3_330.jpg,bottom_only,
A,year + batch_num + cam_num + sample_num,2025,2,3,331,0,1,1,,2025_Conforme_2_Cam_B_3_331.jpg,bottom_only,
A,year + batch_num + cam_num + sample_num,2025,2,3,332,0,1,1,,2025_Conforme_2_Cam_B_3_332.jpg,bottom_only,
A,year + batch_num + cam_num + sample_num,2025,2,3,333,0,1,1,,2025_Conforme_2_Cam_B_3_333.jpg,bottom_only,
A,year + batch_num + cam_num + sample_num,2025,2,3,334,0,1,1,,2025_Conforme_2_Cam_B_3_334.jpg,bottom_only,
A,year + batch_num + cam_num + sample_num,2025,2,3,335,0,1,1,,2025_Conforme_2_Cam_B_3_335.jpg,bottom_only,
A,year + batch_num + cam_num + sample_num,2025,2,3,336,0,1,1,,2025_Conforme_2_Cam_B_3_336.jpg,bottom_only,
A,year + batch_num + cam_num + sample_num,2025,2,3,337,0,1,1,,2025_Conforme_2_Cam_B_3_337.jpg,bottom_only,
A,year + batch_num + cam_num + sample_num,2025,2,3,338,0,1,1,,2025_Conforme_2_Cam_B_3_338.jpg,bottom_only,
A,year + batch_num + cam_num + sample_num,2025,2,3,339,0,1,1,,2025_Conforme_2_Cam_B_3_339.jpg,bottom_only,
A,year + batch_num + cam_num + sample_num,2025,2,3,340,0,1,1,,2025_Conforme_2_Cam_B_3_340.jpg,bottom_only,
A,year + batch_num + cam_num + sample_num,2025,2,3,341,0,1,1,,2025_Conforme_2_Cam_B_3_341.jpg,bottom_only,
A,year + batch_num + cam_num + sample_num,2025,2,3,342,0,1,1,,2025_Conforme_2_Cam_B_3_342.jpg,bottom_only,
A,year + batch_num + cam_num + sample_num,2025,2,3,343,0,1,1,,2025_Conforme_2_Cam_B_3_343.jpg,bottom_only,
A,year + batch_num + cam_num + sample_num,2025,2,3,344,0,1,1,,2025_Conforme_2_Cam_B_3_344.jpg,bottom_only,
A,year + batch_num + cam_num + sample_num,2025,2,3,345,0,1,1,,2025_Conforme_2_Cam_B_3_345.jpg,bottom_only,
A,year + batch_num + cam_num + sample_num,2025,2,3,346,0,1,1,,2025_Conforme_2_Cam_B_3_346.jpg,bottom_only,
A,year + batch_num + cam_num + sample_num,2025,2,3,347,0,1,1,,2025_Conforme_2_Cam_B_3_347.jpg,bottom_only,
A,year + batch_num + cam_num + sample_num,2025,2,3,348,0,1,1,,2025_Conforme_2_Cam_B_3_348.jpg,bottom_only,
A,year + batch_num + cam_num + sample_num,2025,2,3,349,0,1,1,,2025_Conforme_2_Cam_B_3_349.jpg,bottom_only,
A,year + batch_num + cam_num + sample_num,2025,2,3,350,0,1,1,,2025_Conforme_2_Cam_B_3_350.jpg,bottom_only,
A,year + batch_num + cam_num + sample_num,2025,2,3,351,0,1,1,,2025_Conforme_2_Cam_B_3_351.jpg,bottom_only,
A,year + batch_num + cam_num + sample_num,2025,2,3,352,0,1,1,,2025_Conforme_2_Cam_B_3_352.jpg,bottom_only,
A,year + batch_num + cam_num + sample_num,2025,2,3,353,0,1,1,,2025_Conforme_2_Cam_B_3_353.jpg,bottom_only,
A,year + batch_num + cam_num + sample_num,2025,2,3,354,0,1,1,,2025_Conforme_2_Cam_B_3_354.jpg,bottom_only,
A,year + batch_num + cam_num + sample_num,2025,2,3,355,0,1,1,,2025_Conforme_2_Cam_B_3_355.jpg,bottom_only,
A,year + batch_num + cam_num + sample_num,2025,2,3,356,0,1,1,,2025_Conforme_2_Cam_B_3_356.jpg,bottom_only,
A,year + batch_num + cam_num + sample_num,2025,2,3,357,0,1,1,,2025_Conforme_2_Cam_B_3_357.jpg,bottom_only,
A,year + batch_num + cam_num + sample_num,2025,2,3,358,0,1,1,,2025_Conforme_2_Cam_B_3_358.jpg,bottom_only,
A,year + batch_num + cam_num + sample_num,2025,2,3,359,0,1,1,,2025_Conforme_2_Cam_B_3_359.jpg,bottom_only,
A,year + batch_num + cam_num + sample_num,2025,2,3,360,0,1,1,,2025_Conforme_2_Cam_B_3_360.jpg,bottom_only,
A,year + batch_num + cam_num + sample_num,2025,2,3,361,0,1,1,,2025_Conforme_2_Cam_B_3_361.jpg,bottom_only,
A,year + batch_num + cam_num + sample_num,2025,2,3,362,0,1,1,,2025_Conforme_2_Cam_B_3_362.jpg,bottom_only,
A,year + batch_num + cam_num + sample_num,2025,2,3,363,0,1,1,,2025_Conforme_2_Cam_B_3_363.jpg,bottom_only,
A,year + batch_num + cam_num + sample_num,2025,2,3,364,0,1,1,,2025_Conforme_2_Cam_B_3_364.jpg,bottom_only,
A,year + batch_num + cam_num + sample_num,2025,2,3,365,0,1,1,,2025_Conforme_2_Cam_B_3_365.jpg,bottom_only,
A,year + batch_num + cam_num + sample_num,2025,2,3,366,0,1,1,,2025_Conforme_2_Cam_B_3_366.jpg,bottom_only,
A,year + batch_num + cam_num + sample_num,2025,2,3,367,0,1,1,,2025_Conforme_2_Cam_B_3_367.jpg,bottom_only,
A,year + batch_num + cam_num + sample_num,2025,2,3,368,0,1,1,,2025_Conforme_2_Cam_B_3_368.jpg,bottom_only,
A,year + batch_num + cam_num + sample_num,2025,2,3,369,0,1,1,,2025_Conforme_2_Cam_B_3_369.jpg,bottom_only,
A,year + batch_num + cam_num + sample_num,2025,2,3,370,0,1,1,,2025_Conforme_2_Cam_B_3_370.jpg,bottom_only,
A,year + batch_num + cam_num + sample_num,2025,2,3,371,0,1,1,,2025_Conforme_2_Cam_B_3_371.jpg,bottom_only,
A,year + batch_num + cam_num + sample_num,2025,2,3,372,0,1,1,,2025_Conforme_2_Cam_B_3_372.jpg,bottom_only,
A,year + batch_num + cam_num + sample_num,2025,2,3,373,0,1,1,,2025_Conforme_2_Cam_B_3_373.jpg,bottom_only,
A,year + batch_num + cam_num + sample_num,2025,2,3,374,0,1,1,,2025_Conforme_2_Cam_B_3_374.jpg,bottom_only,
A,year + batch_num + cam_num + sample_num,2025,2,3,375,0,1,1,,2025_Conforme_2_Cam_B_3_375.jpg,bottom_only,
A,year + batch_num + cam_num + sample_num,2025,2,3,376,0,1,1,,2025_Conforme_2_Cam_B_3_376.jpg,bottom_only,
A,year + batch_num + cam_num + sample_num,2025,2,3,377,0,1,1,,2025_Conforme_2_Cam_B_3_377.jpg,bottom_only,
A,year + batch_num + cam_num + sample_num,2025,2,3,378,0,1,1,,2025_Conforme_2_Cam_B_3_378.jpg,bottom_only,
A,year + batch_num + cam_num + sample_num,2025,2,3,379,0,1,1,,2025_Conforme_2_Cam_B_3_379.jpg,bottom_only,
A,year + batch_num + cam_num + sample_num,2025,2,3,380,0,1,1,,2025_Conforme_2_Cam_B_3_380.jpg,bottom_only,
A,year + batch_num + cam_num + sample_num,2025,2,3,381,0,1,1,,2025_Conforme_2_Cam_B_3_381.jpg,bottom_only,
A,year + batch_num + cam_num + sample_num,2025,2,3,382,0,1,1,,2025_Conforme_2_Cam_B_3_382.jpg,bottom_only,
A,year + batch_num + cam_num + sample_num,2025,2,3,383,0,1,1,,2025_Conforme_2_Cam_B_3_383.jpg,bottom_only,
A,year + batch_num + cam_num + sample_num,2025,2,3,384,0,1,1,,2025_Conforme_2_Cam_B_3_384.jpg,bottom_only,
A,year + batch_num + cam_num + sample_num,2025,2,3,385,0,1,1,,2025_Conforme_2_Cam_B_3_385.jpg,bottom_only,
A,year + batch_num + cam_num + sample_num,2025,2,3,386,0,1,1,,2025_Conforme_2_Cam_B_3_386.jpg,bottom_only,
A,year + batch_num + cam_num + sample_num,2025,2,3,387,0,1,1,,2025_Conforme_2_Cam_B_3_387.jpg,bottom_only,
A,year + batch_num + cam_num + sample_num,2025,2,3,388,0,1,1,,2025_Conforme_2_Cam_B_3_388.jpg,bottom_only,
A,year + batch_num + cam_num + sample_num,2025,2,3,389,0,1,1,,2025_Conforme_2_Cam_B_3_389.jpg,bottom_only,
A,year + batch_num + cam_num + sample_num,2025,2,3,390,0,1,1,,2025_Conforme_2_Cam_B_3_390.jpg,bottom_only,
A,year + batch_num + cam_num + sample_num,2025,2,3,391,0,1,1,,2025_Conforme_2_Cam_B_3_391.jpg,bottom_only,
A,year + batch_num + cam_num + sample_num,2025,2,3,392,0,1,1,,2025_Conforme_2_Cam_B_3_392.jpg,bottom_only,
A,year + batch_num + cam_num + sample_num,2025,2,3,393,0,1,1,,2025_Conforme_2_Cam_B_3_393.jpg,bottom_only,
A,year + batch_num + cam_num + sample_num,2025,2,3,394,0,1,1,,2025_Conforme_2_Cam_B_3_394.jpg,bottom_only,
A,year + batch_num + cam_num + sample_num,2025,2,3,395,0,1,1,,2025_Conforme_2_Cam_B_3_395.jpg,bottom_only,
A,year + batch_num + cam_num + sample_num,2025,2,3,396,0,1,1,,2025_Conforme_2_Cam_B_3_396.jpg,bottom_only,
A,year + batch_num + cam_num + sample_num,2025,2,3,397,0,1,1,,2025_Conforme_2_Cam_B_3_397.jpg,bottom_only,
A,year + batch_num + cam_num + sample_num,2025,2,3,398,0,1,1,,2025_Conforme_2_Cam_B_3_398.jpg,bottom_only,
A,year + batch_num + cam_num + sample_num,2025,2,3,399,0,1,1,,2025_Conforme_2_Cam_B_3_399.jpg,bottom_only,
A,year + batch_num + cam_num + sample_num,2025,2,3,400,0,1,1,,2025_Conforme_2_Cam_B_3_400.jpg,bottom_only,
A,year + batch_num + cam_num + sample_num,2025,2,3,401,0,1,1,,2025_Conforme_2_Cam_B_3_401.jpg,bottom_only,
A,year + batch_num + cam_num + sample_num,2025,2,3,402,0,1,1,,2025_Conforme_2_Cam_B_3_402.jpg,bottom_only,
A,year + batch_num + cam_num + sample_num,2025,2,3,403,0,1,1,,2025_Conforme_2_Cam_B_3_403.jpg,bottom_only,
A,year + batch_num + cam_num + sample_num,2025,2,3,404,0,1,1,,2025_Conforme_2_Cam_B_3_404.jpg,bottom_only,
A,year + batch_num + cam_num + sample_num,2025,2,3,405,0,1,1,,2025_Conforme_2_Cam_B_3_405.jpg,bottom_only,
A,year + batch_num + cam_num + sample_num,2025,2,3,406,0,1,1,,2025_Conforme_2_Cam_B_3_406.jpg,bottom_only,
A,year + batch_num + cam_num + sample_num,2025,2,3,407,0,1,1,,2025_Conforme_2_Cam_B_3_407.jpg,bottom_only,
A,year + batch_num + cam_num + sample_num,2025,2,3,408,0,1,1,,2025_Conforme_2_Cam_B_3_408.jpg,bottom_only,
A,year + batch_num + cam_num + sample_num,2025,2,3,409,0,1,1,,2025_Conforme_2_Cam_B_3_409.jpg,bottom_only,
A,year + batch_num + cam_num + sample_num,2025,2,3,410,0,1,1,,2025_Conforme_2_Cam_B_3_410.jpg,bottom_only,
A,year + batch_num + cam_num + sample_num,2025,2,3,411,0,1,1,,2025_Conforme_2_Cam_B_3_411.jpg,bottom_only,
A,year + batch_num + cam_num + sample_num,2025,2,3,412,0,1,1,,2025_Conforme_2_Cam_B_3_412.jpg,bottom_only,
A,year + batch_num + cam_num + sample_num,2025,2,3,414,0,1,1,,2025_Conforme_2_Cam_B_3_414.jpg,bottom_only,
A,year + batch_num + cam_num + sample_num,2025,2,3,415,0,1,1,,2025_Conforme_2_Cam_B_3_415.jpg,bottom_only,
A,year + batch_num + cam_num + sample_num,2025,2,3,416,0,1,1,,2025_Conforme_2_Cam_B_3_416.jpg,bottom_only,
A,year + batch_num + cam_num + sample_num,2025,2,3,417,0,1,1,,2025_Conforme_2_Cam_B_3_417.jpg,bottom_only,
A,year + batch_num + cam_num + sample_num,2025,2,3,418,0,1,1,,2025_Conforme_2_Cam_B_3_418.jpg,bottom_only,
A,year + batch_num + cam_num + sample_num,2025,2,3,419,0,1,1,,2025_Conforme_2_Cam_B_3_419.jpg,bottom_only,
A,year + batch_num + cam_num + sample_num,2025,2,3,420,0,1,1,,2025_Conforme_2_Cam_B_3_420.jpg,bottom_only,
A,year + batch_num + cam_num + sample_num,2025,2,3,421,0,1,1,,2025_Conforme_2_Cam_B_3_421.jpg,bottom_only,
A,year + batch_num + cam_num + sample_num,2025,2,3,422,0,1,1,,2025_Conforme_2_Cam_B_3_422.jpg,bottom_only,
A,year + batch_num + cam_num + sample_num,2025,2,3,423,0,1,1,,2025_Conforme_2_Cam_B_3_423.jpg,bottom_only,
A,year + batch_num + cam_num + sample_num,2025,2,3,424,0,1,1,,2025_Conforme_2_Cam_B_3_424.jpg,bottom_only,
A,year + batch_num + cam_num + sample_num,2025,2,3,425,0,1,1,,2025_Conforme_2_Cam_B_3_425.jpg,bottom_only,
A,year + batch_num + cam_num + sample_num,2025,2,3,426,0,1,1,,2025_Conforme_2_Cam_B_3_426.jpg,bottom_only,
A,year + batch_num + cam_num + sample_num,2025,2,3,427,0,1,1,,2025_Conforme_2_Cam_B_3_427.jpg,bottom_only,
A,year + batch_num + cam_num + sample_num,2025,2,3,428,0,1,1,,2025_Conforme_2_Cam_B_3_428.jpg,bottom_only,
A,year + batch_num + cam_num + sample_num,2025,2,3,429,0,1,1,,2025_Conforme_2_Cam_B_3_429.jpg,bottom_only,
A,year + batch_num + cam_num + sample_num,2025,2,3,430,0,1,1,,2025_Conforme_2_Cam_B_3_430.jpg,bottom_only,
A,year + batch_num + cam_num + sample_num,2025,2,3,431,0,1,1,,2025_Conforme_2_Cam_B_3_431.jpg,bottom_only,
A,year + batch_num + cam_num + sample_num,2025,2,3,432,0,1,1,,2025_Conforme_2_Cam_B_3_432.jpg,bottom_only,
A,year + batch_num + cam_num + sample_num,2025,2,3,433,0,1,1,,2025_Conforme_2_Cam_B_3_433.jpg,bottom_only,
A,year + batch_num + cam_num + sample_num,2025,2,3,434,0,1,1,,2025_Conforme_2_Cam_B_3_434.jpg,bottom_only,
A,year + batch_num + cam_num + sample_num,2025,2,3,435,0,1,1,,2025_Conforme_2_Cam_B_3_435.jpg,bottom_only,
A,year + batch_num + cam_num + sample_num,2025,2,3,436,0,1,1,,2025_Conforme_2_Cam_B_3_436.jpg,bottom_only,
A,year + batch_num + cam_num + sample_num,2025,2,3,437,0,1,1,,2025_Conforme_2_Cam_B_3_437.jpg,bottom_only,
A,year + batch_num + cam_num + sample_num,2025,2,3,438,0,1,1,,2025_Conforme_2_Cam_B_3_438.jpg,bottom_only,
A,year + batch_num + cam_num + sample_num,2025,2,3,439,0,1,1,,2025_Conforme_2_Cam_B_3_439.jpg,bottom_only,
A,year + batch_num + cam_num + sample_num,2025,2,3,440,0,1,1,,2025_Conforme_2_Cam_B_3_440.jpg,bottom_only,
A,year + batch_num + cam_num + sample_num,2025,2,3,441,0,1,1,,2025_Conforme_2_Cam_B_3_441.jpg,bottom_only,
A,year + batch_num + cam_num + sample_num,2025,2,3,442,0,1,1,,2025_Conforme_2_Cam_B_3_442.jpg,bottom_only,
A,year + batch_num + cam_num + sample_num,2025,2,3,443,0,1,1,,2025_Conforme_2_Cam_B_3_443.jpg,bottom_only,
A,year + batch_num + cam_num + sample_num,2025,2,3,444,0,1,1,,2025_Conforme_2_Cam_B_3_444.jpg,bottom_only,
A,year + batch_num + cam_num + sample_num,2025,2,3,445,0,1,1,,2025_Conforme_2_Cam_B_3_445.jpg,bottom_only,
A,year + batch_num + cam_num + sample_num,2025,2,3,446,0,1,1,,2025_Conforme_2_Cam_B_3_446.jpg,bottom_only,
A,year + batch_num + cam_num + sample_num,2025,2,3,447,0,1,1,,2025_Conforme_2_Cam_B_3_447.jpg,bottom_only,
A,year + batch_num + cam_num + sample_num,2025,2,3,448,0,1,1,,2025_Conforme_2_Cam_B_3_448.jpg,bottom_only,
A,year + batch_num + cam_num + sample_num,2025,2,3,449,0,1,1,,2025_Conforme_2_Cam_B_3_449.jpg,bottom_only,
A,year + batch_num + cam_num + sample_num,2025,2,3,450,0,1,1,,2025_Conforme_2_Cam_B_3_450.jpg,bottom_only,
A,year + batch_num + cam_num + sample_num,2025,2,3,451,0,1,1,,2025_Conforme_2_Cam_B_3_451.jpg,bottom_only,
A,year + batch_num + cam_num + sample_num,2025,2,3,452,0,1,1,,2025_Conforme_2_Cam_B_3_452.jpg,bottom_only,
A,year + batch_num + cam_num + sample_num,2025,2,3,453,0,1,1,,2025_Conforme_2_Cam_B_3_453.jpg,bottom_only,
A,year + batch_num + cam_num + sample_num,2025,2,3,454,0,1,1,,2025_Conforme_2_Cam_B_3_454.jpg,bottom_only,
A,year + batch_num + cam_num + sample_num,2025,2,3,455,0,1,1,,2025_Conforme_2_Cam_B_3_455.jpg,bottom_only,
A,year + batch_num + cam_num + sample_num,2025,2,3,456,0,1,1,,2025_Conforme_2_Cam_B_3_456.jpg,bottom_only,
A,year + batch_num + cam_num + sample_num,2025,2,3,457,0,1,1,,2025_Conforme_2_Cam_B_3_457.jpg,bottom_only,
A,year + batch_num + cam_num + sample_num,2025,2,3,458,0,1,1,,2025_Conforme_2_Cam_B_3_458.jpg,bottom_only,
A,year + batch_num + cam_num + sample_num,2025,2,3,459,0,1,1,,2025_Conforme_2_Cam_B_3_459.jpg,bottom_only,
A,year + batch_num + cam_num + sample_num,2025,2,3,460,0,1,1,,2025_Conforme_2_Cam_B_3_460.jpg,bottom_only,
A,year + batch_num + cam_num + sample_num,2025,2,3,461,0,1,1,,2025_Conforme_2_Cam_B_3_461.jpg,bottom_only,
A,year + batch_num + cam_num + sample_num,2025,2,3,462,0,1,1,,2025_Conforme_2_Cam_B_3_462.jpg,bottom_only,
A,year + batch_num + cam_num + sample_num,2025,2,3,463,0,1,1,,2025_Conforme_2_Cam_B_3_463.jpg,bottom_only,
A,year + batch_num + cam_num + sample_num,2025,2,3,464,0,1,1,,2025_Conforme_2_Cam_B_3_464.jpg,bottom_only,
A,year + batch_num + cam_num + sample_num,2025,2,3,465,0,1,1,,2025_Conforme_2_Cam_B_3_465.jpg,bottom_only,
A,year + batch_num + cam_num + sample_num,2025,2,3,466,0,1,1,,2025_Conforme_2_Cam_B_3_466.jpg,bottom_only,
A,year + batch_num + cam_num + sample_num,2025,2,3,467,0,1,1,,2025_Conforme_2_Cam_B_3_467.jpg,bottom_only,
A,year + batch_num + cam_num + sample_num,2025,2,3,468,0,1,1,,2025_Conforme_2_Cam_B_3_468.jpg,bottom_only,
A,year + batch_num + cam_num + sample_num,2025,2,3,469,0,1,1,,2025_Conforme_2_Cam_B_3_469.jpg,bottom_only,
A,year + batch_num + cam_num + sample_num,2025,2,3,470,0,1,1,,2025_Conforme_2_Cam_B_3_470.jpg,bottom_only,
A,year + batch_num + cam_num + sample_num,2025,2,3,471,0,1,1,,2025_Conforme_2_Cam_B_3_471.jpg,bottom_only,
A,year + batch_num + cam_num + sample_num,2025,2,3,472,0,1,1,,2025_Conforme_2_Cam_B_3_472.jpg,bottom_only,
A,year + batch_num + cam_num + sample_num,2025,2,3,473,0,1,1,,2025_Conforme_2_Cam_B_3_473.jpg,bottom_only,
A,year + batch_num + cam_num + sample_num,2025,2,3,474,0,1,1,,2025_Conforme_2_Cam_B_3_474.jpg,bottom_only,
A,year + batch_num + cam_num + sample_num,2025,2,3,475,0,1,1,,2025_Conforme_2_Cam_B_3_475.jpg,bottom_only,
A,year + batch_num + cam_num + sample_num,2025,2,3,476,0,1,1,,2025_Conforme_2_Cam_B_3_476.jpg,bottom_only,
A,year + batch_num + cam_num + sample_num,2025,2,3,477,0,1,1,,2025_Conforme_2_Cam_B_3_477.jpg,bottom_only,
A,year + batch_num + cam_num + sample_num,2025,2,3,478,0,1,1,,2025_Conforme_2_Cam_B_3_478.jpg,bottom_only,
A,year + batch_num + cam_num + sample_num,2025,2,3,479,0,1,1,,2025_Conforme_2_Cam_B_3_479.jpg,bottom_only,
A,year + batch_num + cam_num + sample_num,2025,2,3,480,0,1,1,,2025_Conforme_2_Cam_B_3_480.jpg,bottom_only,
A,year + batch_num + cam_num + sample_num,2025,2,3,481,0,1,1,,2025_Conforme_2_Cam_B_3_481.jpg,bottom_only,
A,year + batch_num + cam_num + sample_num,2025,2,3,482,0,1,1,,2025_Conforme_2_Cam_B_3_482.jpg,bottom_only,
A,year + batch_num + cam_num + sample_num,2025,2,3,483,0,1,1,,2025_Conforme_2_Cam_B_3_483.jpg,bottom_only,
A,year + batch_num + cam_num + sample_num,2025,2,3,484,0,1,1,,2025_Conforme_2_Cam_B_3_484.jpg,bottom_only,
A,year + batch_num + cam_num + sample_num,2025,2,3,485,0,1,1,,2025_Conforme_2_Cam_B_3_485.jpg,bottom_only,
A,year + batch_num + cam_num + sample_num,2025,2,3,486,0,1,1,,2025_Conforme_2_Cam_B_3_486.jpg,bottom_only,
A,year + batch_num + cam_num + sample_num,2025,2,3,487,0,1,1,,2025_Conforme_2_Cam_B_3_487.jpg,bottom_only,
A,year + batch_num + cam_num + sample_num,2025,2,3,488,0,1,1,,2025_Conforme_2_Cam_B_3_488.jpg,bottom_only,
A,year + batch_num + cam_num + sample_num,2025,2,3,489,0,1,1,,2025_Conforme_2_Cam_B_3_489.jpg,bottom_only,
A,year + batch_num + cam_num + sample_num,2025,2,3,490,0,1,1,,2025_Conforme_2_Cam_B_3_490.jpg,bottom_only,
A,year + batch_num + cam_num + sample_num,2025,2,3,491,0,1,1,,2025_Conforme_2_Cam_B_3_491.jpg,bottom_only,
A,year + batch_num + cam_num + sample_num,2025,2,3,492,0,1,1,,2025_Conforme_2_Cam_B_3_492.jpg,bottom_only,
A,year + batch_num + cam_num + sample_num,2025,2,3,493,0,1,1,,2025_Conforme_2_Cam_B_3_493.jpg,bottom_only,
A,year + batch_num + cam_num + sample_num,2025,2,3,494,0,1,1,,2025_Conforme_2_Cam_B_3_494.jpg,bottom_only,
A,year + batch_num + cam_num + sample_num,2025,2,3,495,0,1,1,,2025_Conforme_2_Cam_B_3_495.jpg,bottom_only,
A,year + batch_num + cam_num + sample_num,2025,2,3,496,0,1,1,,2025_Conforme_2_Cam_B_3_496.jpg,bottom_only,
A,year + batch_num + cam_num + sample_num,2025,2,3,497,0,1,1,,2025_Conforme_2_Cam_B_3_497.jpg,bottom_only,
A,year + batch_num + cam_num + sample_num,2025,2,3,498,0,1,1,,2025_Conforme_2_Cam_B_3_498.jpg,bottom_only,
A,year + batch_num + cam_num + sample_num,2025,2,3,499,0,1,1,,2025_Conforme_2_Cam_B_3_499.jpg,bottom_only,
A,year + batch_num + cam_num + sample_num,2025,2,3,500,0,1,1,,2025_Conforme_2_Cam_B_3_500.jpg,bottom_only,
A,year + batch_num + cam_num + sample_num,2025,2,3,501,0,1,1,,2025_Conforme_2_Cam_B_3_501.jpg,bottom_only,
A,year + batch_num + cam_num + sample_num,2025,2,3,502,0,1,1,,2025_Conforme_2_Cam_B_3_502.jpg,bottom_only,
A,year + batch_num + cam_num + sample_num,2025,2,3,503,0,1,1,,2025_Conforme_2_Cam_B_3_503.jpg,bottom_only,
A,year + batch_num + cam_num + sample_num,2025,2,3,504,0,1,1,,2025_Conforme_2_Cam_B_3_504.jpg,bottom_only,
A,year + batch_num + cam_num + sample_num,2025,2,3,505,0,1,1,,2025_Conforme_2_Cam_B_3_505.jpg,bottom_only,
A,year + batch_num + cam_num + sample_num,2025,2,3,506,0,1,1,,2025_Conforme_2_Cam_B_3_506.jpg,bottom_only,
A,year + batch_num + cam_num + sample_num,2025,2,3,507,0,1,1,,2025_Conforme_2_Cam_B_3_507.jpg,bottom_only,
A,year + batch_num + cam_num + sample_num,2025,2,3,508,0,1,1,,2025_Conforme_2_Cam_B_3_508.jpg,bottom_only,
A,year + batch_num + cam_num + sample_num,2025,2,3,509,0,1,1,,2025_Conforme_2_Cam_B_3_509.jpg,bottom_only,
A,year + batch_num + cam_num + sample_num,2025,2,3,510,0,1,1,,2025_Conforme_2_Cam_B_3_510.jpg,bottom_only,
A,year + batch_num + cam_num + sample_num,2025,2,3,511,0,1,1,,2025_Conforme_2_Cam_B_3_511.jpg,bottom_only,
A,year + batch_num + cam_num + sample_num,2025,2,3,512,0,1,1,,2025_Conforme_2_Cam_B_3_512.jpg,bottom_only,
A,year + batch_num + cam_num + sample_num,2025,2,3,513,0,1,1,,2025_Conforme_2_Cam_B_3_513.jpg,bottom_only,
A,year + batch_num + cam_num + sample_num,2025,2,3,514,0,1,1,,2025_Conforme_2_Cam_B_3_514.jpg,bottom_only,
A,year + batch_num + cam_num + sample_num,2025,2,3,515,0,1,1,,2025_Conforme_2_Cam_B_3_515.jpg,bottom_only,
A,year + batch_num + cam_num + sample_num,2025,2,3,516,0,1,1,,2025_Conforme_2_Cam_B_3_516.jpg,bottom_only,
A,year + batch_num + cam_num + sample_num,2025,2,3,517,0,1,1,,2025_Conforme_2_Cam_B_3_517.jpg,bottom_only,
A,year + batch_num + cam_num + sample_num,2025,2,3,518,0,1,1,,2025_Conforme_2_Cam_B_3_518.jpg,bottom_only,
A,year + batch_num + cam_num + sample_num,2025,2,3,519,0,1,1,,2025_Conforme_2_Cam_B_3_519.jpg,bottom_only,
A,year + batch_num + cam_num + sample_num,2025,2,3,520,0,1,1,,2025_Conforme_2_Cam_B_3_520.jpg,bottom_only,
A,year + batch_num + cam_num + sample_num,2025,2,3,521,0,1,1,,2025_Conforme_2_Cam_B_3_521.jpg,bottom_only,
A,year + batch_num + cam_num + sample_num,2025,2,3,522,0,1,1,,2025_Conforme_2_Cam_B_3_522.jpg,bottom_only,
A,year + batch_num + cam_num + sample_num,2025,2,3,523,0,1,1,,2025_Conforme_2_Cam_B_3_523.jpg,bottom_only,
A,year + batch_num + cam_num + sample_num,2025,2,3,524,0,1,1,,2025_Conforme_2_Cam_B_3_524.jpg,bottom_only,
A,year + batch_num + cam_num + sample_num,2025,2,3,525,0,1,1,,2025_Conforme_2_Cam_B_3_525.jpg,bottom_only,
A,year + batch_num + cam_num + sample_num,2025,2,3,526,0,1,1,,2025_Conforme_2_Cam_B_3_526.jpg,bottom_only,
A,year + batch_num + cam_num + sample_num,2025,2,3,527,0,1,1,,2025_Conforme_2_Cam_B_3_527.jpg,bottom_only,
A,year + batch_num + cam_num + sample_num,2025,2,3,528,0,1,1,,2025_Conforme_2_Cam_B_3_528.jpg,bottom_only,
A,year + batch_num + cam_num + sample_num,2025,2,3,529,0,1,1,,2025_Conforme_2_Cam_B_3_529.jpg,bottom_only,
A,year + batch_num + cam_num + sample_num,2025,2,3,530,0,1,1,,2025_Conforme_2_Cam_B_3_530.jpg,bottom_only,
A,year + batch_num + cam_num + sample_num,2025,2,4,1,1,0,1,2025_Conforme_2_Cam_T_4_1.jpg,,top_only,
A,year + batch_num + cam_num + sample_num,2025,2,4,4,1,0,1,2025_Conforme_2_Cam_T_4_4.jpg,,top_only,
A,year + batch_num + cam_num + sample_num,2025,2,4,7,1,0,1,2025_Conforme_2_Cam_T_4_7.jpg,,top_only,
A,year + batch_num + cam_num + sample_num,2025,2,4,10,1,0,1,2025_Conforme_2_Cam_T_4_10.jpg,,top_only,
A,year + batch_num + cam_num + sample_num,2025,2,4,17,1,0,1,2025_Conforme_2_Cam_T_4_17.jpg,,top_only,
A,year + batch_num + cam_num + sample_num,2025,2,4,23,1,0,1,2025_Conforme_2_Cam_T_4_23.jpg,,top_only,
A,year + batch_num + cam_num + sample_num,2025,2,4,26,1,0,1,2025_Conforme_2_Cam_T_4_26.jpg,,top_only,
A,year + batch_num + cam_num + sample_num,2025,2,4,38,1,0,1,2025_Conforme_2_Cam_T_4_38.jpg,,top_only,
A,year + batch_num + cam_num + sample_num,2025,2,4,167,1,0,1,2025_Conforme_2_Cam_T_4_167.jpg,,top_only,
A,year + batch_num + cam_num + sample_num,2025,2,4,257,0,1,1,,2025_Conforme_2_Cam_B_4_257.jpg,bottom_only,
A,year + batch_num + cam_num + sample_num,2025,2,4,258,0,1,1,,2025_Conforme_2_Cam_B_4_258.jpg,bottom_only,
A,year + batch_num + cam_num + sample_num,2025,2,4,259,0,1,1,,2025_Conforme_2_Cam_B_4_259.jpg,bottom_only,
A,year + batch_num + cam_num + sample_num,2025,2,4,260,0,1,1,,2025_Conforme_2_Cam_B_4_260.jpg,bottom_only,
A,year + batch_num + cam_num + sample_num,2025,2,4,261,0,1,1,,2025_Conforme_2_Cam_B_4_261.jpg,bottom_only,
A,year + batch_num + cam_num + sample_num,2025,2,4,262,0,1,1,,2025_Conforme_2_Cam_B_4_262.jpg,bottom_only,
A,year + batch_num + cam_num + sample_num,2025,2,4,263,0,1,1,,2025_Conforme_2_Cam_B_4_263.jpg,bottom_only,
A,year + batch_num + cam_num + sample_num,2025,2,4,264,0,1,1,,2025_Conforme_2_Cam_B_4_264.jpg,bottom_only,
A,year + batch_num + cam_num + sample_num,2025,2,4,265,0,1,1,,2025_Conforme_2_Cam_B_4_265.jpg,bottom_only,
A,year + batch_num + cam_num + sample_num,2025,2,4,266,0,1,1,,2025_Conforme_2_Cam_B_4_266.jpg,bottom_only,
A,year + batch_num + cam_num + sample_num,2025,2,4,267,0,1,1,,2025_Conforme_2_Cam_B_4_267.jpg,bottom_only,
A,year + batch_num + cam_num + sample_num,2025,2,4,268,0,1,1,,2025_Conforme_2_Cam_B_4_268.jpg,bottom_only,
A,year + batch_num + cam_num + sample_num,2025,2,4,269,0,1,1,,2025_Conforme_2_Cam_B_4_269.jpg,bottom_only,
A,year + batch_num + cam_num + sample_num,2025,2,4,270,0,1,1,,2025_Conforme_2_Cam_B_4_270.jpg,bottom_only,
A,year + batch_num + cam_num + sample_num,2025,2,4,271,0,1,1,,2025_Conforme_2_Cam_B_4_271.jpg,bottom_only,
A,year + batch_num + cam_num + sample_num,2025,2,4,272,0,1,1,,2025_Conforme_2_Cam_B_4_272.jpg,bottom_only,
A,year + batch_num + cam_num + sample_num,2025,2,4,273,0,1,1,,2025_Conforme_2_Cam_B_4_273.jpg,bottom_only,
A,year + batch_num + cam_num + sample_num,2025,2,4,274,0,1,1,,2025_Conforme_2_Cam_B_4_274.jpg,bottom_only,
A,year + batch_num + cam_num + sample_num,2025,2,4,275,0,1,1,,2025_Conforme_2_Cam_B_4_275.jpg,bottom_only,
A,year + batch_num + cam_num + sample_num,2025,2,4,276,0,1,1,,2025_Conforme_2_Cam_B_4_276.jpg,bottom_only,
A,year + batch_num + cam_num + sample_num,2025,2,4,277,0,1,1,,2025_Conforme_2_Cam_B_4_277.jpg,bottom_only,
A,year + batch_num + cam_num + sample_num,2025,2,4,278,0,1,1,,2025_Conforme_2_Cam_B_4_278.jpg,bottom_only,
A,year + batch_num + cam_num + sample_num,2025,2,4,279,0,1,1,,2025_Conforme_2_Cam_B_4_279.jpg,bottom_only,
A,year + batch_num + cam_num + sample_num,2025,2,4,280,0,1,1,,2025_Conforme_2_Cam_B_4_280.jpg,bottom_only,
A,year + batch_num + cam_num + sample_num,2025,2,4,281,0,1,1,,2025_Conforme_2_Cam_B_4_281.jpg,bottom_only,
A,year + batch_num + cam_num + sample_num,2025,2,4,282,0,1,1,,2025_Conforme_2_Cam_B_4_282.jpg,bottom_only,
A,year + batch_num + cam_num + sample_num,2025,2,4,283,0,1,1,,2025_Conforme_2_Cam_B_4_283.jpg,bottom_only,
A,year + batch_num + cam_num + sample_num,2025,2,4,284,0,1,1,,2025_Conforme_2_Cam_B_4_284.jpg,bottom_only,
A,year + batch_num + cam_num + sample_num,2025,2,4,285,0,1,1,,2025_Conforme_2_Cam_B_4_285.jpg,bottom_only,
A,year + batch_num + cam_num + sample_num,2025,2,4,286,0,1,1,,2025_Conforme_2_Cam_B_4_286.jpg,bottom_only,
A,year + batch_num + cam_num + sample_num,2025,2,4,287,0,1,1,,2025_Conforme_2_Cam_B_4_287.jpg,bottom_only,
A,year + batch_num + cam_num + sample_num,2025,2,4,288,0,1,1,,2025_Conforme_2_Cam_B_4_288.jpg,bottom_only,
A,year + batch_num + cam_num + sample_num,2025,2,4,289,0,1,1,,2025_Conforme_2_Cam_B_4_289.jpg,bottom_only,
A,year + batch_num + cam_num + sample_num,2025,2,4,290,0,1,1,,2025_Conforme_2_Cam_B_4_290.jpg,bottom_only,
A,year + batch_num + cam_num + sample_num,2025,2,4,292,0,1,1,,2025_Conforme_2_Cam_B_4_292.jpg,bottom_only,
A,year + batch_num + cam_num + sample_num,2025,2,4,293,0,1,1,,2025_Conforme_2_Cam_B_4_293.jpg,bottom_only,
A,year + batch_num + cam_num + sample_num,2025,2,4,294,0,1,1,,2025_Conforme_2_Cam_B_4_294.jpg,bottom_only,
A,year + batch_num + cam_num + sample_num,2025,2,4,295,0,1,1,,2025_Conforme_2_Cam_B_4_295.jpg,bottom_only,
A,year + batch_num + cam_num + sample_num,2025,2,4,296,0,1,1,,2025_Conforme_2_Cam_B_4_296.jpg,bottom_only,
A,year + batch_num + cam_num + sample_num,2025,2,4,297,0,1,1,,2025_Conforme_2_Cam_B_4_297.jpg,bottom_only,
A,year + batch_num + cam_num + sample_num,2025,2,4,298,0,1,1,,2025_Conforme_2_Cam_B_4_298.jpg,bottom_only,
A,year + batch_num + cam_num + sample_num,2025,2,4,299,0,1,1,,2025_Conforme_2_Cam_B_4_299.jpg,bottom_only,
A,year + batch_num + cam_num + sample_num,2025,2,4,300,0,1,1,,2025_Conforme_2_Cam_B_4_300.jpg,bottom_only,
A,year + batch_num + cam_num + sample_num,2025,2,4,301,0,1,1,,2025_Conforme_2_Cam_B_4_301.jpg,bottom_only,
A,year + batch_num + cam_num + sample_num,2025,2,4,302,0,1,1,,2025_Conforme_2_Cam_B_4_302.jpg,bottom_only,
A,year + batch_num + cam_num + sample_num,2025,2,4,303,0,1,1,,2025_Conforme_2_Cam_B_4_303.jpg,bottom_only,
A,year + batch_num + cam_num + sample_num,2025,2,4,304,0,1,1,,2025_Conforme_2_Cam_B_4_304.jpg,bottom_only,
A,year + batch_num + cam_num + sample_num,2025,2,4,305,0,1,1,,2025_Conforme_2_Cam_B_4_305.jpg,bottom_only,
A,year + batch_num + cam_num + sample_num,2025,2,4,306,0,1,1,,2025_Conforme_2_Cam_B_4_306.jpg,bottom_only,
A,year + batch_num + cam_num + sample_num,2025,2,4,307,0,1,1,,2025_Conforme_2_Cam_B_4_307.jpg,bottom_only,
A,year + batch_num + cam_num + sample_num,2025,2,4,308,0,1,1,,2025_Conforme_2_Cam_B_4_308.jpg,bottom_only,
A,year + batch_num + cam_num + sample_num,2025,2,4,309,0,1,1,,2025_Conforme_2_Cam_B_4_309.jpg,bottom_only,
A,year + batch_num + cam_num + sample_num,2025,2,4,310,0,1,1,,2025_Conforme_2_Cam_B_4_310.jpg,bottom_only,
A,year + batch_num + cam_num + sample_num,2025,2,4,311,0,1,1,,2025_Conforme_2_Cam_B_4_311.jpg,bottom_only,
A,year + batch_num + cam_num + sample_num,2025,2,4,312,0,1,1,,2025_Conforme_2_Cam_B_4_312.jpg,bottom_only,
A,year + batch_num + cam_num + sample_num,2025,2,4,313,0,1,1,,2025_Conforme_2_Cam_B_4_313.jpg,bottom_only,
A,year + batch_num + cam_num + sample_num,2025,2,4,314,0,1,1,,2025_Conforme_2_Cam_B_4_314.jpg,bottom_only,
A,year + batch_num + cam_num + sample_num,2025,2,4,315,0,1,1,,2025_Conforme_2_Cam_B_4_315.jpg,bottom_only,
A,year + batch_num + cam_num + sample_num,2025,2,4,316,0,1,1,,2025_Conforme_2_Cam_B_4_316.jpg,bottom_only,
A,year + batch_num + cam_num + sample_num,2025,2,4,317,0,1,1,,2025_Conforme_2_Cam_B_4_317.jpg,bottom_only,
A,year + batch_num + cam_num + sample_num,2025,2,4,318,0,1,1,,2025_Conforme_2_Cam_B_4_318.jpg,bottom_only,
A,year + batch_num + cam_num + sample_num,2025,2,4,319,0,1,1,,2025_Conforme_2_Cam_B_4_319.jpg,bottom_only,
A,year + batch_num + cam_num + sample_num,2025,2,4,320,0,1,1,,2025_Conforme_2_Cam_B_4_320.jpg,bottom_only,
A,year + batch_num + cam_num + sample_num,2025,2,4,322,0,1,1,,2025_Conforme_2_Cam_B_4_322.jpg,bottom_only,
A,year + batch_num + cam_num + sample_num,2025,2,4,323,0,1,1,,2025_Conforme_2_Cam_B_4_323.jpg,bottom_only,
A,year + batch_num + cam_num + sample_num,2025,2,4,324,0,1,1,,2025_Conforme_2_Cam_B_4_324.jpg,bottom_only,
A,year + batch_num + cam_num + sample_num,2025,2,4,325,0,1,1,,2025_Conforme_2_Cam_B_4_325.jpg,bottom_only,
A,year + batch_num + cam_num + sample_num,2025,2,4,326,0,1,1,,2025_Conforme_2_Cam_B_4_326.jpg,bottom_only,
A,year + batch_num + cam_num + sample_num,2025,2,4,327,0,1,1,,2025_Conforme_2_Cam_B_4_327.jpg,bottom_only,
A,year + batch_num + cam_num + sample_num,2025,2,4,328,0,1,1,,2025_Conforme_2_Cam_B_4_328.jpg,bottom_only,
A,year + batch_num + cam_num + sample_num,2025,2,4,329,0,1,1,,2025_Conforme_2_Cam_B_4_329.jpg,bottom_only,
A,year + batch_num + cam_num + sample_num,2025,2,4,330,0,1,1,,2025_Conforme_2_Cam_B_4_330.jpg,bottom_only,
A,year + batch_num + cam_num + sample_num,2025,2,4,331,0,1,1,,2025_Conforme_2_Cam_B_4_331.jpg,bottom_only,
A,year + batch_num + cam_num + sample_num,2025,2,4,332,0,1,1,,2025_Conforme_2_Cam_B_4_332.jpg,bottom_only,
A,year + batch_num + cam_num + sample_num,2025,2,4,333,0,1,1,,2025_Conforme_2_Cam_B_4_333.jpg,bottom_only,
A,year + batch_num + cam_num + sample_num,2025,2,4,334,0,1,1,,2025_Conforme_2_Cam_B_4_334.jpg,bottom_only,
A,year + batch_num + cam_num + sample_num,2025,2,4,335,0,1,1,,2025_Conforme_2_Cam_B_4_335.jpg,bottom_only,
A,year + batch_num + cam_num + sample_num,2025,2,4,336,0,1,1,,2025_Conforme_2_Cam_B_4_336.jpg,bottom_only,
A,year + batch_num + cam_num + sample_num,2025,2,4,337,0,1,1,,2025_Conforme_2_Cam_B_4_337.jpg,bottom_only,
A,year + batch_num + cam_num + sample_num,2025,2,4,338,0,1,1,,2025_Conforme_2_Cam_B_4_338.jpg,bottom_only,
A,year + batch_num + cam_num + sample_num,2025,2,4,339,0,1,1,,2025_Conforme_2_Cam_B_4_339.jpg,bottom_only,
A,year + batch_num + cam_num + sample_num,2025,2,4,340,0,1,1,,2025_Conforme_2_Cam_B_4_340.jpg,bottom_only,
A,year + batch_num + cam_num + sample_num,2025,2,4,341,0,1,1,,2025_Conforme_2_Cam_B_4_341.jpg,bottom_only,
A,year + batch_num + cam_num + sample_num,2025,2,4,342,0,1,1,,2025_Conforme_2_Cam_B_4_342.jpg,bottom_only,
A,year + batch_num + cam_num + sample_num,2025,2,4,343,0,1,1,,2025_Conforme_2_Cam_B_4_343.jpg,bottom_only,
A,year + batch_num + cam_num + sample_num,2025,2,4,344,0,1,1,,2025_Conforme_2_Cam_B_4_344.jpg,bottom_only,
A,year + batch_num + cam_num + sample_num,2025,2,4,345,0,1,1,,2025_Conforme_2_Cam_B_4_345.jpg,bottom_only,
A,year + batch_num + cam_num + sample_num,2025,2,4,346,0,1,1,,2025_Conforme_2_Cam_B_4_346.jpg,bottom_only,
A,year + batch_num + cam_num + sample_num,2025,2,4,347,0,1,1,,2025_Conforme_2_Cam_B_4_347.jpg,bottom_only,
A,year + batch_num + cam_num + sample_num,2025,2,4,348,0,1,1,,2025_Conforme_2_Cam_B_4_348.jpg,bottom_only,
A,year + batch_num + cam_num + sample_num,2025,2,4,349,0,1,1,,2025_Conforme_2_Cam_B_4_349.jpg,bottom_only,
A,year + batch_num + cam_num + sample_num,2025,2,4,350,0,1,1,,2025_Conforme_2_Cam_B_4_350.jpg,bottom_only,
A,year + batch_num + cam_num + sample_num,2025,2,4,351,0,1,1,,2025_Conforme_2_Cam_B_4_351.jpg,bottom_only,
A,year + batch_num + cam_num + sample_num,2025,2,4,352,0,1,1,,2025_Conforme_2_Cam_B_4_352.jpg,bottom_only,
A,year + batch_num + cam_num + sample_num,2025,2,4,353,0,1,1,,2025_Conforme_2_Cam_B_4_353.jpg,bottom_only,
A,year + batch_num + cam_num + sample_num,2025,2,4,354,0,1,1,,2025_Conforme_2_Cam_B_4_354.jpg,bottom_only,
A,year + batch_num + cam_num + sample_num,2025,2,4,355,0,1,1,,2025_Conforme_2_Cam_B_4_355.jpg,bottom_only,
A,year + batch_num + cam_num + sample_num,2025,2,4,356,0,1,1,,2025_Conforme_2_Cam_B_4_356.jpg,bottom_only,
A,year + batch_num + cam_num + sample_num,2025,2,4,357,0,1,1,,2025_Conforme_2_Cam_B_4_357.jpg,bottom_only,
A,year + batch_num + cam_num + sample_num,2025,2,4,358,0,1,1,,2025_Conforme_2_Cam_B_4_358.jpg,bottom_only,
A,year + batch_num + cam_num + sample_num,2025,2,4,359,0,1,1,,2025_Conforme_2_Cam_B_4_359.jpg,bottom_only,
A,year + batch_num + cam_num + sample_num,2025,2,4,360,0,1,1,,2025_Conforme_2_Cam_B_4_360.jpg,bottom_only,
A,year + batch_num + cam_num + sample_num,2025,2,4,361,0,1,1,,2025_Conforme_2_Cam_B_4_361.jpg,bottom_only,
A,year + batch_num + cam_num + sample_num,2025,2,4,362,0,1,1,,2025_Conforme_2_Cam_B_4_362.jpg,bottom_only,
A,year + batch_num + cam_num + sample_num,2025,2,4,363,0,1,1,,2025_Conforme_2_Cam_B_4_363.jpg,bottom_only,
A,year + batch_num + cam_num + sample_num,2025,2,4,364,0,1,1,,2025_Conforme_2_Cam_B_4_364.jpg,bottom_only,
A,year + batch_num + cam_num + sample_num,2025,2,4,365,0,1,1,,2025_Conforme_2_Cam_B_4_365.jpg,bottom_only,
A,year + batch_num + cam_num + sample_num,2025,2,4,366,0,1,1,,2025_Conforme_2_Cam_B_4_366.jpg,bottom_only,
A,year + batch_num + cam_num + sample_num,2025,2,4,367,0,1,1,,2025_Conforme_2_Cam_B_4_367.jpg,bottom_only,
A,year + batch_num + cam_num + sample_num,2025,2,4,368,0,1,1,,2025_Conforme_2_Cam_B_4_368.jpg,bottom_only,
A,year + batch_num + cam_num + sample_num,2025,2,4,369,0,1,1,,2025_Conforme_2_Cam_B_4_369.jpg,bottom_only,
A,year + batch_num + cam_num + sample_num,2025,2,4,370,0,1,1,,2025_Conforme_2_Cam_B_4_370.jpg,bottom_only,
A,year + batch_num + cam_num + sample_num,2025,2,4,371,0,1,1,,2025_Conforme_2_Cam_B_4_371.jpg,bottom_only,
A,year + batch_num + cam_num + sample_num,2025,2,4,373,0,1,1,,2025_Conforme_2_Cam_B_4_373.jpg,bottom_only,
A,year + batch_num + cam_num + sample_num,2025,2,4,374,0,1,1,,2025_Conforme_2_Cam_B_4_374.jpg,bottom_only,
A,year + batch_num + cam_num + sample_num,2025,2,4,375,0,1,1,,2025_Conforme_2_Cam_B_4_375.jpg,bottom_only,
A,year + batch_num + cam_num + sample_num,2025,2,4,376,0,1,1,,2025_Conforme_2_Cam_B_4_376.jpg,bottom_only,
A,year + batch_num + cam_num + sample_num,2025,2,4,377,0,1,1,,2025_Conforme_2_Cam_B_4_377.jpg,bottom_only,
A,year + batch_num + cam_num + sample_num,2025,2,4,378,0,1,1,,2025_Conforme_2_Cam_B_4_378.jpg,bottom_only,
A,year + batch_num + cam_num + sample_num,2025,2,4,379,0,1,1,,2025_Conforme_2_Cam_B_4_379.jpg,bottom_only,
A,year + batch_num + cam_num + sample_num,2025,2,4,380,0,1,1,,2025_Conforme_2_Cam_B_4_380.jpg,bottom_only,
A,year + batch_num + cam_num + sample_num,2025,2,4,381,0,1,1,,2025_Conforme_2_Cam_B_4_381.jpg,bottom_only,
A,year + batch_num + cam_num + sample_num,2025,2,4,382,0,1,1,,2025_Conforme_2_Cam_B_4_382.jpg,bottom_only,
A,year + batch_num + cam_num + sample_num,2025,2,4,383,0,1,1,,2025_Conforme_2_Cam_B_4_383.jpg,bottom_only,
A,year + batch_num + cam_num + sample_num,2025,2,4,384,0,1,1,,2025_Conforme_2_Cam_B_4_384.jpg,bottom_only,
A,year + batch_num + cam_num + sample_num,2025,2,4,385,0,1,1,,2025_Conforme_2_Cam_B_4_385.jpg,bottom_only,
A,year + batch_num + cam_num + sample_num,2025,2,4,386,0,1,1,,2025_Conforme_2_Cam_B_4_386.jpg,bottom_only,
A,year + batch_num + cam_num + sample_num,2025,2,4,387,0,1,1,,2025_Conforme_2_Cam_B_4_387.jpg,bottom_only,
A,year + batch_num + cam_num + sample_num,2025,2,4,388,0,1,1,,2025_Conforme_2_Cam_B_4_388.jpg,bottom_only,
A,year + batch_num + cam_num + sample_num,2025,2,4,389,0,1,1,,2025_Conforme_2_Cam_B_4_389.jpg,bottom_only,
A,year + batch_num + cam_num + sample_num,2025,2,4,390,0,1,1,,2025_Conforme_2_Cam_B_4_390.jpg,bottom_only,
A,year + batch_num + cam_num + sample_num,2025,2,4,391,0,1,1,,2025_Conforme_2_Cam_B_4_391.jpg,bottom_only,
A,year + batch_num + cam_num + sample_num,2025,2,4,392,0,1,1,,2025_Conforme_2_Cam_B_4_392.jpg,bottom_only,
A,year + batch_num + cam_num + sample_num,2025,2,4,393,0,1,1,,2025_Conforme_2_Cam_B_4_393.jpg,bottom_only,
A,year + batch_num + cam_num + sample_num,2025,2,4,394,0,1,1,,2025_Conforme_2_Cam_B_4_394.jpg,bottom_only,
A,year + batch_num + cam_num + sample_num,2025,2,4,395,0,1,1,,2025_Conforme_2_Cam_B_4_395.jpg,bottom_only,
A,year + batch_num + cam_num + sample_num,2025,2,4,396,0,1,1,,2025_Conforme_2_Cam_B_4_396.jpg,bottom_only,
A,year + batch_num + cam_num + sample_num,2025,2,4,397,0,1,1,,2025_Conforme_2_Cam_B_4_397.jpg,bottom_only,
A,year + batch_num + cam_num + sample_num,2025,2,4,398,0,1,1,,2025_Conforme_2_Cam_B_4_398.jpg,bottom_only,
A,year + batch_num + cam_num + sample_num,2025,2,4,399,0,1,1,,2025_Conforme_2_Cam_B_4_399.jpg,bottom_only,
A,year + batch_num + cam_num + sample_num,2025,2,4,400,0,1,1,,2025_Conforme_2_Cam_B_4_400.jpg,bottom_only,
A,year + batch_num + cam_num + sample_num,2025,2,4,401,0,1,1,,2025_Conforme_2_Cam_B_4_401.jpg,bottom_only,
A,year + batch_num + cam_num + sample_num,2025,2,4,402,0,1,1,,2025_Conforme_2_Cam_B_4_402.jpg,bottom_only,
A,year + batch_num + cam_num + sample_num,2025,2,4,403,0,1,1,,2025_Conforme_2_Cam_B_4_403.jpg,bottom_only,
A,year + batch_num + cam_num + sample_num,2025,2,4,404,0,1,1,,2025_Conforme_2_Cam_B_4_404.jpg,bottom_only,
A,year + batch_num + cam_num + sample_num,2025,2,4,405,0,1,1,,2025_Conforme_2_Cam_B_4_405.jpg,bottom_only,
A,year + batch_num + cam_num + sample_num,2025,2,4,406,0,1,1,,2025_Conforme_2_Cam_B_4_406.jpg,bottom_only,
A,year + batch_num + cam_num + sample_num,2025,2,4,408,0,1,1,,2025_Conforme_2_Cam_B_4_408.jpg,bottom_only,
A,year + batch_num + cam_num + sample_num,2025,2,4,409,0,1,1,,2025_Conforme_2_Cam_B_4_409.jpg,bottom_only,
A,year + batch_num + cam_num + sample_num,2025,2,4,410,0,1,1,,2025_Conforme_2_Cam_B_4_410.jpg,bottom_only,
A,year + batch_num + cam_num + sample_num,2025,2,4,411,0,1,1,,2025_Conforme_2_Cam_B_4_411.jpg,bottom_only,
A,year + batch_num + cam_num + sample_num,2025,2,4,412,0,1,1,,2025_Conforme_2_Cam_B_4_412.jpg,bottom_only,
A,year + batch_num + cam_num + sample_num,2025,2,4,413,0,1,1,,2025_Conforme_2_Cam_B_4_413.jpg,bottom_only,
A,year + batch_num + cam_num + sample_num,2025,2,4,414,0,1,1,,2025_Conforme_2_Cam_B_4_414.jpg,bottom_only,
A,year + batch_num + cam_num + sample_num,2025,2,4,415,0,1,1,,2025_Conforme_2_Cam_B_4_415.jpg,bottom_only,
A,year + batch_num + cam_num + sample_num,2025,2,4,416,0,1,1,,2025_Conforme_2_Cam_B_4_416.jpg,bottom_only,
A,year + batch_num + cam_num + sample_num,2025,2,4,417,0,1,1,,2025_Conforme_2_Cam_B_4_417.jpg,bottom_only,
A,year + batch_num + cam_num + sample_num,2025,2,4,418,0,1,1,,2025_Conforme_2_Cam_B_4_418.jpg,bottom_only,
A,year + batch_num + cam_num + sample_num,2025,2,4,419,0,1,1,,2025_Conforme_2_Cam_B_4_419.jpg,bottom_only,
A,year + batch_num + cam_num + sample_num,2025,2,4,420,0,1,1,,2025_Conforme_2_Cam_B_4_420.jpg,bottom_only,
A,year + batch_num + cam_num + sample_num,2025,2,4,421,0,1,1,,2025_Conforme_2_Cam_B_4_421.jpg,bottom_only,
A,year + batch_num + cam_num + sample_num,2025,2,4,422,0,1,1,,2025_Conforme_2_Cam_B_4_422.jpg,bottom_only,
A,year + batch_num + cam_num + sample_num,2025,2,4,423,0,1,1,,2025_Conforme_2_Cam_B_4_423.jpg,bottom_only,
A,year + batch_num + cam_num + sample_num,2025,2,4,424,0,1,1,,2025_Conforme_2_Cam_B_4_424.jpg,bottom_only,
A,year + batch_num + cam_num + sample_num,2025,2,4,425,0,1,1,,2025_Conforme_2_Cam_B_4_425.jpg,bottom_only,
A,year + batch_num + cam_num + sample_num,2025,2,4,426,0,1,1,,2025_Conforme_2_Cam_B_4_426.jpg,bottom_only,
A,year + batch_num + cam_num + sample_num,2025,2,4,427,0,1,1,,2025_Conforme_2_Cam_B_4_427.jpg,bottom_only,
A,year + batch_num + cam_num + sample_num,2025,2,4,428,0,1,1,,2025_Conforme_2_Cam_B_4_428.jpg,bottom_only,
A,year + batch_num + cam_num + sample_num,2025,2,4,429,0,1,1,,2025_Conforme_2_Cam_B_4_429.jpg,bottom_only,
A,year + batch_num + cam_num + sample_num,2025,2,4,430,0,1,1,,2025_Conforme_2_Cam_B_4_430.jpg,bottom_only,
A,year + batch_num + cam_num + sample_num,2025,2,4,431,0,1,1,,2025_Conforme_2_Cam_B_4_431.jpg,bottom_only,
A,year + batch_num + cam_num + sample_num,2025,2,4,432,0,1,1,,2025_Conforme_2_Cam_B_4_432.jpg,bottom_only,
A,year + batch_num + cam_num + sample_num,2025,2,4,433,0,1,1,,2025_Conforme_2_Cam_B_4_433.jpg,bottom_only,
A,year + batch_num + cam_num + sample_num,2025,2,4,434,0,1,1,,2025_Conforme_2_Cam_B_4_434.jpg,bottom_only,
A,year + batch_num + cam_num + sample_num,2025,2,4,435,0,1,1,,2025_Conforme_2_Cam_B_4_435.jpg,bottom_only,
A,year + batch_num + cam_num + sample_num,2025,2,4,436,0,1,1,,2025_Conforme_2_Cam_B_4_436.jpg,bottom_only,
A,year + batch_num + cam_num + sample_num,2025,2,4,437,0,1,1,,2025_Conforme_2_Cam_B_4_437.jpg,bottom_only,
A,year + batch_num + cam_num + sample_num,2025,2,4,438,0,1,1,,2025_Conforme_2_Cam_B_4_438.jpg,bottom_only,
A,year + batch_num + cam_num + sample_num,2025,2,4,439,0,1,1,,2025_Conforme_2_Cam_B_4_439.jpg,bottom_only,
A,year + batch_num + cam_num + sample_num,2025,2,4,440,0,1,1,,2025_Conforme_2_Cam_B_4_440.jpg,bottom_only,
A,year + batch_num + cam_num + sample_num,2025,2,4,441,0,1,1,,2025_Conforme_2_Cam_B_4_441.jpg,bottom_only,
A,year + batch_num + cam_num + sample_num,2025,2,4,442,0,1,1,,2025_Conforme_2_Cam_B_4_442.jpg,bottom_only,
A,year + batch_num + cam_num + sample_num,2025,2,4,443,0,1,1,,2025_Conforme_2_Cam_B_4_443.jpg,bottom_only,
A,year + batch_num + cam_num + sample_num,2025,2,4,444,0,1,1,,2025_Conforme_2_Cam_B_4_444.jpg,bottom_only,
A,year + batch_num + cam_num + sample_num,2025,2,4,445,0,1,1,,2025_Conforme_2_Cam_B_4_445.jpg,bottom_only,
A,year + batch_num + cam_num + sample_num,2025,2,4,446,0,1,1,,2025_Conforme_2_Cam_B_4_446.jpg,bottom_only,
A,year + batch_num + cam_num + sample_num,2025,2,4,447,0,1,1,,2025_Conforme_2_Cam_B_4_447.jpg,bottom_only,
A,year + batch_num + cam_num + sample_num,2025,2,4,448,0,1,1,,2025_Conforme_2_Cam_B_4_448.jpg,bottom_only,
A,year + batch_num + cam_num + sample_num,2025,2,4,449,0,1,1,,2025_Conforme_2_Cam_B_4_449.jpg,bottom_only,
A,year + batch_num + cam_num + sample_num,2025,2,4,450,0,1,1,,2025_Conforme_2_Cam_B_4_450.jpg,bottom_only,
A,year + batch_num + cam_num + sample_num,2025,2,4,451,0,1,1,,2025_Conforme_2_Cam_B_4_451.jpg,bottom_only,
A,year + batch_num + cam_num + sample_num,2025,2,4,452,0,1,1,,2025_Conforme_2_Cam_B_4_452.jpg,bottom_only,
A,year + batch_num + cam_num + sample_num,2025,2,4,453,0,1,1,,2025_Conforme_2_Cam_B_4_453.jpg,bottom_only,
A,year + batch_num + cam_num + sample_num,2025,2,4,454,0,1,1,,2025_Conforme_2_Cam_B_4_454.jpg,bottom_only,
A,year + batch_num + cam_num + sample_num,2025,2,4,455,0,1,1,,2025_Conforme_2_Cam_B_4_455.jpg,bottom_only,
A,year + batch_num + cam_num + sample_num,2025,2,4,456,0,1,1,,2025_Conforme_2_Cam_B_4_456.jpg,bottom_only,
A,year + batch_num + cam_num + sample_num,2025,2,4,457,0,1,1,,2025_Conforme_2_Cam_B_4_457.jpg,bottom_only,
A,year + batch_num + cam_num + sample_num,2025,2,4,458,0,1,1,,2025_Conforme_2_Cam_B_4_458.jpg,bottom_only,
A,year + batch_num + cam_num + sample_num,2025,2,4,459,0,1,1,,2025_Conforme_2_Cam_B_4_459.jpg,bottom_only,
A,year + batch_num + cam_num + sample_num,2025,2,4,460,0,1,1,,2025_Conforme_2_Cam_B_4_460.jpg,bottom_only,
A,year + batch_num + cam_num + sample_num,2025,2,4,461,0,1,1,,2025_Conforme_2_Cam_B_4_461.jpg,bottom_only,
A,year + batch_num + cam_num + sample_num,2025,2,4,462,0,1,1,,2025_Conforme_2_Cam_B_4_462.jpg,bottom_only,
A,year + batch_num + cam_num + sample_num,2025,2,4,463,0,1,1,,2025_Conforme_2_Cam_B_4_463.jpg,bottom_only,
A,year + batch_num + cam_num + sample_num,2025,2,4,464,0,1,1,,2025_Conforme_2_Cam_B_4_464.jpg,bottom_only,
A,year + batch_num + cam_num + sample_num,2025,2,4,466,0,1,1,,2025_Conforme_2_Cam_B_4_466.jpg,bottom_only,
A,year + batch_num + cam_num + sample_num,2025,2,4,467,0,1,1,,2025_Conforme_2_Cam_B_4_467.jpg,bottom_only,
A,year + batch_num + cam_num + sample_num,2025,2,4,469,0,1,1,,2025_Conforme_2_Cam_B_4_469.jpg,bottom_only,
A,year + batch_num + cam_num + sample_num,2025,2,4,470,0,1,1,,2025_Conforme_2_Cam_B_4_470.jpg,bottom_only,
A,year + batch_num + cam_num + sample_num,2025,2,4,471,0,1,1,,2025_Conforme_2_Cam_B_4_471.jpg,bottom_only,
A,year + batch_num + cam_num + sample_num,2025,2,4,472,0,1,1,,2025_Conforme_2_Cam_B_4_472.jpg,bottom_only,
A,year + batch_num + cam_num + sample_num,2025,2,4,473,0,1,1,,2025_Conforme_2_Cam_B_4_473.jpg,bottom_only,
A,year + batch_num + cam_num + sample_num,2025,2,4,474,0,1,1,,2025_Conforme_2_Cam_B_4_474.jpg,bottom_only,
A,year + batch_num + cam_num + sample_num,2025,2,4,475,0,1,1,,2025_Conforme_2_Cam_B_4_475.jpg,bottom_only,
A,year + batch_num + cam_num + sample_num,2025,2,4,476,0,1,1,,2025_Conforme_2_Cam_B_4_476.jpg,bottom_only,
A,year + batch_num + cam_num + sample_num,2025,2,4,477,0,1,1,,2025_Conforme_2_Cam_B_4_477.jpg,bottom_only,
A,year + batch_num + cam_num + sample_num,2025,2,4,478,0,1,1,,2025_Conforme_2_Cam_B_4_478.jpg,bottom_only,
A,year + batch_num + cam_num + sample_num,2025,2,4,479,0,1,1,,2025_Conforme_2_Cam_B_4_479.jpg,bottom_only,
A,year + batch_num + cam_num + sample_num,2025,2,4,480,0,1,1,,2025_Conforme_2_Cam_B_4_480.jpg,bottom_only,
A,year + batch_num + cam_num + sample_num,2025,2,4,481,0,1,1,,2025_Conforme_2_Cam_B_4_481.jpg,bottom_only,
A,year + batch_num + cam_num + sample_num,2025,2,4,482,0,1,1,,2025_Conforme_2_Cam_B_4_482.jpg,bottom_only,
A,year + batch_num + cam_num + sample_num,2025,2,4,483,0,1,1,,2025_Conforme_2_Cam_B_4_483.jpg,bottom_only,
A,year + batch_num + cam_num + sample_num,2025,2,4,484,0,1,1,,2025_Conforme_2_Cam_B_4_484.jpg,bottom_only,
A,year + batch_num + cam_num + sample_num,2025,2,4,485,0,1,1,,2025_Conforme_2_Cam_B_4_485.jpg,bottom_only,
A,year + batch_num + cam_num + sample_num,2025,2,4,486,0,1,1,,2025_Conforme_2_Cam_B_4_486.jpg,bottom_only,
A,year + batch_num + cam_num + sample_num,2025,2,4,487,0,1,1,,2025_Conforme_2_Cam_B_4_487.jpg,bottom_only,
A,year + batch_num + cam_num + sample_num,2025,2,4,488,0,1,1,,2025_Conforme_2_Cam_B_4_488.jpg,bottom_only,
A,year + batch_num + cam_num + sample_num,2025,2,4,489,0,1,1,,2025_Conforme_2_Cam_B_4_489.jpg,bottom_only,
A,year + batch_num + cam_num + sample_num,2025,2,4,490,0,1,1,,2025_Conforme_2_Cam_B_4_490.jpg,bottom_only,
A,year + batch_num + cam_num + sample_num,2025,2,4,491,0,1,1,,2025_Conforme_2_Cam_B_4_491.jpg,bottom_only,
A,year + batch_num + cam_num + sample_num,2025,2,4,493,0,1,1,,2025_Conforme_2_Cam_B_4_493.jpg,bottom_only,
A,year + batch_num + cam_num + sample_num,2025,2,4,494,0,1,1,,2025_Conforme_2_Cam_B_4_494.jpg,bottom_only,
A,year + batch_num + cam_num + sample_num,2025,2,4,495,0,1,1,,2025_Conforme_2_Cam_B_4_495.jpg,bottom_only,
A,year + batch_num + cam_num + sample_num,2025,2,4,496,0,1,1,,2025_Conforme_2_Cam_B_4_496.jpg,bottom_only,
A,year + batch_num + cam_num + sample_num,2025,2,5,221,0,1,1,,2025_Conforme_2_Cam_B_5_221.jpg,bottom_only,
A,year + batch_num + cam_num + sample_num,2025,2,5,222,0,1,1,,2025_Conforme_2_Cam_B_5_222.jpg,bottom_only,
A,year + batch_num + cam_num + sample_num,2025,2,5,223,0,1,1,,2025_Conforme_2_Cam_B_5_223.jpg,bottom_only,
A,year + batch_num + cam_num + sample_num,2025,2,5,224,0,1,1,,2025_Conforme_2_Cam_B_5_224.jpg,bottom_only,
A,year + batch_num + cam_num + sample_num,2025,2,5,225,0,1,1,,2025_Conforme_2_Cam_B_5_225.jpg,bottom_only,
A,year + batch_num + cam_num + sample_num,2025,2,5,226,0,1,1,,2025_Conforme_2_Cam_B_5_226.jpg,bottom_only,
A,year + batch_num + cam_num + sample_num,2025,2,5,227,0,1,1,,2025_Conforme_2_Cam_B_5_227.jpg,bottom_only,
A,year + batch_num + cam_num + sample_num,2025,2,5,228,0,1,1,,2025_Conforme_2_Cam_B_5_228.jpg,bottom_only,
A,year + batch_num + cam_num + sample_num,2025,2,5,229,0,1,1,,2025_Conforme_2_Cam_B_5_229.jpg,bottom_only,
A,year + batch_num + cam_num + sample_num,2025,2,5,230,0,1,1,,2025_Conforme_2_Cam_B_5_230.jpg,bottom_only,
A,year + batch_num + cam_num + sample_num,2025,2,5,231,0,1,1,,2025_Conforme_2_Cam_B_5_231.jpg,bottom_only,
A,year + batch_num + cam_num + sample_num,2025,2,5,232,0,1,1,,2025_Conforme_2_Cam_B_5_232.jpg,bottom_only,
A,year + batch_num + cam_num + sample_num,2025,2,5,233,0,1,1,,2025_Conforme_2_Cam_B_5_233.jpg,bottom_only,
A,year + batch_num + cam_num + sample_num,2025,2,5,234,0,1,1,,2025_Conforme_2_Cam_B_5_234.jpg,bottom_only,
A,year + batch_num + cam_num + sample_num,2025,2,5,235,0,1,1,,2025_Conforme_2_Cam_B_5_235.jpg,bottom_only,
A,year + batch_num + cam_num + sample_num,2025,2,5,236,0,1,1,,2025_Conforme_2_Cam_B_5_236.jpg,bottom_only,
A,year + batch_num + cam_num + sample_num,2025,2,5,237,0,1,1,,2025_Conforme_2_Cam_B_5_237.jpg,bottom_only,
A,year + batch_num + cam_num + sample_num,2025,2,5,238,0,1,1,,2025_Conforme_2_Cam_B_5_238.jpg,bottom_only,
A,year + batch_num + cam_num + sample_num,2025,2,5,239,0,1,1,,2025_Conforme_2_Cam_B_5_239.jpg,bottom_only,
A,year + batch_num + cam_num + sample_num,2025,2,5,240,0,1,1,,2025_Conforme_2_Cam_B_5_240.jpg,bottom_only,
A,year + batch_num + cam_num + sample_num,2025,2,5,241,0,1,1,,2025_Conforme_2_Cam_B_5_241.jpg,bottom_only,
A,year + batch_num + cam_num + sample_num,2025,2,5,242,0,1,1,,2025_Conforme_2_Cam_B_5_242.jpg,bottom_only,
A,year + batch_num + cam_num + sample_num,2025,2,5,243,0,1,1,,2025_Conforme_2_Cam_B_5_243.jpg,bottom_only,
A,year + batch_num + cam_num + sample_num,2025,2,5,244,0,1,1,,2025_Conforme_2_Cam_B_5_244.jpg,bottom_only,
A,year + batch_num + cam_num + sample_num,2025,2,5,245,0,1,1,,2025_Conforme_2_Cam_B_5_245.jpg,bottom_only,
A,year + batch_num + cam_num + sample_num,2025,2,5,246,0,1,1,,2025_Conforme_2_Cam_B_5_246.jpg,bottom_only,
A,year + batch_num + cam_num + sample_num,2025,2,5,247,0,1,1,,2025_Conforme_2_Cam_B_5_247.jpg,bottom_only,
A,year + batch_num + cam_num + sample_num,2025,2,5,248,0,1,1,,2025_Conforme_2_Cam_B_5_248.jpg,bottom_only,
A,year + batch_num + cam_num + sample_num,2025,2,5,249,0,1,1,,2025_Conforme_2_Cam_B_5_249.jpg,bottom_only,
A,year + batch_num + cam_num + sample_num,2025,2,5,250,0,1,1,,2025_Conforme_2_Cam_B_5_250.jpg,bottom_only,
A,year + batch_num + cam_num + sample_num,2025,2,5,251,0,1,1,,2025_Conforme_2_Cam_B_5_251.jpg,bottom_only,
A,year + batch_num + cam_num + sample_num,2025,2,5,252,0,1,1,,2025_Conforme_2_Cam_B_5_252.jpg,bottom_only,
A,year + batch_num + cam_num + sample_num,2025,2,5,253,0,1,1,,2025_Conforme_2_Cam_B_5_253.jpg,bottom_only,
A,year + batch_num + cam_num + sample_num,2025,2,5,254,0,1,1,,2025_Conforme_2_Cam_B_5_254.jpg,bottom_only,
A,year + batch_num + cam_num + sample_num,2025,2,5,255,0,1,1,,2025_Conforme_2_Cam_B_5_255.jpg,bottom_only,
A,year + batch_num + cam_num + sample_num,2025,2,5,256,0,1,1,,2025_Conforme_2_Cam_B_5_256.jpg,bottom_only,
A,year + batch_num + cam_num + sample_num,2025,2,5,257,0,1,1,,2025_Conforme_2_Cam_B_5_257.jpg,bottom_only,
A,year + batch_num + cam_num + sample_num,2025,2,5,258,0,1,1,,2025_Conforme_2_Cam_B_5_258.jpg,bottom_only,
A,year + batch_num + cam_num + sample_num,2025,2,5,259,0,1,1,,2025_Conforme_2_Cam_B_5_259.jpg,bottom_only,
A,year + batch_num + cam_num + sample_num,2025,2,5,260,0,1,1,,2025_Conforme_2_Cam_B_5_260.jpg,bottom_only,
A,year + batch_num + cam_num + sample_num,2025,2,5,261,0,1,1,,2025_Conforme_2_Cam_B_5_261.jpg,bottom_only,
A,year + batch_num + cam_num + sample_num,2025,2,5,262,0,1,1,,2025_Conforme_2_Cam_B_5_262.jpg,bottom_only,
A,year + batch_num + cam_num + sample_num,2025,2,5,263,0,1,1,,2025_Conforme_2_Cam_B_5_263.jpg,bottom_only,
A,year + batch_num + cam_num + sample_num,2025,2,5,264,0,1,1,,2025_Conforme_2_Cam_B_5_264.jpg,bottom_only,
A,year + batch_num + cam_num + sample_num,2025,2,5,265,0,1,1,,2025_Conforme_2_Cam_B_5_265.jpg,bottom_only,
A,year + batch_num + cam_num + sample_num,2025,2,5,266,0,1,1,,2025_Conforme_2_Cam_B_5_266.jpg,bottom_only,
A,year + batch_num + cam_num + sample_num,2025,2,5,267,0,1,1,,2025_Conforme_2_Cam_B_5_267.jpg,bottom_only,
A,year + batch_num + cam_num + sample_num,2025,2,5,268,0,1,1,,2025_Conforme_2_Cam_B_5_268.jpg,bottom_only,
A,year + batch_num + cam_num + sample_num,2025,2,5,269,0,1,1,,2025_Conforme_2_Cam_B_5_269.jpg,bottom_only,
A,year + batch_num + cam_num + sample_num,2025,2,5,270,0,1,1,,2025_Conforme_2_Cam_B_5_270.jpg,bottom_only,
A,year + batch_num + cam_num + sample_num,2025,2,5,271,0,1,1,,2025_Conforme_2_Cam_B_5_271.jpg,bottom_only,
A,year + batch_num + cam_num + sample_num,2025,2,5,272,0,1,1,,2025_Conforme_2_Cam_B_5_272.jpg,bottom_only,
A,year + batch_num + cam_num + sample_num,2025,2,5,273,0,1,1,,2025_Conforme_2_Cam_B_5_273.jpg,bottom_only,
A,year + batch_num + cam_num + sample_num,2025,2,5,274,0,1,1,,2025_Conforme_2_Cam_B_5_274.jpg,bottom_only,
A,year + batch_num + cam_num + sample_num,2025,2,5,275,0,1,1,,2025_Conforme_2_Cam_B_5_275.jpg,bottom_only,
A,year + batch_num + cam_num + sample_num,2025,2,5,276,0,1,1,,2025_Conforme_2_Cam_B_5_276.jpg,bottom_only,
A,year + batch_num + cam_num + sample_num,2025,2,5,277,0,1,1,,2025_Conforme_2_Cam_B_5_277.jpg,bottom_only,
A,year + batch_num + cam_num + sample_num,2025,2,5,278,0,1,1,,2025_Conforme_2_Cam_B_5_278.jpg,bottom_only,
A,year + batch_num + cam_num + sample_num,2025,2,5,279,0,1,1,,2025_Conforme_2_Cam_B_5_279.jpg,bottom_only,
A,year + batch_num + cam_num + sample_num,2025,2,5,280,0,1,1,,2025_Conforme_2_Cam_B_5_280.jpg,bottom_only,
A,year + batch_num + cam_num + sample_num,2025,2,5,281,0,1,1,,2025_Conforme_2_Cam_B_5_281.jpg,bottom_only,
A,year + batch_num + cam_num + sample_num,2025,2,5,282,0,1,1,,2025_Conforme_2_Cam_B_5_282.jpg,bottom_only,
A,year + batch_num + cam_num + sample_num,2025,2,5,283,0,1,1,,2025_Conforme_2_Cam_B_5_283.jpg,bottom_only,
A,year + batch_num + cam_num + sample_num,2025,2,5,284,0,1,1,,2025_Conforme_2_Cam_B_5_284.jpg,bottom_only,
A,year + batch_num + cam_num + sample_num,2025,2,5,285,0,1,1,,2025_Conforme_2_Cam_B_5_285.jpg,bottom_only,
A,year + batch_num + cam_num + sample_num,2025,2,5,286,0,1,1,,2025_Conforme_2_Cam_B_5_286.jpg,bottom_only,
A,year + batch_num + cam_num + sample_num,2025,2,5,287,0,1,1,,2025_Conforme_2_Cam_B_5_287.jpg,bottom_only,
A,year + batch_num + cam_num + sample_num,2025,2,5,288,0,1,1,,2025_Conforme_2_Cam_B_5_288.jpg,bottom_only,
A,year + batch_num + cam_num + sample_num,2025,2,5,289,0,1,1,,2025_Conforme_2_Cam_B_5_289.jpg,bottom_only,
A,year + batch_num + cam_num + sample_num,2025,2,5,290,0,1,1,,2025_Conforme_2_Cam_B_5_290.jpg,bottom_only,
A,year + batch_num + cam_num + sample_num,2025,2,5,291,0,1,1,,2025_Conforme_2_Cam_B_5_291.jpg,bottom_only,
A,year + batch_num + cam_num + sample_num,2025,2,5,292,0,1,1,,2025_Conforme_2_Cam_B_5_292.jpg,bottom_only,
A,year + batch_num + cam_num + sample_num,2025,2,5,293,0,1,1,,2025_Conforme_2_Cam_B_5_293.jpg,bottom_only,
A,year + batch_num + cam_num + sample_num,2025,2,5,294,0,1,1,,2025_Conforme_2_Cam_B_5_294.jpg,bottom_only,
A,year + batch_num + cam_num + sample_num,2025,2,5,295,0,1,1,,2025_Conforme_2_Cam_B_5_295.jpg,bottom_only,
A,year + batch_num + cam_num + sample_num,2025,2,5,296,0,1,1,,2025_Conforme_2_Cam_B_5_296.jpg,bottom_only,
A,year + batch_num + cam_num + sample_num,2025,2,5,297,0,1,1,,2025_Conforme_2_Cam_B_5_297.jpg,bottom_only,
A,year + batch_num + cam_num + sample_num,2025,2,5,298,0,1,1,,2025_Conforme_2_Cam_B_5_298.jpg,bottom_only,
A,year + batch_num + cam_num + sample_num,2025,2,5,299,0,1,1,,2025_Conforme_2_Cam_B_5_299.jpg,bottom_only,
A,year + batch_num + cam_num + sample_num,2025,2,5,300,0,1,1,,2025_Conforme_2_Cam_B_5_300.jpg,bottom_only,
A,year + batch_num + cam_num + sample_num,2025,2,5,301,0,1,1,,2025_Conforme_2_Cam_B_5_301.jpg,bottom_only,
A,year + batch_num + cam_num + sample_num,2025,2,5,302,0,1,1,,2025_Conforme_2_Cam_B_5_302.jpg,bottom_only,
A,year + batch_num + cam_num + sample_num,2025,2,5,303,0,1,1,,2025_Conforme_2_Cam_B_5_303.jpg,bottom_only,
A,year + batch_num + cam_num + sample_num,2025,2,5,304,0,1,1,,2025_Conforme_2_Cam_B_5_304.jpg,bottom_only,
A,year + batch_num + cam_num + sample_num,2025,2,5,305,0,1,1,,2025_Conforme_2_Cam_B_5_305.jpg,bottom_only,
A,year + batch_num + cam_num + sample_num,2025,2,5,306,0,1,1,,2025_Conforme_2_Cam_B_5_306.jpg,bottom_only,
A,year + batch_num + cam_num + sample_num,2025,2,5,307,0,1,1,,2025_Conforme_2_Cam_B_5_307.jpg,bottom_only,
A,year + batch_num + cam_num + sample_num,2025,2,5,308,0,1,1,,2025_Conforme_2_Cam_B_5_308.jpg,bottom_only,
A,year + batch_num + cam_num + sample_num,2025,2,5,309,0,1,1,,2025_Conforme_2_Cam_B_5_309.jpg,bottom_only,
A,year + batch_num + cam_num + sample_num,2025,2,5,310,0,1,1,,2025_Conforme_2_Cam_B_5_310.jpg,bottom_only,
A,year + batch_num + cam_num + sample_num,2025,2,5,311,0,1,1,,2025_Conforme_2_Cam_B_5_311.jpg,bottom_only,
A,year + batch_num + cam_num + sample_num,2025,2,5,312,0,1,1,,2025_Conforme_2_Cam_B_5_312.jpg,bottom_only,
A,year + batch_num + cam_num + sample_num,2025,2,5,313,0,1,1,,2025_Conforme_2_Cam_B_5_313.jpg,bottom_only,
A,year + batch_num + cam_num + sample_num,2025,2,5,314,0,1,1,,2025_Conforme_2_Cam_B_5_314.jpg,bottom_only,
A,year + batch_num + cam_num + sample_num,2025,2,5,315,0,1,1,,2025_Conforme_2_Cam_B_5_315.jpg,bottom_only,
A,year + batch_num + cam_num + sample_num,2025,2,5,316,0,1,1,,2025_Conforme_2_Cam_B_5_316.jpg,bottom_only,
A,year + batch_num + cam_num + sample_num,2025,2,5,317,0,1,1,,2025_Conforme_2_Cam_B_5_317.jpg,bottom_only,
A,year + batch_num + cam_num + sample_num,2025,2,5,318,0,1,1,,2025_Conforme_2_Cam_B_5_318.jpg,bottom_only,
A,year + batch_num + cam_num + sample_num,2025,2,5,319,0,1,1,,2025_Conforme_2_Cam_B_5_319.jpg,bottom_only,
A,year + batch_num + cam_num + sample_num,2025,2,5,320,0,1,1,,2025_Conforme_2_Cam_B_5_320.jpg,bottom_only,
A,year + batch_num + cam_num + sample_num,2025,2,5,321,0,1,1,,2025_Conforme_2_Cam_B_5_321.jpg,bottom_only,
A,year + batch_num + cam_num + sample_num,2025,2,5,322,0,1,1,,2025_Conforme_2_Cam_B_5_322.jpg,bottom_only,
A,year + batch_num + cam_num + sample_num,2025,2,5,323,0,1,1,,2025_Conforme_2_Cam_B_5_323.jpg,bottom_only,
A,year + batch_num + cam_num + sample_num,2025,2,5,324,0,1,1,,2025_Conforme_2_Cam_B_5_324.jpg,bottom_only,
A,year + batch_num + cam_num + sample_num,2025,2,5,325,0,1,1,,2025_Conforme_2_Cam_B_5_325.jpg,bottom_only,
A,year + batch_num + cam_num + sample_num,2025,2,5,326,0,1,1,,2025_Conforme_2_Cam_B_5_326.jpg,bottom_only,
A,year + batch_num + cam_num + sample_num,2025,2,5,327,0,1,1,,2025_Conforme_2_Cam_B_5_327.jpg,bottom_only,
A,year + batch_num + cam_num + sample_num,2025,2,5,328,0,1,1,,2025_Conforme_2_Cam_B_5_328.jpg,bottom_only,
A,year + batch_num + cam_num + sample_num,2025,2,5,329,0,1,1,,2025_Conforme_2_Cam_B_5_329.jpg,bottom_only,
A,year + batch_num + cam_num + sample_num,2025,2,5,330,0,1,1,,2025_Conforme_2_Cam_B_5_330.jpg,bottom_only,
A,year + batch_num + cam_num + sample_num,2025,2,5,331,0,1,1,,2025_Conforme_2_Cam_B_5_331.jpg,bottom_only,
A,year + batch_num + cam_num + sample_num,2025,2,5,332,0,1,1,,2025_Conforme_2_Cam_B_5_332.jpg,bottom_only,
A,year + batch_num + cam_num + sample_num,2025,2,5,333,0,1,1,,2025_Conforme_2_Cam_B_5_333.jpg,bottom_only,
A,year + batch_num + cam_num + sample_num,2025,2,5,334,0,1,1,,2025_Conforme_2_Cam_B_5_334.jpg,bottom_only,
A,year + batch_num + cam_num + sample_num,2025,2,5,335,0,1,1,,2025_Conforme_2_Cam_B_5_335.jpg,bottom_only,
A,year + batch_num + cam_num + sample_num,2025,2,5,336,0,1,1,,2025_Conforme_2_Cam_B_5_336.jpg,bottom_only,
A,year + batch_num + cam_num + sample_num,2025,2,5,337,0,1,1,,2025_Conforme_2_Cam_B_5_337.jpg,bottom_only,
A,year + batch_num + cam_num + sample_num,2025,2,5,338,0,1,1,,2025_Conforme_2_Cam_B_5_338.jpg,bottom_only,
A,year + batch_num + cam_num + sample_num,2025,2,5,339,0,1,1,,2025_Conforme_2_Cam_B_5_339.jpg,bottom_only,
A,year + batch_num + cam_num + sample_num,2025,2,5,340,0,1,1,,2025_Conforme_2_Cam_B_5_340.jpg,bottom_only,
A,year + batch_num + cam_num + sample_num,2025,2,5,341,0,1,1,,2025_Conforme_2_Cam_B_5_341.jpg,bottom_only,
A,year + batch_num + cam_num + sample_num,2025,2,5,342,0,1,1,,2025_Conforme_2_Cam_B_5_342.jpg,bottom_only,
A,year + batch_num + cam_num + sample_num,2025,2,5,343,0,1,1,,2025_Conforme_2_Cam_B_5_343.jpg,bottom_only,
A,year + batch_num + cam_num + sample_num,2025,2,5,344,0,1,1,,2025_Conforme_2_Cam_B_5_344.jpg,bottom_only,
A,year + batch_num + cam_num + sample_num,2025,2,5,345,0,1,1,,2025_Conforme_2_Cam_B_5_345.jpg,bottom_only,
A,year + batch_num + cam_num + sample_num,2025,2,5,346,0,1,1,,2025_Conforme_2_Cam_B_5_346.jpg,bottom_only,
A,year + batch_num + cam_num + sample_num,2025,2,5,347,0,1,1,,2025_Conforme_2_Cam_B_5_347.jpg,bottom_only,
A,year + batch_num + cam_num + sample_num,2025,2,5,348,0,1,1,,2025_Conforme_2_Cam_B_5_348.jpg,bottom_only,
A,year + batch_num + cam_num + sample_num,2025,2,5,349,0,1,1,,2025_Conforme_2_Cam_B_5_349.jpg,bottom_only,
A,year + batch_num + cam_num + sample_num,2025,2,5,350,0,1,1,,2025_Conforme_2_Cam_B_5_350.jpg,bottom_only,
A,year + batch_num + cam_num + sample_num,2025,2,5,351,0,1,1,,2025_Conforme_2_Cam_B_5_351.jpg,bottom_only,
A,year + batch_num + cam_num + sample_num,2025,2,5,352,0,1,1,,2025_Conforme_2_Cam_B_5_352.jpg,bottom_only,
A,year + batch_num + cam_num + sample_num,2025,2,5,353,0,1,1,,2025_Conforme_2_Cam_B_5_353.jpg,bottom_only,
A,year + batch_num + cam_num + sample_num,2025,2,5,354,0,1,1,,2025_Conforme_2_Cam_B_5_354.jpg,bottom_only,
A,year + batch_num + cam_num + sample_num,2025,2,5,355,0,1,1,,2025_Conforme_2_Cam_B_5_355.jpg,bottom_only,
A,year + batch_num + cam_num + sample_num,2025,2,5,356,0,1,1,,2025_Conforme_2_Cam_B_5_356.jpg,bottom_only,
A,year + batch_num + cam_num + sample_num,2025,2,5,357,0,1,1,,2025_Conforme_2_Cam_B_5_357.jpg,bottom_only,
A,year + batch_num + cam_num + sample_num,2025,2,5,358,0,1,1,,2025_Conforme_2_Cam_B_5_358.jpg,bottom_only,
A,year + batch_num + cam_num + sample_num,2025,2,5,359,0,1,1,,2025_Conforme_2_Cam_B_5_359.jpg,bottom_only,
A,year + batch_num + cam_num + sample_num,2025,2,5,360,0,1,1,,2025_Conforme_2_Cam_B_5_360.jpg,bottom_only,
A,year + batch_num + cam_num + sample_num,2025,2,5,361,0,1,1,,2025_Conforme_2_Cam_B_5_361.jpg,bottom_only,
A,year + batch_num + cam_num + sample_num,2025,2,5,362,0,1,1,,2025_Conforme_2_Cam_B_5_362.jpg,bottom_only,
A,year + batch_num + cam_num + sample_num,2025,2,5,363,0,1,1,,2025_Conforme_2_Cam_B_5_363.jpg,bottom_only,
A,year + batch_num + cam_num + sample_num,2025,2,5,364,0,1,1,,2025_Conforme_2_Cam_B_5_364.jpg,bottom_only,
A,year + batch_num + cam_num + sample_num,2025,2,5,365,0,1,1,,2025_Conforme_2_Cam_B_5_365.jpg,bottom_only,
A,year + batch_num + cam_num + sample_num,2025,2,5,366,0,1,1,,2025_Conforme_2_Cam_B_5_366.jpg,bottom_only,
A,year + batch_num + cam_num + sample_num,2025,2,5,367,0,1,1,,2025_Conforme_2_Cam_B_5_367.jpg,bottom_only,
A,year + batch_num + cam_num + sample_num,2025,2,5,368,0,1,1,,2025_Conforme_2_Cam_B_5_368.jpg,bottom_only,
A,year + batch_num + cam_num + sample_num,2025,2,5,369,0,1,1,,2025_Conforme_2_Cam_B_5_369.jpg,bottom_only,
A,year + batch_num + cam_num + sample_num,2025,2,5,370,0,1,1,,2025_Conforme_2_Cam_B_5_370.jpg,bottom_only,
A,year + batch_num + cam_num + sample_num,2025,2,5,371,0,1,1,,2025_Conforme_2_Cam_B_5_371.jpg,bottom_only,
A,year + batch_num + cam_num + sample_num,2025,2,5,372,0,1,1,,2025_Conforme_2_Cam_B_5_372.jpg,bottom_only,
A,year + batch_num + cam_num + sample_num,2025,2,5,373,0,1,1,,2025_Conforme_2_Cam_B_5_373.jpg,bottom_only,
A,year + batch_num + cam_num + sample_num,2025,2,5,374,0,1,1,,2025_Conforme_2_Cam_B_5_374.jpg,bottom_only,
A,year + batch_num + cam_num + sample_num,2025,2,5,375,0,1,1,,2025_Conforme_2_Cam_B_5_375.jpg,bottom_only,
A,year + batch_num + cam_num + sample_num,2025,2,5,376,0,1,1,,2025_Conforme_2_Cam_B_5_376.jpg,bottom_only,
A,year + batch_num + cam_num + sample_num,2025,2,5,377,0,1,1,,2025_Conforme_2_Cam_B_5_377.jpg,bottom_only,
A,year + batch_num + cam_num + sample_num,2025,2,5,378,0,1,1,,2025_Conforme_2_Cam_B_5_378.jpg,bottom_only,
A,year + batch_num + cam_num + sample_num,2025,2,5,379,0,1,1,,2025_Conforme_2_Cam_B_5_379.jpg,bottom_only,
A,year + batch_num + cam_num + sample_num,2025,2,5,380,0,1,1,,2025_Conforme_2_Cam_B_5_380.jpg,bottom_only,
A,year + batch_num + cam_num + sample_num,2025,2,5,381,0,1,1,,2025_Conforme_2_Cam_B_5_381.jpg,bottom_only,
A,year + batch_num + cam_num + sample_num,2025,2,5,382,0,1,1,,2025_Conforme_2_Cam_B_5_382.jpg,bottom_only,
A,year + batch_num + cam_num + sample_num,2025,2,5,383,0,1,1,,2025_Conforme_2_Cam_B_5_383.jpg,bottom_only,
A,year + batch_num + cam_num + sample_num,2025,2,5,384,0,1,1,,2025_Conforme_2_Cam_B_5_384.jpg,bottom_only,
A,year + batch_num + cam_num + sample_num,2025,2,5,385,0,1,1,,2025_Conforme_2_Cam_B_5_385.jpg,bottom_only,
A,year + batch_num + cam_num + sample_num,2025,2,5,386,0,1,1,,2025_Conforme_2_Cam_B_5_386.jpg,bottom_only,
A,year + batch_num + cam_num + sample_num,2025,2,5,387,0,1,1,,2025_Conforme_2_Cam_B_5_387.jpg,bottom_only,
A,year + batch_num + cam_num + sample_num,2025,2,5,388,0,1,1,,2025_Conforme_2_Cam_B_5_388.jpg,bottom_only,
A,year + batch_num + cam_num + sample_num,2025,2,5,389,0,1,1,,2025_Conforme_2_Cam_B_5_389.jpg,bottom_only,
A,year + batch_num + cam_num + sample_num,2025,2,5,390,0,1,1,,2025_Conforme_2_Cam_B_5_390.jpg,bottom_only,
A,year + batch_num + cam_num + sample_num,2025,2,5,391,0,1,1,,2025_Conforme_2_Cam_B_5_391.jpg,bottom_only,
A,year + batch_num + cam_num + sample_num,2025,2,5,392,0,1,1,,2025_Conforme_2_Cam_B_5_392.jpg,bottom_only,
A,year + batch_num + cam_num + sample_num,2025,2,5,393,0,1,1,,2025_Conforme_2_Cam_B_5_393.jpg,bottom_only,
A,year + batch_num + cam_num + sample_num,2025,2,5,394,0,1,1,,2025_Conforme_2_Cam_B_5_394.jpg,bottom_only,
A,year + batch_num + cam_num + sample_num,2025,2,5,395,0,1,1,,2025_Conforme_2_Cam_B_5_395.jpg,bottom_only,
A,year + batch_num + cam_num + sample_num,2025,2,5,396,0,1,1,,2025_Conforme_2_Cam_B_5_396.jpg,bottom_only,
A,year + batch_num + cam_num + sample_num,2025,2,5,397,0,1,1,,2025_Conforme_2_Cam_B_5_397.jpg,bottom_only,
A,year + batch_num + cam_num + sample_num,2025,2,5,398,0,1,1,,2025_Conforme_2_Cam_B_5_398.jpg,bottom_only,
A,year + batch_num + cam_num + sample_num,2025,2,5,399,0,1,1,,2025_Conforme_2_Cam_B_5_399.jpg,bottom_only,
A,year + batch_num + cam_num + sample_num,2025,2,5,400,0,1,1,,2025_Conforme_2_Cam_B_5_400.jpg,bottom_only,
A,year + batch_num + cam_num + sample_num,2025,2,5,401,0,1,1,,2025_Conforme_2_Cam_B_5_401.jpg,bottom_only,
A,year + batch_num + cam_num + sample_num,2025,2,5,402,0,1,1,,2025_Conforme_2_Cam_B_5_402.jpg,bottom_only,
A,year + batch_num + cam_num + sample_num,2025,2,5,403,0,1,1,,2025_Conforme_2_Cam_B_5_403.jpg,bottom_only,
A,year + batch_num + cam_num + sample_num,2025,2,5,404,0,1,1,,2025_Conforme_2_Cam_B_5_404.jpg,bottom_only,
A,year + batch_num + cam_num + sample_num,2025,2,5,405,0,1,1,,2025_Conforme_2_Cam_B_5_405.jpg,bottom_only,
A,year + batch_num + cam_num + sample_num,2025,2,5,406,0,1,1,,2025_Conforme_2_Cam_B_5_406.jpg,bottom_only,
A,year + batch_num + cam_num + sample_num,2025,2,5,407,0,1,1,,2025_Conforme_2_Cam_B_5_407.jpg,bottom_only,
A,year + batch_num + cam_num + sample_num,2025,2,5,408,0,1,1,,2025_Conforme_2_Cam_B_5_408.jpg,bottom_only,
A,year + batch_num + cam_num + sample_num,2025,2,5,409,0,1,1,,2025_Conforme_2_Cam_B_5_409.jpg,bottom_only,
A,year + batch_num + cam_num + sample_num,2025,2,5,410,0,1,1,,2025_Conforme_2_Cam_B_5_410.jpg,bottom_only,
A,year + batch_num + cam_num + sample_num,2025,2,5,411,0,1,1,,2025_Conforme_2_Cam_B_5_411.jpg,bottom_only,
A,year + batch_num + cam_num + sample_num,2025,2,5,412,0,1,1,,2025_Conforme_2_Cam_B_5_412.jpg,bottom_only,
A,year + batch_num + cam_num + sample_num,2025,2,5,413,0,1,1,,2025_Conforme_2_Cam_B_5_413.jpg,bottom_only,
A,year + batch_num + cam_num + sample_num,2025,2,5,414,0,1,1,,2025_Conforme_2_Cam_B_5_414.jpg,bottom_only,
A,year + batch_num + cam_num + sample_num,2025,2,5,415,0,1,1,,2025_Conforme_2_Cam_B_5_415.jpg,bottom_only,
A,year + batch_num + cam_num + sample_num,2025,2,5,416,0,1,1,,2025_Conforme_2_Cam_B_5_416.jpg,bottom_only,
A,year + batch_num + cam_num + sample_num,2025,2,5,417,0,1,1,,2025_Conforme_2_Cam_B_5_417.jpg,bottom_only,
A,year + batch_num + cam_num + sample_num,2025,2,5,418,0,1,1,,2025_Conforme_2_Cam_B_5_418.jpg,bottom_only,
A,year + batch_num + cam_num + sample_num,2025,2,5,419,0,1,1,,2025_Conforme_2_Cam_B_5_419.jpg,bottom_only,
A,year + batch_num + cam_num + sample_num,2025,2,5,420,0,1,1,,2025_Conforme_2_Cam_B_5_420.jpg,bottom_only,
A,year + batch_num + cam_num + sample_num,2025,2,5,421,0,1,1,,2025_Conforme_2_Cam_B_5_421.jpg,bottom_only,
A,year + batch_num + cam_num + sample_num,2025,2,5,422,0,1,1,,2025_Conforme_2_Cam_B_5_422.jpg,bottom_only,
A,year + batch_num + cam_num + sample_num,2025,2,5,423,0,1,1,,2025_Conforme_2_Cam_B_5_423.jpg,bottom_only,
A,year + batch_num + cam_num + sample_num,2025,2,5,424,0,1,1,,2025_Conforme_2_Cam_B_5_424.jpg,bottom_only,
A,year + batch_num + cam_num + sample_num,2025,2,5,425,0,1,1,,2025_Conforme_2_Cam_B_5_425.jpg,bottom_only,
A,year + batch_num + cam_num + sample_num,2025,2,5,426,0,1,1,,2025_Conforme_2_Cam_B_5_426.jpg,bottom_only,
A,year + batch_num + cam_num + sample_num,2025,2,5,427,0,1,1,,2025_Conforme_2_Cam_B_5_427.jpg,bottom_only,
A,year + batch_num + cam_num + sample_num,2025,2,5,428,0,1,1,,2025_Conforme_2_Cam_B_5_428.jpg,bottom_only,
A,year + batch_num + cam_num + sample_num,2025,2,5,429,0,1,1,,2025_Conforme_2_Cam_B_5_429.jpg,bottom_only,
A,year + batch_num + cam_num + sample_num,2025,2,5,430,0,1,1,,2025_Conforme_2_Cam_B_5_430.jpg,bottom_only,
A,year + batch_num + cam_num + sample_num,2025,2,5,431,0,1,1,,2025_Conforme_2_Cam_B_5_431.jpg,bottom_only,
A,year + batch_num + cam_num + sample_num,2025,2,5,432,0,1,1,,2025_Conforme_2_Cam_B_5_432.jpg,bottom_only,
A,year + batch_num + cam_num + sample_num,2025,2,5,433,0,1,1,,2025_Conforme_2_Cam_B_5_433.jpg,bottom_only,
A,year + batch_num + cam_num + sample_num,2025,2,5,434,0,1,1,,2025_Conforme_2_Cam_B_5_434.jpg,bottom_only,
A,year + batch_num + cam_num + sample_num,2025,2,5,435,0,1,1,,2025_Conforme_2_Cam_B_5_435.jpg,bottom_only,
A,year + batch_num + cam_num + sample_num,2025,2,5,436,0,1,1,,2025_Conforme_2_Cam_B_5_436.jpg,bottom_only,
A,year + batch_num + cam_num + sample_num,2025,2,5,437,0,1,1,,2025_Conforme_2_Cam_B_5_437.jpg,bottom_only,
A,year + batch_num + cam_num + sample_num,2025,2,5,438,0,1,1,,2025_Conforme_2_Cam_B_5_438.jpg,bottom_only,
A,year + batch_num + cam_num + sample_num,2025,2,5,439,0,1,1,,2025_Conforme_2_Cam_B_5_439.jpg,bottom_only,
A,year + batch_num + cam_num + sample_num,2025,2,5,440,0,1,1,,2025_Conforme_2_Cam_B_5_440.jpg,bottom_only,
A,year + batch_num + cam_num + sample_num,2025,2,5,441,0,1,1,,2025_Conforme_2_Cam_B_5_441.jpg,bottom_only,
A,year + batch_num + cam_num + sample_num,2025,2,5,442,0,1,1,,2025_Conforme_2_Cam_B_5_442.jpg,bottom_only,
A,year + batch_num + cam_num + sample_num,2025,2,5,443,0,1,1,,2025_Conforme_2_Cam_B_5_443.jpg,bottom_only,
A,year + batch_num + cam_num + sample_num,2025,2,5,444,0,1,1,,2025_Conforme_2_Cam_B_5_444.jpg,bottom_only,
A,year + batch_num + cam_num + sample_num,2025,2,5,445,0,1,1,,2025_Conforme_2_Cam_B_5_445.jpg,bottom_only,
A,year + batch_num + cam_num + sample_num,2025,2,5,446,0,1,1,,2025_Conforme_2_Cam_B_5_446.jpg,bottom_only,
A,year + batch_num + cam_num + sample_num,2025,2,5,447,0,1,1,,2025_Conforme_2_Cam_B_5_447.jpg,bottom_only,
A,year + batch_num + cam_num + sample_num,2025,2,5,448,0,1,1,,2025_Conforme_2_Cam_B_5_448.jpg,bottom_only,
A,year + batch_num + cam_num + sample_num,2025,2,5,449,0,1,1,,2025_Conforme_2_Cam_B_5_449.jpg,bottom_only,
A,year + batch_num + cam_num + sample_num,2025,2,5,450,0,1,1,,2025_Conforme_2_Cam_B_5_450.jpg,bottom_only,
A,year + batch_num + cam_num + sample_num,2025,2,5,451,0,1,1,,2025_Conforme_2_Cam_B_5_451.jpg,bottom_only,
A,year + batch_num + cam_num + sample_num,2025,2,5,452,0,1,1,,2025_Conforme_2_Cam_B_5_452.jpg,bottom_only,
A,year + batch_num + cam_num + sample_num,2025,2,5,453,0,1,1,,2025_Conforme_2_Cam_B_5_453.jpg,bottom_only,
A,year + batch_num + cam_num + sample_num,2025,2,5,454,0,1,1,,2025_Conforme_2_Cam_B_5_454.jpg,bottom_only,
A,year + batch_num + cam_num + sample_num,2025,2,5,455,0,1,1,,2025_Conforme_2_Cam_B_5_455.jpg,bottom_only,
A,year + batch_num + cam_num + sample_num,2025,2,5,456,0,1,1,,2025_Conforme_2_Cam_B_5_456.jpg,bottom_only,
A,year + batch_num + cam_num + sample_num,2025,2,5,457,0,1,1,,2025_Conforme_2_Cam_B_5_457.jpg,bottom_only,
A,year + batch_num + cam_num + sample_num,2025,2,5,458,0,1,1,,2025_Conforme_2_Cam_B_5_458.jpg,bottom_only,
A,year + batch_num + cam_num + sample_num,2025,2,5,459,0,1,1,,2025_Conforme_2_Cam_B_5_459.jpg,bottom_only,
A,year + batch_num + cam_num + sample_num,2025,2,5,460,0,1,1,,2025_Conforme_2_Cam_B_5_460.jpg,bottom_only,
A,year + batch_num + cam_num + sample_num,2025,2,5,461,0,1,1,,2025_Conforme_2_Cam_B_5_461.jpg,bottom_only,
A,year + batch_num + cam_num + sample_num,2025,2,5,462,0,1,1,,2025_Conforme_2_Cam_B_5_462.jpg,bottom_only,
A,year + batch_num + cam_num + sample_num,2025,2,5,463,0,1,1,,2025_Conforme_2_Cam_B_5_463.jpg,bottom_only,
A,year + batch_num + cam_num + sample_num,2025,2,5,464,0,1,1,,2025_Conforme_2_Cam_B_5_464.jpg,bottom_only,
A,year + batch_num + cam_num + sample_num,2025,2,5,465,0,1,1,,2025_Conforme_2_Cam_B_5_465.jpg,bottom_only,
A,year + batch_num + cam_num + sample_num,2025,2,5,466,0,1,1,,2025_Conforme_2_Cam_B_5_466.jpg,bottom_only,
A,year + batch_num + cam_num + sample_num,2025,2,5,467,0,1,1,,2025_Conforme_2_Cam_B_5_467.jpg,bottom_only,
A,year + batch_num + cam_num + sample_num,2025,2,5,468,0,1,1,,2025_Conforme_2_Cam_B_5_468.jpg,bottom_only,
A,year + batch_num + cam_num + sample_num,2025,2,5,469,0,1,1,,2025_Conforme_2_Cam_B_5_469.jpg,bottom_only,
A,year + batch_num + cam_num + sample_num,2025,2,5,470,0,1,1,,2025_Conforme_2_Cam_B_5_470.jpg,bottom_only,
A,year + batch_num + cam_num + sample_num,2025,2,5,471,0,1,1,,2025_Conforme_2_Cam_B_5_471.jpg,bottom_only,
A,year + batch_num + cam_num + sample_num,2025,2,5,472,0,1,1,,2025_Conforme_2_Cam_B_5_472.jpg,bottom_only,
A,year + batch_num + cam_num + sample_num,2025,2,5,473,0,1,1,,2025_Conforme_2_Cam_B_5_473.jpg,bottom_only,
A,year + batch_num + cam_num + sample_num,2025,2,5,474,0,1,1,,2025_Conforme_2_Cam_B_5_474.jpg,bottom_only,
A,year + batch_num + cam_num + sample_num,2025,2,5,475,0,1,1,,2025_Conforme_2_Cam_B_5_475.jpg,bottom_only,
A,year + batch_num + cam_num + sample_num,2025,2,5,476,0,1,1,,2025_Conforme_2_Cam_B_5_476.jpg,bottom_only,
A,year + batch_num + cam_num + sample_num,2025,2,5,477,0,1,1,,2025_Conforme_2_Cam_B_5_477.jpg,bottom_only,
A,year + batch_num + cam_num + sample_num,2025,2,5,478,0,1,1,,2025_Conforme_2_Cam_B_5_478.jpg,bottom_only,
A,year + batch_num + cam_num + sample_num,2025,2,5,479,0,1,1,,2025_Conforme_2_Cam_B_5_479.jpg,bottom_only,
A,year + batch_num + cam_num + sample_num,2025,2,5,480,0,1,1,,2025_Conforme_2_Cam_B_5_480.jpg,bottom_only,
A,year + batch_num + cam_num + sample_num,2025,2,5,481,0,1,1,,2025_Conforme_2_Cam_B_5_481.jpg,bottom_only,
A,year + batch_num + cam_num + sample_num,2025,2,5,482,0,1,1,,2025_Conforme_2_Cam_B_5_482.jpg,bottom_only,
A,year + batch_num + cam_num + sample_num,2025,2,5,483,0,1,1,,2025_Conforme_2_Cam_B_5_483.jpg,bottom_only,
A,year + batch_num + cam_num + sample_num,2025,2,5,484,0,1,1,,2025_Conforme_2_Cam_B_5_484.jpg,bottom_only,
A,year + batch_num + cam_num + sample_num,2025,2,5,485,0,1,1,,2025_Conforme_2_Cam_B_5_485.jpg,bottom_only,
A,year + batch_num + cam_num + sample_num,2025,2,5,486,0,1,1,,2025_Conforme_2_Cam_B_5_486.jpg,bottom_only,
A,year + batch_num + cam_num + sample_num,2025,2,5,487,0,1,1,,2025_Conforme_2_Cam_B_5_487.jpg,bottom_only,
A,year + batch_num + cam_num + sample_num,2025,2,5,488,0,1,1,,2025_Conforme_2_Cam_B_5_488.jpg,bottom_only,
A,year + batch_num + cam_num + sample_num,2025,2,5,489,0,1,1,,2025_Conforme_2_Cam_B_5_489.jpg,bottom_only,
A,year + batch_num + cam_num + sample_num,2025,2,5,490,0,1,1,,2025_Conforme_2_Cam_B_5_490.jpg,bottom_only,
A,year + batch_num + cam_num + sample_num,2025,2,5,491,0,1,1,,2025_Conforme_2_Cam_B_5_491.jpg,bottom_only,
A,year + batch_num + cam_num + sample_num,2025,2,5,492,0,1,1,,2025_Conforme_2_Cam_B_5_492.jpg,bottom_only,
A,year + batch_num + cam_num + sample_num,2025,2,5,493,0,1,1,,2025_Conforme_2_Cam_B_5_493.jpg,bottom_only,
A,year + batch_num + cam_num + sample_num,2025,2,5,494,0,1,1,,2025_Conforme_2_Cam_B_5_494.jpg,bottom_only,
A,year + batch_num + cam_num + sample_num,2025,2,5,495,0,1,1,,2025_Conforme_2_Cam_B_5_495.jpg,bottom_only,
A,year + batch_num + cam_num + sample_num,2025,2,5,496,0,1,1,,2025_Conforme_2_Cam_B_5_496.jpg,bottom_only,
A,year + batch_num + cam_num + sample_num,2025,2,5,497,0,1,1,,2025_Conforme_2_Cam_B_5_497.jpg,bottom_only,
A,year + batch_num + cam_num + sample_num,2025,2,5,498,0,1,1,,2025_Conforme_2_Cam_B_5_498.jpg,bottom_only,
A,year + batch_num + cam_num + sample_num,2025,2,5,499,0,1,1,,2025_Conforme_2_Cam_B_5_499.jpg,bottom_only,
A,year + batch_num + cam_num + sample_num,2025,2,5,500,0,1,1,,2025_Conforme_2_Cam_B_5_500.jpg,bottom_only,
A,year + batch_num + cam_num + sample_num,2025,2,5,501,0,1,1,,2025_Conforme_2_Cam_B_5_501.jpg,bottom_only,
A,year + batch_num + cam_num + sample_num,2025,2,5,502,0,1,1,,2025_Conforme_2_Cam_B_5_502.jpg,bottom_only,
A,year + batch_num + cam_num + sample_num,2025,2,5,503,0,1,1,,2025_Conforme_2_Cam_B_5_503.jpg,bottom_only,
A,year + batch_num + cam_num + sample_num,2025,2,5,504,0,1,1,,2025_Conforme_2_Cam_B_5_504.jpg,bottom_only,
A,year + batch_num + cam_num + sample_num,2025,2,5,505,0,1,1,,2025_Conforme_2_Cam_B_5_505.jpg,bottom_only,
A,year + batch_num + cam_num + sample_num,2025,2,5,506,0,1,1,,2025_Conforme_2_Cam_B_5_506.jpg,bottom_only,
A,year + batch_num + cam_num + sample_num,2025,2,5,507,0,1,1,,2025_Conforme_2_Cam_B_5_507.jpg,bottom_only,
A,year + batch_num + cam_num + sample_num,2025,2,5,508,0,1,1,,2025_Conforme_2_Cam_B_5_508.jpg,bottom_only,
A,year + batch_num + cam_num + sample_num,2025,2,5,509,0,1,1,,2025_Conforme_2_Cam_B_5_509.jpg,bottom_only,
A,year + batch_num + cam_num + sample_num,2025,2,5,510,0,1,1,,2025_Conforme_2_Cam_B_5_510.jpg,bottom_only,
A,year + batch_num + cam_num + sample_num,2025,2,5,511,0,1,1,,2025_Conforme_2_Cam_B_5_511.jpg,bottom_only,
A,year + batch_num + cam_num + sample_num,2025,2,5,512,0,1,1,,2025_Conforme_2_Cam_B_5_512.jpg,bottom_only,
A,year + batch_num + cam_num + sample_num,2025,2,5,513,0,1,1,,2025_Conforme_2_Cam_B_5_513.jpg,bottom_only,
A,year + batch_num + cam_num + sample_num,2025,2,5,514,0,1,1,,2025_Conforme_2_Cam_B_5_514.jpg,bottom_only,
A,year + batch_num + cam_num + sample_num,2025,2,5,515,0,1,1,,2025_Conforme_2_Cam_B_5_515.jpg,bottom_only,
A,year + batch_num + cam_num + sample_num,2025,2,5,516,0,1,1,,2025_Conforme_2_Cam_B_5_516.jpg,bottom_only,
A,year + batch_num + cam_num + sample_num,2025,2,5,517,0,1,1,,2025_Conforme_2_Cam_B_5_517.jpg,bottom_only,
A,year + batch_num + cam_num + sample_num,2025,2,5,518,0,1,1,,2025_Conforme_2_Cam_B_5_518.jpg,bottom_only,
A,year + batch_num + cam_num + sample_num,2025,2,5,519,0,1,1,,2025_Conforme_2_Cam_B_5_519.jpg,bottom_only,
A,year + batch_num + cam_num + sample_num,2025,2,5,520,0,1,1,,2025_Conforme_2_Cam_B_5_520.jpg,bottom_only,
A,year + batch_num + cam_num + sample_num,2025,2,5,521,0,1,1,,2025_Conforme_2_Cam_B_5_521.jpg,bottom_only,
A,year + batch_num + cam_num + sample_num,2025,2,5,522,0,1,1,,2025_Conforme_2_Cam_B_5_522.jpg,bottom_only,
A,year + batch_num + cam_num + sample_num,2025,2,5,523,0,1,1,,2025_Conforme_2_Cam_B_5_523.jpg,bottom_only,
A,year + batch_num + cam_num + sample_num,2025,2,5,524,0,1,1,,2025_Conforme_2_Cam_B_5_524.jpg,bottom_only,
A,year + batch_num + cam_num + sample_num,2025,2,5,525,0,1,1,,2025_Conforme_2_Cam_B_5_525.jpg,bottom_only,
A,year + batch_num + cam_num + sample_num,2025,2,5,526,0,1,1,,2025_Conforme_2_Cam_B_5_526.jpg,bottom_only,
A,year + batch_num + cam_num + sample_num,2025,2,5,527,0,1,1,,2025_Conforme_2_Cam_B_5_527.jpg,bottom_only,
A,year + batch_num + cam_num + sample_num,2025,2,5,528,0,1,1,,2025_Conforme_2_Cam_B_5_528.jpg,bottom_only,
A,year + batch_num + cam_num + sample_num,2025,2,5,529,0,1,1,,2025_Conforme_2_Cam_B_5_529.jpg,bottom_only,
A,year + batch_num + cam_num + sample_num,2025,2,5,530,0,1,1,,2025_Conforme_2_Cam_B_5_530.jpg,bottom_only,
A,year + batch_num + cam_num + sample_num,2025,2,5,531,0,1,1,,2025_Conforme_2_Cam_B_5_531.jpg,bottom_only,
A,year + batch_num + cam_num + sample_num,2025,2,5,532,0,1,1,,2025_Conforme_2_Cam_B_5_532.jpg,bottom_only,
A,year + batch_num + cam_num + sample_num,2025,2,5,533,0,1,1,,2025_Conforme_2_Cam_B_5_533.jpg,bottom_only,
A,year + batch_num + cam_num + sample_num,2025,2,5,534,0,1,1,,2025_Conforme_2_Cam_B_5_534.jpg,bottom_only,
A,year + batch_num + cam_num + sample_num,2025,2,5,535,0,1,1,,2025_Conforme_2_Cam_B_5_535.jpg,bottom_only,
A,year + batch_num + cam_num + sample_num,2025,2,5,536,0,1,1,,2025_Conforme_2_Cam_B_5_536.jpg,bottom_only,
A,year + batch_num + cam_num + sample_num,2025,2,6,13,1,0,1,2025_Conforme_2_Cam_T_6_13.jpg,,top_only,
A,year + batch_num + cam_num + sample_num,2025,2,6,14,1,0,1,2025_Conforme_2_Cam_T_6_14.jpg,,top_only,
A,year + batch_num + cam_num + sample_num,2025,2,6,18,1,0,1,2025_Conforme_2_Cam_T_6_18.jpg,,top_only,
A,year + batch_num + cam_num + sample_num,2025,2,6,23,1,0,1,2025_Conforme_2_Cam_T_6_23.jpg,,top_only,
A,year + batch_num + cam_num + sample_num,2025,2,6,56,1,0,1,2025_Conforme_2_Cam_T_6_56.jpg,,top_only,
A,year + batch_num + cam_num + sample_num,2025,2,6,58,1,0,1,2025_Conforme_2_Cam_T_6_58.jpg,,top_only,
A,year + batch_num + cam_num + sample_num,2025,2,6,63,1,0,1,2025_Conforme_2_Cam_T_6_63.jpg,,top_only,
A,year + batch_num + cam_num + sample_num,2025,2,6,67,1,0,1,2025_Conforme_2_Cam_T_6_67.jpg,,top_only,
A,year + batch_num + cam_num + sample_num,2025,2,6,83,1,0,1,2025_Conforme_2_Cam_T_6_83.jpg,,top_only,
A,year + batch_num + cam_num + sample_num,2025,2,6,101,1,0,1,2025_Conforme_2_Cam_T_6_101.jpg,,top_only,
A,year + batch_num + cam_num + sample_num,2025,2,6,118,1,0,1,2025_Conforme_2_Cam_T_6_118.jpg,,top_only,
A,year + batch_num + cam_num + sample_num,2025,2,6,128,1,0,1,2025_Conforme_2_Cam_T_6_128.jpg,,top_only,
A,year + batch_num + cam_num + sample_num,2025,2,6,129,1,0,1,2025_Conforme_2_Cam_T_6_129.jpg,,top_only,
A,year + batch_num + cam_num + sample_num,2025,2,6,145,1,0,1,2025_Conforme_2_Cam_T_6_145.jpg,,top_only,
A,year + batch_num + cam_num + sample_num,2025,2,6,154,1,0,1,2025_Conforme_2_Cam_T_6_154.jpg,,top_only,
A,year + batch_num + cam_num + sample_num,2025,2,6,173,0,1,1,,2025_Conforme_2_Cam_B_6_173.jpg,bottom_only,
A,year + batch_num + cam_num + sample_num,2025,2,6,182,1,0,1,2025_Conforme_2_Cam_T_6_182.jpg,,top_only,
A,year + batch_num + cam_num + sample_num,2025,2,6,185,1,0,1,2025_Conforme_2_Cam_T_6_185.jpg,,top_only,
A,year + batch_num + cam_num + sample_num,2025,2,6,186,1,0,1,2025_Conforme_2_Cam_T_6_186.jpg,,top_only,
A,year + batch_num + cam_num + sample_num,2025,2,6,210,1,0,1,2025_Conforme_2_Cam_T_6_210.jpg,,top_only,
A,year + batch_num + cam_num + sample_num,2025,2,6,224,1,0,1,2025_Conforme_2_Cam_T_6_224.jpg,,top_only,
A,year + batch_num + cam_num + sample_num,2025,2,6,227,0,1,1,,2025_Conforme_2_Cam_B_6_227.jpg,bottom_only,
A,year + batch_num + cam_num + sample_num,2025,2,6,228,0,1,1,,2025_Conforme_2_Cam_B_6_228.jpg,bottom_only,
A,year + batch_num + cam_num + sample_num,2025,2,6,229,0,1,1,,2025_Conforme_2_Cam_B_6_229.jpg,bottom_only,
A,year + batch_num + cam_num + sample_num,2025,2,6,230,0,1,1,,2025_Conforme_2_Cam_B_6_230.jpg,bottom_only,
A,year + batch_num + cam_num + sample_num,2025,2,6,231,0,1,1,,2025_Conforme_2_Cam_B_6_231.jpg,bottom_only,
A,year + batch_num + cam_num + sample_num,2025,2,6,232,0,1,1,,2025_Conforme_2_Cam_B_6_232.jpg,bottom_only,
A,year + batch_num + cam_num + sample_num,2025,2,6,233,0,1,1,,2025_Conforme_2_Cam_B_6_233.jpg,bottom_only,
A,year + batch_num + cam_num + sample_num,2025,2,6,234,0,1,1,,2025_Conforme_2_Cam_B_6_234.jpg,bottom_only,
A,year + batch_num + cam_num + sample_num,2025,2,6,235,0,1,1,,2025_Conforme_2_Cam_B_6_235.jpg,bottom_only,
A,year + batch_num + cam_num + sample_num,2025,2,6,236,0,1,1,,2025_Conforme_2_Cam_B_6_236.jpg,bottom_only,
A,year + batch_num + cam_num + sample_num,2025,2,6,237,0,1,1,,2025_Conforme_2_Cam_B_6_237.jpg,bottom_only,
A,year + batch_num + cam_num + sample_num,2025,2,6,238,0,1,1,,2025_Conforme_2_Cam_B_6_238.jpg,bottom_only,
A,year + batch_num + cam_num + sample_num,2025,2,6,239,0,1,1,,2025_Conforme_2_Cam_B_6_239.jpg,bottom_only,
A,year + batch_num + cam_num + sample_num,2025,2,6,240,0,1,1,,2025_Conforme_2_Cam_B_6_240.jpg,bottom_only,
A,year + batch_num + cam_num + sample_num,2025,2,6,241,0,1,1,,2025_Conforme_2_Cam_B_6_241.jpg,bottom_only,
A,year + batch_num + cam_num + sample_num,2025,2,6,242,0,1,1,,2025_Conforme_2_Cam_B_6_242.jpg,bottom_only,
A,year + batch_num + cam_num + sample_num,2025,2,6,243,0,1,1,,2025_Conforme_2_Cam_B_6_243.jpg,bottom_only,
A,year + batch_num + cam_num + sample_num,2025,2,6,244,0,1,1,,2025_Conforme_2_Cam_B_6_244.jpg,bottom_only,
A,year + batch_num + cam_num + sample_num,2025,2,6,245,0,1,1,,2025_Conforme_2_Cam_B_6_245.jpg,bottom_only,
A,year + batch_num + cam_num + sample_num,2025,2,6,246,0,1,1,,2025_Conforme_2_Cam_B_6_246.jpg,bottom_only,
A,year + batch_num + cam_num + sample_num,2025,2,6,247,0,1,1,,2025_Conforme_2_Cam_B_6_247.jpg,bottom_only,
A,year + batch_num + cam_num + sample_num,2025,2,6,248,0,1,1,,2025_Conforme_2_Cam_B_6_248.jpg,bottom_only,
A,year + batch_num + cam_num + sample_num,2025,2,6,249,0,1,1,,2025_Conforme_2_Cam_B_6_249.jpg,bottom_only,
A,year + batch_num + cam_num + sample_num,2025,2,6,250,0,1,1,,2025_Conforme_2_Cam_B_6_250.jpg,bottom_only,
A,year + batch_num + cam_num + sample_num,2025,2,6,251,0,1,1,,2025_Conforme_2_Cam_B_6_251.jpg,bottom_only,
A,year + batch_num + cam_num + sample_num,2025,2,6,252,0,1,1,,2025_Conforme_2_Cam_B_6_252.jpg,bottom_only,
A,year + batch_num + cam_num + sample_num,2025,2,6,253,0,1,1,,2025_Conforme_2_Cam_B_6_253.jpg,bottom_only,
A,year + batch_num + cam_num + sample_num,2025,2,6,254,0,1,1,,2025_Conforme_2_Cam_B_6_254.jpg,bottom_only,
A,year + batch_num + cam_num + sample_num,2025,2,6,255,0,1,1,,2025_Conforme_2_Cam_B_6_255.jpg,bottom_only,
A,year + batch_num + cam_num + sample_num,2025,2,6,256,0,1,1,,2025_Conforme_2_Cam_B_6_256.jpg,bottom_only,
A,year + batch_num + cam_num + sample_num,2025,2,6,257,0,1,1,,2025_Conforme_2_Cam_B_6_257.jpg,bottom_only,
A,year + batch_num + cam_num + sample_num,2025,2,6,259,0,1,1,,2025_Conforme_2_Cam_B_6_259.jpg,bottom_only,
A,year + batch_num + cam_num + sample_num,2025,2,6,260,0,1,1,,2025_Conforme_2_Cam_B_6_260.jpg,bottom_only,
A,year + batch_num + cam_num + sample_num,2025,2,6,264,0,1,1,,2025_Conforme_2_Cam_B_6_264.jpg,bottom_only,
A,year + batch_num + cam_num + sample_num,2025,2,6,265,0,1,1,,2025_Conforme_2_Cam_B_6_265.jpg,bottom_only,
A,year + batch_num + cam_num + sample_num,2025,2,6,266,0,1,1,,2025_Conforme_2_Cam_B_6_266.jpg,bottom_only,
A,year + batch_num + cam_num + sample_num,2025,2,6,267,0,1,1,,2025_Conforme_2_Cam_B_6_267.jpg,bottom_only,
A,year + batch_num + cam_num + sample_num,2025,2,6,268,0,1,1,,2025_Conforme_2_Cam_B_6_268.jpg,bottom_only,
A,year + batch_num + cam_num + sample_num,2025,2,6,269,0,1,1,,2025_Conforme_2_Cam_B_6_269.jpg,bottom_only,
A,year + batch_num + cam_num + sample_num,2025,2,6,270,0,1,1,,2025_Conforme_2_Cam_B_6_270.jpg,bottom_only,
A,year + batch_num + cam_num + sample_num,2025,2,6,271,0,1,1,,2025_Conforme_2_Cam_B_6_271.jpg,bottom_only,
A,year + batch_num + cam_num + sample_num,2025,2,6,272,0,1,1,,2025_Conforme_2_Cam_B_6_272.jpg,bottom_only,
A,year + batch_num + cam_num + sample_num,2025,2,6,273,0,1,1,,2025_Conforme_2_Cam_B_6_273.jpg,bottom_only,
A,year + batch_num + cam_num + sample_num,2025,2,6,274,0,1,1,,2025_Conforme_2_Cam_B_6_274.jpg,bottom_only,
A,year + batch_num + cam_num + sample_num,2025,2,6,275,0,1,1,,2025_Conforme_2_Cam_B_6_275.jpg,bottom_only,
A,year + batch_num + cam_num + sample_num,2025,2,6,276,0,1,1,,2025_Conforme_2_Cam_B_6_276.jpg,bottom_only,
A,year + batch_num + cam_num + sample_num,2025,2,6,277,0,1,1,,2025_Conforme_2_Cam_B_6_277.jpg,bottom_only,
A,year + batch_num + cam_num + sample_num,2025,2,6,278,0,1,1,,2025_Conforme_2_Cam_B_6_278.jpg,bottom_only,
A,year + batch_num + cam_num + sample_num,2025,2,6,279,0,1,1,,2025_Conforme_2_Cam_B_6_279.jpg,bottom_only,
A,year + batch_num + cam_num + sample_num,2025,2,6,280,0,1,1,,2025_Conforme_2_Cam_B_6_280.jpg,bottom_only,
A,year + batch_num + cam_num + sample_num,2025,2,6,281,0,1,1,,2025_Conforme_2_Cam_B_6_281.jpg,bottom_only,
A,year + batch_num + cam_num + sample_num,2025,2,6,282,0,1,1,,2025_Conforme_2_Cam_B_6_282.jpg,bottom_only,
A,year + batch_num + cam_num + sample_num,2025,2,6,283,0,1,1,,2025_Conforme_2_Cam_B_6_283.jpg,bottom_only,
A,year + batch_num + cam_num + sample_num,2025,2,6,284,0,1,1,,2025_Conforme_2_Cam_B_6_284.jpg,bottom_only,
A,year + batch_num + cam_num + sample_num,2025,2,6,285,0,1,1,,2025_Conforme_2_Cam_B_6_285.jpg,bottom_only,
A,year + batch_num + cam_num + sample_num,2025,2,6,287,0,1,1,,2025_Conforme_2_Cam_B_6_287.jpg,bottom_only,
A,year + batch_num + cam_num + sample_num,2025,2,6,288,0,1,1,,2025_Conforme_2_Cam_B_6_288.jpg,bottom_only,
A,year + batch_num + cam_num + sample_num,2025,2,6,289,0,1,1,,2025_Conforme_2_Cam_B_6_289.jpg,bottom_only,
A,year + batch_num + cam_num + sample_num,2025,2,6,290,0,1,1,,2025_Conforme_2_Cam_B_6_290.jpg,bottom_only,
A,year + batch_num + cam_num + sample_num,2025,2,6,291,0,1,1,,2025_Conforme_2_Cam_B_6_291.jpg,bottom_only,
A,year + batch_num + cam_num + sample_num,2025,2,6,292,0,1,1,,2025_Conforme_2_Cam_B_6_292.jpg,bottom_only,
A,year + batch_num + cam_num + sample_num,2025,2,6,296,0,1,1,,2025_Conforme_2_Cam_B_6_296.jpg,bottom_only,
A,year + batch_num + cam_num + sample_num,2025,2,6,297,0,1,1,,2025_Conforme_2_Cam_B_6_297.jpg,bottom_only,
A,year + batch_num + cam_num + sample_num,2025,2,6,298,0,1,1,,2025_Conforme_2_Cam_B_6_298.jpg,bottom_only,
A,year + batch_num + cam_num + sample_num,2025,2,6,299,0,1,1,,2025_Conforme_2_Cam_B_6_299.jpg,bottom_only,
A,year + batch_num + cam_num + sample_num,2025,2,6,300,0,1,1,,2025_Conforme_2_Cam_B_6_300.jpg,bottom_only,
A,year + batch_num + cam_num + sample_num,2025,2,6,301,0,1,1,,2025_Conforme_2_Cam_B_6_301.jpg,bottom_only,
A,year + batch_num + cam_num + sample_num,2025,2,6,304,0,1,1,,2025_Conforme_2_Cam_B_6_304.jpg,bottom_only,
A,year + batch_num + cam_num + sample_num,2025,2,6,306,0,1,1,,2025_Conforme_2_Cam_B_6_306.jpg,bottom_only,
A,year + batch_num + cam_num + sample_num,2025,2,6,307,0,1,1,,2025_Conforme_2_Cam_B_6_307.jpg,bottom_only,
A,year + batch_num + cam_num + sample_num,2025,2,6,309,0,1,1,,2025_Conforme_2_Cam_B_6_309.jpg,bottom_only,
A,year + batch_num + cam_num + sample_num,2025,2,6,310,0,1,1,,2025_Conforme_2_Cam_B_6_310.jpg,bottom_only,
A,year + batch_num + cam_num + sample_num,2025,2,6,311,0,1,1,,2025_Conforme_2_Cam_B_6_311.jpg,bottom_only,
A,year + batch_num + cam_num + sample_num,2025,2,6,312,0,1,1,,2025_Conforme_2_Cam_B_6_312.jpg,bottom_only,
A,year + batch_num + cam_num + sample_num,2025,2,6,313,0,1,1,,2025_Conforme_2_Cam_B_6_313.jpg,bottom_only,
A,year + batch_num + cam_num + sample_num,2025,2,6,314,0,1,1,,2025_Conforme_2_Cam_B_6_314.jpg,bottom_only,
A,year + batch_num + cam_num + sample_num,2025,2,6,315,0,1,1,,2025_Conforme_2_Cam_B_6_315.jpg,bottom_only,
A,year + batch_num + cam_num + sample_num,2025,2,6,316,0,1,1,,2025_Conforme_2_Cam_B_6_316.jpg,bottom_only,
A,year + batch_num + cam_num + sample_num,2025,2,6,317,0,1,1,,2025_Conforme_2_Cam_B_6_317.jpg,bottom_only,
A,year + batch_num + cam_num + sample_num,2025,2,6,318,0,1,1,,2025_Conforme_2_Cam_B_6_318.jpg,bottom_only,
A,year + batch_num + cam_num + sample_num,2025,2,6,319,0,1,1,,2025_Conforme_2_Cam_B_6_319.jpg,bottom_only,
A,year + batch_num + cam_num + sample_num,2025,2,6,320,0,1,1,,2025_Conforme_2_Cam_B_6_320.jpg,bottom_only,
A,year + batch_num + cam_num + sample_num,2025,2,6,321,0,1,1,,2025_Conforme_2_Cam_B_6_321.jpg,bottom_only,
A,year + batch_num + cam_num + sample_num,2025,2,6,322,0,1,1,,2025_Conforme_2_Cam_B_6_322.jpg,bottom_only,
A,year + batch_num + cam_num + sample_num,2025,2,6,323,0,1,1,,2025_Conforme_2_Cam_B_6_323.jpg,bottom_only,
A,year + batch_num + cam_num + sample_num,2025,2,6,324,0,1,1,,2025_Conforme_2_Cam_B_6_324.jpg,bottom_only,
A,year + batch_num + cam_num + sample_num,2025,2,6,325,0,1,1,,2025_Conforme_2_Cam_B_6_325.jpg,bottom_only,
A,year + batch_num + cam_num + sample_num,2025,2,6,326,0,1,1,,2025_Conforme_2_Cam_B_6_326.jpg,bottom_only,
A,year + batch_num + cam_num + sample_num,2025,2,6,327,0,1,1,,2025_Conforme_2_Cam_B_6_327.jpg,bottom_only,
A,year + batch_num + cam_num + sample_num,2025,2,6,328,0,1,1,,2025_Conforme_2_Cam_B_6_328.jpg,bottom_only,
A,year + batch_num + cam_num + sample_num,2025,2,6,329,0,1,1,,2025_Conforme_2_Cam_B_6_329.jpg,bottom_only,
A,year + batch_num + cam_num + sample_num,2025,2,6,330,0,1,1,,2025_Conforme_2_Cam_B_6_330.jpg,bottom_only,
A,year + batch_num + cam_num + sample_num,2025,2,6,331,0,1,1,,2025_Conforme_2_Cam_B_6_331.jpg,bottom_only,
A,year + batch_num + cam_num + sample_num,2025,2,6,332,0,1,1,,2025_Conforme_2_Cam_B_6_332.jpg,bottom_only,
A,year + batch_num + cam_num + sample_num,2025,2,6,333,0,1,1,,2025_Conforme_2_Cam_B_6_333.jpg,bottom_only,
A,year + batch_num + cam_num + sample_num,2025,2,6,334,0,1,1,,2025_Conforme_2_Cam_B_6_334.jpg,bottom_only,
A,year + batch_num + cam_num + sample_num,2025,2,6,335,0,1,1,,2025_Conforme_2_Cam_B_6_335.jpg,bottom_only,
A,year + batch_num + cam_num + sample_num,2025,2,6,336,0,1,1,,2025_Conforme_2_Cam_B_6_336.jpg,bottom_only,
A,year + batch_num + cam_num + sample_num,2025,2,6,337,0,1,1,,2025_Conforme_2_Cam_B_6_337.jpg,bottom_only,
A,year + batch_num + cam_num + sample_num,2025,2,6,338,0,1,1,,2025_Conforme_2_Cam_B_6_338.jpg,bottom_only,
A,year + batch_num + cam_num + sample_num,2025,2,6,339,0,1,1,,2025_Conforme_2_Cam_B_6_339.jpg,bottom_only,
A,year + batch_num + cam_num + sample_num,2025,2,6,340,0,1,1,,2025_Conforme_2_Cam_B_6_340.jpg,bottom_only,
A,year + batch_num + cam_num + sample_num,2025,2,6,341,0,1,1,,2025_Conforme_2_Cam_B_6_341.jpg,bottom_only,
A,year + batch_num + cam_num + sample_num,2025,2,6,342,0,1,1,,2025_Conforme_2_Cam_B_6_342.jpg,bottom_only,
A,year + batch_num + cam_num + sample_num,2025,2,6,343,0,1,1,,2025_Conforme_2_Cam_B_6_343.jpg,bottom_only,
A,year + batch_num + cam_num + sample_num,2025,2,6,344,0,1,1,,2025_Conforme_2_Cam_B_6_344.jpg,bottom_only,
A,year + batch_num + cam_num + sample_num,2025,2,6,345,0,1,1,,2025_Conforme_2_Cam_B_6_345.jpg,bottom_only,
A,year + batch_num + cam_num + sample_num,2025,2,6,348,0,1,1,,2025_Conforme_2_Cam_B_6_348.jpg,bottom_only,
A,year + batch_num + cam_num + sample_num,2025,2,6,349,0,1,1,,2025_Conforme_2_Cam_B_6_349.jpg,bottom_only,
A,year + batch_num + cam_num + sample_num,2025,2,6,351,0,1,1,,2025_Conforme_2_Cam_B_6_351.jpg,bottom_only,
A,year + batch_num + cam_num + sample_num,2025,2,6,352,0,1,1,,2025_Conforme_2_Cam_B_6_352.jpg,bottom_only,
A,year + batch_num + cam_num + sample_num,2025,2,6,353,0,1,1,,2025_Conforme_2_Cam_B_6_353.jpg,bottom_only,
A,year + batch_num + cam_num + sample_num,2025,2,6,354,0,1,1,,2025_Conforme_2_Cam_B_6_354.jpg,bottom_only,
A,year + batch_num + cam_num + sample_num,2025,2,6,355,0,1,1,,2025_Conforme_2_Cam_B_6_355.jpg,bottom_only,
A,year + batch_num + cam_num + sample_num,2025,2,6,356,0,1,1,,2025_Conforme_2_Cam_B_6_356.jpg,bottom_only,
A,year + batch_num + cam_num + sample_num,2025,2,6,357,0,1,1,,2025_Conforme_2_Cam_B_6_357.jpg,bottom_only,
A,year + batch_num + cam_num + sample_num,2025,2,6,358,0,1,1,,2025_Conforme_2_Cam_B_6_358.jpg,bottom_only,
A,year + batch_num + cam_num + sample_num,2025,2,6,359,0,1,1,,2025_Conforme_2_Cam_B_6_359.jpg,bottom_only,
A,year + batch_num + cam_num + sample_num,2025,2,6,360,0,1,1,,2025_Conforme_2_Cam_B_6_360.jpg,bottom_only,
A,year + batch_num + cam_num + sample_num,2025,2,6,361,0,1,1,,2025_Conforme_2_Cam_B_6_361.jpg,bottom_only,
A,year + batch_num + cam_num + sample_num,2025,2,6,362,0,1,1,,2025_Conforme_2_Cam_B_6_362.jpg,bottom_only,
A,year + batch_num + cam_num + sample_num,2025,2,6,363,0,1,1,,2025_Conforme_2_Cam_B_6_363.jpg,bottom_only,
A,year + batch_num + cam_num + sample_num,2025,2,6,365,0,1,1,,2025_Conforme_2_Cam_B_6_365.jpg,bottom_only,
A,year + batch_num + cam_num + sample_num,2025,2,6,366,0,1,1,,2025_Conforme_2_Cam_B_6_366.jpg,bottom_only,
A,year + batch_num + cam_num + sample_num,2025,2,6,367,0,1,1,,2025_Conforme_2_Cam_B_6_367.jpg,bottom_only,
A,year + batch_num + cam_num + sample_num,2025,2,6,368,0,1,1,,2025_Conforme_2_Cam_B_6_368.jpg,bottom_only,
A,year + batch_num + cam_num + sample_num,2025,2,6,369,0,1,1,,2025_Conforme_2_Cam_B_6_369.jpg,bottom_only,
A,year + batch_num + cam_num + sample_num,2025,2,6,370,0,1,1,,2025_Conforme_2_Cam_B_6_370.jpg,bottom_only,
A,year + batch_num + cam_num + sample_num,2025,2,6,371,0,1,1,,2025_Conforme_2_Cam_B_6_371.jpg,bottom_only,
A,year + batch_num + cam_num + sample_num,2025,2,6,372,0,1,1,,2025_Conforme_2_Cam_B_6_372.jpg,bottom_only,
A,year + batch_num + cam_num + sample_num,2025,2,6,373,0,1,1,,2025_Conforme_2_Cam_B_6_373.jpg,bottom_only,
A,year + batch_num + cam_num + sample_num,2025,2,6,374,0,1,1,,2025_Conforme_2_Cam_B_6_374.jpg,bottom_only,
A,year + batch_num + cam_num + sample_num,2025,2,6,375,0,1,1,,2025_Conforme_2_Cam_B_6_375.jpg,bottom_only,
A,year + batch_num + cam_num + sample_num,2025,2,6,376,0,1,1,,2025_Conforme_2_Cam_B_6_376.jpg,bottom_only,
A,year + batch_num + cam_num + sample_num,2025,2,6,377,0,1,1,,2025_Conforme_2_Cam_B_6_377.jpg,bottom_only,
A,year + batch_num + cam_num + sample_num,2025,2,6,378,0,1,1,,2025_Conforme_2_Cam_B_6_378.jpg,bottom_only,
A,year + batch_num + cam_num + sample_num,2025,2,6,379,0,1,1,,2025_Conforme_2_Cam_B_6_379.jpg,bottom_only,
A,year + batch_num + cam_num + sample_num,2025,2,6,380,0,1,1,,2025_Conforme_2_Cam_B_6_380.jpg,bottom_only,
A,year + batch_num + cam_num + sample_num,2025,2,6,381,0,1,1,,2025_Conforme_2_Cam_B_6_381.jpg,bottom_only,
A,year + batch_num + cam_num + sample_num,2025,2,6,382,0,1,1,,2025_Conforme_2_Cam_B_6_382.jpg,bottom_only,
A,year + batch_num + cam_num + sample_num,2025,2,6,383,0,1,1,,2025_Conforme_2_Cam_B_6_383.jpg,bottom_only,
A,year + batch_num + cam_num + sample_num,2025,2,6,385,0,1,1,,2025_Conforme_2_Cam_B_6_385.jpg,bottom_only,
A,year + batch_num + cam_num + sample_num,2025,2,6,386,0,1,1,,2025_Conforme_2_Cam_B_6_386.jpg,bottom_only,
A,year + batch_num + cam_num + sample_num,2025,2,6,387,0,1,1,,2025_Conforme_2_Cam_B_6_387.jpg,bottom_only,
A,year + batch_num + cam_num + sample_num,2025,2,6,388,0,1,1,,2025_Conforme_2_Cam_B_6_388.jpg,bottom_only,
A,year + batch_num + cam_num + sample_num,2025,2,6,389,0,1,1,,2025_Conforme_2_Cam_B_6_389.jpg,bottom_only,
A,year + batch_num + cam_num + sample_num,2025,2,6,390,0,1,1,,2025_Conforme_2_Cam_B_6_390.jpg,bottom_only,
A,year + batch_num + cam_num + sample_num,2025,2,6,391,0,1,1,,2025_Conforme_2_Cam_B_6_391.jpg,bottom_only,
A,year + batch_num + cam_num + sample_num,2025,2,6,392,0,1,1,,2025_Conforme_2_Cam_B_6_392.jpg,bottom_only,
A,year + batch_num + cam_num + sample_num,2025,2,6,393,0,1,1,,2025_Conforme_2_Cam_B_6_393.jpg,bottom_only,
A,year + batch_num + cam_num + sample_num,2025,2,6,394,0,1,1,,2025_Conforme_2_Cam_B_6_394.jpg,bottom_only,
A,year + batch_num + cam_num + sample_num,2025,2,6,395,0,1,1,,2025_Conforme_2_Cam_B_6_395.jpg,bottom_only,
A,year + batch_num + cam_num + sample_num,2025,2,6,396,0,1,1,,2025_Conforme_2_Cam_B_6_396.jpg,bottom_only,
A,year + batch_num + cam_num + sample_num,2025,2,6,397,0,1,1,,2025_Conforme_2_Cam_B_6_397.jpg,bottom_only,
A,year + batch_num + cam_num + sample_num,2025,2,6,400,0,1,1,,2025_Conforme_2_Cam_B_6_400.jpg,bottom_only,
A,year + batch_num + cam_num + sample_num,2025,2,6,401,0,1,1,,2025_Conforme_2_Cam_B_6_401.jpg,bottom_only,
A,year + batch_num + cam_num + sample_num,2025,2,6,402,0,1,1,,2025_Conforme_2_Cam_B_6_402.jpg,bottom_only,
A,year + batch_num + cam_num + sample_num,2025,2,6,403,0,1,1,,2025_Conforme_2_Cam_B_6_403.jpg,bottom_only,
A,year + batch_num + cam_num + sample_num,2025,2,6,404,0,1,1,,2025_Conforme_2_Cam_B_6_404.jpg,bottom_only,
A,year + batch_num + cam_num + sample_num,2025,2,6,405,0,1,1,,2025_Conforme_2_Cam_B_6_405.jpg,bottom_only,
A,year + batch_num + cam_num + sample_num,2025,2,6,406,0,1,1,,2025_Conforme_2_Cam_B_6_406.jpg,bottom_only,
A,year + batch_num + cam_num + sample_num,2025,2,6,407,0,1,1,,2025_Conforme_2_Cam_B_6_407.jpg,bottom_only,
A,year + batch_num + cam_num + sample_num,2025,2,6,408,0,1,1,,2025_Conforme_2_Cam_B_6_408.jpg,bottom_only,
A,year + batch_num + cam_num + sample_num,2025,2,6,409,0,1,1,,2025_Conforme_2_Cam_B_6_409.jpg,bottom_only,
A,year + batch_num + cam_num + sample_num,2025,2,6,410,0,1,1,,2025_Conforme_2_Cam_B_6_410.jpg,bottom_only,
A,year + batch_num + cam_num + sample_num,2025,2,6,411,0,1,1,,2025_Conforme_2_Cam_B_6_411.jpg,bottom_only,
A,year + batch_num + cam_num + sample_num,2025,2,6,412,0,1,1,,2025_Conforme_2_Cam_B_6_412.jpg,bottom_only,
A,year + batch_num + cam_num + sample_num,2025,2,6,413,0,1,1,,2025_Conforme_2_Cam_B_6_413.jpg,bottom_only,
A,year + batch_num + cam_num + sample_num,2025,2,6,414,0,1,1,,2025_Conforme_2_Cam_B_6_414.jpg,bottom_only,
A,year + batch_num + cam_num + sample_num,2025,2,6,415,0,1,1,,2025_Conforme_2_Cam_B_6_415.jpg,bottom_only,
A,year + batch_num + cam_num + sample_num,2025,2,6,416,0,1,1,,2025_Conforme_2_Cam_B_6_416.jpg,bottom_only,
A,year + batch_num + cam_num + sample_num,2025,2,6,417,0,1,1,,2025_Conforme_2_Cam_B_6_417.jpg,bottom_only,
A,year + batch_num + cam_num + sample_num,2025,2,6,418,0,1,1,,2025_Conforme_2_Cam_B_6_418.jpg,bottom_only,
A,year + batch_num + cam_num + sample_num,2025,2,6,419,0,1,1,,2025_Conforme_2_Cam_B_6_419.jpg,bottom_only,
A,year + batch_num + cam_num + sample_num,2025,2,6,420,0,1,1,,2025_Conforme_2_Cam_B_6_420.jpg,bottom_only,
A,year + batch_num + cam_num + sample_num,2025,2,6,421,0,1,1,,2025_Conforme_2_Cam_B_6_421.jpg,bottom_only,
A,year + batch_num + cam_num + sample_num,2025,2,6,422,0,1,1,,2025_Conforme_2_Cam_B_6_422.jpg,bottom_only,
A,year + batch_num + cam_num + sample_num,2025,2,6,423,0,1,1,,2025_Conforme_2_Cam_B_6_423.jpg,bottom_only,
A,year + batch_num + cam_num + sample_num,2025,2,6,424,0,1,1,,2025_Conforme_2_Cam_B_6_424.jpg,bottom_only,
A,year + batch_num + cam_num + sample_num,2025,2,6,425,0,1,1,,2025_Conforme_2_Cam_B_6_425.jpg,bottom_only,
A,year + batch_num + cam_num + sample_num,2025,2,6,426,0,1,1,,2025_Conforme_2_Cam_B_6_426.jpg,bottom_only,
A,year + batch_num + cam_num + sample_num,2025,2,6,427,0,1,1,,2025_Conforme_2_Cam_B_6_427.jpg,bottom_only,
A,year + batch_num + cam_num + sample_num,2025,2,6,428,0,1,1,,2025_Conforme_2_Cam_B_6_428.jpg,bottom_only,
A,year + batch_num + cam_num + sample_num,2025,2,6,429,0,1,1,,2025_Conforme_2_Cam_B_6_429.jpg,bottom_only,
A,year + batch_num + cam_num + sample_num,2025,2,6,430,0,1,1,,2025_Conforme_2_Cam_B_6_430.jpg,bottom_only,
A,year + batch_num + cam_num + sample_num,2025,2,6,431,0,1,1,,2025_Conforme_2_Cam_B_6_431.jpg,bottom_only,
A,year + batch_num + cam_num + sample_num,2025,2,6,433,0,1,1,,2025_Conforme_2_Cam_B_6_433.jpg,bottom_only,
A,year + batch_num + cam_num + sample_num,2025,2,6,434,0,1,1,,2025_Conforme_2_Cam_B_6_434.jpg,bottom_only,
A,year + batch_num + cam_num + sample_num,2025,2,6,436,0,1,1,,2025_Conforme_2_Cam_B_6_436.jpg,bottom_only,
A,year + batch_num + cam_num + sample_num,2025,2,6,437,0,1,1,,2025_Conforme_2_Cam_B_6_437.jpg,bottom_only,
A,year + batch_num + cam_num + sample_num,2025,2,6,438,0,1,1,,2025_Conforme_2_Cam_B_6_438.jpg,bottom_only,
A,year + batch_num + cam_num + sample_num,2025,2,6,439,0,1,1,,2025_Conforme_2_Cam_B_6_439.jpg,bottom_only,
A,year + batch_num + cam_num + sample_num,2025,2,6,440,0,1,1,,2025_Conforme_2_Cam_B_6_440.jpg,bottom_only,
A,year + batch_num + cam_num + sample_num,2025,2,6,441,0,1,1,,2025_Conforme_2_Cam_B_6_441.jpg,bottom_only,
A,year + batch_num + cam_num + sample_num,2025,2,6,442,0,1,1,,2025_Conforme_2_Cam_B_6_442.jpg,bottom_only,
A,year + batch_num + cam_num + sample_num,2025,2,6,443,0,1,1,,2025_Conforme_2_Cam_B_6_443.jpg,bottom_only,
A,year + batch_num + cam_num + sample_num,2025,2,6,444,0,1,1,,2025_Conforme_2_Cam_B_6_444.jpg,bottom_only,
A,year + batch_num + cam_num + sample_num,2025,2,6,445,0,1,1,,2025_Conforme_2_Cam_B_6_445.jpg,bottom_only,
A,year + batch_num + cam_num + sample_num,2025,2,6,446,0,1,1,,2025_Conforme_2_Cam_B_6_446.jpg,bottom_only,
A,year + batch_num + cam_num + sample_num,2025,2,6,447,0,1,1,,2025_Conforme_2_Cam_B_6_447.jpg,bottom_only,
A,year + batch_num + cam_num + sample_num,2025,2,6,448,0,1,1,,2025_Conforme_2_Cam_B_6_448.jpg,bottom_only,
A,year + batch_num + cam_num + sample_num,2025,2,6,449,0,1,1,,2025_Conforme_2_Cam_B_6_449.jpg,bottom_only,
A,year + batch_num + cam_num + sample_num,2025,2,6,450,0,1,1,,2025_Conforme_2_Cam_B_6_450.jpg,bottom_only,
A,year + batch_num + cam_num + sample_num,2025,2,6,451,0,1,1,,2025_Conforme_2_Cam_B_6_451.jpg,bottom_only,
A,year + batch_num + cam_num + sample_num,2025,2,6,452,0,1,1,,2025_Conforme_2_Cam_B_6_452.jpg,bottom_only,
A,year + batch_num + cam_num + sample_num,2025,2,6,453,0,1,1,,2025_Conforme_2_Cam_B_6_453.jpg,bottom_only,
A,year + batch_num + cam_num + sample_num,2025,2,6,454,0,1,1,,2025_Conforme_2_Cam_B_6_454.jpg,bottom_only,
A,year + batch_num + cam_num + sample_num,2025,2,6,455,0,1,1,,2025_Conforme_2_Cam_B_6_455.jpg,bottom_only,
A,year + batch_num + cam_num + sample_num,2025,2,6,456,0,1,1,,2025_Conforme_2_Cam_B_6_456.jpg,bottom_only,
A,year + batch_num + cam_num + sample_num,2025,2,6,457,0,1,1,,2025_Conforme_2_Cam_B_6_457.jpg,bottom_only,
A,year + batch_num + cam_num + sample_num,2025,2,6,458,0,1,1,,2025_Conforme_2_Cam_B_6_458.jpg,bottom_only,
A,year + batch_num + cam_num + sample_num,2025,2,6,459,0,1,1,,2025_Conforme_2_Cam_B_6_459.jpg,bottom_only,
A,year + batch_num + cam_num + sample_num,2025,2,6,460,0,1,1,,2025_Conforme_2_Cam_B_6_460.jpg,bottom_only,
A,year + batch_num + cam_num + sample_num,2025,2,6,461,0,1,1,,2025_Conforme_2_Cam_B_6_461.jpg,bottom_only,
A,year + batch_num + cam_num + sample_num,2025,2,6,464,0,1,1,,2025_Conforme_2_Cam_B_6_464.jpg,bottom_only,
A,year + batch_num + cam_num + sample_num,2025,2,6,465,0,1,1,,2025_Conforme_2_Cam_B_6_465.jpg,bottom_only,
A,year + batch_num + cam_num + sample_num,2025,2,6,466,0,1,1,,2025_Conforme_2_Cam_B_6_466.jpg,bottom_only,
A,year + batch_num + cam_num + sample_num,2025,2,6,467,0,1,1,,2025_Conforme_2_Cam_B_6_467.jpg,bottom_only,
A,year + batch_num + cam_num + sample_num,2025,2,6,468,0,1,1,,2025_Conforme_2_Cam_B_6_468.jpg,bottom_only,
A,year + batch_num + cam_num + sample_num,2025,2,6,469,0,1,1,,2025_Conforme_2_Cam_B_6_469.jpg,bottom_only,
A,year + batch_num + cam_num + sample_num,2025,2,6,470,0,1,1,,2025_Conforme_2_Cam_B_6_470.jpg,bottom_only,
A,year + batch_num + cam_num + sample_num,2025,2,6,471,0,1,1,,2025_Conforme_2_Cam_B_6_471.jpg,bottom_only,
A,year + batch_num + cam_num + sample_num,2025,2,6,472,0,1,1,,2025_Conforme_2_Cam_B_6_472.jpg,bottom_only,
A,year + batch_num + cam_num + sample_num,2025,2,6,473,0,1,1,,2025_Conforme_2_Cam_B_6_473.jpg,bottom_only,
A,year + batch_num + cam_num + sample_num,2025,2,6,474,0,1,1,,2025_Conforme_2_Cam_B_6_474.jpg,bottom_only,
A,year + batch_num + cam_num + sample_num,2025,2,6,475,0,1,1,,2025_Conforme_2_Cam_B_6_475.jpg,bottom_only,
A,year + batch_num + cam_num + sample_num,2025,2,6,476,0,1,1,,2025_Conforme_2_Cam_B_6_476.jpg,bottom_only,
A,year + batch_num + cam_num + sample_num,2025,2,6,477,0,1,1,,2025_Conforme_2_Cam_B_6_477.jpg,bottom_only,
A,year + batch_num + cam_num + sample_num,2025,2,6,478,0,1,1,,2025_Conforme_2_Cam_B_6_478.jpg,bottom_only,
A,year + batch_num + cam_num + sample_num,2025,2,6,479,0,1,1,,2025_Conforme_2_Cam_B_6_479.jpg,bottom_only,
A,year + batch_num + cam_num + sample_num,2025,2,6,480,0,1,1,,2025_Conforme_2_Cam_B_6_480.jpg,bottom_only,
A,year + batch_num + cam_num + sample_num,2025,2,6,481,0,1,1,,2025_Conforme_2_Cam_B_6_481.jpg,bottom_only,
A,year + batch_num + cam_num + sample_num,2025,2,6,482,0,1,1,,2025_Conforme_2_Cam_B_6_482.jpg,bottom_only,
A,year + batch_num + cam_num + sample_num,2025,2,6,484,0,1,1,,2025_Conforme_2_Cam_B_6_484.jpg,bottom_only,
A,year + batch_num + cam_num + sample_num,2025,2,6,485,0,1,1,,2025_Conforme_2_Cam_B_6_485.jpg,bottom_only,
A,year + batch_num + cam_num + sample_num,2025,2,6,486,0,1,1,,2025_Conforme_2_Cam_B_6_486.jpg,bottom_only,
A,year + batch_num + cam_num + sample_num,2025,2,6,487,0,1,1,,2025_Conforme_2_Cam_B_6_487.jpg,bottom_only,
A,year + batch_num + cam_num + sample_num,2025,2,6,489,0,1,1,,2025_Conforme_2_Cam_B_6_489.jpg,bottom_only,
A,year + batch_num + cam_num + sample_num,2025,2,6,490,0,1,1,,2025_Conforme_2_Cam_B_6_490.jpg,bottom_only,
A,year + batch_num + cam_num + sample_num,2025,2,6,491,0,1,1,,2025_Conforme_2_Cam_B_6_491.jpg,bottom_only,
A,year + batch_num + cam_num + sample_num,2025,2,6,492,0,1,1,,2025_Conforme_2_Cam_B_6_492.jpg,bottom_only,
A,year + batch_num + cam_num + sample_num,2025,2,6,493,0,1,1,,2025_Conforme_2_Cam_B_6_493.jpg,bottom_only,
A,year + batch_num + cam_num + sample_num,2025,2,6,494,0,1,1,,2025_Conforme_2_Cam_B_6_494.jpg,bottom_only,
A,year + batch_num + cam_num + sample_num,2025,2,6,495,0,1,1,,2025_Conforme_2_Cam_B_6_495.jpg,bottom_only,
A,year + batch_num + cam_num + sample_num,2025,2,6,496,0,1,1,,2025_Conforme_2_Cam_B_6_496.jpg,bottom_only,
A,year + batch_num + cam_num + sample_num,2025,2,6,497,0,1,1,,2025_Conforme_2_Cam_B_6_497.jpg,bottom_only,
A,year + batch_num + cam_num + sample_num,2025,2,6,498,0,1,1,,2025_Conforme_2_Cam_B_6_498.jpg,bottom_only,
A,year + batch_num + cam_num + sample_num,2025,2,6,499,0,1,1,,2025_Conforme_2_Cam_B_6_499.jpg,bottom_only,
A,year + batch_num + cam_num + sample_num,2025,2,6,500,0,1,1,,2025_Conforme_2_Cam_B_6_500.jpg,bottom_only,
A,year + batch_num + cam_num + sample_num,2025,2,6,501,0,1,1,,2025_Conforme_2_Cam_B_6_501.jpg,bottom_only,
A,year + batch_num + cam_num + sample_num,2025,2,6,502,0,1,1,,2025_Conforme_2_Cam_B_6_502.jpg,bottom_only,
A,year + batch_num + cam_num + sample_num,2025,2,6,503,0,1,1,,2025_Conforme_2_Cam_B_6_503.jpg,bottom_only,
A,year + batch_num + cam_num + sample_num,2025,2,6,505,0,1,1,,2025_Conforme_2_Cam_B_6_505.jpg,bottom_only,
A,year + batch_num + cam_num + sample_num,2025,2,6,506,0,1,1,,2025_Conforme_2_Cam_B_6_506.jpg,bottom_only,
A,year + batch_num + cam_num + sample_num,2025,2,6,507,0,1,1,,2025_Conforme_2_Cam_B_6_507.jpg,bottom_only,
A,year + batch_num + cam_num + sample_num,2025,2,6,508,0,1,1,,2025_Conforme_2_Cam_B_6_508.jpg,bottom_only,
A,year + batch_num + cam_num + sample_num,2025,2,6,509,0,1,1,,2025_Conforme_2_Cam_B_6_509.jpg,bottom_only,
A,year + batch_num + cam_num + sample_num,2025,2,6,510,0,1,1,,2025_Conforme_2_Cam_B_6_510.jpg,bottom_only,
A,year + batch_num + cam_num + sample_num,2025,2,6,511,0,1,1,,2025_Conforme_2_Cam_B_6_511.jpg,bottom_only,
A,year + batch_num + cam_num + sample_num,2025,2,6,512,0,1,1,,2025_Conforme_2_Cam_B_6_512.jpg,bottom_only,
A,year + batch_num + cam_num + sample_num,2025,2,6,513,0,1,1,,2025_Conforme_2_Cam_B_6_513.jpg,bottom_only,
A,year + batch_num + cam_num + sample_num,2025,2,6,514,0,1,1,,2025_Conforme_2_Cam_B_6_514.jpg,bottom_only,
A,year + batch_num + cam_num + sample_num,2025,2,6,515,0,1,1,,2025_Conforme_2_Cam_B_6_515.jpg,bottom_only,
A,year + batch_num + cam_num + sample_num,2025,<NO_BATCH>,1,313,2,0,2,2025_NON_Conforme_Cam_T_1_313.jpg | 2025_PIETRA_Cam_T_1_313.jpg,,top_only,
A,year + batch_num + cam_num + sample_num,2025,<NO_BATCH>,1,314,2,0,2,2025_NON_Conforme_Cam_T_1_314.jpg | 2025_PIETRA_Cam_T_1_314.jpg,,top_only,
A,year + batch_num + cam_num + sample_num,2025,<NO_BATCH>,2,503,1,0,1,2025_NON_Conforme_Cam_T_2_503.jpg,,top_only,
A,year + batch_num + cam_num + sample_num,2025,<NO_BATCH>,2,504,1,0,1,2025_NON_Conforme_Cam_T_2_504.jpg,,top_only,
A,year + batch_num + cam_num + sample_num,2025,<NO_BATCH>,2,505,1,0,1,2025_NON_Conforme_Cam_T_2_505.jpg,,top_only,
A,year + batch_num + cam_num + sample_num,2025,<NO_BATCH>,2,506,1,0,1,2025_NON_Conforme_Cam_T_2_506.jpg,,top_only,
A,year + batch_num + cam_num + sample_num,2025,<NO_BATCH>,2,507,1,0,1,2025_NON_Conforme_Cam_T_2_507.jpg,,top_only,
A,year + batch_num + cam_num + sample_num,2025,<NO_BATCH>,2,508,1,0,1,2025_NON_Conforme_Cam_T_2_508.jpg,,top_only,
A,year + batch_num + cam_num + sample_num,2025,<NO_BATCH>,2,509,1,0,1,2025_NON_Conforme_Cam_T_2_509.jpg,,top_only,
A,year + batch_num + cam_num + sample_num,2025,<NO_BATCH>,2,510,1,0,1,2025_NON_Conforme_Cam_T_2_510.jpg,,top_only,
A,year + batch_num + cam_num + sample_num,2025,<NO_BATCH>,2,511,1,0,1,2025_NON_Conforme_Cam_T_2_511.jpg,,top_only,
A,year + batch_num + cam_num + sample_num,2025,<NO_BATCH>,2,512,1,0,1,2025_NON_Conforme_Cam_T_2_512.jpg,,top_only,
A,year + batch_num + cam_num + sample_num,2025,<NO_BATCH>,2,513,1,0,1,2025_NON_Conforme_Cam_T_2_513.jpg,,top_only,
A,year + batch_num + cam_num + sample_num,2025,<NO_BATCH>,2,514,1,0,1,2025_NON_Conforme_Cam_T_2_514.jpg,,top_only,
A,year + batch_num + cam_num + sample_num,2025,<NO_BATCH>,2,515,1,0,1,2025_NON_Conforme_Cam_T_2_515.jpg,,top_only,
A,year + batch_num + cam_num + sample_num,2025,<NO_BATCH>,2,516,1,0,1,2025_NON_Conforme_Cam_T_2_516.jpg,,top_only,
A,year + batch_num + cam_num + sample_num,2025,<NO_BATCH>,3,495,1,0,1,2025_NON_Conforme_Cam_T_3_495.jpg,,top_only,
A,year + batch_num + cam_num + sample_num,2025,<NO_BATCH>,3,496,1,0,1,2025_NON_Conforme_Cam_T_3_496.jpg,,top_only,
A,year + batch_num + cam_num + sample_num,2025,<NO_BATCH>,3,497,1,0,1,2025_NON_Conforme_Cam_T_3_497.jpg,,top_only,
A,year + batch_num + cam_num + sample_num,2025,<NO_BATCH>,4,27,2,0,2,2025_NON_Conforme_Cam_T_4_27.jpg | 2025_PIETRA_Cam_T_4_27.jpg,,top_only,
A,year + batch_num + cam_num + sample_num,2025,<NO_BATCH>,4,38,2,0,2,2025_NON_Conforme_Cam_T_4_38.jpg | 2025_PIETRA_Cam_T_4_38.jpg,,top_only,
A,year + batch_num + cam_num + sample_num,2025,<NO_BATCH>,4,238,2,0,2,2025_NON_Conforme_Cam_T_4_238.jpg | 2025_PIETRA_Cam_T_4_238.jpg,,top_only,
A,year + batch_num + cam_num + sample_num,2025,<NO_BATCH>,4,385,2,0,2,2025_NON_Conforme_Cam_T_4_385.jpg | 2025_PIETRA_Cam_T_4_385.jpg,,top_only,
A,year + batch_num + cam_num + sample_num,2025,<NO_BATCH>,4,391,2,0,2,2025_NON_Conforme_Cam_T_4_391.jpg | 2025_PIETRA_Cam_T_4_391.jpg,,top_only,
A,year + batch_num + cam_num + sample_num,2025,<NO_BATCH>,4,499,0,1,1,,2025_NON_Conforme_Cam_B_4_499.jpg,bottom_only,
A,year + batch_num + cam_num + sample_num,2025,<NO_BATCH>,4,500,0,1,1,,2025_NON_Conforme_Cam_B_4_500.jpg,bottom_only,
A,year + batch_num + cam_num + sample_num,2025,<NO_BATCH>,5,500,0,1,1,,2025_NON_Conforme_Cam_B_5_500.jpg,bottom_only,
A,year + batch_num + cam_num + sample_num,2025,<NO_BATCH>,5,501,0,1,1,,2025_NON_Conforme_Cam_B_5_501.jpg,bottom_only,
A,year + batch_num + cam_num + sample_num,2025,<NO_BATCH>,5,502,0,1,1,,2025_NON_Conforme_Cam_B_5_502.jpg,bottom_only,
A,year + batch_num + cam_num + sample_num,2025,<NO_BATCH>,5,503,0,1,1,,2025_NON_Conforme_Cam_B_5_503.jpg,bottom_only,
A,year + batch_num + cam_num + sample_num,2025,<NO_BATCH>,5,504,0,1,1,,2025_NON_Conforme_Cam_B_5_504.jpg,bottom_only,
A,year + batch_num + cam_num + sample_num,2025,<NO_BATCH>,5,505,0,1,1,,2025_NON_Conforme_Cam_B_5_505.jpg,bottom_only,
A,year + batch_num + cam_num + sample_num,2025,<NO_BATCH>,6,21,0,2,2,,2025_NON_Conforme_Cam_B_6_21.jpg | 2025_PIETRA_Cam_B_6_21.jpg,bottom_only,
A,year + batch_num + cam_num + sample_num,2025,<NO_BATCH>,6,149,2,0,2,2025_NON_Conforme_Cam_T_6_149.jpg | 2025_PIETRA_Cam_T_6_149.jpg,,top_only,
A,year + batch_num + cam_num + sample_num,2025,<NO_BATCH>,6,200,2,0,2,2025_NON_Conforme_Cam_T_6_200.jpg | 2025_PIETRA_Cam_T_6_200.jpg,,top_only,
A,year + batch_num + cam_num + sample_num,2025,<NO_BATCH>,6,215,2,0,2,2025_NON_Conforme_Cam_T_6_215.jpg | 2025_PIETRA_Cam_T_6_215.jpg,,top_only,
A,year + batch_num + cam_num + sample_num,2025,<NO_BATCH>,6,232,0,2,2,,2025_NON_Conforme_Cam_B_6_232.jpg | 2025_PIETRA_Cam_B_6_232.jpg,bottom_only,
A,year + batch_num + cam_num + sample_num,2025,<NO_BATCH>,6,431,0,1,1,,2025_NON_Conforme_Cam_B_6_431.jpg,bottom_only,
A,year + batch_num + cam_num + sample_num,2025,<NO_BATCH>,6,445,0,1,1,,2025_NON_Conforme_Cam_B_6_445.jpg,bottom_only,
A,year + batch_num + cam_num + sample_num,2025,<NO_BATCH>,6,484,1,0,1,2025_NON_Conforme_Cam_T_6_484.jpg,,top_only,
A,year + batch_num + cam_num + sample_num,2025,<NO_BATCH>,6,485,1,0,1,2025_NON_Conforme_Cam_T_6_485.jpg,,top_only,
A,year + batch_num + cam_num + sample_num,2025,<NO_BATCH>,6,486,1,0,1,2025_NON_Conforme_Cam_T_6_486.jpg,,top_only,
A,year + batch_num + cam_num + sample_num,2025,<NO_BATCH>,6,487,1,0,1,2025_NON_Conforme_Cam_T_6_487.jpg,,top_only,
A,year + batch_num + cam_num + sample_num,2025,<NO_BATCH>,6,488,1,0,1,2025_NON_Conforme_Cam_T_6_488.jpg,,top_only,
A,year + batch_num + cam_num + sample_num,2025,<NO_BATCH>,6,489,1,0,1,2025_NON_Conforme_Cam_T_6_489.jpg,,top_only,
A,year + batch_num + cam_num + sample_num,2025,<NO_BATCH>,6,490,1,0,1,2025_NON_Conforme_Cam_T_6_490.jpg,,top_only,
A,year + batch_num + cam_num + sample_num,2025,<NO_BATCH>,6,491,1,0,1,2025_NON_Conforme_Cam_T_6_491.jpg,,top_only,
A,year + batch_num + cam_num + sample_num,2025,<NO_BATCH>,6,492,1,0,1,2025_NON_Conforme_Cam_T_6_492.jpg,,top_only,
A,year + batch_num + cam_num + sample_num,2025,<NO_BATCH>,6,493,1,0,1,2025_NON_Conforme_Cam_T_6_493.jpg,,top_only,
A,year + batch_num + cam_num + sample_num,2025,<NO_BATCH>,6,494,1,0,1,2025_NON_Conforme_Cam_T_6_494.jpg,,top_only,
A,year + batch_num + cam_num + sample_num,2025,<NO_BATCH>,6,495,1,0,1,2025_NON_Conforme_Cam_T_6_495.jpg,,top_only,
A,year + batch_num + cam_num + sample_num,2025,<NO_BATCH>,6,496,1,0,1,2025_NON_Conforme_Cam_T_6_496.jpg,,top_only,
A,year + batch_num + cam_num + sample_num,2025,<NO_BATCH>,6,497,1,0,1,2025_NON_Conforme_Cam_T_6_497.jpg,,top_only,
A,year + batch_num + cam_num + sample_num,2025,<NO_BATCH>,6,498,1,0,1,2025_NON_Conforme_Cam_T_6_498.jpg,,top_only,
A,year + batch_num + cam_num + sample_num,2026,<NO_BATCH>,1,415,1,0,1,2026_PIETRA_Cam_T_1_415.jpg,,top_only,
A,year + batch_num + cam_num + sample_num,2026,<NO_BATCH>,1,454,1,0,1,2026_PIETRA_Cam_T_1_454.jpg,,top_only,
A,year + batch_num + cam_num + sample_num,2026,<NO_BATCH>,1,482,1,0,1,2026_PIETRA_Cam_T_1_482.jpg,,top_only,
A,year + batch_num + cam_num + sample_num,2026,<NO_BATCH>,1,485,1,0,1,2026_PIETRA_Cam_T_1_485.jpg,,top_only,
A,year + batch_num + cam_num + sample_num,2026,<NO_BATCH>,1,486,1,0,1,2026_PIETRA_Cam_T_1_486.jpg,,top_only,
A,year + batch_num + cam_num + sample_num,2026,<NO_BATCH>,1,487,1,0,1,2026_PIETRA_Cam_T_1_487.jpg,,top_only,
A,year + batch_num + cam_num + sample_num,2026,<NO_BATCH>,1,493,1,0,1,2026_PIETRA_Cam_T_1_493.jpg,,top_only,
A,year + batch_num + cam_num + sample_num,2026,<NO_BATCH>,1,521,1,0,1,2026_PIETRA_Cam_T_1_521.jpg,,top_only,
A,year + batch_num + cam_num + sample_num,2026,<NO_BATCH>,1,559,1,0,1,2026_PIETRA_Cam_T_1_559.jpg,,top_only,
A,year + batch_num + cam_num + sample_num,2026,<NO_BATCH>,1,567,1,0,1,2026_PIETRA_Cam_T_1_567.jpg,,top_only,
A,year + batch_num + cam_num + sample_num,2026,<NO_BATCH>,1,568,1,0,1,2026_PIETRA_Cam_T_1_568.jpg,,top_only,
A,year + batch_num + cam_num + sample_num,2026,<NO_BATCH>,1,569,1,0,1,2026_PIETRA_Cam_T_1_569.jpg,,top_only,
A,year + batch_num + cam_num + sample_num,2026,<NO_BATCH>,1,570,1,0,1,2026_PIETRA_Cam_T_1_570.jpg,,top_only,
A,year + batch_num + cam_num + sample_num,2026,<NO_BATCH>,1,571,1,0,1,2026_PIETRA_Cam_T_1_571.jpg,,top_only,
A,year + batch_num + cam_num + sample_num,2026,<NO_BATCH>,1,572,1,0,1,2026_PIETRA_Cam_T_1_572.jpg,,top_only,
A,year + batch_num + cam_num + sample_num,2026,<NO_BATCH>,1,573,1,0,1,2026_PIETRA_Cam_T_1_573.jpg,,top_only,
A,year + batch_num + cam_num + sample_num,2026,<NO_BATCH>,1,574,1,0,1,2026_PIETRA_Cam_T_1_574.jpg,,top_only,
A,year + batch_num + cam_num + sample_num,2026,<NO_BATCH>,1,575,1,0,1,2026_PIETRA_Cam_T_1_575.jpg,,top_only,
A,year + batch_num + cam_num + sample_num,2026,<NO_BATCH>,1,576,1,0,1,2026_PIETRA_Cam_T_1_576.jpg,,top_only,
A,year + batch_num + cam_num + sample_num,2026,<NO_BATCH>,1,577,1,0,1,2026_PIETRA_Cam_T_1_577.jpg,,top_only,
A,year + batch_num + cam_num + sample_num,2026,<NO_BATCH>,1,578,1,0,1,2026_PIETRA_Cam_T_1_578.jpg,,top_only,
A,year + batch_num + cam_num + sample_num,2026,<NO_BATCH>,1,579,1,0,1,2026_PIETRA_Cam_T_1_579.jpg,,top_only,
A,year + batch_num + cam_num + sample_num,2026,<NO_BATCH>,1,580,1,0,1,2026_PIETRA_Cam_T_1_580.jpg,,top_only,
A,year + batch_num + cam_num + sample_num,2026,<NO_BATCH>,1,581,1,0,1,2026_PIETRA_Cam_T_1_581.jpg,,top_only,
A,year + batch_num + cam_num + sample_num,2026,<NO_BATCH>,1,582,1,0,1,2026_PIETRA_Cam_T_1_582.jpg,,top_only,
A,year + batch_num + cam_num + sample_num,2026,<NO_BATCH>,1,583,1,0,1,2026_PIETRA_Cam_T_1_583.jpg,,top_only,
A,year + batch_num + cam_num + sample_num,2026,<NO_BATCH>,1,584,1,0,1,2026_PIETRA_Cam_T_1_584.jpg,,top_only,
A,year + batch_num + cam_num + sample_num,2026,<NO_BATCH>,1,585,1,0,1,2026_PIETRA_Cam_T_1_585.jpg,,top_only,
A,year + batch_num + cam_num + sample_num,2026,<NO_BATCH>,1,586,1,0,1,2026_PIETRA_Cam_T_1_586.jpg,,top_only,
A,year + batch_num + cam_num + sample_num,2026,<NO_BATCH>,1,587,1,0,1,2026_PIETRA_Cam_T_1_587.jpg,,top_only,
A,year + batch_num + cam_num + sample_num,2026,<NO_BATCH>,1,588,1,0,1,2026_PIETRA_Cam_T_1_588.jpg,,top_only,
A,year + batch_num + cam_num + sample_num,2026,<NO_BATCH>,1,589,1,0,1,2026_PIETRA_Cam_T_1_589.jpg,,top_only,
A,year + batch_num + cam_num + sample_num,2026,<NO_BATCH>,1,590,1,0,1,2026_PIETRA_Cam_T_1_590.jpg,,top_only,
A,year + batch_num + cam_num + sample_num,2026,<NO_BATCH>,1,591,1,0,1,2026_PIETRA_Cam_T_1_591.jpg,,top_only,
A,year + batch_num + cam_num + sample_num,2026,<NO_BATCH>,1,592,1,0,1,2026_PIETRA_Cam_T_1_592.jpg,,top_only,
A,year + batch_num + cam_num + sample_num,2026,<NO_BATCH>,2,586,1,0,1,2026_PIETRA_Cam_T_2_586.jpg,,top_only,
A,year + batch_num + cam_num + sample_num,2026,<NO_BATCH>,2,587,1,0,1,2026_PIETRA_Cam_T_2_587.jpg,,top_only,
A,year + batch_num + cam_num + sample_num,2026,<NO_BATCH>,2,588,1,0,1,2026_PIETRA_Cam_T_2_588.jpg,,top_only,
A,year + batch_num + cam_num + sample_num,2026,<NO_BATCH>,2,589,1,0,1,2026_PIETRA_Cam_T_2_589.jpg,,top_only,
A,year + batch_num + cam_num + sample_num,2026,<NO_BATCH>,2,590,1,0,1,2026_PIETRA_Cam_T_2_590.jpg,,top_only,
A,year + batch_num + cam_num + sample_num,2026,<NO_BATCH>,2,591,1,0,1,2026_PIETRA_Cam_T_2_591.jpg,,top_only,
A,year + batch_num + cam_num + sample_num,2026,<NO_BATCH>,2,592,1,0,1,2026_PIETRA_Cam_T_2_592.jpg,,top_only,
A,year + batch_num + cam_num + sample_num,2026,<NO_BATCH>,2,593,1,0,1,2026_PIETRA_Cam_T_2_593.jpg,,top_only,
A,year + batch_num + cam_num + sample_num,2026,<NO_BATCH>,2,594,1,0,1,2026_PIETRA_Cam_T_2_594.jpg,,top_only,
A,year + batch_num + cam_num + sample_num,2026,<NO_BATCH>,2,595,1,0,1,2026_PIETRA_Cam_T_2_595.jpg,,top_only,
A,year + batch_num + cam_num + sample_num,2026,<NO_BATCH>,2,596,1,0,1,2026_PIETRA_Cam_T_2_596.jpg,,top_only,
A,year + batch_num + cam_num + sample_num,2026,<NO_BATCH>,2,597,1,0,1,2026_PIETRA_Cam_T_2_597.jpg,,top_only,
A,year + batch_num + cam_num + sample_num,2026,<NO_BATCH>,2,598,1,0,1,2026_PIETRA_Cam_T_2_598.jpg,,top_only,
A,year + batch_num + cam_num + sample_num,2026,<NO_BATCH>,2,599,1,0,1,2026_PIETRA_Cam_T_2_599.jpg,,top_only,
A,year + batch_num + cam_num + sample_num,2026,<NO_BATCH>,2,600,1,0,1,2026_PIETRA_Cam_T_2_600.jpg,,top_only,
A,year + batch_num + cam_num + sample_num,2026,<NO_BATCH>,2,601,1,0,1,2026_PIETRA_Cam_T_2_601.jpg,,top_only,
A,year + batch_num + cam_num + sample_num,2026,<NO_BATCH>,2,602,1,0,1,2026_PIETRA_Cam_T_2_602.jpg,,top_only,
A,year + batch_num + cam_num + sample_num,2026,<NO_BATCH>,2,603,1,0,1,2026_PIETRA_Cam_T_2_603.jpg,,top_only,
A,year + batch_num + cam_num + sample_num,2026,<NO_BATCH>,2,604,1,0,1,2026_PIETRA_Cam_T_2_604.jpg,,top_only,
A,year + batch_num + cam_num + sample_num,2026,<NO_BATCH>,3,454,0,1,1,,2026_PIETRA_Cam_B_3_454.jpg,bottom_only,
A,year + batch_num + cam_num + sample_num,2026,<NO_BATCH>,3,544,0,1,1,,2026_PIETRA_Cam_B_3_544.jpg,bottom_only,
A,year + batch_num + cam_num + sample_num,2026,<NO_BATCH>,3,580,1,0,1,2026_PIETRA_Cam_T_3_580.jpg,,top_only,
A,year + batch_num + cam_num + sample_num,2026,<NO_BATCH>,3,581,1,0,1,2026_PIETRA_Cam_T_3_581.jpg,,top_only,
A,year + batch_num + cam_num + sample_num,2026,<NO_BATCH>,3,582,1,0,1,2026_PIETRA_Cam_T_3_582.jpg,,top_only,
A,year + batch_num + cam_num + sample_num,2026,<NO_BATCH>,3,583,1,0,1,2026_PIETRA_Cam_T_3_583.jpg,,top_only,
A,year + batch_num + cam_num + sample_num,2026,<NO_BATCH>,3,584,1,0,1,2026_PIETRA_Cam_T_3_584.jpg,,top_only,
A,year + batch_num + cam_num + sample_num,2026,<NO_BATCH>,3,585,1,0,1,2026_PIETRA_Cam_T_3_585.jpg,,top_only,
A,year + batch_num + cam_num + sample_num,2026,<NO_BATCH>,3,586,1,0,1,2026_PIETRA_Cam_T_3_586.jpg,,top_only,
A,year + batch_num + cam_num + sample_num,2026,<NO_BATCH>,3,587,1,0,1,2026_PIETRA_Cam_T_3_587.jpg,,top_only,
A,year + batch_num + cam_num + sample_num,2026,<NO_BATCH>,3,588,1,0,1,2026_PIETRA_Cam_T_3_588.jpg,,top_only,
A,year + batch_num + cam_num + sample_num,2026,<NO_BATCH>,3,589,1,0,1,2026_PIETRA_Cam_T_3_589.jpg,,top_only,
A,year + batch_num + cam_num + sample_num,2026,<NO_BATCH>,3,590,1,0,1,2026_PIETRA_Cam_T_3_590.jpg,,top_only,
A,year + batch_num + cam_num + sample_num,2026,<NO_BATCH>,3,591,1,0,1,2026_PIETRA_Cam_T_3_591.jpg,,top_only,
A,year + batch_num + cam_num + sample_num,2026,<NO_BATCH>,4,390,2,0,2,2026_Conforme_Cam_T_4_390.jpg | 2026_PIETRA_Cam_T_4_390.jpg,,top_only,
A,year + batch_num + cam_num + sample_num,2026,<NO_BATCH>,4,393,2,0,2,2026_Conforme_Cam_T_4_393.jpg | 2026_PIETRA_Cam_T_4_393.jpg,,top_only,
A,year + batch_num + cam_num + sample_num,2026,<NO_BATCH>,4,414,1,0,1,2026_PIETRA_Cam_T_4_414.jpg,,top_only,
A,year + batch_num + cam_num + sample_num,2026,<NO_BATCH>,4,416,1,0,1,2026_PIETRA_Cam_T_4_416.jpg,,top_only,
A,year + batch_num + cam_num + sample_num,2026,<NO_BATCH>,4,417,1,0,1,2026_PIETRA_Cam_T_4_417.jpg,,top_only,
A,year + batch_num + cam_num + sample_num,2026,<NO_BATCH>,4,418,1,0,1,2026_PIETRA_Cam_T_4_418.jpg,,top_only,
A,year + batch_num + cam_num + sample_num,2026,<NO_BATCH>,4,442,1,0,1,2026_PIETRA_Cam_T_4_442.jpg,,top_only,
A,year + batch_num + cam_num + sample_num,2026,<NO_BATCH>,4,468,1,0,1,2026_PIETRA_Cam_T_4_468.jpg,,top_only,
A,year + batch_num + cam_num + sample_num,2026,<NO_BATCH>,4,477,1,0,1,2026_PIETRA_Cam_T_4_477.jpg,,top_only,
A,year + batch_num + cam_num + sample_num,2026,<NO_BATCH>,4,508,1,0,1,2026_PIETRA_Cam_T_4_508.jpg,,top_only,
A,year + batch_num + cam_num + sample_num,2026,<NO_BATCH>,4,511,1,0,1,2026_PIETRA_Cam_T_4_511.jpg,,top_only,
A,year + batch_num + cam_num + sample_num,2026,<NO_BATCH>,4,514,1,0,1,2026_PIETRA_Cam_T_4_514.jpg,,top_only,
A,year + batch_num + cam_num + sample_num,2026,<NO_BATCH>,4,517,1,0,1,2026_PIETRA_Cam_T_4_517.jpg,,top_only,
A,year + batch_num + cam_num + sample_num,2026,<NO_BATCH>,4,522,1,0,1,2026_PIETRA_Cam_T_4_522.jpg,,top_only,
A,year + batch_num + cam_num + sample_num,2026,<NO_BATCH>,4,523,1,0,1,2026_PIETRA_Cam_T_4_523.jpg,,top_only,
A,year + batch_num + cam_num + sample_num,2026,<NO_BATCH>,4,524,1,0,1,2026_PIETRA_Cam_T_4_524.jpg,,top_only,
A,year + batch_num + cam_num + sample_num,2026,<NO_BATCH>,4,527,1,0,1,2026_PIETRA_Cam_T_4_527.jpg,,top_only,
A,year + batch_num + cam_num + sample_num,2026,<NO_BATCH>,4,536,1,0,1,2026_PIETRA_Cam_T_4_536.jpg,,top_only,
A,year + batch_num + cam_num + sample_num,2026,<NO_BATCH>,4,537,1,0,1,2026_PIETRA_Cam_T_4_537.jpg,,top_only,
A,year + batch_num + cam_num + sample_num,2026,<NO_BATCH>,4,538,1,0,1,2026_PIETRA_Cam_T_4_538.jpg,,top_only,
A,year + batch_num + cam_num + sample_num,2026,<NO_BATCH>,4,539,1,0,1,2026_PIETRA_Cam_T_4_539.jpg,,top_only,
A,year + batch_num + cam_num + sample_num,2026,<NO_BATCH>,4,540,1,0,1,2026_PIETRA_Cam_T_4_540.jpg,,top_only,
A,year + batch_num + cam_num + sample_num,2026,<NO_BATCH>,4,541,1,0,1,2026_PIETRA_Cam_T_4_541.jpg,,top_only,
A,year + batch_num + cam_num + sample_num,2026,<NO_BATCH>,4,542,1,0,1,2026_PIETRA_Cam_T_4_542.jpg,,top_only,
A,year + batch_num + cam_num + sample_num,2026,<NO_BATCH>,4,543,1,0,1,2026_PIETRA_Cam_T_4_543.jpg,,top_only,
A,year + batch_num + cam_num + sample_num,2026,<NO_BATCH>,4,544,1,0,1,2026_PIETRA_Cam_T_4_544.jpg,,top_only,
A,year + batch_num + cam_num + sample_num,2026,<NO_BATCH>,4,545,1,0,1,2026_PIETRA_Cam_T_4_545.jpg,,top_only,
A,year + batch_num + cam_num + sample_num,2026,<NO_BATCH>,4,546,1,0,1,2026_PIETRA_Cam_T_4_546.jpg,,top_only,
A,year + batch_num + cam_num + sample_num,2026,<NO_BATCH>,4,547,1,0,1,2026_PIETRA_Cam_T_4_547.jpg,,top_only,
A,year + batch_num + cam_num + sample_num,2026,<NO_BATCH>,4,548,1,0,1,2026_PIETRA_Cam_T_4_548.jpg,,top_only,
A,year + batch_num + cam_num + sample_num,2026,<NO_BATCH>,4,549,1,0,1,2026_PIETRA_Cam_T_4_549.jpg,,top_only,
A,year + batch_num + cam_num + sample_num,2026,<NO_BATCH>,4,550,1,0,1,2026_PIETRA_Cam_T_4_550.jpg,,top_only,
A,year + batch_num + cam_num + sample_num,2026,<NO_BATCH>,4,551,1,0,1,2026_PIETRA_Cam_T_4_551.jpg,,top_only,
A,year + batch_num + cam_num + sample_num,2026,<NO_BATCH>,4,552,1,0,1,2026_PIETRA_Cam_T_4_552.jpg,,top_only,
A,year + batch_num + cam_num + sample_num,2026,<NO_BATCH>,4,553,1,0,1,2026_PIETRA_Cam_T_4_553.jpg,,top_only,
A,year + batch_num + cam_num + sample_num,2026,<NO_BATCH>,4,554,1,0,1,2026_PIETRA_Cam_T_4_554.jpg,,top_only,
A,year + batch_num + cam_num + sample_num,2026,<NO_BATCH>,4,555,1,0,1,2026_PIETRA_Cam_T_4_555.jpg,,top_only,
A,year + batch_num + cam_num + sample_num,2026,<NO_BATCH>,4,556,1,0,1,2026_PIETRA_Cam_T_4_556.jpg,,top_only,
A,year + batch_num + cam_num + sample_num,2026,<NO_BATCH>,4,557,1,0,1,2026_PIETRA_Cam_T_4_557.jpg,,top_only,
A,year + batch_num + cam_num + sample_num,2026,<NO_BATCH>,4,558,1,0,1,2026_PIETRA_Cam_T_4_558.jpg,,top_only,
A,year + batch_num + cam_num + sample_num,2026,<NO_BATCH>,4,559,1,0,1,2026_PIETRA_Cam_T_4_559.jpg,,top_only,
A,year + batch_num + cam_num + sample_num,2026,<NO_BATCH>,4,560,1,0,1,2026_PIETRA_Cam_T_4_560.jpg,,top_only,
A,year + batch_num + cam_num + sample_num,2026,<NO_BATCH>,4,561,1,0,1,2026_PIETRA_Cam_T_4_561.jpg,,top_only,
A,year + batch_num + cam_num + sample_num,2026,<NO_BATCH>,4,562,1,0,1,2026_PIETRA_Cam_T_4_562.jpg,,top_only,
A,year + batch_num + cam_num + sample_num,2026,<NO_BATCH>,4,563,1,0,1,2026_PIETRA_Cam_T_4_563.jpg,,top_only,
A,year + batch_num + cam_num + sample_num,2026,<NO_BATCH>,4,564,1,0,1,2026_PIETRA_Cam_T_4_564.jpg,,top_only,
A,year + batch_num + cam_num + sample_num,2026,<NO_BATCH>,4,565,1,0,1,2026_PIETRA_Cam_T_4_565.jpg,,top_only,
A,year + batch_num + cam_num + sample_num,2026,<NO_BATCH>,4,566,1,0,1,2026_PIETRA_Cam_T_4_566.jpg,,top_only,
A,year + batch_num + cam_num + sample_num,2026,<NO_BATCH>,4,567,1,0,1,2026_PIETRA_Cam_T_4_567.jpg,,top_only,
A,year + batch_num + cam_num + sample_num,2026,<NO_BATCH>,4,568,1,0,1,2026_PIETRA_Cam_T_4_568.jpg,,top_only,
A,year + batch_num + cam_num + sample_num,2026,<NO_BATCH>,4,569,1,0,1,2026_PIETRA_Cam_T_4_569.jpg,,top_only,
A,year + batch_num + cam_num + sample_num,2026,<NO_BATCH>,4,570,1,0,1,2026_PIETRA_Cam_T_4_570.jpg,,top_only,
A,year + batch_num + cam_num + sample_num,2026,<NO_BATCH>,4,571,1,0,1,2026_PIETRA_Cam_T_4_571.jpg,,top_only,
A,year + batch_num + cam_num + sample_num,2026,<NO_BATCH>,4,572,1,0,1,2026_PIETRA_Cam_T_4_572.jpg,,top_only,
A,year + batch_num + cam_num + sample_num,2026,<NO_BATCH>,4,573,1,0,1,2026_PIETRA_Cam_T_4_573.jpg,,top_only,
A,year + batch_num + cam_num + sample_num,2026,<NO_BATCH>,4,574,1,0,1,2026_PIETRA_Cam_T_4_574.jpg,,top_only,
A,year + batch_num + cam_num + sample_num,2026,<NO_BATCH>,4,575,1,0,1,2026_PIETRA_Cam_T_4_575.jpg,,top_only,
A,year + batch_num + cam_num + sample_num,2026,<NO_BATCH>,4,576,1,0,1,2026_PIETRA_Cam_T_4_576.jpg,,top_only,
A,year + batch_num + cam_num + sample_num,2026,<NO_BATCH>,4,577,1,0,1,2026_PIETRA_Cam_T_4_577.jpg,,top_only,
A,year + batch_num + cam_num + sample_num,2026,<NO_BATCH>,4,578,1,0,1,2026_PIETRA_Cam_T_4_578.jpg,,top_only,
A,year + batch_num + cam_num + sample_num,2026,<NO_BATCH>,4,579,1,0,1,2026_PIETRA_Cam_T_4_579.jpg,,top_only,
A,year + batch_num + cam_num + sample_num,2026,<NO_BATCH>,4,580,1,0,1,2026_PIETRA_Cam_T_4_580.jpg,,top_only,
A,year + batch_num + cam_num + sample_num,2026,<NO_BATCH>,4,581,1,0,1,2026_PIETRA_Cam_T_4_581.jpg,,top_only,
A,year + batch_num + cam_num + sample_num,2026,<NO_BATCH>,4,582,1,0,1,2026_PIETRA_Cam_T_4_582.jpg,,top_only,
A,year + batch_num + cam_num + sample_num,2026,<NO_BATCH>,4,583,1,0,1,2026_PIETRA_Cam_T_4_583.jpg,,top_only,
A,year + batch_num + cam_num + sample_num,2026,<NO_BATCH>,4,584,1,0,1,2026_PIETRA_Cam_T_4_584.jpg,,top_only,
A,year + batch_num + cam_num + sample_num,2026,<NO_BATCH>,4,585,1,0,1,2026_PIETRA_Cam_T_4_585.jpg,,top_only,
A,year + batch_num + cam_num + sample_num,2026,<NO_BATCH>,4,586,1,0,1,2026_PIETRA_Cam_T_4_586.jpg,,top_only,
A,year + batch_num + cam_num + sample_num,2026,<NO_BATCH>,5,570,0,1,1,,2026_PIETRA_Cam_B_5_570.jpg,bottom_only,
A,year + batch_num + cam_num + sample_num,2026,<NO_BATCH>,5,571,0,1,1,,2026_PIETRA_Cam_B_5_571.jpg,bottom_only,
A,year + batch_num + cam_num + sample_num,2026,<NO_BATCH>,5,572,0,1,1,,2026_PIETRA_Cam_B_5_572.jpg,bottom_only,
A,year + batch_num + cam_num + sample_num,2026,<NO_BATCH>,5,573,0,1,1,,2026_PIETRA_Cam_B_5_573.jpg,bottom_only,
A,year + batch_num + cam_num + sample_num,2026,<NO_BATCH>,5,574,0,1,1,,2026_PIETRA_Cam_B_5_574.jpg,bottom_only,
A,year + batch_num + cam_num + sample_num,2026,<NO_BATCH>,5,575,0,1,1,,2026_PIETRA_Cam_B_5_575.jpg,bottom_only,
A,year + batch_num + cam_num + sample_num,2026,<NO_BATCH>,5,576,0,1,1,,2026_PIETRA_Cam_B_5_576.jpg,bottom_only,
A,year + batch_num + cam_num + sample_num,2026,<NO_BATCH>,5,577,0,1,1,,2026_PIETRA_Cam_B_5_577.jpg,bottom_only,
A,year + batch_num + cam_num + sample_num,2026,<NO_BATCH>,5,578,0,1,1,,2026_PIETRA_Cam_B_5_578.jpg,bottom_only,
A,year + batch_num + cam_num + sample_num,2026,<NO_BATCH>,5,579,0,1,1,,2026_PIETRA_Cam_B_5_579.jpg,bottom_only,
A,year + batch_num + cam_num + sample_num,2026,<NO_BATCH>,5,580,0,1,1,,2026_PIETRA_Cam_B_5_580.jpg,bottom_only,
A,year + batch_num + cam_num + sample_num,2026,<NO_BATCH>,5,581,0,1,1,,2026_PIETRA_Cam_B_5_581.jpg,bottom_only,
A,year + batch_num + cam_num + sample_num,2026,<NO_BATCH>,5,582,0,1,1,,2026_PIETRA_Cam_B_5_582.jpg,bottom_only,
A,year + batch_num + cam_num + sample_num,2026,<NO_BATCH>,5,583,0,1,1,,2026_PIETRA_Cam_B_5_583.jpg,bottom_only,
A,year + batch_num + cam_num + sample_num,2026,<NO_BATCH>,5,584,0,1,1,,2026_PIETRA_Cam_B_5_584.jpg,bottom_only,
A,year + batch_num + cam_num + sample_num,2026,<NO_BATCH>,5,585,0,1,1,,2026_PIETRA_Cam_B_5_585.jpg,bottom_only,
A,year + batch_num + cam_num + sample_num,2026,<NO_BATCH>,5,586,0,1,1,,2026_PIETRA_Cam_B_5_586.jpg,bottom_only,
A,year + batch_num + cam_num + sample_num,2026,<NO_BATCH>,5,587,0,1,1,,2026_PIETRA_Cam_B_5_587.jpg,bottom_only,
A,year + batch_num + cam_num + sample_num,2026,<NO_BATCH>,5,588,0,1,1,,2026_PIETRA_Cam_B_5_588.jpg,bottom_only,
A,year + batch_num + cam_num + sample_num,2026,<NO_BATCH>,5,589,0,1,1,,2026_PIETRA_Cam_B_5_589.jpg,bottom_only,
A,year + batch_num + cam_num + sample_num,2026,<NO_BATCH>,5,590,0,1,1,,2026_PIETRA_Cam_B_5_590.jpg,bottom_only,
A,year + batch_num + cam_num + sample_num,2026,<NO_BATCH>,5,591,0,1,1,,2026_PIETRA_Cam_B_5_591.jpg,bottom_only,
A,year + batch_num + cam_num + sample_num,2026,<NO_BATCH>,5,592,0,1,1,,2026_PIETRA_Cam_B_5_592.jpg,bottom_only,
A,year + batch_num + cam_num + sample_num,2026,<NO_BATCH>,5,593,0,1,1,,2026_PIETRA_Cam_B_5_593.jpg,bottom_only,
A,year + batch_num + cam_num + sample_num,2026,<NO_BATCH>,5,594,0,1,1,,2026_PIETRA_Cam_B_5_594.jpg,bottom_only,
A,year + batch_num + cam_num + sample_num,2026,<NO_BATCH>,5,595,0,1,1,,2026_PIETRA_Cam_B_5_595.jpg,bottom_only,
A,year + batch_num + cam_num + sample_num,2026,<NO_BATCH>,5,596,0,1,1,,2026_PIETRA_Cam_B_5_596.jpg,bottom_only,
A,year + batch_num + cam_num + sample_num,2026,<NO_BATCH>,5,597,0,1,1,,2026_PIETRA_Cam_B_5_597.jpg,bottom_only,
A,year + batch_num + cam_num + sample_num,2026,<NO_BATCH>,5,598,0,1,1,,2026_PIETRA_Cam_B_5_598.jpg,bottom_only,
A,year + batch_num + cam_num + sample_num,2026,<NO_BATCH>,5,599,0,1,1,,2026_PIETRA_Cam_B_5_599.jpg,bottom_only,
A,year + batch_num + cam_num + sample_num,2026,<NO_BATCH>,5,600,0,1,1,,2026_PIETRA_Cam_B_5_600.jpg,bottom_only,
A,year + batch_num + cam_num + sample_num,2026,<NO_BATCH>,5,601,0,1,1,,2026_PIETRA_Cam_B_5_601.jpg,bottom_only,
A,year + batch_num + cam_num + sample_num,2026,<NO_BATCH>,5,602,0,1,1,,2026_PIETRA_Cam_B_5_602.jpg,bottom_only,
A,year + batch_num + cam_num + sample_num,2026,<NO_BATCH>,5,603,0,1,1,,2026_PIETRA_Cam_B_5_603.jpg,bottom_only,
A,year + batch_num + cam_num + sample_num,2026,<NO_BATCH>,5,604,0,1,1,,2026_PIETRA_Cam_B_5_604.jpg,bottom_only,
A,year + batch_num + cam_num + sample_num,2026,<NO_BATCH>,5,605,0,1,1,,2026_PIETRA_Cam_B_5_605.jpg,bottom_only,
A,year + batch_num + cam_num + sample_num,2026,<NO_BATCH>,5,606,0,1,1,,2026_PIETRA_Cam_B_5_606.jpg,bottom_only,
A,year + batch_num + cam_num + sample_num,2026,<NO_BATCH>,5,607,0,1,1,,2026_PIETRA_Cam_B_5_607.jpg,bottom_only,
A,year + batch_num + cam_num + sample_num,2026,<NO_BATCH>,5,608,0,1,1,,2026_PIETRA_Cam_B_5_608.jpg,bottom_only,
A,year + batch_num + cam_num + sample_num,2026,<NO_BATCH>,5,609,0,1,1,,2026_PIETRA_Cam_B_5_609.jpg,bottom_only,
A,year + batch_num + cam_num + sample_num,2026,<NO_BATCH>,5,610,0,1,1,,2026_PIETRA_Cam_B_5_610.jpg,bottom_only,
A,year + batch_num + cam_num + sample_num,2026,<NO_BATCH>,5,611,0,1,1,,2026_PIETRA_Cam_B_5_611.jpg,bottom_only,
A,year + batch_num + cam_num + sample_num,2026,<NO_BATCH>,5,612,0,1,1,,2026_PIETRA_Cam_B_5_612.jpg,bottom_only,
A,year + batch_num + cam_num + sample_num,2026,<NO_BATCH>,6,7,3,0,3,2026_Conforme_Cam_T_6_7.jpg | 2026_NON_Conforme_Cam_T_6_7.jpg | 2026_PIETRA_Cam_T_6_7.jpg,,top_only,
A,year + batch_num + cam_num + sample_num,2026,<NO_BATCH>,6,355,2,0,2,2026_Conforme_Cam_T_6_355.jpg | 2026_PIETRA_Cam_T_6_355.jpg,,top_only,
A,year + batch_num + cam_num + sample_num,2026,<NO_BATCH>,6,409,1,0,1,2026_PIETRA_Cam_T_6_409.jpg,,top_only,
A,year + batch_num + cam_num + sample_num,2026,<NO_BATCH>,6,410,1,0,1,2026_PIETRA_Cam_T_6_410.jpg,,top_only,
A,year + batch_num + cam_num + sample_num,2026,<NO_BATCH>,6,411,1,0,1,2026_PIETRA_Cam_T_6_411.jpg,,top_only,
A,year + batch_num + cam_num + sample_num,2026,<NO_BATCH>,6,413,1,0,1,2026_PIETRA_Cam_T_6_413.jpg,,top_only,
A,year + batch_num + cam_num + sample_num,2026,<NO_BATCH>,6,415,1,0,1,2026_PIETRA_Cam_T_6_415.jpg,,top_only,
A,year + batch_num + cam_num + sample_num,2026,<NO_BATCH>,6,427,0,1,1,,2026_PIETRA_Cam_B_6_427.jpg,bottom_only,
A,year + batch_num + cam_num + sample_num,2026,<NO_BATCH>,6,447,1,0,1,2026_PIETRA_Cam_T_6_447.jpg,,top_only,
A,year + batch_num + cam_num + sample_num,2026,<NO_BATCH>,6,463,1,0,1,2026_PIETRA_Cam_T_6_463.jpg,,top_only,
A,year + batch_num + cam_num + sample_num,2026,<NO_BATCH>,6,470,1,0,1,2026_PIETRA_Cam_T_6_470.jpg,,top_only,
A,year + batch_num + cam_num + sample_num,2026,<NO_BATCH>,6,475,1,0,1,2026_PIETRA_Cam_T_6_475.jpg,,top_only,
A,year + batch_num + cam_num + sample_num,2026,<NO_BATCH>,6,480,1,0,1,2026_PIETRA_Cam_T_6_480.jpg,,top_only,
A,year + batch_num + cam_num + sample_num,2026,<NO_BATCH>,6,487,1,0,1,2026_PIETRA_Cam_T_6_487.jpg,,top_only,
A,year + batch_num + cam_num + sample_num,2026,<NO_BATCH>,6,491,1,0,1,2026_PIETRA_Cam_T_6_491.jpg,,top_only,
A,year + batch_num + cam_num + sample_num,2026,<NO_BATCH>,6,540,1,0,1,2026_PIETRA_Cam_T_6_540.jpg,,top_only,
A,year + batch_num + cam_num + sample_num,2026,<NO_BATCH>,6,549,1,0,1,2026_PIETRA_Cam_T_6_549.jpg,,top_only,
A,year + batch_num + cam_num + sample_num,2026,<NO_BATCH>,6,555,1,0,1,2026_PIETRA_Cam_T_6_555.jpg,,top_only,
A,year + batch_num + cam_num + sample_num,2026,<NO_BATCH>,6,559,1,0,1,2026_PIETRA_Cam_T_6_559.jpg,,top_only,
A,year + batch_num + cam_num + sample_num,2026,<NO_BATCH>,6,565,1,0,1,2026_PIETRA_Cam_T_6_565.jpg,,top_only,
A,year + batch_num + cam_num + sample_num,2026,<NO_BATCH>,6,574,1,0,1,2026_PIETRA_Cam_T_6_574.jpg,,top_only,
A,year + batch_num + cam_num + sample_num,2026,<NO_BATCH>,6,575,1,0,1,2026_PIETRA_Cam_T_6_575.jpg,,top_only,
A,year + batch_num + cam_num + sample_num,2026,<NO_BATCH>,6,576,1,0,1,2026_PIETRA_Cam_T_6_576.jpg,,top_only,
A,year + batch_num + cam_num + sample_num,2026,<NO_BATCH>,6,577,1,0,1,2026_PIETRA_Cam_T_6_577.jpg,,top_only,
A,year + batch_num + cam_num + sample_num,2026,<NO_BATCH>,6,578,1,0,1,2026_PIETRA_Cam_T_6_578.jpg,,top_only,
A,year + batch_num + cam_num + sample_num,2026,<NO_BATCH>,6,579,1,0,1,2026_PIETRA_Cam_T_6_579.jpg,,top_only,
A,year + batch_num + cam_num + sample_num,2026,<NO_BATCH>,6,580,1,0,1,2026_PIETRA_Cam_T_6_580.jpg,,top_only,
A,year + batch_num + cam_num + sample_num,2026,<NO_BATCH>,6,581,1,0,1,2026_PIETRA_Cam_T_6_581.jpg,,top_only,
A,year + batch_num + cam_num + sample_num,2026,<NO_BATCH>,6,582,1,0,1,2026_PIETRA_Cam_T_6_582.jpg,,top_only,
B,year + batch_num + cam_num + sample_num + label_filename,2025,1,1,372,0,1,1,,2025_Conforme_1_Cam_B_1_372.jpg,bottom_only,Conforme
B,year + batch_num + cam_num + sample_num + label_filename,2025,1,1,373,0,1,1,,2025_Conforme_1_Cam_B_1_373.jpg,bottom_only,Conforme
B,year + batch_num + cam_num + sample_num + label_filename,2025,1,1,374,0,1,1,,2025_Conforme_1_Cam_B_1_374.jpg,bottom_only,Conforme
B,year + batch_num + cam_num + sample_num + label_filename,2025,1,1,375,0,1,1,,2025_Conforme_1_Cam_B_1_375.jpg,bottom_only,Conforme
B,year + batch_num + cam_num + sample_num + label_filename,2025,1,1,376,0,1,1,,2025_Conforme_1_Cam_B_1_376.jpg,bottom_only,Conforme
B,year + batch_num + cam_num + sample_num + label_filename,2025,1,1,377,0,1,1,,2025_Conforme_1_Cam_B_1_377.jpg,bottom_only,Conforme
B,year + batch_num + cam_num + sample_num + label_filename,2025,1,1,378,0,1,1,,2025_Conforme_1_Cam_B_1_378.jpg,bottom_only,Conforme
B,year + batch_num + cam_num + sample_num + label_filename,2025,1,1,379,0,1,1,,2025_Conforme_1_Cam_B_1_379.jpg,bottom_only,Conforme
B,year + batch_num + cam_num + sample_num + label_filename,2025,1,1,380,0,1,1,,2025_Conforme_1_Cam_B_1_380.jpg,bottom_only,Conforme
B,year + batch_num + cam_num + sample_num + label_filename,2025,1,1,381,0,1,1,,2025_Conforme_1_Cam_B_1_381.jpg,bottom_only,Conforme
B,year + batch_num + cam_num + sample_num + label_filename,2025,1,1,382,0,1,1,,2025_Conforme_1_Cam_B_1_382.jpg,bottom_only,Conforme
B,year + batch_num + cam_num + sample_num + label_filename,2025,1,1,383,0,1,1,,2025_Conforme_1_Cam_B_1_383.jpg,bottom_only,Conforme
B,year + batch_num + cam_num + sample_num + label_filename,2025,1,1,384,0,1,1,,2025_Conforme_1_Cam_B_1_384.jpg,bottom_only,Conforme
B,year + batch_num + cam_num + sample_num + label_filename,2025,1,1,385,0,1,1,,2025_Conforme_1_Cam_B_1_385.jpg,bottom_only,Conforme
B,year + batch_num + cam_num + sample_num + label_filename,2025,1,1,386,0,1,1,,2025_Conforme_1_Cam_B_1_386.jpg,bottom_only,Conforme
B,year + batch_num + cam_num + sample_num + label_filename,2025,1,1,387,0,1,1,,2025_Conforme_1_Cam_B_1_387.jpg,bottom_only,Conforme
B,year + batch_num + cam_num + sample_num + label_filename,2025,1,1,388,0,1,1,,2025_Conforme_1_Cam_B_1_388.jpg,bottom_only,Conforme
B,year + batch_num + cam_num + sample_num + label_filename,2025,1,1,389,0,1,1,,2025_Conforme_1_Cam_B_1_389.jpg,bottom_only,Conforme
B,year + batch_num + cam_num + sample_num + label_filename,2025,1,1,390,0,1,1,,2025_Conforme_1_Cam_B_1_390.jpg,bottom_only,Conforme
B,year + batch_num + cam_num + sample_num + label_filename,2025,1,1,391,0,1,1,,2025_Conforme_1_Cam_B_1_391.jpg,bottom_only,Conforme
B,year + batch_num + cam_num + sample_num + label_filename,2025,1,1,392,0,1,1,,2025_Conforme_1_Cam_B_1_392.jpg,bottom_only,Conforme
B,year + batch_num + cam_num + sample_num + label_filename,2025,1,1,393,0,1,1,,2025_Conforme_1_Cam_B_1_393.jpg,bottom_only,Conforme
B,year + batch_num + cam_num + sample_num + label_filename,2025,1,1,394,0,1,1,,2025_Conforme_1_Cam_B_1_394.jpg,bottom_only,Conforme
B,year + batch_num + cam_num + sample_num + label_filename,2025,1,1,395,0,1,1,,2025_Conforme_1_Cam_B_1_395.jpg,bottom_only,Conforme
B,year + batch_num + cam_num + sample_num + label_filename,2025,1,1,396,0,1,1,,2025_Conforme_1_Cam_B_1_396.jpg,bottom_only,Conforme
B,year + batch_num + cam_num + sample_num + label_filename,2025,1,1,397,0,1,1,,2025_Conforme_1_Cam_B_1_397.jpg,bottom_only,Conforme
B,year + batch_num + cam_num + sample_num + label_filename,2025,1,1,398,0,1,1,,2025_Conforme_1_Cam_B_1_398.jpg,bottom_only,Conforme
B,year + batch_num + cam_num + sample_num + label_filename,2025,1,1,399,0,1,1,,2025_Conforme_1_Cam_B_1_399.jpg,bottom_only,Conforme
B,year + batch_num + cam_num + sample_num + label_filename,2025,1,1,400,0,1,1,,2025_Conforme_1_Cam_B_1_400.jpg,bottom_only,Conforme
B,year + batch_num + cam_num + sample_num + label_filename,2025,1,1,401,0,1,1,,2025_Conforme_1_Cam_B_1_401.jpg,bottom_only,Conforme
B,year + batch_num + cam_num + sample_num + label_filename,2025,1,1,402,0,1,1,,2025_Conforme_1_Cam_B_1_402.jpg,bottom_only,Conforme
B,year + batch_num + cam_num + sample_num + label_filename,2025,1,1,403,0,1,1,,2025_Conforme_1_Cam_B_1_403.jpg,bottom_only,Conforme
B,year + batch_num + cam_num + sample_num + label_filename,2025,1,1,404,0,1,1,,2025_Conforme_1_Cam_B_1_404.jpg,bottom_only,Conforme
B,year + batch_num + cam_num + sample_num + label_filename,2025,1,1,405,0,1,1,,2025_Conforme_1_Cam_B_1_405.jpg,bottom_only,Conforme
B,year + batch_num + cam_num + sample_num + label_filename,2025,1,1,406,0,1,1,,2025_Conforme_1_Cam_B_1_406.jpg,bottom_only,Conforme
B,year + batch_num + cam_num + sample_num + label_filename,2025,1,1,407,0,1,1,,2025_Conforme_1_Cam_B_1_407.jpg,bottom_only,Conforme
B,year + batch_num + cam_num + sample_num + label_filename,2025,1,1,408,0,1,1,,2025_Conforme_1_Cam_B_1_408.jpg,bottom_only,Conforme
B,year + batch_num + cam_num + sample_num + label_filename,2025,1,1,409,0,1,1,,2025_Conforme_1_Cam_B_1_409.jpg,bottom_only,Conforme
B,year + batch_num + cam_num + sample_num + label_filename,2025,1,1,410,0,1,1,,2025_Conforme_1_Cam_B_1_410.jpg,bottom_only,Conforme
B,year + batch_num + cam_num + sample_num + label_filename,2025,1,1,411,0,1,1,,2025_Conforme_1_Cam_B_1_411.jpg,bottom_only,Conforme
B,year + batch_num + cam_num + sample_num + label_filename,2025,1,1,412,0,1,1,,2025_Conforme_1_Cam_B_1_412.jpg,bottom_only,Conforme
B,year + batch_num + cam_num + sample_num + label_filename,2025,1,1,413,0,1,1,,2025_Conforme_1_Cam_B_1_413.jpg,bottom_only,Conforme
B,year + batch_num + cam_num + sample_num + label_filename,2025,1,1,414,0,1,1,,2025_Conforme_1_Cam_B_1_414.jpg,bottom_only,Conforme
B,year + batch_num + cam_num + sample_num + label_filename,2025,1,1,415,0,1,1,,2025_Conforme_1_Cam_B_1_415.jpg,bottom_only,Conforme
B,year + batch_num + cam_num + sample_num + label_filename,2025,1,1,416,0,1,1,,2025_Conforme_1_Cam_B_1_416.jpg,bottom_only,Conforme
B,year + batch_num + cam_num + sample_num + label_filename,2025,1,1,417,0,1,1,,2025_Conforme_1_Cam_B_1_417.jpg,bottom_only,Conforme
B,year + batch_num + cam_num + sample_num + label_filename,2025,1,1,418,0,1,1,,2025_Conforme_1_Cam_B_1_418.jpg,bottom_only,Conforme
B,year + batch_num + cam_num + sample_num + label_filename,2025,1,1,419,0,1,1,,2025_Conforme_1_Cam_B_1_419.jpg,bottom_only,Conforme
B,year + batch_num + cam_num + sample_num + label_filename,2025,1,1,420,0,1,1,,2025_Conforme_1_Cam_B_1_420.jpg,bottom_only,Conforme
B,year + batch_num + cam_num + sample_num + label_filename,2025,1,2,386,0,1,1,,2025_Conforme_1_Cam_B_2_386.jpg,bottom_only,Conforme
B,year + batch_num + cam_num + sample_num + label_filename,2025,1,2,387,0,1,1,,2025_Conforme_1_Cam_B_2_387.jpg,bottom_only,Conforme
B,year + batch_num + cam_num + sample_num + label_filename,2025,1,2,388,0,1,1,,2025_Conforme_1_Cam_B_2_388.jpg,bottom_only,Conforme
B,year + batch_num + cam_num + sample_num + label_filename,2025,1,2,389,0,1,1,,2025_Conforme_1_Cam_B_2_389.jpg,bottom_only,Conforme
B,year + batch_num + cam_num + sample_num + label_filename,2025,1,2,390,0,1,1,,2025_Conforme_1_Cam_B_2_390.jpg,bottom_only,Conforme
B,year + batch_num + cam_num + sample_num + label_filename,2025,1,2,391,0,1,1,,2025_Conforme_1_Cam_B_2_391.jpg,bottom_only,Conforme
B,year + batch_num + cam_num + sample_num + label_filename,2025,1,2,392,0,1,1,,2025_Conforme_1_Cam_B_2_392.jpg,bottom_only,Conforme
B,year + batch_num + cam_num + sample_num + label_filename,2025,1,2,393,0,1,1,,2025_Conforme_1_Cam_B_2_393.jpg,bottom_only,Conforme
B,year + batch_num + cam_num + sample_num + label_filename,2025,1,2,394,0,1,1,,2025_Conforme_1_Cam_B_2_394.jpg,bottom_only,Conforme
B,year + batch_num + cam_num + sample_num + label_filename,2025,1,2,395,0,1,1,,2025_Conforme_1_Cam_B_2_395.jpg,bottom_only,Conforme
B,year + batch_num + cam_num + sample_num + label_filename,2025,1,2,396,0,1,1,,2025_Conforme_1_Cam_B_2_396.jpg,bottom_only,Conforme
B,year + batch_num + cam_num + sample_num + label_filename,2025,1,2,397,0,1,1,,2025_Conforme_1_Cam_B_2_397.jpg,bottom_only,Conforme
B,year + batch_num + cam_num + sample_num + label_filename,2025,1,2,398,0,1,1,,2025_Conforme_1_Cam_B_2_398.jpg,bottom_only,Conforme
B,year + batch_num + cam_num + sample_num + label_filename,2025,1,2,399,0,1,1,,2025_Conforme_1_Cam_B_2_399.jpg,bottom_only,Conforme
B,year + batch_num + cam_num + sample_num + label_filename,2025,1,2,400,0,1,1,,2025_Conforme_1_Cam_B_2_400.jpg,bottom_only,Conforme
B,year + batch_num + cam_num + sample_num + label_filename,2025,1,2,401,0,1,1,,2025_Conforme_1_Cam_B_2_401.jpg,bottom_only,Conforme
B,year + batch_num + cam_num + sample_num + label_filename,2025,1,2,402,0,1,1,,2025_Conforme_1_Cam_B_2_402.jpg,bottom_only,Conforme
B,year + batch_num + cam_num + sample_num + label_filename,2025,1,2,403,0,1,1,,2025_Conforme_1_Cam_B_2_403.jpg,bottom_only,Conforme
B,year + batch_num + cam_num + sample_num + label_filename,2025,1,2,404,0,1,1,,2025_Conforme_1_Cam_B_2_404.jpg,bottom_only,Conforme
B,year + batch_num + cam_num + sample_num + label_filename,2025,1,2,405,0,1,1,,2025_Conforme_1_Cam_B_2_405.jpg,bottom_only,Conforme
B,year + batch_num + cam_num + sample_num + label_filename,2025,1,2,406,0,1,1,,2025_Conforme_1_Cam_B_2_406.jpg,bottom_only,Conforme
B,year + batch_num + cam_num + sample_num + label_filename,2025,1,3,494,0,1,1,,2025_Conforme_1_Cam_B_3_494.jpg,bottom_only,Conforme
B,year + batch_num + cam_num + sample_num + label_filename,2025,1,3,524,1,0,1,2025_Conforme_1_Cam_T_3_524.jpg,,top_only,Conforme
B,year + batch_num + cam_num + sample_num + label_filename,2025,1,3,525,1,0,1,2025_Conforme_1_Cam_T_3_525.jpg,,top_only,Conforme
B,year + batch_num + cam_num + sample_num + label_filename,2025,1,3,526,1,0,1,2025_Conforme_1_Cam_T_3_526.jpg,,top_only,Conforme
B,year + batch_num + cam_num + sample_num + label_filename,2025,1,3,527,1,0,1,2025_Conforme_1_Cam_T_3_527.jpg,,top_only,Conforme
B,year + batch_num + cam_num + sample_num + label_filename,2025,1,3,528,1,0,1,2025_Conforme_1_Cam_T_3_528.jpg,,top_only,Conforme
B,year + batch_num + cam_num + sample_num + label_filename,2025,1,3,529,1,0,1,2025_Conforme_1_Cam_T_3_529.jpg,,top_only,Conforme
B,year + batch_num + cam_num + sample_num + label_filename,2025,1,4,11,1,0,1,2025_Conforme_1_Cam_T_4_11.jpg,,top_only,Conforme
B,year + batch_num + cam_num + sample_num + label_filename,2025,1,4,12,1,0,1,2025_Conforme_1_Cam_T_4_12.jpg,,top_only,Conforme
B,year + batch_num + cam_num + sample_num + label_filename,2025,1,4,14,1,0,1,2025_Conforme_1_Cam_T_4_14.jpg,,top_only,Conforme
B,year + batch_num + cam_num + sample_num + label_filename,2025,1,4,15,1,0,1,2025_Conforme_1_Cam_T_4_15.jpg,,top_only,Conforme
B,year + batch_num + cam_num + sample_num + label_filename,2025,1,4,16,1,0,1,2025_Conforme_1_Cam_T_4_16.jpg,,top_only,Conforme
B,year + batch_num + cam_num + sample_num + label_filename,2025,1,4,17,1,0,1,2025_Conforme_1_Cam_T_4_17.jpg,,top_only,Conforme
B,year + batch_num + cam_num + sample_num + label_filename,2025,1,4,18,1,0,1,2025_Conforme_1_Cam_T_4_18.jpg,,top_only,Conforme
B,year + batch_num + cam_num + sample_num + label_filename,2025,1,4,27,1,0,1,2025_Conforme_1_Cam_T_4_27.jpg,,top_only,Conforme
B,year + batch_num + cam_num + sample_num + label_filename,2025,1,4,30,1,0,1,2025_Conforme_1_Cam_T_4_30.jpg,,top_only,Conforme
B,year + batch_num + cam_num + sample_num + label_filename,2025,1,4,38,1,0,1,2025_Conforme_1_Cam_T_4_38.jpg,,top_only,Conforme
B,year + batch_num + cam_num + sample_num + label_filename,2025,1,4,42,1,0,1,2025_Conforme_1_Cam_T_4_42.jpg,,top_only,Conforme
B,year + batch_num + cam_num + sample_num + label_filename,2025,1,4,101,1,0,1,2025_Conforme_1_Cam_T_4_101.jpg,,top_only,Conforme
B,year + batch_num + cam_num + sample_num + label_filename,2025,1,4,113,1,0,1,2025_Conforme_1_Cam_T_4_113.jpg,,top_only,Conforme
B,year + batch_num + cam_num + sample_num + label_filename,2025,1,4,130,1,0,1,2025_Conforme_1_Cam_T_4_130.jpg,,top_only,Conforme
B,year + batch_num + cam_num + sample_num + label_filename,2025,1,4,136,1,0,1,2025_Conforme_1_Cam_T_4_136.jpg,,top_only,Conforme
B,year + batch_num + cam_num + sample_num + label_filename,2025,1,4,215,1,0,1,2025_Conforme_1_Cam_T_4_215.jpg,,top_only,Conforme
B,year + batch_num + cam_num + sample_num + label_filename,2025,1,4,216,1,0,1,2025_Conforme_1_Cam_T_4_216.jpg,,top_only,Conforme
B,year + batch_num + cam_num + sample_num + label_filename,2025,1,4,463,1,0,1,2025_Conforme_1_Cam_T_4_463.jpg,,top_only,Conforme
B,year + batch_num + cam_num + sample_num + label_filename,2025,1,4,466,1,0,1,2025_Conforme_1_Cam_T_4_466.jpg,,top_only,Conforme
B,year + batch_num + cam_num + sample_num + label_filename,2025,1,4,494,1,0,1,2025_Conforme_1_Cam_T_4_494.jpg,,top_only,Conforme
B,year + batch_num + cam_num + sample_num + label_filename,2025,1,4,495,1,0,1,2025_Conforme_1_Cam_T_4_495.jpg,,top_only,Conforme
B,year + batch_num + cam_num + sample_num + label_filename,2025,1,4,496,1,0,1,2025_Conforme_1_Cam_T_4_496.jpg,,top_only,Conforme
B,year + batch_num + cam_num + sample_num + label_filename,2025,1,4,497,1,0,1,2025_Conforme_1_Cam_T_4_497.jpg,,top_only,Conforme
B,year + batch_num + cam_num + sample_num + label_filename,2025,1,4,498,1,0,1,2025_Conforme_1_Cam_T_4_498.jpg,,top_only,Conforme
B,year + batch_num + cam_num + sample_num + label_filename,2025,1,4,499,1,0,1,2025_Conforme_1_Cam_T_4_499.jpg,,top_only,Conforme
B,year + batch_num + cam_num + sample_num + label_filename,2025,1,4,500,1,0,1,2025_Conforme_1_Cam_T_4_500.jpg,,top_only,Conforme
B,year + batch_num + cam_num + sample_num + label_filename,2025,1,4,501,1,0,1,2025_Conforme_1_Cam_T_4_501.jpg,,top_only,Conforme
B,year + batch_num + cam_num + sample_num + label_filename,2025,1,4,502,1,0,1,2025_Conforme_1_Cam_T_4_502.jpg,,top_only,Conforme
B,year + batch_num + cam_num + sample_num + label_filename,2025,1,4,503,1,0,1,2025_Conforme_1_Cam_T_4_503.jpg,,top_only,Conforme
B,year + batch_num + cam_num + sample_num + label_filename,2025,1,4,504,1,0,1,2025_Conforme_1_Cam_T_4_504.jpg,,top_only,Conforme
B,year + batch_num + cam_num + sample_num + label_filename,2025,1,4,505,1,0,1,2025_Conforme_1_Cam_T_4_505.jpg,,top_only,Conforme
B,year + batch_num + cam_num + sample_num + label_filename,2025,1,4,506,1,0,1,2025_Conforme_1_Cam_T_4_506.jpg,,top_only,Conforme
B,year + batch_num + cam_num + sample_num + label_filename,2025,1,4,507,1,0,1,2025_Conforme_1_Cam_T_4_507.jpg,,top_only,Conforme
B,year + batch_num + cam_num + sample_num + label_filename,2025,1,4,508,1,0,1,2025_Conforme_1_Cam_T_4_508.jpg,,top_only,Conforme
B,year + batch_num + cam_num + sample_num + label_filename,2025,1,4,509,1,0,1,2025_Conforme_1_Cam_T_4_509.jpg,,top_only,Conforme
B,year + batch_num + cam_num + sample_num + label_filename,2025,1,4,510,1,0,1,2025_Conforme_1_Cam_T_4_510.jpg,,top_only,Conforme
B,year + batch_num + cam_num + sample_num + label_filename,2025,1,4,511,1,0,1,2025_Conforme_1_Cam_T_4_511.jpg,,top_only,Conforme
B,year + batch_num + cam_num + sample_num + label_filename,2025,1,4,512,1,0,1,2025_Conforme_1_Cam_T_4_512.jpg,,top_only,Conforme
B,year + batch_num + cam_num + sample_num + label_filename,2025,1,4,513,1,0,1,2025_Conforme_1_Cam_T_4_513.jpg,,top_only,Conforme
B,year + batch_num + cam_num + sample_num + label_filename,2025,1,4,514,1,0,1,2025_Conforme_1_Cam_T_4_514.jpg,,top_only,Conforme
B,year + batch_num + cam_num + sample_num + label_filename,2025,1,4,515,1,0,1,2025_Conforme_1_Cam_T_4_515.jpg,,top_only,Conforme
B,year + batch_num + cam_num + sample_num + label_filename,2025,1,4,516,1,0,1,2025_Conforme_1_Cam_T_4_516.jpg,,top_only,Conforme
B,year + batch_num + cam_num + sample_num + label_filename,2025,1,5,417,1,0,1,2025_Conforme_1_Cam_T_5_417.jpg,,top_only,Conforme
B,year + batch_num + cam_num + sample_num + label_filename,2025,1,5,418,1,0,1,2025_Conforme_1_Cam_T_5_418.jpg,,top_only,Conforme
B,year + batch_num + cam_num + sample_num + label_filename,2025,1,5,419,1,0,1,2025_Conforme_1_Cam_T_5_419.jpg,,top_only,Conforme
B,year + batch_num + cam_num + sample_num + label_filename,2025,1,5,420,1,0,1,2025_Conforme_1_Cam_T_5_420.jpg,,top_only,Conforme
B,year + batch_num + cam_num + sample_num + label_filename,2025,1,5,421,1,0,1,2025_Conforme_1_Cam_T_5_421.jpg,,top_only,Conforme
B,year + batch_num + cam_num + sample_num + label_filename,2025,1,5,422,1,0,1,2025_Conforme_1_Cam_T_5_422.jpg,,top_only,Conforme
B,year + batch_num + cam_num + sample_num + label_filename,2025,1,5,423,1,0,1,2025_Conforme_1_Cam_T_5_423.jpg,,top_only,Conforme
B,year + batch_num + cam_num + sample_num + label_filename,2025,1,5,424,1,0,1,2025_Conforme_1_Cam_T_5_424.jpg,,top_only,Conforme
B,year + batch_num + cam_num + sample_num + label_filename,2025,1,5,425,1,0,1,2025_Conforme_1_Cam_T_5_425.jpg,,top_only,Conforme
B,year + batch_num + cam_num + sample_num + label_filename,2025,1,5,426,1,0,1,2025_Conforme_1_Cam_T_5_426.jpg,,top_only,Conforme
B,year + batch_num + cam_num + sample_num + label_filename,2025,1,5,427,1,0,1,2025_Conforme_1_Cam_T_5_427.jpg,,top_only,Conforme
B,year + batch_num + cam_num + sample_num + label_filename,2025,1,5,428,1,0,1,2025_Conforme_1_Cam_T_5_428.jpg,,top_only,Conforme
B,year + batch_num + cam_num + sample_num + label_filename,2025,1,5,429,1,0,1,2025_Conforme_1_Cam_T_5_429.jpg,,top_only,Conforme
B,year + batch_num + cam_num + sample_num + label_filename,2025,1,5,430,1,0,1,2025_Conforme_1_Cam_T_5_430.jpg,,top_only,Conforme
B,year + batch_num + cam_num + sample_num + label_filename,2025,1,5,431,1,0,1,2025_Conforme_1_Cam_T_5_431.jpg,,top_only,Conforme
B,year + batch_num + cam_num + sample_num + label_filename,2025,1,5,432,1,0,1,2025_Conforme_1_Cam_T_5_432.jpg,,top_only,Conforme
B,year + batch_num + cam_num + sample_num + label_filename,2025,1,5,433,1,0,1,2025_Conforme_1_Cam_T_5_433.jpg,,top_only,Conforme
B,year + batch_num + cam_num + sample_num + label_filename,2025,1,5,434,1,0,1,2025_Conforme_1_Cam_T_5_434.jpg,,top_only,Conforme
B,year + batch_num + cam_num + sample_num + label_filename,2025,1,5,435,1,0,1,2025_Conforme_1_Cam_T_5_435.jpg,,top_only,Conforme
B,year + batch_num + cam_num + sample_num + label_filename,2025,1,5,436,1,0,1,2025_Conforme_1_Cam_T_5_436.jpg,,top_only,Conforme
B,year + batch_num + cam_num + sample_num + label_filename,2025,1,5,437,1,0,1,2025_Conforme_1_Cam_T_5_437.jpg,,top_only,Conforme
B,year + batch_num + cam_num + sample_num + label_filename,2025,1,5,438,1,0,1,2025_Conforme_1_Cam_T_5_438.jpg,,top_only,Conforme
B,year + batch_num + cam_num + sample_num + label_filename,2025,1,5,439,1,0,1,2025_Conforme_1_Cam_T_5_439.jpg,,top_only,Conforme
B,year + batch_num + cam_num + sample_num + label_filename,2025,1,5,440,1,0,1,2025_Conforme_1_Cam_T_5_440.jpg,,top_only,Conforme
B,year + batch_num + cam_num + sample_num + label_filename,2025,1,5,441,1,0,1,2025_Conforme_1_Cam_T_5_441.jpg,,top_only,Conforme
B,year + batch_num + cam_num + sample_num + label_filename,2025,1,5,442,1,0,1,2025_Conforme_1_Cam_T_5_442.jpg,,top_only,Conforme
B,year + batch_num + cam_num + sample_num + label_filename,2025,1,5,443,1,0,1,2025_Conforme_1_Cam_T_5_443.jpg,,top_only,Conforme
B,year + batch_num + cam_num + sample_num + label_filename,2025,1,5,444,1,0,1,2025_Conforme_1_Cam_T_5_444.jpg,,top_only,Conforme
B,year + batch_num + cam_num + sample_num + label_filename,2025,1,5,445,1,0,1,2025_Conforme_1_Cam_T_5_445.jpg,,top_only,Conforme
B,year + batch_num + cam_num + sample_num + label_filename,2025,1,5,446,1,0,1,2025_Conforme_1_Cam_T_5_446.jpg,,top_only,Conforme
B,year + batch_num + cam_num + sample_num + label_filename,2025,1,5,447,1,0,1,2025_Conforme_1_Cam_T_5_447.jpg,,top_only,Conforme
B,year + batch_num + cam_num + sample_num + label_filename,2025,1,5,448,1,0,1,2025_Conforme_1_Cam_T_5_448.jpg,,top_only,Conforme
B,year + batch_num + cam_num + sample_num + label_filename,2025,1,5,449,1,0,1,2025_Conforme_1_Cam_T_5_449.jpg,,top_only,Conforme
B,year + batch_num + cam_num + sample_num + label_filename,2025,1,5,450,1,0,1,2025_Conforme_1_Cam_T_5_450.jpg,,top_only,Conforme
B,year + batch_num + cam_num + sample_num + label_filename,2025,1,5,451,1,0,1,2025_Conforme_1_Cam_T_5_451.jpg,,top_only,Conforme
B,year + batch_num + cam_num + sample_num + label_filename,2025,1,5,452,1,0,1,2025_Conforme_1_Cam_T_5_452.jpg,,top_only,Conforme
B,year + batch_num + cam_num + sample_num + label_filename,2025,1,5,453,1,0,1,2025_Conforme_1_Cam_T_5_453.jpg,,top_only,Conforme
B,year + batch_num + cam_num + sample_num + label_filename,2025,1,5,454,1,0,1,2025_Conforme_1_Cam_T_5_454.jpg,,top_only,Conforme
B,year + batch_num + cam_num + sample_num + label_filename,2025,1,5,455,1,0,1,2025_Conforme_1_Cam_T_5_455.jpg,,top_only,Conforme
B,year + batch_num + cam_num + sample_num + label_filename,2025,1,5,456,1,0,1,2025_Conforme_1_Cam_T_5_456.jpg,,top_only,Conforme
B,year + batch_num + cam_num + sample_num + label_filename,2025,1,5,457,1,0,1,2025_Conforme_1_Cam_T_5_457.jpg,,top_only,Conforme
B,year + batch_num + cam_num + sample_num + label_filename,2025,1,5,458,1,0,1,2025_Conforme_1_Cam_T_5_458.jpg,,top_only,Conforme
B,year + batch_num + cam_num + sample_num + label_filename,2025,1,5,459,1,0,1,2025_Conforme_1_Cam_T_5_459.jpg,,top_only,Conforme
B,year + batch_num + cam_num + sample_num + label_filename,2025,1,5,460,1,0,1,2025_Conforme_1_Cam_T_5_460.jpg,,top_only,Conforme
B,year + batch_num + cam_num + sample_num + label_filename,2025,1,5,461,1,0,1,2025_Conforme_1_Cam_T_5_461.jpg,,top_only,Conforme
B,year + batch_num + cam_num + sample_num + label_filename,2025,1,5,462,1,0,1,2025_Conforme_1_Cam_T_5_462.jpg,,top_only,Conforme
B,year + batch_num + cam_num + sample_num + label_filename,2025,1,5,463,1,0,1,2025_Conforme_1_Cam_T_5_463.jpg,,top_only,Conforme
B,year + batch_num + cam_num + sample_num + label_filename,2025,1,5,464,1,0,1,2025_Conforme_1_Cam_T_5_464.jpg,,top_only,Conforme
B,year + batch_num + cam_num + sample_num + label_filename,2025,1,6,167,0,1,1,,2025_Conforme_1_Cam_B_6_167.jpg,bottom_only,Conforme
B,year + batch_num + cam_num + sample_num + label_filename,2025,1,6,171,0,1,1,,2025_Conforme_1_Cam_B_6_171.jpg,bottom_only,Conforme
B,year + batch_num + cam_num + sample_num + label_filename,2025,1,6,209,0,1,1,,2025_Conforme_1_Cam_B_6_209.jpg,bottom_only,Conforme
B,year + batch_num + cam_num + sample_num + label_filename,2025,1,6,246,0,1,1,,2025_Conforme_1_Cam_B_6_246.jpg,bottom_only,Conforme
B,year + batch_num + cam_num + sample_num + label_filename,2025,1,6,248,0,1,1,,2025_Conforme_1_Cam_B_6_248.jpg,bottom_only,Conforme
B,year + batch_num + cam_num + sample_num + label_filename,2025,1,6,259,0,1,1,,2025_Conforme_1_Cam_B_6_259.jpg,bottom_only,Conforme
B,year + batch_num + cam_num + sample_num + label_filename,2025,1,6,287,0,1,1,,2025_Conforme_1_Cam_B_6_287.jpg,bottom_only,Conforme
B,year + batch_num + cam_num + sample_num + label_filename,2025,1,6,302,0,1,1,,2025_Conforme_1_Cam_B_6_302.jpg,bottom_only,Conforme
B,year + batch_num + cam_num + sample_num + label_filename,2025,1,6,317,0,1,1,,2025_Conforme_1_Cam_B_6_317.jpg,bottom_only,Conforme
B,year + batch_num + cam_num + sample_num + label_filename,2025,1,6,327,0,1,1,,2025_Conforme_1_Cam_B_6_327.jpg,bottom_only,Conforme
B,year + batch_num + cam_num + sample_num + label_filename,2025,1,6,335,0,1,1,,2025_Conforme_1_Cam_B_6_335.jpg,bottom_only,Conforme
B,year + batch_num + cam_num + sample_num + label_filename,2025,1,6,400,0,1,1,,2025_Conforme_1_Cam_B_6_400.jpg,bottom_only,Conforme
B,year + batch_num + cam_num + sample_num + label_filename,2025,1,6,407,1,0,1,2025_Conforme_1_Cam_T_6_407.jpg,,top_only,Conforme
B,year + batch_num + cam_num + sample_num + label_filename,2025,1,6,408,1,0,1,2025_Conforme_1_Cam_T_6_408.jpg,,top_only,Conforme
B,year + batch_num + cam_num + sample_num + label_filename,2025,1,6,409,1,0,1,2025_Conforme_1_Cam_T_6_409.jpg,,top_only,Conforme
B,year + batch_num + cam_num + sample_num + label_filename,2025,1,6,410,1,0,1,2025_Conforme_1_Cam_T_6_410.jpg,,top_only,Conforme
B,year + batch_num + cam_num + sample_num + label_filename,2025,1,6,411,1,0,1,2025_Conforme_1_Cam_T_6_411.jpg,,top_only,Conforme
B,year + batch_num + cam_num + sample_num + label_filename,2025,1,6,412,1,0,1,2025_Conforme_1_Cam_T_6_412.jpg,,top_only,Conforme
B,year + batch_num + cam_num + sample_num + label_filename,2025,1,6,413,1,0,1,2025_Conforme_1_Cam_T_6_413.jpg,,top_only,Conforme
B,year + batch_num + cam_num + sample_num + label_filename,2025,1,6,414,1,0,1,2025_Conforme_1_Cam_T_6_414.jpg,,top_only,Conforme
B,year + batch_num + cam_num + sample_num + label_filename,2025,1,6,415,1,0,1,2025_Conforme_1_Cam_T_6_415.jpg,,top_only,Conforme
B,year + batch_num + cam_num + sample_num + label_filename,2025,1,6,416,1,0,1,2025_Conforme_1_Cam_T_6_416.jpg,,top_only,Conforme
B,year + batch_num + cam_num + sample_num + label_filename,2025,1,6,417,1,0,1,2025_Conforme_1_Cam_T_6_417.jpg,,top_only,Conforme
B,year + batch_num + cam_num + sample_num + label_filename,2025,1,6,418,1,0,1,2025_Conforme_1_Cam_T_6_418.jpg,,top_only,Conforme
B,year + batch_num + cam_num + sample_num + label_filename,2025,1,6,420,1,0,1,2025_Conforme_1_Cam_T_6_420.jpg,,top_only,Conforme
B,year + batch_num + cam_num + sample_num + label_filename,2025,1,6,421,1,0,1,2025_Conforme_1_Cam_T_6_421.jpg,,top_only,Conforme
B,year + batch_num + cam_num + sample_num + label_filename,2025,1,6,422,1,0,1,2025_Conforme_1_Cam_T_6_422.jpg,,top_only,Conforme
B,year + batch_num + cam_num + sample_num + label_filename,2025,1,6,423,1,0,1,2025_Conforme_1_Cam_T_6_423.jpg,,top_only,Conforme
B,year + batch_num + cam_num + sample_num + label_filename,2025,1,6,424,1,0,1,2025_Conforme_1_Cam_T_6_424.jpg,,top_only,Conforme
B,year + batch_num + cam_num + sample_num + label_filename,2025,1,6,425,1,0,1,2025_Conforme_1_Cam_T_6_425.jpg,,top_only,Conforme
B,year + batch_num + cam_num + sample_num + label_filename,2025,1,6,426,1,0,1,2025_Conforme_1_Cam_T_6_426.jpg,,top_only,Conforme
B,year + batch_num + cam_num + sample_num + label_filename,2025,1,6,427,1,0,1,2025_Conforme_1_Cam_T_6_427.jpg,,top_only,Conforme
B,year + batch_num + cam_num + sample_num + label_filename,2025,1,6,428,1,0,1,2025_Conforme_1_Cam_T_6_428.jpg,,top_only,Conforme
B,year + batch_num + cam_num + sample_num + label_filename,2025,1,6,429,1,0,1,2025_Conforme_1_Cam_T_6_429.jpg,,top_only,Conforme
B,year + batch_num + cam_num + sample_num + label_filename,2025,1,6,430,1,0,1,2025_Conforme_1_Cam_T_6_430.jpg,,top_only,Conforme
B,year + batch_num + cam_num + sample_num + label_filename,2025,1,6,431,1,0,1,2025_Conforme_1_Cam_T_6_431.jpg,,top_only,Conforme
B,year + batch_num + cam_num + sample_num + label_filename,2025,1,6,432,1,0,1,2025_Conforme_1_Cam_T_6_432.jpg,,top_only,Conforme
B,year + batch_num + cam_num + sample_num + label_filename,2025,1,6,433,1,0,1,2025_Conforme_1_Cam_T_6_433.jpg,,top_only,Conforme
B,year + batch_num + cam_num + sample_num + label_filename,2025,1,6,435,1,0,1,2025_Conforme_1_Cam_T_6_435.jpg,,top_only,Conforme
B,year + batch_num + cam_num + sample_num + label_filename,2025,1,6,436,1,0,1,2025_Conforme_1_Cam_T_6_436.jpg,,top_only,Conforme
B,year + batch_num + cam_num + sample_num + label_filename,2025,1,6,437,1,0,1,2025_Conforme_1_Cam_T_6_437.jpg,,top_only,Conforme
B,year + batch_num + cam_num + sample_num + label_filename,2025,1,6,438,1,0,1,2025_Conforme_1_Cam_T_6_438.jpg,,top_only,Conforme
B,year + batch_num + cam_num + sample_num + label_filename,2025,1,6,439,1,0,1,2025_Conforme_1_Cam_T_6_439.jpg,,top_only,Conforme
B,year + batch_num + cam_num + sample_num + label_filename,2025,1,6,440,1,0,1,2025_Conforme_1_Cam_T_6_440.jpg,,top_only,Conforme
B,year + batch_num + cam_num + sample_num + label_filename,2025,1,6,441,1,0,1,2025_Conforme_1_Cam_T_6_441.jpg,,top_only,Conforme
B,year + batch_num + cam_num + sample_num + label_filename,2025,1,6,442,1,0,1,2025_Conforme_1_Cam_T_6_442.jpg,,top_only,Conforme
B,year + batch_num + cam_num + sample_num + label_filename,2025,1,6,443,1,0,1,2025_Conforme_1_Cam_T_6_443.jpg,,top_only,Conforme
B,year + batch_num + cam_num + sample_num + label_filename,2025,1,6,446,1,0,1,2025_Conforme_1_Cam_T_6_446.jpg,,top_only,Conforme
B,year + batch_num + cam_num + sample_num + label_filename,2025,1,6,447,1,0,1,2025_Conforme_1_Cam_T_6_447.jpg,,top_only,Conforme
B,year + batch_num + cam_num + sample_num + label_filename,2025,1,6,449,1,0,1,2025_Conforme_1_Cam_T_6_449.jpg,,top_only,Conforme
B,year + batch_num + cam_num + sample_num + label_filename,2025,1,6,450,1,0,1,2025_Conforme_1_Cam_T_6_450.jpg,,top_only,Conforme
B,year + batch_num + cam_num + sample_num + label_filename,2025,1,6,451,1,0,1,2025_Conforme_1_Cam_T_6_451.jpg,,top_only,Conforme
B,year + batch_num + cam_num + sample_num + label_filename,2025,1,6,452,1,0,1,2025_Conforme_1_Cam_T_6_452.jpg,,top_only,Conforme
B,year + batch_num + cam_num + sample_num + label_filename,2025,1,6,453,1,0,1,2025_Conforme_1_Cam_T_6_453.jpg,,top_only,Conforme
B,year + batch_num + cam_num + sample_num + label_filename,2025,1,6,454,1,0,1,2025_Conforme_1_Cam_T_6_454.jpg,,top_only,Conforme
B,year + batch_num + cam_num + sample_num + label_filename,2025,1,6,455,1,0,1,2025_Conforme_1_Cam_T_6_455.jpg,,top_only,Conforme
B,year + batch_num + cam_num + sample_num + label_filename,2025,1,6,456,1,0,1,2025_Conforme_1_Cam_T_6_456.jpg,,top_only,Conforme
B,year + batch_num + cam_num + sample_num + label_filename,2025,1,6,457,1,0,1,2025_Conforme_1_Cam_T_6_457.jpg,,top_only,Conforme
B,year + batch_num + cam_num + sample_num + label_filename,2025,1,6,458,1,0,1,2025_Conforme_1_Cam_T_6_458.jpg,,top_only,Conforme
B,year + batch_num + cam_num + sample_num + label_filename,2025,1,6,459,1,0,1,2025_Conforme_1_Cam_T_6_459.jpg,,top_only,Conforme
B,year + batch_num + cam_num + sample_num + label_filename,2025,1,6,460,1,0,1,2025_Conforme_1_Cam_T_6_460.jpg,,top_only,Conforme
B,year + batch_num + cam_num + sample_num + label_filename,2025,1,6,461,1,0,1,2025_Conforme_1_Cam_T_6_461.jpg,,top_only,Conforme
B,year + batch_num + cam_num + sample_num + label_filename,2025,1,6,462,1,0,1,2025_Conforme_1_Cam_T_6_462.jpg,,top_only,Conforme
B,year + batch_num + cam_num + sample_num + label_filename,2025,1,6,463,1,0,1,2025_Conforme_1_Cam_T_6_463.jpg,,top_only,Conforme
B,year + batch_num + cam_num + sample_num + label_filename,2025,1,6,464,1,0,1,2025_Conforme_1_Cam_T_6_464.jpg,,top_only,Conforme
B,year + batch_num + cam_num + sample_num + label_filename,2025,1,6,465,1,0,1,2025_Conforme_1_Cam_T_6_465.jpg,,top_only,Conforme
B,year + batch_num + cam_num + sample_num + label_filename,2025,1,6,466,1,0,1,2025_Conforme_1_Cam_T_6_466.jpg,,top_only,Conforme
B,year + batch_num + cam_num + sample_num + label_filename,2025,1,6,467,1,0,1,2025_Conforme_1_Cam_T_6_467.jpg,,top_only,Conforme
B,year + batch_num + cam_num + sample_num + label_filename,2025,1,6,468,1,0,1,2025_Conforme_1_Cam_T_6_468.jpg,,top_only,Conforme
B,year + batch_num + cam_num + sample_num + label_filename,2025,1,6,469,1,0,1,2025_Conforme_1_Cam_T_6_469.jpg,,top_only,Conforme
B,year + batch_num + cam_num + sample_num + label_filename,2025,1,6,470,1,0,1,2025_Conforme_1_Cam_T_6_470.jpg,,top_only,Conforme
B,year + batch_num + cam_num + sample_num + label_filename,2025,1,6,471,1,0,1,2025_Conforme_1_Cam_T_6_471.jpg,,top_only,Conforme
B,year + batch_num + cam_num + sample_num + label_filename,2025,1,6,472,1,0,1,2025_Conforme_1_Cam_T_6_472.jpg,,top_only,Conforme
B,year + batch_num + cam_num + sample_num + label_filename,2025,1,6,473,1,0,1,2025_Conforme_1_Cam_T_6_473.jpg,,top_only,Conforme
B,year + batch_num + cam_num + sample_num + label_filename,2025,1,6,474,1,0,1,2025_Conforme_1_Cam_T_6_474.jpg,,top_only,Conforme
B,year + batch_num + cam_num + sample_num + label_filename,2025,1,6,475,1,0,1,2025_Conforme_1_Cam_T_6_475.jpg,,top_only,Conforme
B,year + batch_num + cam_num + sample_num + label_filename,2025,1,6,476,1,0,1,2025_Conforme_1_Cam_T_6_476.jpg,,top_only,Conforme
B,year + batch_num + cam_num + sample_num + label_filename,2025,1,6,477,1,0,1,2025_Conforme_1_Cam_T_6_477.jpg,,top_only,Conforme
B,year + batch_num + cam_num + sample_num + label_filename,2025,1,6,478,1,0,1,2025_Conforme_1_Cam_T_6_478.jpg,,top_only,Conforme
B,year + batch_num + cam_num + sample_num + label_filename,2025,1,6,480,1,0,1,2025_Conforme_1_Cam_T_6_480.jpg,,top_only,Conforme
B,year + batch_num + cam_num + sample_num + label_filename,2025,1,6,481,1,0,1,2025_Conforme_1_Cam_T_6_481.jpg,,top_only,Conforme
B,year + batch_num + cam_num + sample_num + label_filename,2025,1,6,482,1,0,1,2025_Conforme_1_Cam_T_6_482.jpg,,top_only,Conforme
B,year + batch_num + cam_num + sample_num + label_filename,2025,1,6,483,1,0,1,2025_Conforme_1_Cam_T_6_483.jpg,,top_only,Conforme
B,year + batch_num + cam_num + sample_num + label_filename,2025,1,6,484,1,0,1,2025_Conforme_1_Cam_T_6_484.jpg,,top_only,Conforme
B,year + batch_num + cam_num + sample_num + label_filename,2025,1,6,485,1,0,1,2025_Conforme_1_Cam_T_6_485.jpg,,top_only,Conforme
B,year + batch_num + cam_num + sample_num + label_filename,2025,1,6,487,1,0,1,2025_Conforme_1_Cam_T_6_487.jpg,,top_only,Conforme
B,year + batch_num + cam_num + sample_num + label_filename,2025,1,6,489,1,0,1,2025_Conforme_1_Cam_T_6_489.jpg,,top_only,Conforme
B,year + batch_num + cam_num + sample_num + label_filename,2025,1,6,490,1,0,1,2025_Conforme_1_Cam_T_6_490.jpg,,top_only,Conforme
B,year + batch_num + cam_num + sample_num + label_filename,2025,1,6,491,1,0,1,2025_Conforme_1_Cam_T_6_491.jpg,,top_only,Conforme
B,year + batch_num + cam_num + sample_num + label_filename,2025,1,6,492,1,0,1,2025_Conforme_1_Cam_T_6_492.jpg,,top_only,Conforme
B,year + batch_num + cam_num + sample_num + label_filename,2025,1,6,493,1,0,1,2025_Conforme_1_Cam_T_6_493.jpg,,top_only,Conforme
B,year + batch_num + cam_num + sample_num + label_filename,2025,1,6,494,1,0,1,2025_Conforme_1_Cam_T_6_494.jpg,,top_only,Conforme
B,year + batch_num + cam_num + sample_num + label_filename,2025,1,6,495,1,0,1,2025_Conforme_1_Cam_T_6_495.jpg,,top_only,Conforme
B,year + batch_num + cam_num + sample_num + label_filename,2025,1,6,496,1,0,1,2025_Conforme_1_Cam_T_6_496.jpg,,top_only,Conforme
B,year + batch_num + cam_num + sample_num + label_filename,2025,1,6,497,1,0,1,2025_Conforme_1_Cam_T_6_497.jpg,,top_only,Conforme
B,year + batch_num + cam_num + sample_num + label_filename,2025,1,6,498,1,0,1,2025_Conforme_1_Cam_T_6_498.jpg,,top_only,Conforme
B,year + batch_num + cam_num + sample_num + label_filename,2025,1,6,499,1,0,1,2025_Conforme_1_Cam_T_6_499.jpg,,top_only,Conforme
B,year + batch_num + cam_num + sample_num + label_filename,2025,1,6,500,1,0,1,2025_Conforme_1_Cam_T_6_500.jpg,,top_only,Conforme
B,year + batch_num + cam_num + sample_num + label_filename,2025,1,6,501,1,0,1,2025_Conforme_1_Cam_T_6_501.jpg,,top_only,Conforme
B,year + batch_num + cam_num + sample_num + label_filename,2025,1,6,502,1,0,1,2025_Conforme_1_Cam_T_6_502.jpg,,top_only,Conforme
B,year + batch_num + cam_num + sample_num + label_filename,2025,1,6,503,1,0,1,2025_Conforme_1_Cam_T_6_503.jpg,,top_only,Conforme
B,year + batch_num + cam_num + sample_num + label_filename,2025,1,6,504,1,0,1,2025_Conforme_1_Cam_T_6_504.jpg,,top_only,Conforme
B,year + batch_num + cam_num + sample_num + label_filename,2025,1,6,506,1,0,1,2025_Conforme_1_Cam_T_6_506.jpg,,top_only,Conforme
B,year + batch_num + cam_num + sample_num + label_filename,2025,1,6,507,1,0,1,2025_Conforme_1_Cam_T_6_507.jpg,,top_only,Conforme
B,year + batch_num + cam_num + sample_num + label_filename,2025,1,6,508,1,0,1,2025_Conforme_1_Cam_T_6_508.jpg,,top_only,Conforme
B,year + batch_num + cam_num + sample_num + label_filename,2025,1,6,509,1,0,1,2025_Conforme_1_Cam_T_6_509.jpg,,top_only,Conforme
B,year + batch_num + cam_num + sample_num + label_filename,2025,1,6,510,1,0,1,2025_Conforme_1_Cam_T_6_510.jpg,,top_only,Conforme
B,year + batch_num + cam_num + sample_num + label_filename,2025,1,6,511,1,0,1,2025_Conforme_1_Cam_T_6_511.jpg,,top_only,Conforme
B,year + batch_num + cam_num + sample_num + label_filename,2025,1,6,512,1,0,1,2025_Conforme_1_Cam_T_6_512.jpg,,top_only,Conforme
B,year + batch_num + cam_num + sample_num + label_filename,2025,1,6,513,1,0,1,2025_Conforme_1_Cam_T_6_513.jpg,,top_only,Conforme
B,year + batch_num + cam_num + sample_num + label_filename,2025,1,6,514,1,0,1,2025_Conforme_1_Cam_T_6_514.jpg,,top_only,Conforme
B,year + batch_num + cam_num + sample_num + label_filename,2025,1,6,515,1,0,1,2025_Conforme_1_Cam_T_6_515.jpg,,top_only,Conforme
B,year + batch_num + cam_num + sample_num + label_filename,2025,1,6,517,1,0,1,2025_Conforme_1_Cam_T_6_517.jpg,,top_only,Conforme
B,year + batch_num + cam_num + sample_num + label_filename,2025,1,6,518,1,0,1,2025_Conforme_1_Cam_T_6_518.jpg,,top_only,Conforme
B,year + batch_num + cam_num + sample_num + label_filename,2025,1,6,519,1,0,1,2025_Conforme_1_Cam_T_6_519.jpg,,top_only,Conforme
B,year + batch_num + cam_num + sample_num + label_filename,2025,2,1,0,0,1,1,,2025_Conforme_2_Cam_B_1_0.jpg,bottom_only,Conforme
B,year + batch_num + cam_num + sample_num + label_filename,2025,2,1,8,1,0,1,2025_Conforme_2_Cam_T_1_8.jpg,,top_only,Conforme
B,year + batch_num + cam_num + sample_num + label_filename,2025,2,1,81,1,0,1,2025_Conforme_2_Cam_T_1_81.jpg,,top_only,Conforme
B,year + batch_num + cam_num + sample_num + label_filename,2025,2,1,129,1,0,1,2025_Conforme_2_Cam_T_1_129.jpg,,top_only,Conforme
B,year + batch_num + cam_num + sample_num + label_filename,2025,2,1,143,1,0,1,2025_Conforme_2_Cam_T_1_143.jpg,,top_only,Conforme
B,year + batch_num + cam_num + sample_num + label_filename,2025,2,1,268,0,1,1,,2025_Conforme_2_Cam_B_1_268.jpg,bottom_only,Conforme
B,year + batch_num + cam_num + sample_num + label_filename,2025,2,1,269,0,1,1,,2025_Conforme_2_Cam_B_1_269.jpg,bottom_only,Conforme
B,year + batch_num + cam_num + sample_num + label_filename,2025,2,1,270,0,1,1,,2025_Conforme_2_Cam_B_1_270.jpg,bottom_only,Conforme
B,year + batch_num + cam_num + sample_num + label_filename,2025,2,1,271,0,1,1,,2025_Conforme_2_Cam_B_1_271.jpg,bottom_only,Conforme
B,year + batch_num + cam_num + sample_num + label_filename,2025,2,1,272,0,1,1,,2025_Conforme_2_Cam_B_1_272.jpg,bottom_only,Conforme
B,year + batch_num + cam_num + sample_num + label_filename,2025,2,1,273,0,1,1,,2025_Conforme_2_Cam_B_1_273.jpg,bottom_only,Conforme
B,year + batch_num + cam_num + sample_num + label_filename,2025,2,1,274,0,1,1,,2025_Conforme_2_Cam_B_1_274.jpg,bottom_only,Conforme
B,year + batch_num + cam_num + sample_num + label_filename,2025,2,1,275,0,1,1,,2025_Conforme_2_Cam_B_1_275.jpg,bottom_only,Conforme
B,year + batch_num + cam_num + sample_num + label_filename,2025,2,1,276,0,1,1,,2025_Conforme_2_Cam_B_1_276.jpg,bottom_only,Conforme
B,year + batch_num + cam_num + sample_num + label_filename,2025,2,1,277,0,1,1,,2025_Conforme_2_Cam_B_1_277.jpg,bottom_only,Conforme
B,year + batch_num + cam_num + sample_num + label_filename,2025,2,1,278,0,1,1,,2025_Conforme_2_Cam_B_1_278.jpg,bottom_only,Conforme
B,year + batch_num + cam_num + sample_num + label_filename,2025,2,1,279,0,1,1,,2025_Conforme_2_Cam_B_1_279.jpg,bottom_only,Conforme
B,year + batch_num + cam_num + sample_num + label_filename,2025,2,1,280,0,1,1,,2025_Conforme_2_Cam_B_1_280.jpg,bottom_only,Conforme
B,year + batch_num + cam_num + sample_num + label_filename,2025,2,1,281,0,1,1,,2025_Conforme_2_Cam_B_1_281.jpg,bottom_only,Conforme
B,year + batch_num + cam_num + sample_num + label_filename,2025,2,1,282,0,1,1,,2025_Conforme_2_Cam_B_1_282.jpg,bottom_only,Conforme
B,year + batch_num + cam_num + sample_num + label_filename,2025,2,1,283,0,1,1,,2025_Conforme_2_Cam_B_1_283.jpg,bottom_only,Conforme
B,year + batch_num + cam_num + sample_num + label_filename,2025,2,1,284,0,1,1,,2025_Conforme_2_Cam_B_1_284.jpg,bottom_only,Conforme
B,year + batch_num + cam_num + sample_num + label_filename,2025,2,1,285,0,1,1,,2025_Conforme_2_Cam_B_1_285.jpg,bottom_only,Conforme
B,year + batch_num + cam_num + sample_num + label_filename,2025,2,1,286,0,1,1,,2025_Conforme_2_Cam_B_1_286.jpg,bottom_only,Conforme
B,year + batch_num + cam_num + sample_num + label_filename,2025,2,1,287,0,1,1,,2025_Conforme_2_Cam_B_1_287.jpg,bottom_only,Conforme
B,year + batch_num + cam_num + sample_num + label_filename,2025,2,1,288,0,1,1,,2025_Conforme_2_Cam_B_1_288.jpg,bottom_only,Conforme
B,year + batch_num + cam_num + sample_num + label_filename,2025,2,1,289,0,1,1,,2025_Conforme_2_Cam_B_1_289.jpg,bottom_only,Conforme
B,year + batch_num + cam_num + sample_num + label_filename,2025,2,1,290,0,1,1,,2025_Conforme_2_Cam_B_1_290.jpg,bottom_only,Conforme
B,year + batch_num + cam_num + sample_num + label_filename,2025,2,1,291,0,1,1,,2025_Conforme_2_Cam_B_1_291.jpg,bottom_only,Conforme
B,year + batch_num + cam_num + sample_num + label_filename,2025,2,1,292,0,1,1,,2025_Conforme_2_Cam_B_1_292.jpg,bottom_only,Conforme
B,year + batch_num + cam_num + sample_num + label_filename,2025,2,1,293,0,1,1,,2025_Conforme_2_Cam_B_1_293.jpg,bottom_only,Conforme
B,year + batch_num + cam_num + sample_num + label_filename,2025,2,1,294,0,1,1,,2025_Conforme_2_Cam_B_1_294.jpg,bottom_only,Conforme
B,year + batch_num + cam_num + sample_num + label_filename,2025,2,1,295,0,1,1,,2025_Conforme_2_Cam_B_1_295.jpg,bottom_only,Conforme
B,year + batch_num + cam_num + sample_num + label_filename,2025,2,1,296,0,1,1,,2025_Conforme_2_Cam_B_1_296.jpg,bottom_only,Conforme
B,year + batch_num + cam_num + sample_num + label_filename,2025,2,1,297,0,1,1,,2025_Conforme_2_Cam_B_1_297.jpg,bottom_only,Conforme
B,year + batch_num + cam_num + sample_num + label_filename,2025,2,1,298,0,1,1,,2025_Conforme_2_Cam_B_1_298.jpg,bottom_only,Conforme
B,year + batch_num + cam_num + sample_num + label_filename,2025,2,1,299,0,1,1,,2025_Conforme_2_Cam_B_1_299.jpg,bottom_only,Conforme
B,year + batch_num + cam_num + sample_num + label_filename,2025,2,1,300,0,1,1,,2025_Conforme_2_Cam_B_1_300.jpg,bottom_only,Conforme
B,year + batch_num + cam_num + sample_num + label_filename,2025,2,1,301,0,1,1,,2025_Conforme_2_Cam_B_1_301.jpg,bottom_only,Conforme
B,year + batch_num + cam_num + sample_num + label_filename,2025,2,1,302,0,1,1,,2025_Conforme_2_Cam_B_1_302.jpg,bottom_only,Conforme
B,year + batch_num + cam_num + sample_num + label_filename,2025,2,1,303,0,1,1,,2025_Conforme_2_Cam_B_1_303.jpg,bottom_only,Conforme
B,year + batch_num + cam_num + sample_num + label_filename,2025,2,1,304,0,1,1,,2025_Conforme_2_Cam_B_1_304.jpg,bottom_only,Conforme
B,year + batch_num + cam_num + sample_num + label_filename,2025,2,1,305,0,1,1,,2025_Conforme_2_Cam_B_1_305.jpg,bottom_only,Conforme
B,year + batch_num + cam_num + sample_num + label_filename,2025,2,1,306,0,1,1,,2025_Conforme_2_Cam_B_1_306.jpg,bottom_only,Conforme
B,year + batch_num + cam_num + sample_num + label_filename,2025,2,1,307,0,1,1,,2025_Conforme_2_Cam_B_1_307.jpg,bottom_only,Conforme
B,year + batch_num + cam_num + sample_num + label_filename,2025,2,1,308,0,1,1,,2025_Conforme_2_Cam_B_1_308.jpg,bottom_only,Conforme
B,year + batch_num + cam_num + sample_num + label_filename,2025,2,1,309,0,1,1,,2025_Conforme_2_Cam_B_1_309.jpg,bottom_only,Conforme
B,year + batch_num + cam_num + sample_num + label_filename,2025,2,1,310,0,1,1,,2025_Conforme_2_Cam_B_1_310.jpg,bottom_only,Conforme
B,year + batch_num + cam_num + sample_num + label_filename,2025,2,1,311,0,1,1,,2025_Conforme_2_Cam_B_1_311.jpg,bottom_only,Conforme
B,year + batch_num + cam_num + sample_num + label_filename,2025,2,1,312,0,1,1,,2025_Conforme_2_Cam_B_1_312.jpg,bottom_only,Conforme
B,year + batch_num + cam_num + sample_num + label_filename,2025,2,1,313,0,1,1,,2025_Conforme_2_Cam_B_1_313.jpg,bottom_only,Conforme
B,year + batch_num + cam_num + sample_num + label_filename,2025,2,1,314,0,1,1,,2025_Conforme_2_Cam_B_1_314.jpg,bottom_only,Conforme
B,year + batch_num + cam_num + sample_num + label_filename,2025,2,1,315,0,1,1,,2025_Conforme_2_Cam_B_1_315.jpg,bottom_only,Conforme
B,year + batch_num + cam_num + sample_num + label_filename,2025,2,1,316,0,1,1,,2025_Conforme_2_Cam_B_1_316.jpg,bottom_only,Conforme
B,year + batch_num + cam_num + sample_num + label_filename,2025,2,1,317,0,1,1,,2025_Conforme_2_Cam_B_1_317.jpg,bottom_only,Conforme
B,year + batch_num + cam_num + sample_num + label_filename,2025,2,1,318,0,1,1,,2025_Conforme_2_Cam_B_1_318.jpg,bottom_only,Conforme
B,year + batch_num + cam_num + sample_num + label_filename,2025,2,1,319,0,1,1,,2025_Conforme_2_Cam_B_1_319.jpg,bottom_only,Conforme
B,year + batch_num + cam_num + sample_num + label_filename,2025,2,1,320,0,1,1,,2025_Conforme_2_Cam_B_1_320.jpg,bottom_only,Conforme
B,year + batch_num + cam_num + sample_num + label_filename,2025,2,1,321,0,1,1,,2025_Conforme_2_Cam_B_1_321.jpg,bottom_only,Conforme
B,year + batch_num + cam_num + sample_num + label_filename,2025,2,1,322,0,1,1,,2025_Conforme_2_Cam_B_1_322.jpg,bottom_only,Conforme
B,year + batch_num + cam_num + sample_num + label_filename,2025,2,1,323,0,1,1,,2025_Conforme_2_Cam_B_1_323.jpg,bottom_only,Conforme
B,year + batch_num + cam_num + sample_num + label_filename,2025,2,1,324,0,1,1,,2025_Conforme_2_Cam_B_1_324.jpg,bottom_only,Conforme
B,year + batch_num + cam_num + sample_num + label_filename,2025,2,1,325,0,1,1,,2025_Conforme_2_Cam_B_1_325.jpg,bottom_only,Conforme
B,year + batch_num + cam_num + sample_num + label_filename,2025,2,1,326,0,1,1,,2025_Conforme_2_Cam_B_1_326.jpg,bottom_only,Conforme
B,year + batch_num + cam_num + sample_num + label_filename,2025,2,1,327,0,1,1,,2025_Conforme_2_Cam_B_1_327.jpg,bottom_only,Conforme
B,year + batch_num + cam_num + sample_num + label_filename,2025,2,1,328,0,1,1,,2025_Conforme_2_Cam_B_1_328.jpg,bottom_only,Conforme
B,year + batch_num + cam_num + sample_num + label_filename,2025,2,1,329,0,1,1,,2025_Conforme_2_Cam_B_1_329.jpg,bottom_only,Conforme
B,year + batch_num + cam_num + sample_num + label_filename,2025,2,1,330,0,1,1,,2025_Conforme_2_Cam_B_1_330.jpg,bottom_only,Conforme
B,year + batch_num + cam_num + sample_num + label_filename,2025,2,1,331,0,1,1,,2025_Conforme_2_Cam_B_1_331.jpg,bottom_only,Conforme
B,year + batch_num + cam_num + sample_num + label_filename,2025,2,1,332,0,1,1,,2025_Conforme_2_Cam_B_1_332.jpg,bottom_only,Conforme
B,year + batch_num + cam_num + sample_num + label_filename,2025,2,1,333,0,1,1,,2025_Conforme_2_Cam_B_1_333.jpg,bottom_only,Conforme
B,year + batch_num + cam_num + sample_num + label_filename,2025,2,1,334,0,1,1,,2025_Conforme_2_Cam_B_1_334.jpg,bottom_only,Conforme
B,year + batch_num + cam_num + sample_num + label_filename,2025,2,1,335,0,1,1,,2025_Conforme_2_Cam_B_1_335.jpg,bottom_only,Conforme
B,year + batch_num + cam_num + sample_num + label_filename,2025,2,1,336,0,1,1,,2025_Conforme_2_Cam_B_1_336.jpg,bottom_only,Conforme
B,year + batch_num + cam_num + sample_num + label_filename,2025,2,1,337,0,1,1,,2025_Conforme_2_Cam_B_1_337.jpg,bottom_only,Conforme
B,year + batch_num + cam_num + sample_num + label_filename,2025,2,1,338,0,1,1,,2025_Conforme_2_Cam_B_1_338.jpg,bottom_only,Conforme
B,year + batch_num + cam_num + sample_num + label_filename,2025,2,1,339,0,1,1,,2025_Conforme_2_Cam_B_1_339.jpg,bottom_only,Conforme
B,year + batch_num + cam_num + sample_num + label_filename,2025,2,1,340,0,1,1,,2025_Conforme_2_Cam_B_1_340.jpg,bottom_only,Conforme
B,year + batch_num + cam_num + sample_num + label_filename,2025,2,1,341,0,1,1,,2025_Conforme_2_Cam_B_1_341.jpg,bottom_only,Conforme
B,year + batch_num + cam_num + sample_num + label_filename,2025,2,1,342,0,1,1,,2025_Conforme_2_Cam_B_1_342.jpg,bottom_only,Conforme
B,year + batch_num + cam_num + sample_num + label_filename,2025,2,1,343,0,1,1,,2025_Conforme_2_Cam_B_1_343.jpg,bottom_only,Conforme
B,year + batch_num + cam_num + sample_num + label_filename,2025,2,1,344,0,1,1,,2025_Conforme_2_Cam_B_1_344.jpg,bottom_only,Conforme
B,year + batch_num + cam_num + sample_num + label_filename,2025,2,1,345,0,1,1,,2025_Conforme_2_Cam_B_1_345.jpg,bottom_only,Conforme
B,year + batch_num + cam_num + sample_num + label_filename,2025,2,1,346,0,1,1,,2025_Conforme_2_Cam_B_1_346.jpg,bottom_only,Conforme
B,year + batch_num + cam_num + sample_num + label_filename,2025,2,1,347,0,1,1,,2025_Conforme_2_Cam_B_1_347.jpg,bottom_only,Conforme
B,year + batch_num + cam_num + sample_num + label_filename,2025,2,1,348,0,1,1,,2025_Conforme_2_Cam_B_1_348.jpg,bottom_only,Conforme
B,year + batch_num + cam_num + sample_num + label_filename,2025,2,1,349,0,1,1,,2025_Conforme_2_Cam_B_1_349.jpg,bottom_only,Conforme
B,year + batch_num + cam_num + sample_num + label_filename,2025,2,1,350,0,1,1,,2025_Conforme_2_Cam_B_1_350.jpg,bottom_only,Conforme
B,year + batch_num + cam_num + sample_num + label_filename,2025,2,1,351,0,1,1,,2025_Conforme_2_Cam_B_1_351.jpg,bottom_only,Conforme
B,year + batch_num + cam_num + sample_num + label_filename,2025,2,1,352,0,1,1,,2025_Conforme_2_Cam_B_1_352.jpg,bottom_only,Conforme
B,year + batch_num + cam_num + sample_num + label_filename,2025,2,1,353,0,1,1,,2025_Conforme_2_Cam_B_1_353.jpg,bottom_only,Conforme
B,year + batch_num + cam_num + sample_num + label_filename,2025,2,1,354,0,1,1,,2025_Conforme_2_Cam_B_1_354.jpg,bottom_only,Conforme
B,year + batch_num + cam_num + sample_num + label_filename,2025,2,1,355,0,1,1,,2025_Conforme_2_Cam_B_1_355.jpg,bottom_only,Conforme
B,year + batch_num + cam_num + sample_num + label_filename,2025,2,1,356,0,1,1,,2025_Conforme_2_Cam_B_1_356.jpg,bottom_only,Conforme
B,year + batch_num + cam_num + sample_num + label_filename,2025,2,1,357,0,1,1,,2025_Conforme_2_Cam_B_1_357.jpg,bottom_only,Conforme
B,year + batch_num + cam_num + sample_num + label_filename,2025,2,1,358,0,1,1,,2025_Conforme_2_Cam_B_1_358.jpg,bottom_only,Conforme
B,year + batch_num + cam_num + sample_num + label_filename,2025,2,1,359,0,1,1,,2025_Conforme_2_Cam_B_1_359.jpg,bottom_only,Conforme
B,year + batch_num + cam_num + sample_num + label_filename,2025,2,1,360,0,1,1,,2025_Conforme_2_Cam_B_1_360.jpg,bottom_only,Conforme
B,year + batch_num + cam_num + sample_num + label_filename,2025,2,1,361,0,1,1,,2025_Conforme_2_Cam_B_1_361.jpg,bottom_only,Conforme
B,year + batch_num + cam_num + sample_num + label_filename,2025,2,1,362,0,1,1,,2025_Conforme_2_Cam_B_1_362.jpg,bottom_only,Conforme
B,year + batch_num + cam_num + sample_num + label_filename,2025,2,1,363,0,1,1,,2025_Conforme_2_Cam_B_1_363.jpg,bottom_only,Conforme
B,year + batch_num + cam_num + sample_num + label_filename,2025,2,1,364,0,1,1,,2025_Conforme_2_Cam_B_1_364.jpg,bottom_only,Conforme
B,year + batch_num + cam_num + sample_num + label_filename,2025,2,1,365,0,1,1,,2025_Conforme_2_Cam_B_1_365.jpg,bottom_only,Conforme
B,year + batch_num + cam_num + sample_num + label_filename,2025,2,1,366,0,1,1,,2025_Conforme_2_Cam_B_1_366.jpg,bottom_only,Conforme
B,year + batch_num + cam_num + sample_num + label_filename,2025,2,1,367,0,1,1,,2025_Conforme_2_Cam_B_1_367.jpg,bottom_only,Conforme
B,year + batch_num + cam_num + sample_num + label_filename,2025,2,1,368,0,1,1,,2025_Conforme_2_Cam_B_1_368.jpg,bottom_only,Conforme
B,year + batch_num + cam_num + sample_num + label_filename,2025,2,1,369,0,1,1,,2025_Conforme_2_Cam_B_1_369.jpg,bottom_only,Conforme
B,year + batch_num + cam_num + sample_num + label_filename,2025,2,1,370,0,1,1,,2025_Conforme_2_Cam_B_1_370.jpg,bottom_only,Conforme
B,year + batch_num + cam_num + sample_num + label_filename,2025,2,1,371,0,1,1,,2025_Conforme_2_Cam_B_1_371.jpg,bottom_only,Conforme
B,year + batch_num + cam_num + sample_num + label_filename,2025,2,1,372,0,1,1,,2025_Conforme_2_Cam_B_1_372.jpg,bottom_only,Conforme
B,year + batch_num + cam_num + sample_num + label_filename,2025,2,1,373,0,1,1,,2025_Conforme_2_Cam_B_1_373.jpg,bottom_only,Conforme
B,year + batch_num + cam_num + sample_num + label_filename,2025,2,1,374,0,1,1,,2025_Conforme_2_Cam_B_1_374.jpg,bottom_only,Conforme
B,year + batch_num + cam_num + sample_num + label_filename,2025,2,1,375,0,1,1,,2025_Conforme_2_Cam_B_1_375.jpg,bottom_only,Conforme
B,year + batch_num + cam_num + sample_num + label_filename,2025,2,1,376,0,1,1,,2025_Conforme_2_Cam_B_1_376.jpg,bottom_only,Conforme
B,year + batch_num + cam_num + sample_num + label_filename,2025,2,1,377,0,1,1,,2025_Conforme_2_Cam_B_1_377.jpg,bottom_only,Conforme
B,year + batch_num + cam_num + sample_num + label_filename,2025,2,1,378,0,1,1,,2025_Conforme_2_Cam_B_1_378.jpg,bottom_only,Conforme
B,year + batch_num + cam_num + sample_num + label_filename,2025,2,1,379,0,1,1,,2025_Conforme_2_Cam_B_1_379.jpg,bottom_only,Conforme
B,year + batch_num + cam_num + sample_num + label_filename,2025,2,1,380,0,1,1,,2025_Conforme_2_Cam_B_1_380.jpg,bottom_only,Conforme
B,year + batch_num + cam_num + sample_num + label_filename,2025,2,1,381,0,1,1,,2025_Conforme_2_Cam_B_1_381.jpg,bottom_only,Conforme
B,year + batch_num + cam_num + sample_num + label_filename,2025,2,1,382,0,1,1,,2025_Conforme_2_Cam_B_1_382.jpg,bottom_only,Conforme
B,year + batch_num + cam_num + sample_num + label_filename,2025,2,1,383,0,1,1,,2025_Conforme_2_Cam_B_1_383.jpg,bottom_only,Conforme
B,year + batch_num + cam_num + sample_num + label_filename,2025,2,1,384,0,1,1,,2025_Conforme_2_Cam_B_1_384.jpg,bottom_only,Conforme
B,year + batch_num + cam_num + sample_num + label_filename,2025,2,1,385,0,1,1,,2025_Conforme_2_Cam_B_1_385.jpg,bottom_only,Conforme
B,year + batch_num + cam_num + sample_num + label_filename,2025,2,1,386,0,1,1,,2025_Conforme_2_Cam_B_1_386.jpg,bottom_only,Conforme
B,year + batch_num + cam_num + sample_num + label_filename,2025,2,1,387,0,1,1,,2025_Conforme_2_Cam_B_1_387.jpg,bottom_only,Conforme
B,year + batch_num + cam_num + sample_num + label_filename,2025,2,1,388,0,1,1,,2025_Conforme_2_Cam_B_1_388.jpg,bottom_only,Conforme
B,year + batch_num + cam_num + sample_num + label_filename,2025,2,1,389,0,1,1,,2025_Conforme_2_Cam_B_1_389.jpg,bottom_only,Conforme
B,year + batch_num + cam_num + sample_num + label_filename,2025,2,1,390,0,1,1,,2025_Conforme_2_Cam_B_1_390.jpg,bottom_only,Conforme
B,year + batch_num + cam_num + sample_num + label_filename,2025,2,1,391,0,1,1,,2025_Conforme_2_Cam_B_1_391.jpg,bottom_only,Conforme
B,year + batch_num + cam_num + sample_num + label_filename,2025,2,1,392,0,1,1,,2025_Conforme_2_Cam_B_1_392.jpg,bottom_only,Conforme
B,year + batch_num + cam_num + sample_num + label_filename,2025,2,1,393,0,1,1,,2025_Conforme_2_Cam_B_1_393.jpg,bottom_only,Conforme
B,year + batch_num + cam_num + sample_num + label_filename,2025,2,1,394,0,1,1,,2025_Conforme_2_Cam_B_1_394.jpg,bottom_only,Conforme
B,year + batch_num + cam_num + sample_num + label_filename,2025,2,1,395,0,1,1,,2025_Conforme_2_Cam_B_1_395.jpg,bottom_only,Conforme
B,year + batch_num + cam_num + sample_num + label_filename,2025,2,1,396,0,1,1,,2025_Conforme_2_Cam_B_1_396.jpg,bottom_only,Conforme
B,year + batch_num + cam_num + sample_num + label_filename,2025,2,1,397,0,1,1,,2025_Conforme_2_Cam_B_1_397.jpg,bottom_only,Conforme
B,year + batch_num + cam_num + sample_num + label_filename,2025,2,1,398,0,1,1,,2025_Conforme_2_Cam_B_1_398.jpg,bottom_only,Conforme
B,year + batch_num + cam_num + sample_num + label_filename,2025,2,1,399,0,1,1,,2025_Conforme_2_Cam_B_1_399.jpg,bottom_only,Conforme
B,year + batch_num + cam_num + sample_num + label_filename,2025,2,1,400,0,1,1,,2025_Conforme_2_Cam_B_1_400.jpg,bottom_only,Conforme
B,year + batch_num + cam_num + sample_num + label_filename,2025,2,1,401,0,1,1,,2025_Conforme_2_Cam_B_1_401.jpg,bottom_only,Conforme
B,year + batch_num + cam_num + sample_num + label_filename,2025,2,1,402,0,1,1,,2025_Conforme_2_Cam_B_1_402.jpg,bottom_only,Conforme
B,year + batch_num + cam_num + sample_num + label_filename,2025,2,1,403,0,1,1,,2025_Conforme_2_Cam_B_1_403.jpg,bottom_only,Conforme
B,year + batch_num + cam_num + sample_num + label_filename,2025,2,1,404,0,1,1,,2025_Conforme_2_Cam_B_1_404.jpg,bottom_only,Conforme
B,year + batch_num + cam_num + sample_num + label_filename,2025,2,1,405,0,1,1,,2025_Conforme_2_Cam_B_1_405.jpg,bottom_only,Conforme
B,year + batch_num + cam_num + sample_num + label_filename,2025,2,1,406,0,1,1,,2025_Conforme_2_Cam_B_1_406.jpg,bottom_only,Conforme
B,year + batch_num + cam_num + sample_num + label_filename,2025,2,1,407,0,1,1,,2025_Conforme_2_Cam_B_1_407.jpg,bottom_only,Conforme
B,year + batch_num + cam_num + sample_num + label_filename,2025,2,1,408,0,1,1,,2025_Conforme_2_Cam_B_1_408.jpg,bottom_only,Conforme
B,year + batch_num + cam_num + sample_num + label_filename,2025,2,1,409,0,1,1,,2025_Conforme_2_Cam_B_1_409.jpg,bottom_only,Conforme
B,year + batch_num + cam_num + sample_num + label_filename,2025,2,1,410,0,1,1,,2025_Conforme_2_Cam_B_1_410.jpg,bottom_only,Conforme
B,year + batch_num + cam_num + sample_num + label_filename,2025,2,1,411,0,1,1,,2025_Conforme_2_Cam_B_1_411.jpg,bottom_only,Conforme
B,year + batch_num + cam_num + sample_num + label_filename,2025,2,1,412,0,1,1,,2025_Conforme_2_Cam_B_1_412.jpg,bottom_only,Conforme
B,year + batch_num + cam_num + sample_num + label_filename,2025,2,1,413,0,1,1,,2025_Conforme_2_Cam_B_1_413.jpg,bottom_only,Conforme
B,year + batch_num + cam_num + sample_num + label_filename,2025,2,1,414,0,1,1,,2025_Conforme_2_Cam_B_1_414.jpg,bottom_only,Conforme
B,year + batch_num + cam_num + sample_num + label_filename,2025,2,1,415,0,1,1,,2025_Conforme_2_Cam_B_1_415.jpg,bottom_only,Conforme
B,year + batch_num + cam_num + sample_num + label_filename,2025,2,1,416,0,1,1,,2025_Conforme_2_Cam_B_1_416.jpg,bottom_only,Conforme
B,year + batch_num + cam_num + sample_num + label_filename,2025,2,1,417,0,1,1,,2025_Conforme_2_Cam_B_1_417.jpg,bottom_only,Conforme
B,year + batch_num + cam_num + sample_num + label_filename,2025,2,1,418,0,1,1,,2025_Conforme_2_Cam_B_1_418.jpg,bottom_only,Conforme
B,year + batch_num + cam_num + sample_num + label_filename,2025,2,1,419,0,1,1,,2025_Conforme_2_Cam_B_1_419.jpg,bottom_only,Conforme
B,year + batch_num + cam_num + sample_num + label_filename,2025,2,1,420,0,1,1,,2025_Conforme_2_Cam_B_1_420.jpg,bottom_only,Conforme
B,year + batch_num + cam_num + sample_num + label_filename,2025,2,1,421,0,1,1,,2025_Conforme_2_Cam_B_1_421.jpg,bottom_only,Conforme
B,year + batch_num + cam_num + sample_num + label_filename,2025,2,1,422,0,1,1,,2025_Conforme_2_Cam_B_1_422.jpg,bottom_only,Conforme
B,year + batch_num + cam_num + sample_num + label_filename,2025,2,1,423,0,1,1,,2025_Conforme_2_Cam_B_1_423.jpg,bottom_only,Conforme
B,year + batch_num + cam_num + sample_num + label_filename,2025,2,1,424,0,1,1,,2025_Conforme_2_Cam_B_1_424.jpg,bottom_only,Conforme
B,year + batch_num + cam_num + sample_num + label_filename,2025,2,1,425,0,1,1,,2025_Conforme_2_Cam_B_1_425.jpg,bottom_only,Conforme
B,year + batch_num + cam_num + sample_num + label_filename,2025,2,1,426,0,1,1,,2025_Conforme_2_Cam_B_1_426.jpg,bottom_only,Conforme
B,year + batch_num + cam_num + sample_num + label_filename,2025,2,1,427,0,1,1,,2025_Conforme_2_Cam_B_1_427.jpg,bottom_only,Conforme
B,year + batch_num + cam_num + sample_num + label_filename,2025,2,1,428,0,1,1,,2025_Conforme_2_Cam_B_1_428.jpg,bottom_only,Conforme
B,year + batch_num + cam_num + sample_num + label_filename,2025,2,1,429,0,1,1,,2025_Conforme_2_Cam_B_1_429.jpg,bottom_only,Conforme
B,year + batch_num + cam_num + sample_num + label_filename,2025,2,1,430,0,1,1,,2025_Conforme_2_Cam_B_1_430.jpg,bottom_only,Conforme
B,year + batch_num + cam_num + sample_num + label_filename,2025,2,1,431,0,1,1,,2025_Conforme_2_Cam_B_1_431.jpg,bottom_only,Conforme
B,year + batch_num + cam_num + sample_num + label_filename,2025,2,1,432,0,1,1,,2025_Conforme_2_Cam_B_1_432.jpg,bottom_only,Conforme
B,year + batch_num + cam_num + sample_num + label_filename,2025,2,1,433,0,1,1,,2025_Conforme_2_Cam_B_1_433.jpg,bottom_only,Conforme
B,year + batch_num + cam_num + sample_num + label_filename,2025,2,1,434,0,1,1,,2025_Conforme_2_Cam_B_1_434.jpg,bottom_only,Conforme
B,year + batch_num + cam_num + sample_num + label_filename,2025,2,1,435,0,1,1,,2025_Conforme_2_Cam_B_1_435.jpg,bottom_only,Conforme
B,year + batch_num + cam_num + sample_num + label_filename,2025,2,1,436,0,1,1,,2025_Conforme_2_Cam_B_1_436.jpg,bottom_only,Conforme
B,year + batch_num + cam_num + sample_num + label_filename,2025,2,1,437,0,1,1,,2025_Conforme_2_Cam_B_1_437.jpg,bottom_only,Conforme
B,year + batch_num + cam_num + sample_num + label_filename,2025,2,1,438,0,1,1,,2025_Conforme_2_Cam_B_1_438.jpg,bottom_only,Conforme
B,year + batch_num + cam_num + sample_num + label_filename,2025,2,1,439,0,1,1,,2025_Conforme_2_Cam_B_1_439.jpg,bottom_only,Conforme
B,year + batch_num + cam_num + sample_num + label_filename,2025,2,1,440,0,1,1,,2025_Conforme_2_Cam_B_1_440.jpg,bottom_only,Conforme
B,year + batch_num + cam_num + sample_num + label_filename,2025,2,1,441,0,1,1,,2025_Conforme_2_Cam_B_1_441.jpg,bottom_only,Conforme
B,year + batch_num + cam_num + sample_num + label_filename,2025,2,1,442,0,1,1,,2025_Conforme_2_Cam_B_1_442.jpg,bottom_only,Conforme
B,year + batch_num + cam_num + sample_num + label_filename,2025,2,1,443,0,1,1,,2025_Conforme_2_Cam_B_1_443.jpg,bottom_only,Conforme
B,year + batch_num + cam_num + sample_num + label_filename,2025,2,1,444,0,1,1,,2025_Conforme_2_Cam_B_1_444.jpg,bottom_only,Conforme
B,year + batch_num + cam_num + sample_num + label_filename,2025,2,1,445,0,1,1,,2025_Conforme_2_Cam_B_1_445.jpg,bottom_only,Conforme
B,year + batch_num + cam_num + sample_num + label_filename,2025,2,1,446,0,1,1,,2025_Conforme_2_Cam_B_1_446.jpg,bottom_only,Conforme
B,year + batch_num + cam_num + sample_num + label_filename,2025,2,1,447,0,1,1,,2025_Conforme_2_Cam_B_1_447.jpg,bottom_only,Conforme
B,year + batch_num + cam_num + sample_num + label_filename,2025,2,1,448,0,1,1,,2025_Conforme_2_Cam_B_1_448.jpg,bottom_only,Conforme
B,year + batch_num + cam_num + sample_num + label_filename,2025,2,1,449,0,1,1,,2025_Conforme_2_Cam_B_1_449.jpg,bottom_only,Conforme
B,year + batch_num + cam_num + sample_num + label_filename,2025,2,1,450,0,1,1,,2025_Conforme_2_Cam_B_1_450.jpg,bottom_only,Conforme
B,year + batch_num + cam_num + sample_num + label_filename,2025,2,1,451,0,1,1,,2025_Conforme_2_Cam_B_1_451.jpg,bottom_only,Conforme
B,year + batch_num + cam_num + sample_num + label_filename,2025,2,1,452,0,1,1,,2025_Conforme_2_Cam_B_1_452.jpg,bottom_only,Conforme
B,year + batch_num + cam_num + sample_num + label_filename,2025,2,1,453,0,1,1,,2025_Conforme_2_Cam_B_1_453.jpg,bottom_only,Conforme
B,year + batch_num + cam_num + sample_num + label_filename,2025,2,1,454,0,1,1,,2025_Conforme_2_Cam_B_1_454.jpg,bottom_only,Conforme
B,year + batch_num + cam_num + sample_num + label_filename,2025,2,1,455,0,1,1,,2025_Conforme_2_Cam_B_1_455.jpg,bottom_only,Conforme
B,year + batch_num + cam_num + sample_num + label_filename,2025,2,1,456,0,1,1,,2025_Conforme_2_Cam_B_1_456.jpg,bottom_only,Conforme
B,year + batch_num + cam_num + sample_num + label_filename,2025,2,1,457,0,1,1,,2025_Conforme_2_Cam_B_1_457.jpg,bottom_only,Conforme
B,year + batch_num + cam_num + sample_num + label_filename,2025,2,1,458,0,1,1,,2025_Conforme_2_Cam_B_1_458.jpg,bottom_only,Conforme
B,year + batch_num + cam_num + sample_num + label_filename,2025,2,1,459,0,1,1,,2025_Conforme_2_Cam_B_1_459.jpg,bottom_only,Conforme
B,year + batch_num + cam_num + sample_num + label_filename,2025,2,1,460,0,1,1,,2025_Conforme_2_Cam_B_1_460.jpg,bottom_only,Conforme
B,year + batch_num + cam_num + sample_num + label_filename,2025,2,1,461,0,1,1,,2025_Conforme_2_Cam_B_1_461.jpg,bottom_only,Conforme
B,year + batch_num + cam_num + sample_num + label_filename,2025,2,1,462,0,1,1,,2025_Conforme_2_Cam_B_1_462.jpg,bottom_only,Conforme
B,year + batch_num + cam_num + sample_num + label_filename,2025,2,1,463,0,1,1,,2025_Conforme_2_Cam_B_1_463.jpg,bottom_only,Conforme
B,year + batch_num + cam_num + sample_num + label_filename,2025,2,1,464,0,1,1,,2025_Conforme_2_Cam_B_1_464.jpg,bottom_only,Conforme
B,year + batch_num + cam_num + sample_num + label_filename,2025,2,1,465,0,1,1,,2025_Conforme_2_Cam_B_1_465.jpg,bottom_only,Conforme
B,year + batch_num + cam_num + sample_num + label_filename,2025,2,1,466,0,1,1,,2025_Conforme_2_Cam_B_1_466.jpg,bottom_only,Conforme
B,year + batch_num + cam_num + sample_num + label_filename,2025,2,1,467,0,1,1,,2025_Conforme_2_Cam_B_1_467.jpg,bottom_only,Conforme
B,year + batch_num + cam_num + sample_num + label_filename,2025,2,1,468,0,1,1,,2025_Conforme_2_Cam_B_1_468.jpg,bottom_only,Conforme
B,year + batch_num + cam_num + sample_num + label_filename,2025,2,1,469,0,1,1,,2025_Conforme_2_Cam_B_1_469.jpg,bottom_only,Conforme
B,year + batch_num + cam_num + sample_num + label_filename,2025,2,1,470,0,1,1,,2025_Conforme_2_Cam_B_1_470.jpg,bottom_only,Conforme
B,year + batch_num + cam_num + sample_num + label_filename,2025,2,1,471,0,1,1,,2025_Conforme_2_Cam_B_1_471.jpg,bottom_only,Conforme
B,year + batch_num + cam_num + sample_num + label_filename,2025,2,1,472,0,1,1,,2025_Conforme_2_Cam_B_1_472.jpg,bottom_only,Conforme
B,year + batch_num + cam_num + sample_num + label_filename,2025,2,1,473,0,1,1,,2025_Conforme_2_Cam_B_1_473.jpg,bottom_only,Conforme
B,year + batch_num + cam_num + sample_num + label_filename,2025,2,1,474,0,1,1,,2025_Conforme_2_Cam_B_1_474.jpg,bottom_only,Conforme
B,year + batch_num + cam_num + sample_num + label_filename,2025,2,1,475,0,1,1,,2025_Conforme_2_Cam_B_1_475.jpg,bottom_only,Conforme
B,year + batch_num + cam_num + sample_num + label_filename,2025,2,1,476,0,1,1,,2025_Conforme_2_Cam_B_1_476.jpg,bottom_only,Conforme
B,year + batch_num + cam_num + sample_num + label_filename,2025,2,1,477,0,1,1,,2025_Conforme_2_Cam_B_1_477.jpg,bottom_only,Conforme
B,year + batch_num + cam_num + sample_num + label_filename,2025,2,1,478,0,1,1,,2025_Conforme_2_Cam_B_1_478.jpg,bottom_only,Conforme
B,year + batch_num + cam_num + sample_num + label_filename,2025,2,1,479,0,1,1,,2025_Conforme_2_Cam_B_1_479.jpg,bottom_only,Conforme
B,year + batch_num + cam_num + sample_num + label_filename,2025,2,1,480,0,1,1,,2025_Conforme_2_Cam_B_1_480.jpg,bottom_only,Conforme
B,year + batch_num + cam_num + sample_num + label_filename,2025,2,1,481,0,1,1,,2025_Conforme_2_Cam_B_1_481.jpg,bottom_only,Conforme
B,year + batch_num + cam_num + sample_num + label_filename,2025,2,1,482,0,1,1,,2025_Conforme_2_Cam_B_1_482.jpg,bottom_only,Conforme
B,year + batch_num + cam_num + sample_num + label_filename,2025,2,1,483,0,1,1,,2025_Conforme_2_Cam_B_1_483.jpg,bottom_only,Conforme
B,year + batch_num + cam_num + sample_num + label_filename,2025,2,1,484,0,1,1,,2025_Conforme_2_Cam_B_1_484.jpg,bottom_only,Conforme
B,year + batch_num + cam_num + sample_num + label_filename,2025,2,1,485,0,1,1,,2025_Conforme_2_Cam_B_1_485.jpg,bottom_only,Conforme
B,year + batch_num + cam_num + sample_num + label_filename,2025,2,1,486,0,1,1,,2025_Conforme_2_Cam_B_1_486.jpg,bottom_only,Conforme
B,year + batch_num + cam_num + sample_num + label_filename,2025,2,1,487,0,1,1,,2025_Conforme_2_Cam_B_1_487.jpg,bottom_only,Conforme
B,year + batch_num + cam_num + sample_num + label_filename,2025,2,1,488,0,1,1,,2025_Conforme_2_Cam_B_1_488.jpg,bottom_only,Conforme
B,year + batch_num + cam_num + sample_num + label_filename,2025,2,1,489,0,1,1,,2025_Conforme_2_Cam_B_1_489.jpg,bottom_only,Conforme
B,year + batch_num + cam_num + sample_num + label_filename,2025,2,1,490,0,1,1,,2025_Conforme_2_Cam_B_1_490.jpg,bottom_only,Conforme
B,year + batch_num + cam_num + sample_num + label_filename,2025,2,1,491,0,1,1,,2025_Conforme_2_Cam_B_1_491.jpg,bottom_only,Conforme
B,year + batch_num + cam_num + sample_num + label_filename,2025,2,1,492,0,1,1,,2025_Conforme_2_Cam_B_1_492.jpg,bottom_only,Conforme
B,year + batch_num + cam_num + sample_num + label_filename,2025,2,1,493,0,1,1,,2025_Conforme_2_Cam_B_1_493.jpg,bottom_only,Conforme
B,year + batch_num + cam_num + sample_num + label_filename,2025,2,1,494,0,1,1,,2025_Conforme_2_Cam_B_1_494.jpg,bottom_only,Conforme
B,year + batch_num + cam_num + sample_num + label_filename,2025,2,1,495,0,1,1,,2025_Conforme_2_Cam_B_1_495.jpg,bottom_only,Conforme
B,year + batch_num + cam_num + sample_num + label_filename,2025,2,1,496,0,1,1,,2025_Conforme_2_Cam_B_1_496.jpg,bottom_only,Conforme
B,year + batch_num + cam_num + sample_num + label_filename,2025,2,1,497,0,1,1,,2025_Conforme_2_Cam_B_1_497.jpg,bottom_only,Conforme
B,year + batch_num + cam_num + sample_num + label_filename,2025,2,1,498,0,1,1,,2025_Conforme_2_Cam_B_1_498.jpg,bottom_only,Conforme
B,year + batch_num + cam_num + sample_num + label_filename,2025,2,1,499,0,1,1,,2025_Conforme_2_Cam_B_1_499.jpg,bottom_only,Conforme
B,year + batch_num + cam_num + sample_num + label_filename,2025,2,1,500,0,1,1,,2025_Conforme_2_Cam_B_1_500.jpg,bottom_only,Conforme
B,year + batch_num + cam_num + sample_num + label_filename,2025,2,1,501,0,1,1,,2025_Conforme_2_Cam_B_1_501.jpg,bottom_only,Conforme
B,year + batch_num + cam_num + sample_num + label_filename,2025,2,1,502,0,1,1,,2025_Conforme_2_Cam_B_1_502.jpg,bottom_only,Conforme
B,year + batch_num + cam_num + sample_num + label_filename,2025,2,1,503,0,1,1,,2025_Conforme_2_Cam_B_1_503.jpg,bottom_only,Conforme
B,year + batch_num + cam_num + sample_num + label_filename,2025,2,1,504,0,1,1,,2025_Conforme_2_Cam_B_1_504.jpg,bottom_only,Conforme
B,year + batch_num + cam_num + sample_num + label_filename,2025,2,1,505,0,1,1,,2025_Conforme_2_Cam_B_1_505.jpg,bottom_only,Conforme
B,year + batch_num + cam_num + sample_num + label_filename,2025,2,1,506,0,1,1,,2025_Conforme_2_Cam_B_1_506.jpg,bottom_only,Conforme
B,year + batch_num + cam_num + sample_num + label_filename,2025,2,1,507,0,1,1,,2025_Conforme_2_Cam_B_1_507.jpg,bottom_only,Conforme
B,year + batch_num + cam_num + sample_num + label_filename,2025,2,1,508,0,1,1,,2025_Conforme_2_Cam_B_1_508.jpg,bottom_only,Conforme
B,year + batch_num + cam_num + sample_num + label_filename,2025,2,1,509,0,1,1,,2025_Conforme_2_Cam_B_1_509.jpg,bottom_only,Conforme
B,year + batch_num + cam_num + sample_num + label_filename,2025,2,1,510,0,1,1,,2025_Conforme_2_Cam_B_1_510.jpg,bottom_only,Conforme
B,year + batch_num + cam_num + sample_num + label_filename,2025,2,1,511,0,1,1,,2025_Conforme_2_Cam_B_1_511.jpg,bottom_only,Conforme
B,year + batch_num + cam_num + sample_num + label_filename,2025,2,1,512,0,1,1,,2025_Conforme_2_Cam_B_1_512.jpg,bottom_only,Conforme
B,year + batch_num + cam_num + sample_num + label_filename,2025,2,1,513,0,1,1,,2025_Conforme_2_Cam_B_1_513.jpg,bottom_only,Conforme
B,year + batch_num + cam_num + sample_num + label_filename,2025,2,1,514,0,1,1,,2025_Conforme_2_Cam_B_1_514.jpg,bottom_only,Conforme
B,year + batch_num + cam_num + sample_num + label_filename,2025,2,1,515,0,1,1,,2025_Conforme_2_Cam_B_1_515.jpg,bottom_only,Conforme
B,year + batch_num + cam_num + sample_num + label_filename,2025,2,1,516,0,1,1,,2025_Conforme_2_Cam_B_1_516.jpg,bottom_only,Conforme
B,year + batch_num + cam_num + sample_num + label_filename,2025,2,1,517,0,1,1,,2025_Conforme_2_Cam_B_1_517.jpg,bottom_only,Conforme
B,year + batch_num + cam_num + sample_num + label_filename,2025,2,1,518,0,1,1,,2025_Conforme_2_Cam_B_1_518.jpg,bottom_only,Conforme
B,year + batch_num + cam_num + sample_num + label_filename,2025,2,1,519,0,1,1,,2025_Conforme_2_Cam_B_1_519.jpg,bottom_only,Conforme
B,year + batch_num + cam_num + sample_num + label_filename,2025,2,1,520,0,1,1,,2025_Conforme_2_Cam_B_1_520.jpg,bottom_only,Conforme
B,year + batch_num + cam_num + sample_num + label_filename,2025,2,1,521,0,1,1,,2025_Conforme_2_Cam_B_1_521.jpg,bottom_only,Conforme
B,year + batch_num + cam_num + sample_num + label_filename,2025,2,1,522,0,1,1,,2025_Conforme_2_Cam_B_1_522.jpg,bottom_only,Conforme
B,year + batch_num + cam_num + sample_num + label_filename,2025,2,1,523,0,1,1,,2025_Conforme_2_Cam_B_1_523.jpg,bottom_only,Conforme
B,year + batch_num + cam_num + sample_num + label_filename,2025,2,1,524,0,1,1,,2025_Conforme_2_Cam_B_1_524.jpg,bottom_only,Conforme
B,year + batch_num + cam_num + sample_num + label_filename,2025,2,1,525,0,1,1,,2025_Conforme_2_Cam_B_1_525.jpg,bottom_only,Conforme
B,year + batch_num + cam_num + sample_num + label_filename,2025,2,1,526,0,1,1,,2025_Conforme_2_Cam_B_1_526.jpg,bottom_only,Conforme
B,year + batch_num + cam_num + sample_num + label_filename,2025,2,1,527,0,1,1,,2025_Conforme_2_Cam_B_1_527.jpg,bottom_only,Conforme
B,year + batch_num + cam_num + sample_num + label_filename,2025,2,1,528,0,1,1,,2025_Conforme_2_Cam_B_1_528.jpg,bottom_only,Conforme
B,year + batch_num + cam_num + sample_num + label_filename,2025,2,1,529,0,1,1,,2025_Conforme_2_Cam_B_1_529.jpg,bottom_only,Conforme
B,year + batch_num + cam_num + sample_num + label_filename,2025,2,1,530,0,1,1,,2025_Conforme_2_Cam_B_1_530.jpg,bottom_only,Conforme
B,year + batch_num + cam_num + sample_num + label_filename,2025,2,1,531,0,1,1,,2025_Conforme_2_Cam_B_1_531.jpg,bottom_only,Conforme
B,year + batch_num + cam_num + sample_num + label_filename,2025,2,1,532,0,1,1,,2025_Conforme_2_Cam_B_1_532.jpg,bottom_only,Conforme
B,year + batch_num + cam_num + sample_num + label_filename,2025,2,2,273,0,1,1,,2025_Conforme_2_Cam_B_2_273.jpg,bottom_only,Conforme
B,year + batch_num + cam_num + sample_num + label_filename,2025,2,2,274,0,1,1,,2025_Conforme_2_Cam_B_2_274.jpg,bottom_only,Conforme
B,year + batch_num + cam_num + sample_num + label_filename,2025,2,2,275,0,1,1,,2025_Conforme_2_Cam_B_2_275.jpg,bottom_only,Conforme
B,year + batch_num + cam_num + sample_num + label_filename,2025,2,2,276,0,1,1,,2025_Conforme_2_Cam_B_2_276.jpg,bottom_only,Conforme
B,year + batch_num + cam_num + sample_num + label_filename,2025,2,2,277,0,1,1,,2025_Conforme_2_Cam_B_2_277.jpg,bottom_only,Conforme
B,year + batch_num + cam_num + sample_num + label_filename,2025,2,2,278,0,1,1,,2025_Conforme_2_Cam_B_2_278.jpg,bottom_only,Conforme
B,year + batch_num + cam_num + sample_num + label_filename,2025,2,2,279,0,1,1,,2025_Conforme_2_Cam_B_2_279.jpg,bottom_only,Conforme
B,year + batch_num + cam_num + sample_num + label_filename,2025,2,2,280,0,1,1,,2025_Conforme_2_Cam_B_2_280.jpg,bottom_only,Conforme
B,year + batch_num + cam_num + sample_num + label_filename,2025,2,2,281,0,1,1,,2025_Conforme_2_Cam_B_2_281.jpg,bottom_only,Conforme
B,year + batch_num + cam_num + sample_num + label_filename,2025,2,2,282,0,1,1,,2025_Conforme_2_Cam_B_2_282.jpg,bottom_only,Conforme
B,year + batch_num + cam_num + sample_num + label_filename,2025,2,2,283,0,1,1,,2025_Conforme_2_Cam_B_2_283.jpg,bottom_only,Conforme
B,year + batch_num + cam_num + sample_num + label_filename,2025,2,2,284,0,1,1,,2025_Conforme_2_Cam_B_2_284.jpg,bottom_only,Conforme
B,year + batch_num + cam_num + sample_num + label_filename,2025,2,2,285,0,1,1,,2025_Conforme_2_Cam_B_2_285.jpg,bottom_only,Conforme
B,year + batch_num + cam_num + sample_num + label_filename,2025,2,2,286,0,1,1,,2025_Conforme_2_Cam_B_2_286.jpg,bottom_only,Conforme
B,year + batch_num + cam_num + sample_num + label_filename,2025,2,2,287,0,1,1,,2025_Conforme_2_Cam_B_2_287.jpg,bottom_only,Conforme
B,year + batch_num + cam_num + sample_num + label_filename,2025,2,2,288,0,1,1,,2025_Conforme_2_Cam_B_2_288.jpg,bottom_only,Conforme
B,year + batch_num + cam_num + sample_num + label_filename,2025,2,2,289,0,1,1,,2025_Conforme_2_Cam_B_2_289.jpg,bottom_only,Conforme
B,year + batch_num + cam_num + sample_num + label_filename,2025,2,2,290,0,1,1,,2025_Conforme_2_Cam_B_2_290.jpg,bottom_only,Conforme
B,year + batch_num + cam_num + sample_num + label_filename,2025,2,2,291,0,1,1,,2025_Conforme_2_Cam_B_2_291.jpg,bottom_only,Conforme
B,year + batch_num + cam_num + sample_num + label_filename,2025,2,2,292,0,1,1,,2025_Conforme_2_Cam_B_2_292.jpg,bottom_only,Conforme
B,year + batch_num + cam_num + sample_num + label_filename,2025,2,2,293,0,1,1,,2025_Conforme_2_Cam_B_2_293.jpg,bottom_only,Conforme
B,year + batch_num + cam_num + sample_num + label_filename,2025,2,2,294,0,1,1,,2025_Conforme_2_Cam_B_2_294.jpg,bottom_only,Conforme
B,year + batch_num + cam_num + sample_num + label_filename,2025,2,2,295,0,1,1,,2025_Conforme_2_Cam_B_2_295.jpg,bottom_only,Conforme
B,year + batch_num + cam_num + sample_num + label_filename,2025,2,2,296,0,1,1,,2025_Conforme_2_Cam_B_2_296.jpg,bottom_only,Conforme
B,year + batch_num + cam_num + sample_num + label_filename,2025,2,2,297,0,1,1,,2025_Conforme_2_Cam_B_2_297.jpg,bottom_only,Conforme
B,year + batch_num + cam_num + sample_num + label_filename,2025,2,2,298,0,1,1,,2025_Conforme_2_Cam_B_2_298.jpg,bottom_only,Conforme
B,year + batch_num + cam_num + sample_num + label_filename,2025,2,2,299,0,1,1,,2025_Conforme_2_Cam_B_2_299.jpg,bottom_only,Conforme
B,year + batch_num + cam_num + sample_num + label_filename,2025,2,2,300,0,1,1,,2025_Conforme_2_Cam_B_2_300.jpg,bottom_only,Conforme
B,year + batch_num + cam_num + sample_num + label_filename,2025,2,2,301,0,1,1,,2025_Conforme_2_Cam_B_2_301.jpg,bottom_only,Conforme
B,year + batch_num + cam_num + sample_num + label_filename,2025,2,2,302,0,1,1,,2025_Conforme_2_Cam_B_2_302.jpg,bottom_only,Conforme
B,year + batch_num + cam_num + sample_num + label_filename,2025,2,2,303,0,1,1,,2025_Conforme_2_Cam_B_2_303.jpg,bottom_only,Conforme
B,year + batch_num + cam_num + sample_num + label_filename,2025,2,2,304,0,1,1,,2025_Conforme_2_Cam_B_2_304.jpg,bottom_only,Conforme
B,year + batch_num + cam_num + sample_num + label_filename,2025,2,2,305,0,1,1,,2025_Conforme_2_Cam_B_2_305.jpg,bottom_only,Conforme
B,year + batch_num + cam_num + sample_num + label_filename,2025,2,2,306,0,1,1,,2025_Conforme_2_Cam_B_2_306.jpg,bottom_only,Conforme
B,year + batch_num + cam_num + sample_num + label_filename,2025,2,2,307,0,1,1,,2025_Conforme_2_Cam_B_2_307.jpg,bottom_only,Conforme
B,year + batch_num + cam_num + sample_num + label_filename,2025,2,2,308,0,1,1,,2025_Conforme_2_Cam_B_2_308.jpg,bottom_only,Conforme
B,year + batch_num + cam_num + sample_num + label_filename,2025,2,2,309,0,1,1,,2025_Conforme_2_Cam_B_2_309.jpg,bottom_only,Conforme
B,year + batch_num + cam_num + sample_num + label_filename,2025,2,2,310,0,1,1,,2025_Conforme_2_Cam_B_2_310.jpg,bottom_only,Conforme
B,year + batch_num + cam_num + sample_num + label_filename,2025,2,2,311,0,1,1,,2025_Conforme_2_Cam_B_2_311.jpg,bottom_only,Conforme
B,year + batch_num + cam_num + sample_num + label_filename,2025,2,2,312,0,1,1,,2025_Conforme_2_Cam_B_2_312.jpg,bottom_only,Conforme
B,year + batch_num + cam_num + sample_num + label_filename,2025,2,2,313,0,1,1,,2025_Conforme_2_Cam_B_2_313.jpg,bottom_only,Conforme
B,year + batch_num + cam_num + sample_num + label_filename,2025,2,2,314,0,1,1,,2025_Conforme_2_Cam_B_2_314.jpg,bottom_only,Conforme
B,year + batch_num + cam_num + sample_num + label_filename,2025,2,2,315,0,1,1,,2025_Conforme_2_Cam_B_2_315.jpg,bottom_only,Conforme
B,year + batch_num + cam_num + sample_num + label_filename,2025,2,2,316,0,1,1,,2025_Conforme_2_Cam_B_2_316.jpg,bottom_only,Conforme
B,year + batch_num + cam_num + sample_num + label_filename,2025,2,2,317,0,1,1,,2025_Conforme_2_Cam_B_2_317.jpg,bottom_only,Conforme
B,year + batch_num + cam_num + sample_num + label_filename,2025,2,2,318,0,1,1,,2025_Conforme_2_Cam_B_2_318.jpg,bottom_only,Conforme
B,year + batch_num + cam_num + sample_num + label_filename,2025,2,2,319,0,1,1,,2025_Conforme_2_Cam_B_2_319.jpg,bottom_only,Conforme
B,year + batch_num + cam_num + sample_num + label_filename,2025,2,2,320,0,1,1,,2025_Conforme_2_Cam_B_2_320.jpg,bottom_only,Conforme
B,year + batch_num + cam_num + sample_num + label_filename,2025,2,2,321,0,1,1,,2025_Conforme_2_Cam_B_2_321.jpg,bottom_only,Conforme
B,year + batch_num + cam_num + sample_num + label_filename,2025,2,2,322,0,1,1,,2025_Conforme_2_Cam_B_2_322.jpg,bottom_only,Conforme
B,year + batch_num + cam_num + sample_num + label_filename,2025,2,2,323,0,1,1,,2025_Conforme_2_Cam_B_2_323.jpg,bottom_only,Conforme
B,year + batch_num + cam_num + sample_num + label_filename,2025,2,2,324,0,1,1,,2025_Conforme_2_Cam_B_2_324.jpg,bottom_only,Conforme
B,year + batch_num + cam_num + sample_num + label_filename,2025,2,2,325,0,1,1,,2025_Conforme_2_Cam_B_2_325.jpg,bottom_only,Conforme
B,year + batch_num + cam_num + sample_num + label_filename,2025,2,2,326,0,1,1,,2025_Conforme_2_Cam_B_2_326.jpg,bottom_only,Conforme
B,year + batch_num + cam_num + sample_num + label_filename,2025,2,2,327,0,1,1,,2025_Conforme_2_Cam_B_2_327.jpg,bottom_only,Conforme
B,year + batch_num + cam_num + sample_num + label_filename,2025,2,2,328,0,1,1,,2025_Conforme_2_Cam_B_2_328.jpg,bottom_only,Conforme
B,year + batch_num + cam_num + sample_num + label_filename,2025,2,2,329,0,1,1,,2025_Conforme_2_Cam_B_2_329.jpg,bottom_only,Conforme
B,year + batch_num + cam_num + sample_num + label_filename,2025,2,2,330,0,1,1,,2025_Conforme_2_Cam_B_2_330.jpg,bottom_only,Conforme
B,year + batch_num + cam_num + sample_num + label_filename,2025,2,2,331,0,1,1,,2025_Conforme_2_Cam_B_2_331.jpg,bottom_only,Conforme
B,year + batch_num + cam_num + sample_num + label_filename,2025,2,2,332,0,1,1,,2025_Conforme_2_Cam_B_2_332.jpg,bottom_only,Conforme
B,year + batch_num + cam_num + sample_num + label_filename,2025,2,2,333,0,1,1,,2025_Conforme_2_Cam_B_2_333.jpg,bottom_only,Conforme
B,year + batch_num + cam_num + sample_num + label_filename,2025,2,2,334,0,1,1,,2025_Conforme_2_Cam_B_2_334.jpg,bottom_only,Conforme
B,year + batch_num + cam_num + sample_num + label_filename,2025,2,2,335,0,1,1,,2025_Conforme_2_Cam_B_2_335.jpg,bottom_only,Conforme
B,year + batch_num + cam_num + sample_num + label_filename,2025,2,2,336,0,1,1,,2025_Conforme_2_Cam_B_2_336.jpg,bottom_only,Conforme
B,year + batch_num + cam_num + sample_num + label_filename,2025,2,2,337,0,1,1,,2025_Conforme_2_Cam_B_2_337.jpg,bottom_only,Conforme
B,year + batch_num + cam_num + sample_num + label_filename,2025,2,2,338,0,1,1,,2025_Conforme_2_Cam_B_2_338.jpg,bottom_only,Conforme
B,year + batch_num + cam_num + sample_num + label_filename,2025,2,2,339,0,1,1,,2025_Conforme_2_Cam_B_2_339.jpg,bottom_only,Conforme
B,year + batch_num + cam_num + sample_num + label_filename,2025,2,2,340,0,1,1,,2025_Conforme_2_Cam_B_2_340.jpg,bottom_only,Conforme
B,year + batch_num + cam_num + sample_num + label_filename,2025,2,2,341,0,1,1,,2025_Conforme_2_Cam_B_2_341.jpg,bottom_only,Conforme
B,year + batch_num + cam_num + sample_num + label_filename,2025,2,2,342,0,1,1,,2025_Conforme_2_Cam_B_2_342.jpg,bottom_only,Conforme
B,year + batch_num + cam_num + sample_num + label_filename,2025,2,2,343,0,1,1,,2025_Conforme_2_Cam_B_2_343.jpg,bottom_only,Conforme
B,year + batch_num + cam_num + sample_num + label_filename,2025,2,2,344,0,1,1,,2025_Conforme_2_Cam_B_2_344.jpg,bottom_only,Conforme
B,year + batch_num + cam_num + sample_num + label_filename,2025,2,2,345,0,1,1,,2025_Conforme_2_Cam_B_2_345.jpg,bottom_only,Conforme
B,year + batch_num + cam_num + sample_num + label_filename,2025,2,2,346,0,1,1,,2025_Conforme_2_Cam_B_2_346.jpg,bottom_only,Conforme
B,year + batch_num + cam_num + sample_num + label_filename,2025,2,2,347,0,1,1,,2025_Conforme_2_Cam_B_2_347.jpg,bottom_only,Conforme
B,year + batch_num + cam_num + sample_num + label_filename,2025,2,2,348,0,1,1,,2025_Conforme_2_Cam_B_2_348.jpg,bottom_only,Conforme
B,year + batch_num + cam_num + sample_num + label_filename,2025,2,2,349,0,1,1,,2025_Conforme_2_Cam_B_2_349.jpg,bottom_only,Conforme
B,year + batch_num + cam_num + sample_num + label_filename,2025,2,2,350,0,1,1,,2025_Conforme_2_Cam_B_2_350.jpg,bottom_only,Conforme
B,year + batch_num + cam_num + sample_num + label_filename,2025,2,2,351,0,1,1,,2025_Conforme_2_Cam_B_2_351.jpg,bottom_only,Conforme
B,year + batch_num + cam_num + sample_num + label_filename,2025,2,2,352,0,1,1,,2025_Conforme_2_Cam_B_2_352.jpg,bottom_only,Conforme
B,year + batch_num + cam_num + sample_num + label_filename,2025,2,2,353,0,1,1,,2025_Conforme_2_Cam_B_2_353.jpg,bottom_only,Conforme
B,year + batch_num + cam_num + sample_num + label_filename,2025,2,2,354,0,1,1,,2025_Conforme_2_Cam_B_2_354.jpg,bottom_only,Conforme
B,year + batch_num + cam_num + sample_num + label_filename,2025,2,2,355,0,1,1,,2025_Conforme_2_Cam_B_2_355.jpg,bottom_only,Conforme
B,year + batch_num + cam_num + sample_num + label_filename,2025,2,2,356,0,1,1,,2025_Conforme_2_Cam_B_2_356.jpg,bottom_only,Conforme
B,year + batch_num + cam_num + sample_num + label_filename,2025,2,2,357,0,1,1,,2025_Conforme_2_Cam_B_2_357.jpg,bottom_only,Conforme
B,year + batch_num + cam_num + sample_num + label_filename,2025,2,2,358,0,1,1,,2025_Conforme_2_Cam_B_2_358.jpg,bottom_only,Conforme
B,year + batch_num + cam_num + sample_num + label_filename,2025,2,2,359,0,1,1,,2025_Conforme_2_Cam_B_2_359.jpg,bottom_only,Conforme
B,year + batch_num + cam_num + sample_num + label_filename,2025,2,2,360,0,1,1,,2025_Conforme_2_Cam_B_2_360.jpg,bottom_only,Conforme
B,year + batch_num + cam_num + sample_num + label_filename,2025,2,2,361,0,1,1,,2025_Conforme_2_Cam_B_2_361.jpg,bottom_only,Conforme
B,year + batch_num + cam_num + sample_num + label_filename,2025,2,2,362,0,1,1,,2025_Conforme_2_Cam_B_2_362.jpg,bottom_only,Conforme
B,year + batch_num + cam_num + sample_num + label_filename,2025,2,2,363,0,1,1,,2025_Conforme_2_Cam_B_2_363.jpg,bottom_only,Conforme
B,year + batch_num + cam_num + sample_num + label_filename,2025,2,2,364,0,1,1,,2025_Conforme_2_Cam_B_2_364.jpg,bottom_only,Conforme
B,year + batch_num + cam_num + sample_num + label_filename,2025,2,2,365,0,1,1,,2025_Conforme_2_Cam_B_2_365.jpg,bottom_only,Conforme
B,year + batch_num + cam_num + sample_num + label_filename,2025,2,2,366,0,1,1,,2025_Conforme_2_Cam_B_2_366.jpg,bottom_only,Conforme
B,year + batch_num + cam_num + sample_num + label_filename,2025,2,2,367,0,1,1,,2025_Conforme_2_Cam_B_2_367.jpg,bottom_only,Conforme
B,year + batch_num + cam_num + sample_num + label_filename,2025,2,2,368,0,1,1,,2025_Conforme_2_Cam_B_2_368.jpg,bottom_only,Conforme
B,year + batch_num + cam_num + sample_num + label_filename,2025,2,2,369,0,1,1,,2025_Conforme_2_Cam_B_2_369.jpg,bottom_only,Conforme
B,year + batch_num + cam_num + sample_num + label_filename,2025,2,2,370,0,1,1,,2025_Conforme_2_Cam_B_2_370.jpg,bottom_only,Conforme
B,year + batch_num + cam_num + sample_num + label_filename,2025,2,2,371,0,1,1,,2025_Conforme_2_Cam_B_2_371.jpg,bottom_only,Conforme
B,year + batch_num + cam_num + sample_num + label_filename,2025,2,2,372,0,1,1,,2025_Conforme_2_Cam_B_2_372.jpg,bottom_only,Conforme
B,year + batch_num + cam_num + sample_num + label_filename,2025,2,2,373,0,1,1,,2025_Conforme_2_Cam_B_2_373.jpg,bottom_only,Conforme
B,year + batch_num + cam_num + sample_num + label_filename,2025,2,2,374,0,1,1,,2025_Conforme_2_Cam_B_2_374.jpg,bottom_only,Conforme
B,year + batch_num + cam_num + sample_num + label_filename,2025,2,2,375,0,1,1,,2025_Conforme_2_Cam_B_2_375.jpg,bottom_only,Conforme
B,year + batch_num + cam_num + sample_num + label_filename,2025,2,2,376,0,1,1,,2025_Conforme_2_Cam_B_2_376.jpg,bottom_only,Conforme
B,year + batch_num + cam_num + sample_num + label_filename,2025,2,2,377,0,1,1,,2025_Conforme_2_Cam_B_2_377.jpg,bottom_only,Conforme
B,year + batch_num + cam_num + sample_num + label_filename,2025,2,2,378,0,1,1,,2025_Conforme_2_Cam_B_2_378.jpg,bottom_only,Conforme
B,year + batch_num + cam_num + sample_num + label_filename,2025,2,2,379,0,1,1,,2025_Conforme_2_Cam_B_2_379.jpg,bottom_only,Conforme
B,year + batch_num + cam_num + sample_num + label_filename,2025,2,2,380,0,1,1,,2025_Conforme_2_Cam_B_2_380.jpg,bottom_only,Conforme
B,year + batch_num + cam_num + sample_num + label_filename,2025,2,2,381,0,1,1,,2025_Conforme_2_Cam_B_2_381.jpg,bottom_only,Conforme
B,year + batch_num + cam_num + sample_num + label_filename,2025,2,2,382,0,1,1,,2025_Conforme_2_Cam_B_2_382.jpg,bottom_only,Conforme
B,year + batch_num + cam_num + sample_num + label_filename,2025,2,2,383,0,1,1,,2025_Conforme_2_Cam_B_2_383.jpg,bottom_only,Conforme
B,year + batch_num + cam_num + sample_num + label_filename,2025,2,2,384,0,1,1,,2025_Conforme_2_Cam_B_2_384.jpg,bottom_only,Conforme
B,year + batch_num + cam_num + sample_num + label_filename,2025,2,2,385,0,1,1,,2025_Conforme_2_Cam_B_2_385.jpg,bottom_only,Conforme
B,year + batch_num + cam_num + sample_num + label_filename,2025,2,2,386,0,1,1,,2025_Conforme_2_Cam_B_2_386.jpg,bottom_only,Conforme
B,year + batch_num + cam_num + sample_num + label_filename,2025,2,2,387,0,1,1,,2025_Conforme_2_Cam_B_2_387.jpg,bottom_only,Conforme
B,year + batch_num + cam_num + sample_num + label_filename,2025,2,2,388,0,1,1,,2025_Conforme_2_Cam_B_2_388.jpg,bottom_only,Conforme
B,year + batch_num + cam_num + sample_num + label_filename,2025,2,2,389,0,1,1,,2025_Conforme_2_Cam_B_2_389.jpg,bottom_only,Conforme
B,year + batch_num + cam_num + sample_num + label_filename,2025,2,2,390,0,1,1,,2025_Conforme_2_Cam_B_2_390.jpg,bottom_only,Conforme
B,year + batch_num + cam_num + sample_num + label_filename,2025,2,2,391,0,1,1,,2025_Conforme_2_Cam_B_2_391.jpg,bottom_only,Conforme
B,year + batch_num + cam_num + sample_num + label_filename,2025,2,2,392,0,1,1,,2025_Conforme_2_Cam_B_2_392.jpg,bottom_only,Conforme
B,year + batch_num + cam_num + sample_num + label_filename,2025,2,2,393,0,1,1,,2025_Conforme_2_Cam_B_2_393.jpg,bottom_only,Conforme
B,year + batch_num + cam_num + sample_num + label_filename,2025,2,2,394,0,1,1,,2025_Conforme_2_Cam_B_2_394.jpg,bottom_only,Conforme
B,year + batch_num + cam_num + sample_num + label_filename,2025,2,2,395,0,1,1,,2025_Conforme_2_Cam_B_2_395.jpg,bottom_only,Conforme
B,year + batch_num + cam_num + sample_num + label_filename,2025,2,2,396,0,1,1,,2025_Conforme_2_Cam_B_2_396.jpg,bottom_only,Conforme
B,year + batch_num + cam_num + sample_num + label_filename,2025,2,2,397,0,1,1,,2025_Conforme_2_Cam_B_2_397.jpg,bottom_only,Conforme
B,year + batch_num + cam_num + sample_num + label_filename,2025,2,2,398,0,1,1,,2025_Conforme_2_Cam_B_2_398.jpg,bottom_only,Conforme
B,year + batch_num + cam_num + sample_num + label_filename,2025,2,2,399,0,1,1,,2025_Conforme_2_Cam_B_2_399.jpg,bottom_only,Conforme
B,year + batch_num + cam_num + sample_num + label_filename,2025,2,2,400,0,1,1,,2025_Conforme_2_Cam_B_2_400.jpg,bottom_only,Conforme
B,year + batch_num + cam_num + sample_num + label_filename,2025,2,2,401,0,1,1,,2025_Conforme_2_Cam_B_2_401.jpg,bottom_only,Conforme
B,year + batch_num + cam_num + sample_num + label_filename,2025,2,2,402,0,1,1,,2025_Conforme_2_Cam_B_2_402.jpg,bottom_only,Conforme
B,year + batch_num + cam_num + sample_num + label_filename,2025,2,2,403,0,1,1,,2025_Conforme_2_Cam_B_2_403.jpg,bottom_only,Conforme
B,year + batch_num + cam_num + sample_num + label_filename,2025,2,2,404,0,1,1,,2025_Conforme_2_Cam_B_2_404.jpg,bottom_only,Conforme
B,year + batch_num + cam_num + sample_num + label_filename,2025,2,2,405,0,1,1,,2025_Conforme_2_Cam_B_2_405.jpg,bottom_only,Conforme
B,year + batch_num + cam_num + sample_num + label_filename,2025,2,2,406,0,1,1,,2025_Conforme_2_Cam_B_2_406.jpg,bottom_only,Conforme
B,year + batch_num + cam_num + sample_num + label_filename,2025,2,2,407,0,1,1,,2025_Conforme_2_Cam_B_2_407.jpg,bottom_only,Conforme
B,year + batch_num + cam_num + sample_num + label_filename,2025,2,2,408,0,1,1,,2025_Conforme_2_Cam_B_2_408.jpg,bottom_only,Conforme
B,year + batch_num + cam_num + sample_num + label_filename,2025,2,2,409,0,1,1,,2025_Conforme_2_Cam_B_2_409.jpg,bottom_only,Conforme
B,year + batch_num + cam_num + sample_num + label_filename,2025,2,2,410,0,1,1,,2025_Conforme_2_Cam_B_2_410.jpg,bottom_only,Conforme
B,year + batch_num + cam_num + sample_num + label_filename,2025,2,2,411,0,1,1,,2025_Conforme_2_Cam_B_2_411.jpg,bottom_only,Conforme
B,year + batch_num + cam_num + sample_num + label_filename,2025,2,2,412,0,1,1,,2025_Conforme_2_Cam_B_2_412.jpg,bottom_only,Conforme
B,year + batch_num + cam_num + sample_num + label_filename,2025,2,2,413,0,1,1,,2025_Conforme_2_Cam_B_2_413.jpg,bottom_only,Conforme
B,year + batch_num + cam_num + sample_num + label_filename,2025,2,2,414,0,1,1,,2025_Conforme_2_Cam_B_2_414.jpg,bottom_only,Conforme
B,year + batch_num + cam_num + sample_num + label_filename,2025,2,2,415,0,1,1,,2025_Conforme_2_Cam_B_2_415.jpg,bottom_only,Conforme
B,year + batch_num + cam_num + sample_num + label_filename,2025,2,2,416,0,1,1,,2025_Conforme_2_Cam_B_2_416.jpg,bottom_only,Conforme
B,year + batch_num + cam_num + sample_num + label_filename,2025,2,2,417,0,1,1,,2025_Conforme_2_Cam_B_2_417.jpg,bottom_only,Conforme
B,year + batch_num + cam_num + sample_num + label_filename,2025,2,2,418,0,1,1,,2025_Conforme_2_Cam_B_2_418.jpg,bottom_only,Conforme
B,year + batch_num + cam_num + sample_num + label_filename,2025,2,2,419,0,1,1,,2025_Conforme_2_Cam_B_2_419.jpg,bottom_only,Conforme
B,year + batch_num + cam_num + sample_num + label_filename,2025,2,2,420,0,1,1,,2025_Conforme_2_Cam_B_2_420.jpg,bottom_only,Conforme
B,year + batch_num + cam_num + sample_num + label_filename,2025,2,2,421,0,1,1,,2025_Conforme_2_Cam_B_2_421.jpg,bottom_only,Conforme
B,year + batch_num + cam_num + sample_num + label_filename,2025,2,2,422,0,1,1,,2025_Conforme_2_Cam_B_2_422.jpg,bottom_only,Conforme
B,year + batch_num + cam_num + sample_num + label_filename,2025,2,2,423,0,1,1,,2025_Conforme_2_Cam_B_2_423.jpg,bottom_only,Conforme
B,year + batch_num + cam_num + sample_num + label_filename,2025,2,2,424,0,1,1,,2025_Conforme_2_Cam_B_2_424.jpg,bottom_only,Conforme
B,year + batch_num + cam_num + sample_num + label_filename,2025,2,2,425,0,1,1,,2025_Conforme_2_Cam_B_2_425.jpg,bottom_only,Conforme
B,year + batch_num + cam_num + sample_num + label_filename,2025,2,2,426,0,1,1,,2025_Conforme_2_Cam_B_2_426.jpg,bottom_only,Conforme
B,year + batch_num + cam_num + sample_num + label_filename,2025,2,2,427,0,1,1,,2025_Conforme_2_Cam_B_2_427.jpg,bottom_only,Conforme
B,year + batch_num + cam_num + sample_num + label_filename,2025,2,2,428,0,1,1,,2025_Conforme_2_Cam_B_2_428.jpg,bottom_only,Conforme
B,year + batch_num + cam_num + sample_num + label_filename,2025,2,2,429,0,1,1,,2025_Conforme_2_Cam_B_2_429.jpg,bottom_only,Conforme
B,year + batch_num + cam_num + sample_num + label_filename,2025,2,2,430,0,1,1,,2025_Conforme_2_Cam_B_2_430.jpg,bottom_only,Conforme
B,year + batch_num + cam_num + sample_num + label_filename,2025,2,2,431,0,1,1,,2025_Conforme_2_Cam_B_2_431.jpg,bottom_only,Conforme
B,year + batch_num + cam_num + sample_num + label_filename,2025,2,2,432,0,1,1,,2025_Conforme_2_Cam_B_2_432.jpg,bottom_only,Conforme
B,year + batch_num + cam_num + sample_num + label_filename,2025,2,2,433,0,1,1,,2025_Conforme_2_Cam_B_2_433.jpg,bottom_only,Conforme
B,year + batch_num + cam_num + sample_num + label_filename,2025,2,2,434,0,1,1,,2025_Conforme_2_Cam_B_2_434.jpg,bottom_only,Conforme
B,year + batch_num + cam_num + sample_num + label_filename,2025,2,2,435,0,1,1,,2025_Conforme_2_Cam_B_2_435.jpg,bottom_only,Conforme
B,year + batch_num + cam_num + sample_num + label_filename,2025,2,2,436,0,1,1,,2025_Conforme_2_Cam_B_2_436.jpg,bottom_only,Conforme
B,year + batch_num + cam_num + sample_num + label_filename,2025,2,2,437,0,1,1,,2025_Conforme_2_Cam_B_2_437.jpg,bottom_only,Conforme
B,year + batch_num + cam_num + sample_num + label_filename,2025,2,2,438,0,1,1,,2025_Conforme_2_Cam_B_2_438.jpg,bottom_only,Conforme
B,year + batch_num + cam_num + sample_num + label_filename,2025,2,2,439,0,1,1,,2025_Conforme_2_Cam_B_2_439.jpg,bottom_only,Conforme
B,year + batch_num + cam_num + sample_num + label_filename,2025,2,2,440,0,1,1,,2025_Conforme_2_Cam_B_2_440.jpg,bottom_only,Conforme
B,year + batch_num + cam_num + sample_num + label_filename,2025,2,2,441,0,1,1,,2025_Conforme_2_Cam_B_2_441.jpg,bottom_only,Conforme
B,year + batch_num + cam_num + sample_num + label_filename,2025,2,2,442,0,1,1,,2025_Conforme_2_Cam_B_2_442.jpg,bottom_only,Conforme
B,year + batch_num + cam_num + sample_num + label_filename,2025,2,2,443,0,1,1,,2025_Conforme_2_Cam_B_2_443.jpg,bottom_only,Conforme
B,year + batch_num + cam_num + sample_num + label_filename,2025,2,2,444,0,1,1,,2025_Conforme_2_Cam_B_2_444.jpg,bottom_only,Conforme
B,year + batch_num + cam_num + sample_num + label_filename,2025,2,2,445,0,1,1,,2025_Conforme_2_Cam_B_2_445.jpg,bottom_only,Conforme
B,year + batch_num + cam_num + sample_num + label_filename,2025,2,2,446,0,1,1,,2025_Conforme_2_Cam_B_2_446.jpg,bottom_only,Conforme
B,year + batch_num + cam_num + sample_num + label_filename,2025,2,2,447,0,1,1,,2025_Conforme_2_Cam_B_2_447.jpg,bottom_only,Conforme
B,year + batch_num + cam_num + sample_num + label_filename,2025,2,2,448,0,1,1,,2025_Conforme_2_Cam_B_2_448.jpg,bottom_only,Conforme
B,year + batch_num + cam_num + sample_num + label_filename,2025,2,2,449,0,1,1,,2025_Conforme_2_Cam_B_2_449.jpg,bottom_only,Conforme
B,year + batch_num + cam_num + sample_num + label_filename,2025,2,2,450,0,1,1,,2025_Conforme_2_Cam_B_2_450.jpg,bottom_only,Conforme
B,year + batch_num + cam_num + sample_num + label_filename,2025,2,2,451,0,1,1,,2025_Conforme_2_Cam_B_2_451.jpg,bottom_only,Conforme
B,year + batch_num + cam_num + sample_num + label_filename,2025,2,2,452,0,1,1,,2025_Conforme_2_Cam_B_2_452.jpg,bottom_only,Conforme
B,year + batch_num + cam_num + sample_num + label_filename,2025,2,2,453,0,1,1,,2025_Conforme_2_Cam_B_2_453.jpg,bottom_only,Conforme
B,year + batch_num + cam_num + sample_num + label_filename,2025,2,2,454,0,1,1,,2025_Conforme_2_Cam_B_2_454.jpg,bottom_only,Conforme
B,year + batch_num + cam_num + sample_num + label_filename,2025,2,2,455,0,1,1,,2025_Conforme_2_Cam_B_2_455.jpg,bottom_only,Conforme
B,year + batch_num + cam_num + sample_num + label_filename,2025,2,2,456,0,1,1,,2025_Conforme_2_Cam_B_2_456.jpg,bottom_only,Conforme
B,year + batch_num + cam_num + sample_num + label_filename,2025,2,2,457,0,1,1,,2025_Conforme_2_Cam_B_2_457.jpg,bottom_only,Conforme
B,year + batch_num + cam_num + sample_num + label_filename,2025,2,2,458,0,1,1,,2025_Conforme_2_Cam_B_2_458.jpg,bottom_only,Conforme
B,year + batch_num + cam_num + sample_num + label_filename,2025,2,2,459,0,1,1,,2025_Conforme_2_Cam_B_2_459.jpg,bottom_only,Conforme
B,year + batch_num + cam_num + sample_num + label_filename,2025,2,2,460,0,1,1,,2025_Conforme_2_Cam_B_2_460.jpg,bottom_only,Conforme
B,year + batch_num + cam_num + sample_num + label_filename,2025,2,2,461,0,1,1,,2025_Conforme_2_Cam_B_2_461.jpg,bottom_only,Conforme
B,year + batch_num + cam_num + sample_num + label_filename,2025,2,2,462,0,1,1,,2025_Conforme_2_Cam_B_2_462.jpg,bottom_only,Conforme
B,year + batch_num + cam_num + sample_num + label_filename,2025,2,2,463,0,1,1,,2025_Conforme_2_Cam_B_2_463.jpg,bottom_only,Conforme
B,year + batch_num + cam_num + sample_num + label_filename,2025,2,2,464,0,1,1,,2025_Conforme_2_Cam_B_2_464.jpg,bottom_only,Conforme
B,year + batch_num + cam_num + sample_num + label_filename,2025,2,2,465,0,1,1,,2025_Conforme_2_Cam_B_2_465.jpg,bottom_only,Conforme
B,year + batch_num + cam_num + sample_num + label_filename,2025,2,2,466,0,1,1,,2025_Conforme_2_Cam_B_2_466.jpg,bottom_only,Conforme
B,year + batch_num + cam_num + sample_num + label_filename,2025,2,2,467,0,1,1,,2025_Conforme_2_Cam_B_2_467.jpg,bottom_only,Conforme
B,year + batch_num + cam_num + sample_num + label_filename,2025,2,2,468,0,1,1,,2025_Conforme_2_Cam_B_2_468.jpg,bottom_only,Conforme
B,year + batch_num + cam_num + sample_num + label_filename,2025,2,2,469,0,1,1,,2025_Conforme_2_Cam_B_2_469.jpg,bottom_only,Conforme
B,year + batch_num + cam_num + sample_num + label_filename,2025,2,2,470,0,1,1,,2025_Conforme_2_Cam_B_2_470.jpg,bottom_only,Conforme
B,year + batch_num + cam_num + sample_num + label_filename,2025,2,2,471,0,1,1,,2025_Conforme_2_Cam_B_2_471.jpg,bottom_only,Conforme
B,year + batch_num + cam_num + sample_num + label_filename,2025,2,2,472,0,1,1,,2025_Conforme_2_Cam_B_2_472.jpg,bottom_only,Conforme
B,year + batch_num + cam_num + sample_num + label_filename,2025,2,2,473,0,1,1,,2025_Conforme_2_Cam_B_2_473.jpg,bottom_only,Conforme
B,year + batch_num + cam_num + sample_num + label_filename,2025,2,2,474,0,1,1,,2025_Conforme_2_Cam_B_2_474.jpg,bottom_only,Conforme
B,year + batch_num + cam_num + sample_num + label_filename,2025,2,2,475,0,1,1,,2025_Conforme_2_Cam_B_2_475.jpg,bottom_only,Conforme
B,year + batch_num + cam_num + sample_num + label_filename,2025,2,2,476,0,1,1,,2025_Conforme_2_Cam_B_2_476.jpg,bottom_only,Conforme
B,year + batch_num + cam_num + sample_num + label_filename,2025,2,2,477,0,1,1,,2025_Conforme_2_Cam_B_2_477.jpg,bottom_only,Conforme
B,year + batch_num + cam_num + sample_num + label_filename,2025,2,2,478,0,1,1,,2025_Conforme_2_Cam_B_2_478.jpg,bottom_only,Conforme
B,year + batch_num + cam_num + sample_num + label_filename,2025,2,2,479,0,1,1,,2025_Conforme_2_Cam_B_2_479.jpg,bottom_only,Conforme
B,year + batch_num + cam_num + sample_num + label_filename,2025,2,2,480,0,1,1,,2025_Conforme_2_Cam_B_2_480.jpg,bottom_only,Conforme
B,year + batch_num + cam_num + sample_num + label_filename,2025,2,2,481,0,1,1,,2025_Conforme_2_Cam_B_2_481.jpg,bottom_only,Conforme
B,year + batch_num + cam_num + sample_num + label_filename,2025,2,2,482,0,1,1,,2025_Conforme_2_Cam_B_2_482.jpg,bottom_only,Conforme
B,year + batch_num + cam_num + sample_num + label_filename,2025,2,2,483,0,1,1,,2025_Conforme_2_Cam_B_2_483.jpg,bottom_only,Conforme
B,year + batch_num + cam_num + sample_num + label_filename,2025,2,2,484,0,1,1,,2025_Conforme_2_Cam_B_2_484.jpg,bottom_only,Conforme
B,year + batch_num + cam_num + sample_num + label_filename,2025,2,2,485,0,1,1,,2025_Conforme_2_Cam_B_2_485.jpg,bottom_only,Conforme
B,year + batch_num + cam_num + sample_num + label_filename,2025,2,2,486,0,1,1,,2025_Conforme_2_Cam_B_2_486.jpg,bottom_only,Conforme
B,year + batch_num + cam_num + sample_num + label_filename,2025,2,2,487,0,1,1,,2025_Conforme_2_Cam_B_2_487.jpg,bottom_only,Conforme
B,year + batch_num + cam_num + sample_num + label_filename,2025,2,2,488,0,1,1,,2025_Conforme_2_Cam_B_2_488.jpg,bottom_only,Conforme
B,year + batch_num + cam_num + sample_num + label_filename,2025,2,2,489,0,1,1,,2025_Conforme_2_Cam_B_2_489.jpg,bottom_only,Conforme
B,year + batch_num + cam_num + sample_num + label_filename,2025,2,2,490,0,1,1,,2025_Conforme_2_Cam_B_2_490.jpg,bottom_only,Conforme
B,year + batch_num + cam_num + sample_num + label_filename,2025,2,2,491,0,1,1,,2025_Conforme_2_Cam_B_2_491.jpg,bottom_only,Conforme
B,year + batch_num + cam_num + sample_num + label_filename,2025,2,2,492,0,1,1,,2025_Conforme_2_Cam_B_2_492.jpg,bottom_only,Conforme
B,year + batch_num + cam_num + sample_num + label_filename,2025,2,2,493,0,1,1,,2025_Conforme_2_Cam_B_2_493.jpg,bottom_only,Conforme
B,year + batch_num + cam_num + sample_num + label_filename,2025,2,2,494,0,1,1,,2025_Conforme_2_Cam_B_2_494.jpg,bottom_only,Conforme
B,year + batch_num + cam_num + sample_num + label_filename,2025,2,2,495,0,1,1,,2025_Conforme_2_Cam_B_2_495.jpg,bottom_only,Conforme
B,year + batch_num + cam_num + sample_num + label_filename,2025,2,2,496,0,1,1,,2025_Conforme_2_Cam_B_2_496.jpg,bottom_only,Conforme
B,year + batch_num + cam_num + sample_num + label_filename,2025,2,2,497,0,1,1,,2025_Conforme_2_Cam_B_2_497.jpg,bottom_only,Conforme
B,year + batch_num + cam_num + sample_num + label_filename,2025,2,2,498,0,1,1,,2025_Conforme_2_Cam_B_2_498.jpg,bottom_only,Conforme
B,year + batch_num + cam_num + sample_num + label_filename,2025,2,2,499,0,1,1,,2025_Conforme_2_Cam_B_2_499.jpg,bottom_only,Conforme
B,year + batch_num + cam_num + sample_num + label_filename,2025,2,2,500,0,1,1,,2025_Conforme_2_Cam_B_2_500.jpg,bottom_only,Conforme
B,year + batch_num + cam_num + sample_num + label_filename,2025,2,2,501,0,1,1,,2025_Conforme_2_Cam_B_2_501.jpg,bottom_only,Conforme
B,year + batch_num + cam_num + sample_num + label_filename,2025,2,2,502,0,1,1,,2025_Conforme_2_Cam_B_2_502.jpg,bottom_only,Conforme
B,year + batch_num + cam_num + sample_num + label_filename,2025,2,2,503,0,1,1,,2025_Conforme_2_Cam_B_2_503.jpg,bottom_only,Conforme
B,year + batch_num + cam_num + sample_num + label_filename,2025,2,2,504,0,1,1,,2025_Conforme_2_Cam_B_2_504.jpg,bottom_only,Conforme
B,year + batch_num + cam_num + sample_num + label_filename,2025,2,2,505,0,1,1,,2025_Conforme_2_Cam_B_2_505.jpg,bottom_only,Conforme
B,year + batch_num + cam_num + sample_num + label_filename,2025,2,2,506,0,1,1,,2025_Conforme_2_Cam_B_2_506.jpg,bottom_only,Conforme
B,year + batch_num + cam_num + sample_num + label_filename,2025,2,2,507,0,1,1,,2025_Conforme_2_Cam_B_2_507.jpg,bottom_only,Conforme
B,year + batch_num + cam_num + sample_num + label_filename,2025,2,2,508,0,1,1,,2025_Conforme_2_Cam_B_2_508.jpg,bottom_only,Conforme
B,year + batch_num + cam_num + sample_num + label_filename,2025,2,2,509,0,1,1,,2025_Conforme_2_Cam_B_2_509.jpg,bottom_only,Conforme
B,year + batch_num + cam_num + sample_num + label_filename,2025,2,2,510,0,1,1,,2025_Conforme_2_Cam_B_2_510.jpg,bottom_only,Conforme
B,year + batch_num + cam_num + sample_num + label_filename,2025,2,2,511,0,1,1,,2025_Conforme_2_Cam_B_2_511.jpg,bottom_only,Conforme
B,year + batch_num + cam_num + sample_num + label_filename,2025,2,2,512,0,1,1,,2025_Conforme_2_Cam_B_2_512.jpg,bottom_only,Conforme
B,year + batch_num + cam_num + sample_num + label_filename,2025,2,2,513,0,1,1,,2025_Conforme_2_Cam_B_2_513.jpg,bottom_only,Conforme
B,year + batch_num + cam_num + sample_num + label_filename,2025,2,2,514,0,1,1,,2025_Conforme_2_Cam_B_2_514.jpg,bottom_only,Conforme
B,year + batch_num + cam_num + sample_num + label_filename,2025,2,2,515,0,1,1,,2025_Conforme_2_Cam_B_2_515.jpg,bottom_only,Conforme
B,year + batch_num + cam_num + sample_num + label_filename,2025,2,2,516,0,1,1,,2025_Conforme_2_Cam_B_2_516.jpg,bottom_only,Conforme
B,year + batch_num + cam_num + sample_num + label_filename,2025,2,2,517,0,1,1,,2025_Conforme_2_Cam_B_2_517.jpg,bottom_only,Conforme
B,year + batch_num + cam_num + sample_num + label_filename,2025,2,2,518,0,1,1,,2025_Conforme_2_Cam_B_2_518.jpg,bottom_only,Conforme
B,year + batch_num + cam_num + sample_num + label_filename,2025,2,3,105,1,0,1,2025_Conforme_2_Cam_T_3_105.jpg,,top_only,Conforme
B,year + batch_num + cam_num + sample_num + label_filename,2025,2,3,259,0,1,1,,2025_Conforme_2_Cam_B_3_259.jpg,bottom_only,Conforme
B,year + batch_num + cam_num + sample_num + label_filename,2025,2,3,260,0,1,1,,2025_Conforme_2_Cam_B_3_260.jpg,bottom_only,Conforme
B,year + batch_num + cam_num + sample_num + label_filename,2025,2,3,261,0,1,1,,2025_Conforme_2_Cam_B_3_261.jpg,bottom_only,Conforme
B,year + batch_num + cam_num + sample_num + label_filename,2025,2,3,262,0,1,1,,2025_Conforme_2_Cam_B_3_262.jpg,bottom_only,Conforme
B,year + batch_num + cam_num + sample_num + label_filename,2025,2,3,263,0,1,1,,2025_Conforme_2_Cam_B_3_263.jpg,bottom_only,Conforme
B,year + batch_num + cam_num + sample_num + label_filename,2025,2,3,264,0,1,1,,2025_Conforme_2_Cam_B_3_264.jpg,bottom_only,Conforme
B,year + batch_num + cam_num + sample_num + label_filename,2025,2,3,265,0,1,1,,2025_Conforme_2_Cam_B_3_265.jpg,bottom_only,Conforme
B,year + batch_num + cam_num + sample_num + label_filename,2025,2,3,266,0,1,1,,2025_Conforme_2_Cam_B_3_266.jpg,bottom_only,Conforme
B,year + batch_num + cam_num + sample_num + label_filename,2025,2,3,267,0,1,1,,2025_Conforme_2_Cam_B_3_267.jpg,bottom_only,Conforme
B,year + batch_num + cam_num + sample_num + label_filename,2025,2,3,268,0,1,1,,2025_Conforme_2_Cam_B_3_268.jpg,bottom_only,Conforme
B,year + batch_num + cam_num + sample_num + label_filename,2025,2,3,269,0,1,1,,2025_Conforme_2_Cam_B_3_269.jpg,bottom_only,Conforme
B,year + batch_num + cam_num + sample_num + label_filename,2025,2,3,270,0,1,1,,2025_Conforme_2_Cam_B_3_270.jpg,bottom_only,Conforme
B,year + batch_num + cam_num + sample_num + label_filename,2025,2,3,271,0,1,1,,2025_Conforme_2_Cam_B_3_271.jpg,bottom_only,Conforme
B,year + batch_num + cam_num + sample_num + label_filename,2025,2,3,272,0,1,1,,2025_Conforme_2_Cam_B_3_272.jpg,bottom_only,Conforme
B,year + batch_num + cam_num + sample_num + label_filename,2025,2,3,273,0,1,1,,2025_Conforme_2_Cam_B_3_273.jpg,bottom_only,Conforme
B,year + batch_num + cam_num + sample_num + label_filename,2025,2,3,274,0,1,1,,2025_Conforme_2_Cam_B_3_274.jpg,bottom_only,Conforme
B,year + batch_num + cam_num + sample_num + label_filename,2025,2,3,275,0,1,1,,2025_Conforme_2_Cam_B_3_275.jpg,bottom_only,Conforme
B,year + batch_num + cam_num + sample_num + label_filename,2025,2,3,276,0,1,1,,2025_Conforme_2_Cam_B_3_276.jpg,bottom_only,Conforme
B,year + batch_num + cam_num + sample_num + label_filename,2025,2,3,277,0,1,1,,2025_Conforme_2_Cam_B_3_277.jpg,bottom_only,Conforme
B,year + batch_num + cam_num + sample_num + label_filename,2025,2,3,278,0,1,1,,2025_Conforme_2_Cam_B_3_278.jpg,bottom_only,Conforme
B,year + batch_num + cam_num + sample_num + label_filename,2025,2,3,279,0,1,1,,2025_Conforme_2_Cam_B_3_279.jpg,bottom_only,Conforme
B,year + batch_num + cam_num + sample_num + label_filename,2025,2,3,280,0,1,1,,2025_Conforme_2_Cam_B_3_280.jpg,bottom_only,Conforme
B,year + batch_num + cam_num + sample_num + label_filename,2025,2,3,281,0,1,1,,2025_Conforme_2_Cam_B_3_281.jpg,bottom_only,Conforme
B,year + batch_num + cam_num + sample_num + label_filename,2025,2,3,282,0,1,1,,2025_Conforme_2_Cam_B_3_282.jpg,bottom_only,Conforme
B,year + batch_num + cam_num + sample_num + label_filename,2025,2,3,283,0,1,1,,2025_Conforme_2_Cam_B_3_283.jpg,bottom_only,Conforme
B,year + batch_num + cam_num + sample_num + label_filename,2025,2,3,284,0,1,1,,2025_Conforme_2_Cam_B_3_284.jpg,bottom_only,Conforme
B,year + batch_num + cam_num + sample_num + label_filename,2025,2,3,285,0,1,1,,2025_Conforme_2_Cam_B_3_285.jpg,bottom_only,Conforme
B,year + batch_num + cam_num + sample_num + label_filename,2025,2,3,286,0,1,1,,2025_Conforme_2_Cam_B_3_286.jpg,bottom_only,Conforme
B,year + batch_num + cam_num + sample_num + label_filename,2025,2,3,287,0,1,1,,2025_Conforme_2_Cam_B_3_287.jpg,bottom_only,Conforme
B,year + batch_num + cam_num + sample_num + label_filename,2025,2,3,288,0,1,1,,2025_Conforme_2_Cam_B_3_288.jpg,bottom_only,Conforme
B,year + batch_num + cam_num + sample_num + label_filename,2025,2,3,289,0,1,1,,2025_Conforme_2_Cam_B_3_289.jpg,bottom_only,Conforme
B,year + batch_num + cam_num + sample_num + label_filename,2025,2,3,290,0,1,1,,2025_Conforme_2_Cam_B_3_290.jpg,bottom_only,Conforme
B,year + batch_num + cam_num + sample_num + label_filename,2025,2,3,291,0,1,1,,2025_Conforme_2_Cam_B_3_291.jpg,bottom_only,Conforme
B,year + batch_num + cam_num + sample_num + label_filename,2025,2,3,292,0,1,1,,2025_Conforme_2_Cam_B_3_292.jpg,bottom_only,Conforme
B,year + batch_num + cam_num + sample_num + label_filename,2025,2,3,293,0,1,1,,2025_Conforme_2_Cam_B_3_293.jpg,bottom_only,Conforme
B,year + batch_num + cam_num + sample_num + label_filename,2025,2,3,294,0,1,1,,2025_Conforme_2_Cam_B_3_294.jpg,bottom_only,Conforme
B,year + batch_num + cam_num + sample_num + label_filename,2025,2,3,295,0,1,1,,2025_Conforme_2_Cam_B_3_295.jpg,bottom_only,Conforme
B,year + batch_num + cam_num + sample_num + label_filename,2025,2,3,296,0,1,1,,2025_Conforme_2_Cam_B_3_296.jpg,bottom_only,Conforme
B,year + batch_num + cam_num + sample_num + label_filename,2025,2,3,297,0,1,1,,2025_Conforme_2_Cam_B_3_297.jpg,bottom_only,Conforme
B,year + batch_num + cam_num + sample_num + label_filename,2025,2,3,298,0,1,1,,2025_Conforme_2_Cam_B_3_298.jpg,bottom_only,Conforme
B,year + batch_num + cam_num + sample_num + label_filename,2025,2,3,299,0,1,1,,2025_Conforme_2_Cam_B_3_299.jpg,bottom_only,Conforme
B,year + batch_num + cam_num + sample_num + label_filename,2025,2,3,300,0,1,1,,2025_Conforme_2_Cam_B_3_300.jpg,bottom_only,Conforme
B,year + batch_num + cam_num + sample_num + label_filename,2025,2,3,301,0,1,1,,2025_Conforme_2_Cam_B_3_301.jpg,bottom_only,Conforme
B,year + batch_num + cam_num + sample_num + label_filename,2025,2,3,302,0,1,1,,2025_Conforme_2_Cam_B_3_302.jpg,bottom_only,Conforme
B,year + batch_num + cam_num + sample_num + label_filename,2025,2,3,303,0,1,1,,2025_Conforme_2_Cam_B_3_303.jpg,bottom_only,Conforme
B,year + batch_num + cam_num + sample_num + label_filename,2025,2,3,304,0,1,1,,2025_Conforme_2_Cam_B_3_304.jpg,bottom_only,Conforme
B,year + batch_num + cam_num + sample_num + label_filename,2025,2,3,305,0,1,1,,2025_Conforme_2_Cam_B_3_305.jpg,bottom_only,Conforme
B,year + batch_num + cam_num + sample_num + label_filename,2025,2,3,306,0,1,1,,2025_Conforme_2_Cam_B_3_306.jpg,bottom_only,Conforme
B,year + batch_num + cam_num + sample_num + label_filename,2025,2,3,307,0,1,1,,2025_Conforme_2_Cam_B_3_307.jpg,bottom_only,Conforme
B,year + batch_num + cam_num + sample_num + label_filename,2025,2,3,308,0,1,1,,2025_Conforme_2_Cam_B_3_308.jpg,bottom_only,Conforme
B,year + batch_num + cam_num + sample_num + label_filename,2025,2,3,309,0,1,1,,2025_Conforme_2_Cam_B_3_309.jpg,bottom_only,Conforme
B,year + batch_num + cam_num + sample_num + label_filename,2025,2,3,310,0,1,1,,2025_Conforme_2_Cam_B_3_310.jpg,bottom_only,Conforme
B,year + batch_num + cam_num + sample_num + label_filename,2025,2,3,311,0,1,1,,2025_Conforme_2_Cam_B_3_311.jpg,bottom_only,Conforme
B,year + batch_num + cam_num + sample_num + label_filename,2025,2,3,312,0,1,1,,2025_Conforme_2_Cam_B_3_312.jpg,bottom_only,Conforme
B,year + batch_num + cam_num + sample_num + label_filename,2025,2,3,313,0,1,1,,2025_Conforme_2_Cam_B_3_313.jpg,bottom_only,Conforme
B,year + batch_num + cam_num + sample_num + label_filename,2025,2,3,314,0,1,1,,2025_Conforme_2_Cam_B_3_314.jpg,bottom_only,Conforme
B,year + batch_num + cam_num + sample_num + label_filename,2025,2,3,315,0,1,1,,2025_Conforme_2_Cam_B_3_315.jpg,bottom_only,Conforme
B,year + batch_num + cam_num + sample_num + label_filename,2025,2,3,316,0,1,1,,2025_Conforme_2_Cam_B_3_316.jpg,bottom_only,Conforme
B,year + batch_num + cam_num + sample_num + label_filename,2025,2,3,317,0,1,1,,2025_Conforme_2_Cam_B_3_317.jpg,bottom_only,Conforme
B,year + batch_num + cam_num + sample_num + label_filename,2025,2,3,318,0,1,1,,2025_Conforme_2_Cam_B_3_318.jpg,bottom_only,Conforme
B,year + batch_num + cam_num + sample_num + label_filename,2025,2,3,319,0,1,1,,2025_Conforme_2_Cam_B_3_319.jpg,bottom_only,Conforme
B,year + batch_num + cam_num + sample_num + label_filename,2025,2,3,320,0,1,1,,2025_Conforme_2_Cam_B_3_320.jpg,bottom_only,Conforme
B,year + batch_num + cam_num + sample_num + label_filename,2025,2,3,321,0,1,1,,2025_Conforme_2_Cam_B_3_321.jpg,bottom_only,Conforme
B,year + batch_num + cam_num + sample_num + label_filename,2025,2,3,322,0,1,1,,2025_Conforme_2_Cam_B_3_322.jpg,bottom_only,Conforme
B,year + batch_num + cam_num + sample_num + label_filename,2025,2,3,323,0,1,1,,2025_Conforme_2_Cam_B_3_323.jpg,bottom_only,Conforme
B,year + batch_num + cam_num + sample_num + label_filename,2025,2,3,324,0,1,1,,2025_Conforme_2_Cam_B_3_324.jpg,bottom_only,Conforme
B,year + batch_num + cam_num + sample_num + label_filename,2025,2,3,325,0,1,1,,2025_Conforme_2_Cam_B_3_325.jpg,bottom_only,Conforme
B,year + batch_num + cam_num + sample_num + label_filename,2025,2,3,326,0,1,1,,2025_Conforme_2_Cam_B_3_326.jpg,bottom_only,Conforme
B,year + batch_num + cam_num + sample_num + label_filename,2025,2,3,327,0,1,1,,2025_Conforme_2_Cam_B_3_327.jpg,bottom_only,Conforme
B,year + batch_num + cam_num + sample_num + label_filename,2025,2,3,328,0,1,1,,2025_Conforme_2_Cam_B_3_328.jpg,bottom_only,Conforme
B,year + batch_num + cam_num + sample_num + label_filename,2025,2,3,329,0,1,1,,2025_Conforme_2_Cam_B_3_329.jpg,bottom_only,Conforme
B,year + batch_num + cam_num + sample_num + label_filename,2025,2,3,330,0,1,1,,2025_Conforme_2_Cam_B_3_330.jpg,bottom_only,Conforme
B,year + batch_num + cam_num + sample_num + label_filename,2025,2,3,331,0,1,1,,2025_Conforme_2_Cam_B_3_331.jpg,bottom_only,Conforme
B,year + batch_num + cam_num + sample_num + label_filename,2025,2,3,332,0,1,1,,2025_Conforme_2_Cam_B_3_332.jpg,bottom_only,Conforme
B,year + batch_num + cam_num + sample_num + label_filename,2025,2,3,333,0,1,1,,2025_Conforme_2_Cam_B_3_333.jpg,bottom_only,Conforme
B,year + batch_num + cam_num + sample_num + label_filename,2025,2,3,334,0,1,1,,2025_Conforme_2_Cam_B_3_334.jpg,bottom_only,Conforme
B,year + batch_num + cam_num + sample_num + label_filename,2025,2,3,335,0,1,1,,2025_Conforme_2_Cam_B_3_335.jpg,bottom_only,Conforme
B,year + batch_num + cam_num + sample_num + label_filename,2025,2,3,336,0,1,1,,2025_Conforme_2_Cam_B_3_336.jpg,bottom_only,Conforme
B,year + batch_num + cam_num + sample_num + label_filename,2025,2,3,337,0,1,1,,2025_Conforme_2_Cam_B_3_337.jpg,bottom_only,Conforme
B,year + batch_num + cam_num + sample_num + label_filename,2025,2,3,338,0,1,1,,2025_Conforme_2_Cam_B_3_338.jpg,bottom_only,Conforme
B,year + batch_num + cam_num + sample_num + label_filename,2025,2,3,339,0,1,1,,2025_Conforme_2_Cam_B_3_339.jpg,bottom_only,Conforme
B,year + batch_num + cam_num + sample_num + label_filename,2025,2,3,340,0,1,1,,2025_Conforme_2_Cam_B_3_340.jpg,bottom_only,Conforme
B,year + batch_num + cam_num + sample_num + label_filename,2025,2,3,341,0,1,1,,2025_Conforme_2_Cam_B_3_341.jpg,bottom_only,Conforme
B,year + batch_num + cam_num + sample_num + label_filename,2025,2,3,342,0,1,1,,2025_Conforme_2_Cam_B_3_342.jpg,bottom_only,Conforme
B,year + batch_num + cam_num + sample_num + label_filename,2025,2,3,343,0,1,1,,2025_Conforme_2_Cam_B_3_343.jpg,bottom_only,Conforme
B,year + batch_num + cam_num + sample_num + label_filename,2025,2,3,344,0,1,1,,2025_Conforme_2_Cam_B_3_344.jpg,bottom_only,Conforme
B,year + batch_num + cam_num + sample_num + label_filename,2025,2,3,345,0,1,1,,2025_Conforme_2_Cam_B_3_345.jpg,bottom_only,Conforme
B,year + batch_num + cam_num + sample_num + label_filename,2025,2,3,346,0,1,1,,2025_Conforme_2_Cam_B_3_346.jpg,bottom_only,Conforme
B,year + batch_num + cam_num + sample_num + label_filename,2025,2,3,347,0,1,1,,2025_Conforme_2_Cam_B_3_347.jpg,bottom_only,Conforme
B,year + batch_num + cam_num + sample_num + label_filename,2025,2,3,348,0,1,1,,2025_Conforme_2_Cam_B_3_348.jpg,bottom_only,Conforme
B,year + batch_num + cam_num + sample_num + label_filename,2025,2,3,349,0,1,1,,2025_Conforme_2_Cam_B_3_349.jpg,bottom_only,Conforme
B,year + batch_num + cam_num + sample_num + label_filename,2025,2,3,350,0,1,1,,2025_Conforme_2_Cam_B_3_350.jpg,bottom_only,Conforme
B,year + batch_num + cam_num + sample_num + label_filename,2025,2,3,351,0,1,1,,2025_Conforme_2_Cam_B_3_351.jpg,bottom_only,Conforme
B,year + batch_num + cam_num + sample_num + label_filename,2025,2,3,352,0,1,1,,2025_Conforme_2_Cam_B_3_352.jpg,bottom_only,Conforme
B,year + batch_num + cam_num + sample_num + label_filename,2025,2,3,353,0,1,1,,2025_Conforme_2_Cam_B_3_353.jpg,bottom_only,Conforme
B,year + batch_num + cam_num + sample_num + label_filename,2025,2,3,354,0,1,1,,2025_Conforme_2_Cam_B_3_354.jpg,bottom_only,Conforme
B,year + batch_num + cam_num + sample_num + label_filename,2025,2,3,355,0,1,1,,2025_Conforme_2_Cam_B_3_355.jpg,bottom_only,Conforme
B,year + batch_num + cam_num + sample_num + label_filename,2025,2,3,356,0,1,1,,2025_Conforme_2_Cam_B_3_356.jpg,bottom_only,Conforme
B,year + batch_num + cam_num + sample_num + label_filename,2025,2,3,357,0,1,1,,2025_Conforme_2_Cam_B_3_357.jpg,bottom_only,Conforme
B,year + batch_num + cam_num + sample_num + label_filename,2025,2,3,358,0,1,1,,2025_Conforme_2_Cam_B_3_358.jpg,bottom_only,Conforme
B,year + batch_num + cam_num + sample_num + label_filename,2025,2,3,359,0,1,1,,2025_Conforme_2_Cam_B_3_359.jpg,bottom_only,Conforme
B,year + batch_num + cam_num + sample_num + label_filename,2025,2,3,360,0,1,1,,2025_Conforme_2_Cam_B_3_360.jpg,bottom_only,Conforme
B,year + batch_num + cam_num + sample_num + label_filename,2025,2,3,361,0,1,1,,2025_Conforme_2_Cam_B_3_361.jpg,bottom_only,Conforme
B,year + batch_num + cam_num + sample_num + label_filename,2025,2,3,362,0,1,1,,2025_Conforme_2_Cam_B_3_362.jpg,bottom_only,Conforme
B,year + batch_num + cam_num + sample_num + label_filename,2025,2,3,363,0,1,1,,2025_Conforme_2_Cam_B_3_363.jpg,bottom_only,Conforme
B,year + batch_num + cam_num + sample_num + label_filename,2025,2,3,364,0,1,1,,2025_Conforme_2_Cam_B_3_364.jpg,bottom_only,Conforme
B,year + batch_num + cam_num + sample_num + label_filename,2025,2,3,365,0,1,1,,2025_Conforme_2_Cam_B_3_365.jpg,bottom_only,Conforme
B,year + batch_num + cam_num + sample_num + label_filename,2025,2,3,366,0,1,1,,2025_Conforme_2_Cam_B_3_366.jpg,bottom_only,Conforme
B,year + batch_num + cam_num + sample_num + label_filename,2025,2,3,367,0,1,1,,2025_Conforme_2_Cam_B_3_367.jpg,bottom_only,Conforme
B,year + batch_num + cam_num + sample_num + label_filename,2025,2,3,368,0,1,1,,2025_Conforme_2_Cam_B_3_368.jpg,bottom_only,Conforme
B,year + batch_num + cam_num + sample_num + label_filename,2025,2,3,369,0,1,1,,2025_Conforme_2_Cam_B_3_369.jpg,bottom_only,Conforme
B,year + batch_num + cam_num + sample_num + label_filename,2025,2,3,370,0,1,1,,2025_Conforme_2_Cam_B_3_370.jpg,bottom_only,Conforme
B,year + batch_num + cam_num + sample_num + label_filename,2025,2,3,371,0,1,1,,2025_Conforme_2_Cam_B_3_371.jpg,bottom_only,Conforme
B,year + batch_num + cam_num + sample_num + label_filename,2025,2,3,372,0,1,1,,2025_Conforme_2_Cam_B_3_372.jpg,bottom_only,Conforme
B,year + batch_num + cam_num + sample_num + label_filename,2025,2,3,373,0,1,1,,2025_Conforme_2_Cam_B_3_373.jpg,bottom_only,Conforme
B,year + batch_num + cam_num + sample_num + label_filename,2025,2,3,374,0,1,1,,2025_Conforme_2_Cam_B_3_374.jpg,bottom_only,Conforme
B,year + batch_num + cam_num + sample_num + label_filename,2025,2,3,375,0,1,1,,2025_Conforme_2_Cam_B_3_375.jpg,bottom_only,Conforme
B,year + batch_num + cam_num + sample_num + label_filename,2025,2,3,376,0,1,1,,2025_Conforme_2_Cam_B_3_376.jpg,bottom_only,Conforme
B,year + batch_num + cam_num + sample_num + label_filename,2025,2,3,377,0,1,1,,2025_Conforme_2_Cam_B_3_377.jpg,bottom_only,Conforme
B,year + batch_num + cam_num + sample_num + label_filename,2025,2,3,378,0,1,1,,2025_Conforme_2_Cam_B_3_378.jpg,bottom_only,Conforme
B,year + batch_num + cam_num + sample_num + label_filename,2025,2,3,379,0,1,1,,2025_Conforme_2_Cam_B_3_379.jpg,bottom_only,Conforme
B,year + batch_num + cam_num + sample_num + label_filename,2025,2,3,380,0,1,1,,2025_Conforme_2_Cam_B_3_380.jpg,bottom_only,Conforme
B,year + batch_num + cam_num + sample_num + label_filename,2025,2,3,381,0,1,1,,2025_Conforme_2_Cam_B_3_381.jpg,bottom_only,Conforme
B,year + batch_num + cam_num + sample_num + label_filename,2025,2,3,382,0,1,1,,2025_Conforme_2_Cam_B_3_382.jpg,bottom_only,Conforme
B,year + batch_num + cam_num + sample_num + label_filename,2025,2,3,383,0,1,1,,2025_Conforme_2_Cam_B_3_383.jpg,bottom_only,Conforme
B,year + batch_num + cam_num + sample_num + label_filename,2025,2,3,384,0,1,1,,2025_Conforme_2_Cam_B_3_384.jpg,bottom_only,Conforme
B,year + batch_num + cam_num + sample_num + label_filename,2025,2,3,385,0,1,1,,2025_Conforme_2_Cam_B_3_385.jpg,bottom_only,Conforme
B,year + batch_num + cam_num + sample_num + label_filename,2025,2,3,386,0,1,1,,2025_Conforme_2_Cam_B_3_386.jpg,bottom_only,Conforme
B,year + batch_num + cam_num + sample_num + label_filename,2025,2,3,387,0,1,1,,2025_Conforme_2_Cam_B_3_387.jpg,bottom_only,Conforme
B,year + batch_num + cam_num + sample_num + label_filename,2025,2,3,388,0,1,1,,2025_Conforme_2_Cam_B_3_388.jpg,bottom_only,Conforme
B,year + batch_num + cam_num + sample_num + label_filename,2025,2,3,389,0,1,1,,2025_Conforme_2_Cam_B_3_389.jpg,bottom_only,Conforme
B,year + batch_num + cam_num + sample_num + label_filename,2025,2,3,390,0,1,1,,2025_Conforme_2_Cam_B_3_390.jpg,bottom_only,Conforme
B,year + batch_num + cam_num + sample_num + label_filename,2025,2,3,391,0,1,1,,2025_Conforme_2_Cam_B_3_391.jpg,bottom_only,Conforme
B,year + batch_num + cam_num + sample_num + label_filename,2025,2,3,392,0,1,1,,2025_Conforme_2_Cam_B_3_392.jpg,bottom_only,Conforme
B,year + batch_num + cam_num + sample_num + label_filename,2025,2,3,393,0,1,1,,2025_Conforme_2_Cam_B_3_393.jpg,bottom_only,Conforme
B,year + batch_num + cam_num + sample_num + label_filename,2025,2,3,394,0,1,1,,2025_Conforme_2_Cam_B_3_394.jpg,bottom_only,Conforme
B,year + batch_num + cam_num + sample_num + label_filename,2025,2,3,395,0,1,1,,2025_Conforme_2_Cam_B_3_395.jpg,bottom_only,Conforme
B,year + batch_num + cam_num + sample_num + label_filename,2025,2,3,396,0,1,1,,2025_Conforme_2_Cam_B_3_396.jpg,bottom_only,Conforme
B,year + batch_num + cam_num + sample_num + label_filename,2025,2,3,397,0,1,1,,2025_Conforme_2_Cam_B_3_397.jpg,bottom_only,Conforme
B,year + batch_num + cam_num + sample_num + label_filename,2025,2,3,398,0,1,1,,2025_Conforme_2_Cam_B_3_398.jpg,bottom_only,Conforme
B,year + batch_num + cam_num + sample_num + label_filename,2025,2,3,399,0,1,1,,2025_Conforme_2_Cam_B_3_399.jpg,bottom_only,Conforme
B,year + batch_num + cam_num + sample_num + label_filename,2025,2,3,400,0,1,1,,2025_Conforme_2_Cam_B_3_400.jpg,bottom_only,Conforme
B,year + batch_num + cam_num + sample_num + label_filename,2025,2,3,401,0,1,1,,2025_Conforme_2_Cam_B_3_401.jpg,bottom_only,Conforme
B,year + batch_num + cam_num + sample_num + label_filename,2025,2,3,402,0,1,1,,2025_Conforme_2_Cam_B_3_402.jpg,bottom_only,Conforme
B,year + batch_num + cam_num + sample_num + label_filename,2025,2,3,403,0,1,1,,2025_Conforme_2_Cam_B_3_403.jpg,bottom_only,Conforme
B,year + batch_num + cam_num + sample_num + label_filename,2025,2,3,404,0,1,1,,2025_Conforme_2_Cam_B_3_404.jpg,bottom_only,Conforme
B,year + batch_num + cam_num + sample_num + label_filename,2025,2,3,405,0,1,1,,2025_Conforme_2_Cam_B_3_405.jpg,bottom_only,Conforme
B,year + batch_num + cam_num + sample_num + label_filename,2025,2,3,406,0,1,1,,2025_Conforme_2_Cam_B_3_406.jpg,bottom_only,Conforme
B,year + batch_num + cam_num + sample_num + label_filename,2025,2,3,407,0,1,1,,2025_Conforme_2_Cam_B_3_407.jpg,bottom_only,Conforme
B,year + batch_num + cam_num + sample_num + label_filename,2025,2,3,408,0,1,1,,2025_Conforme_2_Cam_B_3_408.jpg,bottom_only,Conforme
B,year + batch_num + cam_num + sample_num + label_filename,2025,2,3,409,0,1,1,,2025_Conforme_2_Cam_B_3_409.jpg,bottom_only,Conforme
B,year + batch_num + cam_num + sample_num + label_filename,2025,2,3,410,0,1,1,,2025_Conforme_2_Cam_B_3_410.jpg,bottom_only,Conforme
B,year + batch_num + cam_num + sample_num + label_filename,2025,2,3,411,0,1,1,,2025_Conforme_2_Cam_B_3_411.jpg,bottom_only,Conforme
B,year + batch_num + cam_num + sample_num + label_filename,2025,2,3,412,0,1,1,,2025_Conforme_2_Cam_B_3_412.jpg,bottom_only,Conforme
B,year + batch_num + cam_num + sample_num + label_filename,2025,2,3,414,0,1,1,,2025_Conforme_2_Cam_B_3_414.jpg,bottom_only,Conforme
B,year + batch_num + cam_num + sample_num + label_filename,2025,2,3,415,0,1,1,,2025_Conforme_2_Cam_B_3_415.jpg,bottom_only,Conforme
B,year + batch_num + cam_num + sample_num + label_filename,2025,2,3,416,0,1,1,,2025_Conforme_2_Cam_B_3_416.jpg,bottom_only,Conforme
B,year + batch_num + cam_num + sample_num + label_filename,2025,2,3,417,0,1,1,,2025_Conforme_2_Cam_B_3_417.jpg,bottom_only,Conforme
B,year + batch_num + cam_num + sample_num + label_filename,2025,2,3,418,0,1,1,,2025_Conforme_2_Cam_B_3_418.jpg,bottom_only,Conforme
B,year + batch_num + cam_num + sample_num + label_filename,2025,2,3,419,0,1,1,,2025_Conforme_2_Cam_B_3_419.jpg,bottom_only,Conforme
B,year + batch_num + cam_num + sample_num + label_filename,2025,2,3,420,0,1,1,,2025_Conforme_2_Cam_B_3_420.jpg,bottom_only,Conforme
B,year + batch_num + cam_num + sample_num + label_filename,2025,2,3,421,0,1,1,,2025_Conforme_2_Cam_B_3_421.jpg,bottom_only,Conforme
B,year + batch_num + cam_num + sample_num + label_filename,2025,2,3,422,0,1,1,,2025_Conforme_2_Cam_B_3_422.jpg,bottom_only,Conforme
B,year + batch_num + cam_num + sample_num + label_filename,2025,2,3,423,0,1,1,,2025_Conforme_2_Cam_B_3_423.jpg,bottom_only,Conforme
B,year + batch_num + cam_num + sample_num + label_filename,2025,2,3,424,0,1,1,,2025_Conforme_2_Cam_B_3_424.jpg,bottom_only,Conforme
B,year + batch_num + cam_num + sample_num + label_filename,2025,2,3,425,0,1,1,,2025_Conforme_2_Cam_B_3_425.jpg,bottom_only,Conforme
B,year + batch_num + cam_num + sample_num + label_filename,2025,2,3,426,0,1,1,,2025_Conforme_2_Cam_B_3_426.jpg,bottom_only,Conforme
B,year + batch_num + cam_num + sample_num + label_filename,2025,2,3,427,0,1,1,,2025_Conforme_2_Cam_B_3_427.jpg,bottom_only,Conforme
B,year + batch_num + cam_num + sample_num + label_filename,2025,2,3,428,0,1,1,,2025_Conforme_2_Cam_B_3_428.jpg,bottom_only,Conforme
B,year + batch_num + cam_num + sample_num + label_filename,2025,2,3,429,0,1,1,,2025_Conforme_2_Cam_B_3_429.jpg,bottom_only,Conforme
B,year + batch_num + cam_num + sample_num + label_filename,2025,2,3,430,0,1,1,,2025_Conforme_2_Cam_B_3_430.jpg,bottom_only,Conforme
B,year + batch_num + cam_num + sample_num + label_filename,2025,2,3,431,0,1,1,,2025_Conforme_2_Cam_B_3_431.jpg,bottom_only,Conforme
B,year + batch_num + cam_num + sample_num + label_filename,2025,2,3,432,0,1,1,,2025_Conforme_2_Cam_B_3_432.jpg,bottom_only,Conforme
B,year + batch_num + cam_num + sample_num + label_filename,2025,2,3,433,0,1,1,,2025_Conforme_2_Cam_B_3_433.jpg,bottom_only,Conforme
B,year + batch_num + cam_num + sample_num + label_filename,2025,2,3,434,0,1,1,,2025_Conforme_2_Cam_B_3_434.jpg,bottom_only,Conforme
B,year + batch_num + cam_num + sample_num + label_filename,2025,2,3,435,0,1,1,,2025_Conforme_2_Cam_B_3_435.jpg,bottom_only,Conforme
B,year + batch_num + cam_num + sample_num + label_filename,2025,2,3,436,0,1,1,,2025_Conforme_2_Cam_B_3_436.jpg,bottom_only,Conforme
B,year + batch_num + cam_num + sample_num + label_filename,2025,2,3,437,0,1,1,,2025_Conforme_2_Cam_B_3_437.jpg,bottom_only,Conforme
B,year + batch_num + cam_num + sample_num + label_filename,2025,2,3,438,0,1,1,,2025_Conforme_2_Cam_B_3_438.jpg,bottom_only,Conforme
B,year + batch_num + cam_num + sample_num + label_filename,2025,2,3,439,0,1,1,,2025_Conforme_2_Cam_B_3_439.jpg,bottom_only,Conforme
B,year + batch_num + cam_num + sample_num + label_filename,2025,2,3,440,0,1,1,,2025_Conforme_2_Cam_B_3_440.jpg,bottom_only,Conforme
B,year + batch_num + cam_num + sample_num + label_filename,2025,2,3,441,0,1,1,,2025_Conforme_2_Cam_B_3_441.jpg,bottom_only,Conforme
B,year + batch_num + cam_num + sample_num + label_filename,2025,2,3,442,0,1,1,,2025_Conforme_2_Cam_B_3_442.jpg,bottom_only,Conforme
B,year + batch_num + cam_num + sample_num + label_filename,2025,2,3,443,0,1,1,,2025_Conforme_2_Cam_B_3_443.jpg,bottom_only,Conforme
B,year + batch_num + cam_num + sample_num + label_filename,2025,2,3,444,0,1,1,,2025_Conforme_2_Cam_B_3_444.jpg,bottom_only,Conforme
B,year + batch_num + cam_num + sample_num + label_filename,2025,2,3,445,0,1,1,,2025_Conforme_2_Cam_B_3_445.jpg,bottom_only,Conforme
B,year + batch_num + cam_num + sample_num + label_filename,2025,2,3,446,0,1,1,,2025_Conforme_2_Cam_B_3_446.jpg,bottom_only,Conforme
B,year + batch_num + cam_num + sample_num + label_filename,2025,2,3,447,0,1,1,,2025_Conforme_2_Cam_B_3_447.jpg,bottom_only,Conforme
B,year + batch_num + cam_num + sample_num + label_filename,2025,2,3,448,0,1,1,,2025_Conforme_2_Cam_B_3_448.jpg,bottom_only,Conforme
B,year + batch_num + cam_num + sample_num + label_filename,2025,2,3,449,0,1,1,,2025_Conforme_2_Cam_B_3_449.jpg,bottom_only,Conforme
B,year + batch_num + cam_num + sample_num + label_filename,2025,2,3,450,0,1,1,,2025_Conforme_2_Cam_B_3_450.jpg,bottom_only,Conforme
B,year + batch_num + cam_num + sample_num + label_filename,2025,2,3,451,0,1,1,,2025_Conforme_2_Cam_B_3_451.jpg,bottom_only,Conforme
B,year + batch_num + cam_num + sample_num + label_filename,2025,2,3,452,0,1,1,,2025_Conforme_2_Cam_B_3_452.jpg,bottom_only,Conforme
B,year + batch_num + cam_num + sample_num + label_filename,2025,2,3,453,0,1,1,,2025_Conforme_2_Cam_B_3_453.jpg,bottom_only,Conforme
B,year + batch_num + cam_num + sample_num + label_filename,2025,2,3,454,0,1,1,,2025_Conforme_2_Cam_B_3_454.jpg,bottom_only,Conforme
B,year + batch_num + cam_num + sample_num + label_filename,2025,2,3,455,0,1,1,,2025_Conforme_2_Cam_B_3_455.jpg,bottom_only,Conforme
B,year + batch_num + cam_num + sample_num + label_filename,2025,2,3,456,0,1,1,,2025_Conforme_2_Cam_B_3_456.jpg,bottom_only,Conforme
B,year + batch_num + cam_num + sample_num + label_filename,2025,2,3,457,0,1,1,,2025_Conforme_2_Cam_B_3_457.jpg,bottom_only,Conforme
B,year + batch_num + cam_num + sample_num + label_filename,2025,2,3,458,0,1,1,,2025_Conforme_2_Cam_B_3_458.jpg,bottom_only,Conforme
B,year + batch_num + cam_num + sample_num + label_filename,2025,2,3,459,0,1,1,,2025_Conforme_2_Cam_B_3_459.jpg,bottom_only,Conforme
B,year + batch_num + cam_num + sample_num + label_filename,2025,2,3,460,0,1,1,,2025_Conforme_2_Cam_B_3_460.jpg,bottom_only,Conforme
B,year + batch_num + cam_num + sample_num + label_filename,2025,2,3,461,0,1,1,,2025_Conforme_2_Cam_B_3_461.jpg,bottom_only,Conforme
B,year + batch_num + cam_num + sample_num + label_filename,2025,2,3,462,0,1,1,,2025_Conforme_2_Cam_B_3_462.jpg,bottom_only,Conforme
B,year + batch_num + cam_num + sample_num + label_filename,2025,2,3,463,0,1,1,,2025_Conforme_2_Cam_B_3_463.jpg,bottom_only,Conforme
B,year + batch_num + cam_num + sample_num + label_filename,2025,2,3,464,0,1,1,,2025_Conforme_2_Cam_B_3_464.jpg,bottom_only,Conforme
B,year + batch_num + cam_num + sample_num + label_filename,2025,2,3,465,0,1,1,,2025_Conforme_2_Cam_B_3_465.jpg,bottom_only,Conforme
B,year + batch_num + cam_num + sample_num + label_filename,2025,2,3,466,0,1,1,,2025_Conforme_2_Cam_B_3_466.jpg,bottom_only,Conforme
B,year + batch_num + cam_num + sample_num + label_filename,2025,2,3,467,0,1,1,,2025_Conforme_2_Cam_B_3_467.jpg,bottom_only,Conforme
B,year + batch_num + cam_num + sample_num + label_filename,2025,2,3,468,0,1,1,,2025_Conforme_2_Cam_B_3_468.jpg,bottom_only,Conforme
B,year + batch_num + cam_num + sample_num + label_filename,2025,2,3,469,0,1,1,,2025_Conforme_2_Cam_B_3_469.jpg,bottom_only,Conforme
B,year + batch_num + cam_num + sample_num + label_filename,2025,2,3,470,0,1,1,,2025_Conforme_2_Cam_B_3_470.jpg,bottom_only,Conforme
B,year + batch_num + cam_num + sample_num + label_filename,2025,2,3,471,0,1,1,,2025_Conforme_2_Cam_B_3_471.jpg,bottom_only,Conforme
B,year + batch_num + cam_num + sample_num + label_filename,2025,2,3,472,0,1,1,,2025_Conforme_2_Cam_B_3_472.jpg,bottom_only,Conforme
B,year + batch_num + cam_num + sample_num + label_filename,2025,2,3,473,0,1,1,,2025_Conforme_2_Cam_B_3_473.jpg,bottom_only,Conforme
B,year + batch_num + cam_num + sample_num + label_filename,2025,2,3,474,0,1,1,,2025_Conforme_2_Cam_B_3_474.jpg,bottom_only,Conforme
B,year + batch_num + cam_num + sample_num + label_filename,2025,2,3,475,0,1,1,,2025_Conforme_2_Cam_B_3_475.jpg,bottom_only,Conforme
B,year + batch_num + cam_num + sample_num + label_filename,2025,2,3,476,0,1,1,,2025_Conforme_2_Cam_B_3_476.jpg,bottom_only,Conforme
B,year + batch_num + cam_num + sample_num + label_filename,2025,2,3,477,0,1,1,,2025_Conforme_2_Cam_B_3_477.jpg,bottom_only,Conforme
B,year + batch_num + cam_num + sample_num + label_filename,2025,2,3,478,0,1,1,,2025_Conforme_2_Cam_B_3_478.jpg,bottom_only,Conforme
B,year + batch_num + cam_num + sample_num + label_filename,2025,2,3,479,0,1,1,,2025_Conforme_2_Cam_B_3_479.jpg,bottom_only,Conforme
B,year + batch_num + cam_num + sample_num + label_filename,2025,2,3,480,0,1,1,,2025_Conforme_2_Cam_B_3_480.jpg,bottom_only,Conforme
B,year + batch_num + cam_num + sample_num + label_filename,2025,2,3,481,0,1,1,,2025_Conforme_2_Cam_B_3_481.jpg,bottom_only,Conforme
B,year + batch_num + cam_num + sample_num + label_filename,2025,2,3,482,0,1,1,,2025_Conforme_2_Cam_B_3_482.jpg,bottom_only,Conforme
B,year + batch_num + cam_num + sample_num + label_filename,2025,2,3,483,0,1,1,,2025_Conforme_2_Cam_B_3_483.jpg,bottom_only,Conforme
B,year + batch_num + cam_num + sample_num + label_filename,2025,2,3,484,0,1,1,,2025_Conforme_2_Cam_B_3_484.jpg,bottom_only,Conforme
B,year + batch_num + cam_num + sample_num + label_filename,2025,2,3,485,0,1,1,,2025_Conforme_2_Cam_B_3_485.jpg,bottom_only,Conforme
B,year + batch_num + cam_num + sample_num + label_filename,2025,2,3,486,0,1,1,,2025_Conforme_2_Cam_B_3_486.jpg,bottom_only,Conforme
B,year + batch_num + cam_num + sample_num + label_filename,2025,2,3,487,0,1,1,,2025_Conforme_2_Cam_B_3_487.jpg,bottom_only,Conforme
B,year + batch_num + cam_num + sample_num + label_filename,2025,2,3,488,0,1,1,,2025_Conforme_2_Cam_B_3_488.jpg,bottom_only,Conforme
B,year + batch_num + cam_num + sample_num + label_filename,2025,2,3,489,0,1,1,,2025_Conforme_2_Cam_B_3_489.jpg,bottom_only,Conforme
B,year + batch_num + cam_num + sample_num + label_filename,2025,2,3,490,0,1,1,,2025_Conforme_2_Cam_B_3_490.jpg,bottom_only,Conforme
B,year + batch_num + cam_num + sample_num + label_filename,2025,2,3,491,0,1,1,,2025_Conforme_2_Cam_B_3_491.jpg,bottom_only,Conforme
B,year + batch_num + cam_num + sample_num + label_filename,2025,2,3,492,0,1,1,,2025_Conforme_2_Cam_B_3_492.jpg,bottom_only,Conforme
B,year + batch_num + cam_num + sample_num + label_filename,2025,2,3,493,0,1,1,,2025_Conforme_2_Cam_B_3_493.jpg,bottom_only,Conforme
B,year + batch_num + cam_num + sample_num + label_filename,2025,2,3,494,0,1,1,,2025_Conforme_2_Cam_B_3_494.jpg,bottom_only,Conforme
B,year + batch_num + cam_num + sample_num + label_filename,2025,2,3,495,0,1,1,,2025_Conforme_2_Cam_B_3_495.jpg,bottom_only,Conforme
B,year + batch_num + cam_num + sample_num + label_filename,2025,2,3,496,0,1,1,,2025_Conforme_2_Cam_B_3_496.jpg,bottom_only,Conforme
B,year + batch_num + cam_num + sample_num + label_filename,2025,2,3,497,0,1,1,,2025_Conforme_2_Cam_B_3_497.jpg,bottom_only,Conforme
B,year + batch_num + cam_num + sample_num + label_filename,2025,2,3,498,0,1,1,,2025_Conforme_2_Cam_B_3_498.jpg,bottom_only,Conforme
B,year + batch_num + cam_num + sample_num + label_filename,2025,2,3,499,0,1,1,,2025_Conforme_2_Cam_B_3_499.jpg,bottom_only,Conforme
B,year + batch_num + cam_num + sample_num + label_filename,2025,2,3,500,0,1,1,,2025_Conforme_2_Cam_B_3_500.jpg,bottom_only,Conforme
B,year + batch_num + cam_num + sample_num + label_filename,2025,2,3,501,0,1,1,,2025_Conforme_2_Cam_B_3_501.jpg,bottom_only,Conforme
B,year + batch_num + cam_num + sample_num + label_filename,2025,2,3,502,0,1,1,,2025_Conforme_2_Cam_B_3_502.jpg,bottom_only,Conforme
B,year + batch_num + cam_num + sample_num + label_filename,2025,2,3,503,0,1,1,,2025_Conforme_2_Cam_B_3_503.jpg,bottom_only,Conforme
B,year + batch_num + cam_num + sample_num + label_filename,2025,2,3,504,0,1,1,,2025_Conforme_2_Cam_B_3_504.jpg,bottom_only,Conforme
B,year + batch_num + cam_num + sample_num + label_filename,2025,2,3,505,0,1,1,,2025_Conforme_2_Cam_B_3_505.jpg,bottom_only,Conforme
B,year + batch_num + cam_num + sample_num + label_filename,2025,2,3,506,0,1,1,,2025_Conforme_2_Cam_B_3_506.jpg,bottom_only,Conforme
B,year + batch_num + cam_num + sample_num + label_filename,2025,2,3,507,0,1,1,,2025_Conforme_2_Cam_B_3_507.jpg,bottom_only,Conforme
B,year + batch_num + cam_num + sample_num + label_filename,2025,2,3,508,0,1,1,,2025_Conforme_2_Cam_B_3_508.jpg,bottom_only,Conforme
B,year + batch_num + cam_num + sample_num + label_filename,2025,2,3,509,0,1,1,,2025_Conforme_2_Cam_B_3_509.jpg,bottom_only,Conforme
B,year + batch_num + cam_num + sample_num + label_filename,2025,2,3,510,0,1,1,,2025_Conforme_2_Cam_B_3_510.jpg,bottom_only,Conforme
B,year + batch_num + cam_num + sample_num + label_filename,2025,2,3,511,0,1,1,,2025_Conforme_2_Cam_B_3_511.jpg,bottom_only,Conforme
B,year + batch_num + cam_num + sample_num + label_filename,2025,2,3,512,0,1,1,,2025_Conforme_2_Cam_B_3_512.jpg,bottom_only,Conforme
B,year + batch_num + cam_num + sample_num + label_filename,2025,2,3,513,0,1,1,,2025_Conforme_2_Cam_B_3_513.jpg,bottom_only,Conforme
B,year + batch_num + cam_num + sample_num + label_filename,2025,2,3,514,0,1,1,,2025_Conforme_2_Cam_B_3_514.jpg,bottom_only,Conforme
B,year + batch_num + cam_num + sample_num + label_filename,2025,2,3,515,0,1,1,,2025_Conforme_2_Cam_B_3_515.jpg,bottom_only,Conforme
B,year + batch_num + cam_num + sample_num + label_filename,2025,2,3,516,0,1,1,,2025_Conforme_2_Cam_B_3_516.jpg,bottom_only,Conforme
B,year + batch_num + cam_num + sample_num + label_filename,2025,2,3,517,0,1,1,,2025_Conforme_2_Cam_B_3_517.jpg,bottom_only,Conforme
B,year + batch_num + cam_num + sample_num + label_filename,2025,2,3,518,0,1,1,,2025_Conforme_2_Cam_B_3_518.jpg,bottom_only,Conforme
B,year + batch_num + cam_num + sample_num + label_filename,2025,2,3,519,0,1,1,,2025_Conforme_2_Cam_B_3_519.jpg,bottom_only,Conforme
B,year + batch_num + cam_num + sample_num + label_filename,2025,2,3,520,0,1,1,,2025_Conforme_2_Cam_B_3_520.jpg,bottom_only,Conforme
B,year + batch_num + cam_num + sample_num + label_filename,2025,2,3,521,0,1,1,,2025_Conforme_2_Cam_B_3_521.jpg,bottom_only,Conforme
B,year + batch_num + cam_num + sample_num + label_filename,2025,2,3,522,0,1,1,,2025_Conforme_2_Cam_B_3_522.jpg,bottom_only,Conforme
B,year + batch_num + cam_num + sample_num + label_filename,2025,2,3,523,0,1,1,,2025_Conforme_2_Cam_B_3_523.jpg,bottom_only,Conforme
B,year + batch_num + cam_num + sample_num + label_filename,2025,2,3,524,0,1,1,,2025_Conforme_2_Cam_B_3_524.jpg,bottom_only,Conforme
B,year + batch_num + cam_num + sample_num + label_filename,2025,2,3,525,0,1,1,,2025_Conforme_2_Cam_B_3_525.jpg,bottom_only,Conforme
B,year + batch_num + cam_num + sample_num + label_filename,2025,2,3,526,0,1,1,,2025_Conforme_2_Cam_B_3_526.jpg,bottom_only,Conforme
B,year + batch_num + cam_num + sample_num + label_filename,2025,2,3,527,0,1,1,,2025_Conforme_2_Cam_B_3_527.jpg,bottom_only,Conforme
B,year + batch_num + cam_num + sample_num + label_filename,2025,2,3,528,0,1,1,,2025_Conforme_2_Cam_B_3_528.jpg,bottom_only,Conforme
B,year + batch_num + cam_num + sample_num + label_filename,2025,2,3,529,0,1,1,,2025_Conforme_2_Cam_B_3_529.jpg,bottom_only,Conforme
B,year + batch_num + cam_num + sample_num + label_filename,2025,2,3,530,0,1,1,,2025_Conforme_2_Cam_B_3_530.jpg,bottom_only,Conforme
B,year + batch_num + cam_num + sample_num + label_filename,2025,2,4,1,1,0,1,2025_Conforme_2_Cam_T_4_1.jpg,,top_only,Conforme
B,year + batch_num + cam_num + sample_num + label_filename,2025,2,4,4,1,0,1,2025_Conforme_2_Cam_T_4_4.jpg,,top_only,Conforme
B,year + batch_num + cam_num + sample_num + label_filename,2025,2,4,7,1,0,1,2025_Conforme_2_Cam_T_4_7.jpg,,top_only,Conforme
B,year + batch_num + cam_num + sample_num + label_filename,2025,2,4,10,1,0,1,2025_Conforme_2_Cam_T_4_10.jpg,,top_only,Conforme
B,year + batch_num + cam_num + sample_num + label_filename,2025,2,4,17,1,0,1,2025_Conforme_2_Cam_T_4_17.jpg,,top_only,Conforme
B,year + batch_num + cam_num + sample_num + label_filename,2025,2,4,23,1,0,1,2025_Conforme_2_Cam_T_4_23.jpg,,top_only,Conforme
B,year + batch_num + cam_num + sample_num + label_filename,2025,2,4,26,1,0,1,2025_Conforme_2_Cam_T_4_26.jpg,,top_only,Conforme
B,year + batch_num + cam_num + sample_num + label_filename,2025,2,4,38,1,0,1,2025_Conforme_2_Cam_T_4_38.jpg,,top_only,Conforme
B,year + batch_num + cam_num + sample_num + label_filename,2025,2,4,167,1,0,1,2025_Conforme_2_Cam_T_4_167.jpg,,top_only,Conforme
B,year + batch_num + cam_num + sample_num + label_filename,2025,2,4,257,0,1,1,,2025_Conforme_2_Cam_B_4_257.jpg,bottom_only,Conforme
B,year + batch_num + cam_num + sample_num + label_filename,2025,2,4,258,0,1,1,,2025_Conforme_2_Cam_B_4_258.jpg,bottom_only,Conforme
B,year + batch_num + cam_num + sample_num + label_filename,2025,2,4,259,0,1,1,,2025_Conforme_2_Cam_B_4_259.jpg,bottom_only,Conforme
B,year + batch_num + cam_num + sample_num + label_filename,2025,2,4,260,0,1,1,,2025_Conforme_2_Cam_B_4_260.jpg,bottom_only,Conforme
B,year + batch_num + cam_num + sample_num + label_filename,2025,2,4,261,0,1,1,,2025_Conforme_2_Cam_B_4_261.jpg,bottom_only,Conforme
B,year + batch_num + cam_num + sample_num + label_filename,2025,2,4,262,0,1,1,,2025_Conforme_2_Cam_B_4_262.jpg,bottom_only,Conforme
B,year + batch_num + cam_num + sample_num + label_filename,2025,2,4,263,0,1,1,,2025_Conforme_2_Cam_B_4_263.jpg,bottom_only,Conforme
B,year + batch_num + cam_num + sample_num + label_filename,2025,2,4,264,0,1,1,,2025_Conforme_2_Cam_B_4_264.jpg,bottom_only,Conforme
B,year + batch_num + cam_num + sample_num + label_filename,2025,2,4,265,0,1,1,,2025_Conforme_2_Cam_B_4_265.jpg,bottom_only,Conforme
B,year + batch_num + cam_num + sample_num + label_filename,2025,2,4,266,0,1,1,,2025_Conforme_2_Cam_B_4_266.jpg,bottom_only,Conforme
B,year + batch_num + cam_num + sample_num + label_filename,2025,2,4,267,0,1,1,,2025_Conforme_2_Cam_B_4_267.jpg,bottom_only,Conforme
B,year + batch_num + cam_num + sample_num + label_filename,2025,2,4,268,0,1,1,,2025_Conforme_2_Cam_B_4_268.jpg,bottom_only,Conforme
B,year + batch_num + cam_num + sample_num + label_filename,2025,2,4,269,0,1,1,,2025_Conforme_2_Cam_B_4_269.jpg,bottom_only,Conforme
B,year + batch_num + cam_num + sample_num + label_filename,2025,2,4,270,0,1,1,,2025_Conforme_2_Cam_B_4_270.jpg,bottom_only,Conforme
B,year + batch_num + cam_num + sample_num + label_filename,2025,2,4,271,0,1,1,,2025_Conforme_2_Cam_B_4_271.jpg,bottom_only,Conforme
B,year + batch_num + cam_num + sample_num + label_filename,2025,2,4,272,0,1,1,,2025_Conforme_2_Cam_B_4_272.jpg,bottom_only,Conforme
B,year + batch_num + cam_num + sample_num + label_filename,2025,2,4,273,0,1,1,,2025_Conforme_2_Cam_B_4_273.jpg,bottom_only,Conforme
B,year + batch_num + cam_num + sample_num + label_filename,2025,2,4,274,0,1,1,,2025_Conforme_2_Cam_B_4_274.jpg,bottom_only,Conforme
B,year + batch_num + cam_num + sample_num + label_filename,2025,2,4,275,0,1,1,,2025_Conforme_2_Cam_B_4_275.jpg,bottom_only,Conforme
B,year + batch_num + cam_num + sample_num + label_filename,2025,2,4,276,0,1,1,,2025_Conforme_2_Cam_B_4_276.jpg,bottom_only,Conforme
B,year + batch_num + cam_num + sample_num + label_filename,2025,2,4,277,0,1,1,,2025_Conforme_2_Cam_B_4_277.jpg,bottom_only,Conforme
B,year + batch_num + cam_num + sample_num + label_filename,2025,2,4,278,0,1,1,,2025_Conforme_2_Cam_B_4_278.jpg,bottom_only,Conforme
B,year + batch_num + cam_num + sample_num + label_filename,2025,2,4,279,0,1,1,,2025_Conforme_2_Cam_B_4_279.jpg,bottom_only,Conforme
B,year + batch_num + cam_num + sample_num + label_filename,2025,2,4,280,0,1,1,,2025_Conforme_2_Cam_B_4_280.jpg,bottom_only,Conforme
B,year + batch_num + cam_num + sample_num + label_filename,2025,2,4,281,0,1,1,,2025_Conforme_2_Cam_B_4_281.jpg,bottom_only,Conforme
B,year + batch_num + cam_num + sample_num + label_filename,2025,2,4,282,0,1,1,,2025_Conforme_2_Cam_B_4_282.jpg,bottom_only,Conforme
B,year + batch_num + cam_num + sample_num + label_filename,2025,2,4,283,0,1,1,,2025_Conforme_2_Cam_B_4_283.jpg,bottom_only,Conforme
B,year + batch_num + cam_num + sample_num + label_filename,2025,2,4,284,0,1,1,,2025_Conforme_2_Cam_B_4_284.jpg,bottom_only,Conforme
B,year + batch_num + cam_num + sample_num + label_filename,2025,2,4,285,0,1,1,,2025_Conforme_2_Cam_B_4_285.jpg,bottom_only,Conforme
B,year + batch_num + cam_num + sample_num + label_filename,2025,2,4,286,0,1,1,,2025_Conforme_2_Cam_B_4_286.jpg,bottom_only,Conforme
B,year + batch_num + cam_num + sample_num + label_filename,2025,2,4,287,0,1,1,,2025_Conforme_2_Cam_B_4_287.jpg,bottom_only,Conforme
B,year + batch_num + cam_num + sample_num + label_filename,2025,2,4,288,0,1,1,,2025_Conforme_2_Cam_B_4_288.jpg,bottom_only,Conforme
B,year + batch_num + cam_num + sample_num + label_filename,2025,2,4,289,0,1,1,,2025_Conforme_2_Cam_B_4_289.jpg,bottom_only,Conforme
B,year + batch_num + cam_num + sample_num + label_filename,2025,2,4,290,0,1,1,,2025_Conforme_2_Cam_B_4_290.jpg,bottom_only,Conforme
B,year + batch_num + cam_num + sample_num + label_filename,2025,2,4,292,0,1,1,,2025_Conforme_2_Cam_B_4_292.jpg,bottom_only,Conforme
B,year + batch_num + cam_num + sample_num + label_filename,2025,2,4,293,0,1,1,,2025_Conforme_2_Cam_B_4_293.jpg,bottom_only,Conforme
B,year + batch_num + cam_num + sample_num + label_filename,2025,2,4,294,0,1,1,,2025_Conforme_2_Cam_B_4_294.jpg,bottom_only,Conforme
B,year + batch_num + cam_num + sample_num + label_filename,2025,2,4,295,0,1,1,,2025_Conforme_2_Cam_B_4_295.jpg,bottom_only,Conforme
B,year + batch_num + cam_num + sample_num + label_filename,2025,2,4,296,0,1,1,,2025_Conforme_2_Cam_B_4_296.jpg,bottom_only,Conforme
B,year + batch_num + cam_num + sample_num + label_filename,2025,2,4,297,0,1,1,,2025_Conforme_2_Cam_B_4_297.jpg,bottom_only,Conforme
B,year + batch_num + cam_num + sample_num + label_filename,2025,2,4,298,0,1,1,,2025_Conforme_2_Cam_B_4_298.jpg,bottom_only,Conforme
B,year + batch_num + cam_num + sample_num + label_filename,2025,2,4,299,0,1,1,,2025_Conforme_2_Cam_B_4_299.jpg,bottom_only,Conforme
B,year + batch_num + cam_num + sample_num + label_filename,2025,2,4,300,0,1,1,,2025_Conforme_2_Cam_B_4_300.jpg,bottom_only,Conforme
B,year + batch_num + cam_num + sample_num + label_filename,2025,2,4,301,0,1,1,,2025_Conforme_2_Cam_B_4_301.jpg,bottom_only,Conforme
B,year + batch_num + cam_num + sample_num + label_filename,2025,2,4,302,0,1,1,,2025_Conforme_2_Cam_B_4_302.jpg,bottom_only,Conforme
B,year + batch_num + cam_num + sample_num + label_filename,2025,2,4,303,0,1,1,,2025_Conforme_2_Cam_B_4_303.jpg,bottom_only,Conforme
B,year + batch_num + cam_num + sample_num + label_filename,2025,2,4,304,0,1,1,,2025_Conforme_2_Cam_B_4_304.jpg,bottom_only,Conforme
B,year + batch_num + cam_num + sample_num + label_filename,2025,2,4,305,0,1,1,,2025_Conforme_2_Cam_B_4_305.jpg,bottom_only,Conforme
B,year + batch_num + cam_num + sample_num + label_filename,2025,2,4,306,0,1,1,,2025_Conforme_2_Cam_B_4_306.jpg,bottom_only,Conforme
B,year + batch_num + cam_num + sample_num + label_filename,2025,2,4,307,0,1,1,,2025_Conforme_2_Cam_B_4_307.jpg,bottom_only,Conforme
B,year + batch_num + cam_num + sample_num + label_filename,2025,2,4,308,0,1,1,,2025_Conforme_2_Cam_B_4_308.jpg,bottom_only,Conforme
B,year + batch_num + cam_num + sample_num + label_filename,2025,2,4,309,0,1,1,,2025_Conforme_2_Cam_B_4_309.jpg,bottom_only,Conforme
B,year + batch_num + cam_num + sample_num + label_filename,2025,2,4,310,0,1,1,,2025_Conforme_2_Cam_B_4_310.jpg,bottom_only,Conforme
B,year + batch_num + cam_num + sample_num + label_filename,2025,2,4,311,0,1,1,,2025_Conforme_2_Cam_B_4_311.jpg,bottom_only,Conforme
B,year + batch_num + cam_num + sample_num + label_filename,2025,2,4,312,0,1,1,,2025_Conforme_2_Cam_B_4_312.jpg,bottom_only,Conforme
B,year + batch_num + cam_num + sample_num + label_filename,2025,2,4,313,0,1,1,,2025_Conforme_2_Cam_B_4_313.jpg,bottom_only,Conforme
B,year + batch_num + cam_num + sample_num + label_filename,2025,2,4,314,0,1,1,,2025_Conforme_2_Cam_B_4_314.jpg,bottom_only,Conforme
B,year + batch_num + cam_num + sample_num + label_filename,2025,2,4,315,0,1,1,,2025_Conforme_2_Cam_B_4_315.jpg,bottom_only,Conforme
B,year + batch_num + cam_num + sample_num + label_filename,2025,2,4,316,0,1,1,,2025_Conforme_2_Cam_B_4_316.jpg,bottom_only,Conforme
B,year + batch_num + cam_num + sample_num + label_filename,2025,2,4,317,0,1,1,,2025_Conforme_2_Cam_B_4_317.jpg,bottom_only,Conforme
B,year + batch_num + cam_num + sample_num + label_filename,2025,2,4,318,0,1,1,,2025_Conforme_2_Cam_B_4_318.jpg,bottom_only,Conforme
B,year + batch_num + cam_num + sample_num + label_filename,2025,2,4,319,0,1,1,,2025_Conforme_2_Cam_B_4_319.jpg,bottom_only,Conforme
B,year + batch_num + cam_num + sample_num + label_filename,2025,2,4,320,0,1,1,,2025_Conforme_2_Cam_B_4_320.jpg,bottom_only,Conforme
B,year + batch_num + cam_num + sample_num + label_filename,2025,2,4,322,0,1,1,,2025_Conforme_2_Cam_B_4_322.jpg,bottom_only,Conforme
B,year + batch_num + cam_num + sample_num + label_filename,2025,2,4,323,0,1,1,,2025_Conforme_2_Cam_B_4_323.jpg,bottom_only,Conforme
B,year + batch_num + cam_num + sample_num + label_filename,2025,2,4,324,0,1,1,,2025_Conforme_2_Cam_B_4_324.jpg,bottom_only,Conforme
B,year + batch_num + cam_num + sample_num + label_filename,2025,2,4,325,0,1,1,,2025_Conforme_2_Cam_B_4_325.jpg,bottom_only,Conforme
B,year + batch_num + cam_num + sample_num + label_filename,2025,2,4,326,0,1,1,,2025_Conforme_2_Cam_B_4_326.jpg,bottom_only,Conforme
B,year + batch_num + cam_num + sample_num + label_filename,2025,2,4,327,0,1,1,,2025_Conforme_2_Cam_B_4_327.jpg,bottom_only,Conforme
B,year + batch_num + cam_num + sample_num + label_filename,2025,2,4,328,0,1,1,,2025_Conforme_2_Cam_B_4_328.jpg,bottom_only,Conforme
B,year + batch_num + cam_num + sample_num + label_filename,2025,2,4,329,0,1,1,,2025_Conforme_2_Cam_B_4_329.jpg,bottom_only,Conforme
B,year + batch_num + cam_num + sample_num + label_filename,2025,2,4,330,0,1,1,,2025_Conforme_2_Cam_B_4_330.jpg,bottom_only,Conforme
B,year + batch_num + cam_num + sample_num + label_filename,2025,2,4,331,0,1,1,,2025_Conforme_2_Cam_B_4_331.jpg,bottom_only,Conforme
B,year + batch_num + cam_num + sample_num + label_filename,2025,2,4,332,0,1,1,,2025_Conforme_2_Cam_B_4_332.jpg,bottom_only,Conforme
B,year + batch_num + cam_num + sample_num + label_filename,2025,2,4,333,0,1,1,,2025_Conforme_2_Cam_B_4_333.jpg,bottom_only,Conforme
B,year + batch_num + cam_num + sample_num + label_filename,2025,2,4,334,0,1,1,,2025_Conforme_2_Cam_B_4_334.jpg,bottom_only,Conforme
B,year + batch_num + cam_num + sample_num + label_filename,2025,2,4,335,0,1,1,,2025_Conforme_2_Cam_B_4_335.jpg,bottom_only,Conforme
B,year + batch_num + cam_num + sample_num + label_filename,2025,2,4,336,0,1,1,,2025_Conforme_2_Cam_B_4_336.jpg,bottom_only,Conforme
B,year + batch_num + cam_num + sample_num + label_filename,2025,2,4,337,0,1,1,,2025_Conforme_2_Cam_B_4_337.jpg,bottom_only,Conforme
B,year + batch_num + cam_num + sample_num + label_filename,2025,2,4,338,0,1,1,,2025_Conforme_2_Cam_B_4_338.jpg,bottom_only,Conforme
B,year + batch_num + cam_num + sample_num + label_filename,2025,2,4,339,0,1,1,,2025_Conforme_2_Cam_B_4_339.jpg,bottom_only,Conforme
B,year + batch_num + cam_num + sample_num + label_filename,2025,2,4,340,0,1,1,,2025_Conforme_2_Cam_B_4_340.jpg,bottom_only,Conforme
B,year + batch_num + cam_num + sample_num + label_filename,2025,2,4,341,0,1,1,,2025_Conforme_2_Cam_B_4_341.jpg,bottom_only,Conforme
B,year + batch_num + cam_num + sample_num + label_filename,2025,2,4,342,0,1,1,,2025_Conforme_2_Cam_B_4_342.jpg,bottom_only,Conforme
B,year + batch_num + cam_num + sample_num + label_filename,2025,2,4,343,0,1,1,,2025_Conforme_2_Cam_B_4_343.jpg,bottom_only,Conforme
B,year + batch_num + cam_num + sample_num + label_filename,2025,2,4,344,0,1,1,,2025_Conforme_2_Cam_B_4_344.jpg,bottom_only,Conforme
B,year + batch_num + cam_num + sample_num + label_filename,2025,2,4,345,0,1,1,,2025_Conforme_2_Cam_B_4_345.jpg,bottom_only,Conforme
B,year + batch_num + cam_num + sample_num + label_filename,2025,2,4,346,0,1,1,,2025_Conforme_2_Cam_B_4_346.jpg,bottom_only,Conforme
B,year + batch_num + cam_num + sample_num + label_filename,2025,2,4,347,0,1,1,,2025_Conforme_2_Cam_B_4_347.jpg,bottom_only,Conforme
B,year + batch_num + cam_num + sample_num + label_filename,2025,2,4,348,0,1,1,,2025_Conforme_2_Cam_B_4_348.jpg,bottom_only,Conforme
B,year + batch_num + cam_num + sample_num + label_filename,2025,2,4,349,0,1,1,,2025_Conforme_2_Cam_B_4_349.jpg,bottom_only,Conforme
B,year + batch_num + cam_num + sample_num + label_filename,2025,2,4,350,0,1,1,,2025_Conforme_2_Cam_B_4_350.jpg,bottom_only,Conforme
B,year + batch_num + cam_num + sample_num + label_filename,2025,2,4,351,0,1,1,,2025_Conforme_2_Cam_B_4_351.jpg,bottom_only,Conforme
B,year + batch_num + cam_num + sample_num + label_filename,2025,2,4,352,0,1,1,,2025_Conforme_2_Cam_B_4_352.jpg,bottom_only,Conforme
B,year + batch_num + cam_num + sample_num + label_filename,2025,2,4,353,0,1,1,,2025_Conforme_2_Cam_B_4_353.jpg,bottom_only,Conforme
B,year + batch_num + cam_num + sample_num + label_filename,2025,2,4,354,0,1,1,,2025_Conforme_2_Cam_B_4_354.jpg,bottom_only,Conforme
B,year + batch_num + cam_num + sample_num + label_filename,2025,2,4,355,0,1,1,,2025_Conforme_2_Cam_B_4_355.jpg,bottom_only,Conforme
B,year + batch_num + cam_num + sample_num + label_filename,2025,2,4,356,0,1,1,,2025_Conforme_2_Cam_B_4_356.jpg,bottom_only,Conforme
B,year + batch_num + cam_num + sample_num + label_filename,2025,2,4,357,0,1,1,,2025_Conforme_2_Cam_B_4_357.jpg,bottom_only,Conforme
B,year + batch_num + cam_num + sample_num + label_filename,2025,2,4,358,0,1,1,,2025_Conforme_2_Cam_B_4_358.jpg,bottom_only,Conforme
B,year + batch_num + cam_num + sample_num + label_filename,2025,2,4,359,0,1,1,,2025_Conforme_2_Cam_B_4_359.jpg,bottom_only,Conforme
B,year + batch_num + cam_num + sample_num + label_filename,2025,2,4,360,0,1,1,,2025_Conforme_2_Cam_B_4_360.jpg,bottom_only,Conforme
B,year + batch_num + cam_num + sample_num + label_filename,2025,2,4,361,0,1,1,,2025_Conforme_2_Cam_B_4_361.jpg,bottom_only,Conforme
B,year + batch_num + cam_num + sample_num + label_filename,2025,2,4,362,0,1,1,,2025_Conforme_2_Cam_B_4_362.jpg,bottom_only,Conforme
B,year + batch_num + cam_num + sample_num + label_filename,2025,2,4,363,0,1,1,,2025_Conforme_2_Cam_B_4_363.jpg,bottom_only,Conforme
B,year + batch_num + cam_num + sample_num + label_filename,2025,2,4,364,0,1,1,,2025_Conforme_2_Cam_B_4_364.jpg,bottom_only,Conforme
B,year + batch_num + cam_num + sample_num + label_filename,2025,2,4,365,0,1,1,,2025_Conforme_2_Cam_B_4_365.jpg,bottom_only,Conforme
B,year + batch_num + cam_num + sample_num + label_filename,2025,2,4,366,0,1,1,,2025_Conforme_2_Cam_B_4_366.jpg,bottom_only,Conforme
B,year + batch_num + cam_num + sample_num + label_filename,2025,2,4,367,0,1,1,,2025_Conforme_2_Cam_B_4_367.jpg,bottom_only,Conforme
B,year + batch_num + cam_num + sample_num + label_filename,2025,2,4,368,0,1,1,,2025_Conforme_2_Cam_B_4_368.jpg,bottom_only,Conforme
B,year + batch_num + cam_num + sample_num + label_filename,2025,2,4,369,0,1,1,,2025_Conforme_2_Cam_B_4_369.jpg,bottom_only,Conforme
B,year + batch_num + cam_num + sample_num + label_filename,2025,2,4,370,0,1,1,,2025_Conforme_2_Cam_B_4_370.jpg,bottom_only,Conforme
B,year + batch_num + cam_num + sample_num + label_filename,2025,2,4,371,0,1,1,,2025_Conforme_2_Cam_B_4_371.jpg,bottom_only,Conforme
B,year + batch_num + cam_num + sample_num + label_filename,2025,2,4,373,0,1,1,,2025_Conforme_2_Cam_B_4_373.jpg,bottom_only,Conforme
B,year + batch_num + cam_num + sample_num + label_filename,2025,2,4,374,0,1,1,,2025_Conforme_2_Cam_B_4_374.jpg,bottom_only,Conforme
B,year + batch_num + cam_num + sample_num + label_filename,2025,2,4,375,0,1,1,,2025_Conforme_2_Cam_B_4_375.jpg,bottom_only,Conforme
B,year + batch_num + cam_num + sample_num + label_filename,2025,2,4,376,0,1,1,,2025_Conforme_2_Cam_B_4_376.jpg,bottom_only,Conforme
B,year + batch_num + cam_num + sample_num + label_filename,2025,2,4,377,0,1,1,,2025_Conforme_2_Cam_B_4_377.jpg,bottom_only,Conforme
B,year + batch_num + cam_num + sample_num + label_filename,2025,2,4,378,0,1,1,,2025_Conforme_2_Cam_B_4_378.jpg,bottom_only,Conforme
B,year + batch_num + cam_num + sample_num + label_filename,2025,2,4,379,0,1,1,,2025_Conforme_2_Cam_B_4_379.jpg,bottom_only,Conforme
B,year + batch_num + cam_num + sample_num + label_filename,2025,2,4,380,0,1,1,,2025_Conforme_2_Cam_B_4_380.jpg,bottom_only,Conforme
B,year + batch_num + cam_num + sample_num + label_filename,2025,2,4,381,0,1,1,,2025_Conforme_2_Cam_B_4_381.jpg,bottom_only,Conforme
B,year + batch_num + cam_num + sample_num + label_filename,2025,2,4,382,0,1,1,,2025_Conforme_2_Cam_B_4_382.jpg,bottom_only,Conforme
B,year + batch_num + cam_num + sample_num + label_filename,2025,2,4,383,0,1,1,,2025_Conforme_2_Cam_B_4_383.jpg,bottom_only,Conforme
B,year + batch_num + cam_num + sample_num + label_filename,2025,2,4,384,0,1,1,,2025_Conforme_2_Cam_B_4_384.jpg,bottom_only,Conforme
B,year + batch_num + cam_num + sample_num + label_filename,2025,2,4,385,0,1,1,,2025_Conforme_2_Cam_B_4_385.jpg,bottom_only,Conforme
B,year + batch_num + cam_num + sample_num + label_filename,2025,2,4,386,0,1,1,,2025_Conforme_2_Cam_B_4_386.jpg,bottom_only,Conforme
B,year + batch_num + cam_num + sample_num + label_filename,2025,2,4,387,0,1,1,,2025_Conforme_2_Cam_B_4_387.jpg,bottom_only,Conforme
B,year + batch_num + cam_num + sample_num + label_filename,2025,2,4,388,0,1,1,,2025_Conforme_2_Cam_B_4_388.jpg,bottom_only,Conforme
B,year + batch_num + cam_num + sample_num + label_filename,2025,2,4,389,0,1,1,,2025_Conforme_2_Cam_B_4_389.jpg,bottom_only,Conforme
B,year + batch_num + cam_num + sample_num + label_filename,2025,2,4,390,0,1,1,,2025_Conforme_2_Cam_B_4_390.jpg,bottom_only,Conforme
B,year + batch_num + cam_num + sample_num + label_filename,2025,2,4,391,0,1,1,,2025_Conforme_2_Cam_B_4_391.jpg,bottom_only,Conforme
B,year + batch_num + cam_num + sample_num + label_filename,2025,2,4,392,0,1,1,,2025_Conforme_2_Cam_B_4_392.jpg,bottom_only,Conforme
B,year + batch_num + cam_num + sample_num + label_filename,2025,2,4,393,0,1,1,,2025_Conforme_2_Cam_B_4_393.jpg,bottom_only,Conforme
B,year + batch_num + cam_num + sample_num + label_filename,2025,2,4,394,0,1,1,,2025_Conforme_2_Cam_B_4_394.jpg,bottom_only,Conforme
B,year + batch_num + cam_num + sample_num + label_filename,2025,2,4,395,0,1,1,,2025_Conforme_2_Cam_B_4_395.jpg,bottom_only,Conforme
B,year + batch_num + cam_num + sample_num + label_filename,2025,2,4,396,0,1,1,,2025_Conforme_2_Cam_B_4_396.jpg,bottom_only,Conforme
B,year + batch_num + cam_num + sample_num + label_filename,2025,2,4,397,0,1,1,,2025_Conforme_2_Cam_B_4_397.jpg,bottom_only,Conforme
B,year + batch_num + cam_num + sample_num + label_filename,2025,2,4,398,0,1,1,,2025_Conforme_2_Cam_B_4_398.jpg,bottom_only,Conforme
B,year + batch_num + cam_num + sample_num + label_filename,2025,2,4,399,0,1,1,,2025_Conforme_2_Cam_B_4_399.jpg,bottom_only,Conforme
B,year + batch_num + cam_num + sample_num + label_filename,2025,2,4,400,0,1,1,,2025_Conforme_2_Cam_B_4_400.jpg,bottom_only,Conforme
B,year + batch_num + cam_num + sample_num + label_filename,2025,2,4,401,0,1,1,,2025_Conforme_2_Cam_B_4_401.jpg,bottom_only,Conforme
B,year + batch_num + cam_num + sample_num + label_filename,2025,2,4,402,0,1,1,,2025_Conforme_2_Cam_B_4_402.jpg,bottom_only,Conforme
B,year + batch_num + cam_num + sample_num + label_filename,2025,2,4,403,0,1,1,,2025_Conforme_2_Cam_B_4_403.jpg,bottom_only,Conforme
B,year + batch_num + cam_num + sample_num + label_filename,2025,2,4,404,0,1,1,,2025_Conforme_2_Cam_B_4_404.jpg,bottom_only,Conforme
B,year + batch_num + cam_num + sample_num + label_filename,2025,2,4,405,0,1,1,,2025_Conforme_2_Cam_B_4_405.jpg,bottom_only,Conforme
B,year + batch_num + cam_num + sample_num + label_filename,2025,2,4,406,0,1,1,,2025_Conforme_2_Cam_B_4_406.jpg,bottom_only,Conforme
B,year + batch_num + cam_num + sample_num + label_filename,2025,2,4,408,0,1,1,,2025_Conforme_2_Cam_B_4_408.jpg,bottom_only,Conforme
B,year + batch_num + cam_num + sample_num + label_filename,2025,2,4,409,0,1,1,,2025_Conforme_2_Cam_B_4_409.jpg,bottom_only,Conforme
B,year + batch_num + cam_num + sample_num + label_filename,2025,2,4,410,0,1,1,,2025_Conforme_2_Cam_B_4_410.jpg,bottom_only,Conforme
B,year + batch_num + cam_num + sample_num + label_filename,2025,2,4,411,0,1,1,,2025_Conforme_2_Cam_B_4_411.jpg,bottom_only,Conforme
B,year + batch_num + cam_num + sample_num + label_filename,2025,2,4,412,0,1,1,,2025_Conforme_2_Cam_B_4_412.jpg,bottom_only,Conforme
B,year + batch_num + cam_num + sample_num + label_filename,2025,2,4,413,0,1,1,,2025_Conforme_2_Cam_B_4_413.jpg,bottom_only,Conforme
B,year + batch_num + cam_num + sample_num + label_filename,2025,2,4,414,0,1,1,,2025_Conforme_2_Cam_B_4_414.jpg,bottom_only,Conforme
B,year + batch_num + cam_num + sample_num + label_filename,2025,2,4,415,0,1,1,,2025_Conforme_2_Cam_B_4_415.jpg,bottom_only,Conforme
B,year + batch_num + cam_num + sample_num + label_filename,2025,2,4,416,0,1,1,,2025_Conforme_2_Cam_B_4_416.jpg,bottom_only,Conforme
B,year + batch_num + cam_num + sample_num + label_filename,2025,2,4,417,0,1,1,,2025_Conforme_2_Cam_B_4_417.jpg,bottom_only,Conforme
B,year + batch_num + cam_num + sample_num + label_filename,2025,2,4,418,0,1,1,,2025_Conforme_2_Cam_B_4_418.jpg,bottom_only,Conforme
B,year + batch_num + cam_num + sample_num + label_filename,2025,2,4,419,0,1,1,,2025_Conforme_2_Cam_B_4_419.jpg,bottom_only,Conforme
B,year + batch_num + cam_num + sample_num + label_filename,2025,2,4,420,0,1,1,,2025_Conforme_2_Cam_B_4_420.jpg,bottom_only,Conforme
B,year + batch_num + cam_num + sample_num + label_filename,2025,2,4,421,0,1,1,,2025_Conforme_2_Cam_B_4_421.jpg,bottom_only,Conforme
B,year + batch_num + cam_num + sample_num + label_filename,2025,2,4,422,0,1,1,,2025_Conforme_2_Cam_B_4_422.jpg,bottom_only,Conforme
B,year + batch_num + cam_num + sample_num + label_filename,2025,2,4,423,0,1,1,,2025_Conforme_2_Cam_B_4_423.jpg,bottom_only,Conforme
B,year + batch_num + cam_num + sample_num + label_filename,2025,2,4,424,0,1,1,,2025_Conforme_2_Cam_B_4_424.jpg,bottom_only,Conforme
B,year + batch_num + cam_num + sample_num + label_filename,2025,2,4,425,0,1,1,,2025_Conforme_2_Cam_B_4_425.jpg,bottom_only,Conforme
B,year + batch_num + cam_num + sample_num + label_filename,2025,2,4,426,0,1,1,,2025_Conforme_2_Cam_B_4_426.jpg,bottom_only,Conforme
B,year + batch_num + cam_num + sample_num + label_filename,2025,2,4,427,0,1,1,,2025_Conforme_2_Cam_B_4_427.jpg,bottom_only,Conforme
B,year + batch_num + cam_num + sample_num + label_filename,2025,2,4,428,0,1,1,,2025_Conforme_2_Cam_B_4_428.jpg,bottom_only,Conforme
B,year + batch_num + cam_num + sample_num + label_filename,2025,2,4,429,0,1,1,,2025_Conforme_2_Cam_B_4_429.jpg,bottom_only,Conforme
B,year + batch_num + cam_num + sample_num + label_filename,2025,2,4,430,0,1,1,,2025_Conforme_2_Cam_B_4_430.jpg,bottom_only,Conforme
B,year + batch_num + cam_num + sample_num + label_filename,2025,2,4,431,0,1,1,,2025_Conforme_2_Cam_B_4_431.jpg,bottom_only,Conforme
B,year + batch_num + cam_num + sample_num + label_filename,2025,2,4,432,0,1,1,,2025_Conforme_2_Cam_B_4_432.jpg,bottom_only,Conforme
B,year + batch_num + cam_num + sample_num + label_filename,2025,2,4,433,0,1,1,,2025_Conforme_2_Cam_B_4_433.jpg,bottom_only,Conforme
B,year + batch_num + cam_num + sample_num + label_filename,2025,2,4,434,0,1,1,,2025_Conforme_2_Cam_B_4_434.jpg,bottom_only,Conforme
B,year + batch_num + cam_num + sample_num + label_filename,2025,2,4,435,0,1,1,,2025_Conforme_2_Cam_B_4_435.jpg,bottom_only,Conforme
B,year + batch_num + cam_num + sample_num + label_filename,2025,2,4,436,0,1,1,,2025_Conforme_2_Cam_B_4_436.jpg,bottom_only,Conforme
B,year + batch_num + cam_num + sample_num + label_filename,2025,2,4,437,0,1,1,,2025_Conforme_2_Cam_B_4_437.jpg,bottom_only,Conforme
B,year + batch_num + cam_num + sample_num + label_filename,2025,2,4,438,0,1,1,,2025_Conforme_2_Cam_B_4_438.jpg,bottom_only,Conforme
B,year + batch_num + cam_num + sample_num + label_filename,2025,2,4,439,0,1,1,,2025_Conforme_2_Cam_B_4_439.jpg,bottom_only,Conforme
B,year + batch_num + cam_num + sample_num + label_filename,2025,2,4,440,0,1,1,,2025_Conforme_2_Cam_B_4_440.jpg,bottom_only,Conforme
B,year + batch_num + cam_num + sample_num + label_filename,2025,2,4,441,0,1,1,,2025_Conforme_2_Cam_B_4_441.jpg,bottom_only,Conforme
B,year + batch_num + cam_num + sample_num + label_filename,2025,2,4,442,0,1,1,,2025_Conforme_2_Cam_B_4_442.jpg,bottom_only,Conforme
B,year + batch_num + cam_num + sample_num + label_filename,2025,2,4,443,0,1,1,,2025_Conforme_2_Cam_B_4_443.jpg,bottom_only,Conforme
B,year + batch_num + cam_num + sample_num + label_filename,2025,2,4,444,0,1,1,,2025_Conforme_2_Cam_B_4_444.jpg,bottom_only,Conforme
B,year + batch_num + cam_num + sample_num + label_filename,2025,2,4,445,0,1,1,,2025_Conforme_2_Cam_B_4_445.jpg,bottom_only,Conforme
B,year + batch_num + cam_num + sample_num + label_filename,2025,2,4,446,0,1,1,,2025_Conforme_2_Cam_B_4_446.jpg,bottom_only,Conforme
B,year + batch_num + cam_num + sample_num + label_filename,2025,2,4,447,0,1,1,,2025_Conforme_2_Cam_B_4_447.jpg,bottom_only,Conforme
B,year + batch_num + cam_num + sample_num + label_filename,2025,2,4,448,0,1,1,,2025_Conforme_2_Cam_B_4_448.jpg,bottom_only,Conforme
B,year + batch_num + cam_num + sample_num + label_filename,2025,2,4,449,0,1,1,,2025_Conforme_2_Cam_B_4_449.jpg,bottom_only,Conforme
B,year + batch_num + cam_num + sample_num + label_filename,2025,2,4,450,0,1,1,,2025_Conforme_2_Cam_B_4_450.jpg,bottom_only,Conforme
B,year + batch_num + cam_num + sample_num + label_filename,2025,2,4,451,0,1,1,,2025_Conforme_2_Cam_B_4_451.jpg,bottom_only,Conforme
B,year + batch_num + cam_num + sample_num + label_filename,2025,2,4,452,0,1,1,,2025_Conforme_2_Cam_B_4_452.jpg,bottom_only,Conforme
B,year + batch_num + cam_num + sample_num + label_filename,2025,2,4,453,0,1,1,,2025_Conforme_2_Cam_B_4_453.jpg,bottom_only,Conforme
B,year + batch_num + cam_num + sample_num + label_filename,2025,2,4,454,0,1,1,,2025_Conforme_2_Cam_B_4_454.jpg,bottom_only,Conforme
B,year + batch_num + cam_num + sample_num + label_filename,2025,2,4,455,0,1,1,,2025_Conforme_2_Cam_B_4_455.jpg,bottom_only,Conforme
B,year + batch_num + cam_num + sample_num + label_filename,2025,2,4,456,0,1,1,,2025_Conforme_2_Cam_B_4_456.jpg,bottom_only,Conforme
B,year + batch_num + cam_num + sample_num + label_filename,2025,2,4,457,0,1,1,,2025_Conforme_2_Cam_B_4_457.jpg,bottom_only,Conforme
B,year + batch_num + cam_num + sample_num + label_filename,2025,2,4,458,0,1,1,,2025_Conforme_2_Cam_B_4_458.jpg,bottom_only,Conforme
B,year + batch_num + cam_num + sample_num + label_filename,2025,2,4,459,0,1,1,,2025_Conforme_2_Cam_B_4_459.jpg,bottom_only,Conforme
B,year + batch_num + cam_num + sample_num + label_filename,2025,2,4,460,0,1,1,,2025_Conforme_2_Cam_B_4_460.jpg,bottom_only,Conforme
B,year + batch_num + cam_num + sample_num + label_filename,2025,2,4,461,0,1,1,,2025_Conforme_2_Cam_B_4_461.jpg,bottom_only,Conforme
B,year + batch_num + cam_num + sample_num + label_filename,2025,2,4,462,0,1,1,,2025_Conforme_2_Cam_B_4_462.jpg,bottom_only,Conforme
B,year + batch_num + cam_num + sample_num + label_filename,2025,2,4,463,0,1,1,,2025_Conforme_2_Cam_B_4_463.jpg,bottom_only,Conforme
B,year + batch_num + cam_num + sample_num + label_filename,2025,2,4,464,0,1,1,,2025_Conforme_2_Cam_B_4_464.jpg,bottom_only,Conforme
B,year + batch_num + cam_num + sample_num + label_filename,2025,2,4,466,0,1,1,,2025_Conforme_2_Cam_B_4_466.jpg,bottom_only,Conforme
B,year + batch_num + cam_num + sample_num + label_filename,2025,2,4,467,0,1,1,,2025_Conforme_2_Cam_B_4_467.jpg,bottom_only,Conforme
B,year + batch_num + cam_num + sample_num + label_filename,2025,2,4,469,0,1,1,,2025_Conforme_2_Cam_B_4_469.jpg,bottom_only,Conforme
B,year + batch_num + cam_num + sample_num + label_filename,2025,2,4,470,0,1,1,,2025_Conforme_2_Cam_B_4_470.jpg,bottom_only,Conforme
B,year + batch_num + cam_num + sample_num + label_filename,2025,2,4,471,0,1,1,,2025_Conforme_2_Cam_B_4_471.jpg,bottom_only,Conforme
B,year + batch_num + cam_num + sample_num + label_filename,2025,2,4,472,0,1,1,,2025_Conforme_2_Cam_B_4_472.jpg,bottom_only,Conforme
B,year + batch_num + cam_num + sample_num + label_filename,2025,2,4,473,0,1,1,,2025_Conforme_2_Cam_B_4_473.jpg,bottom_only,Conforme
B,year + batch_num + cam_num + sample_num + label_filename,2025,2,4,474,0,1,1,,2025_Conforme_2_Cam_B_4_474.jpg,bottom_only,Conforme
B,year + batch_num + cam_num + sample_num + label_filename,2025,2,4,475,0,1,1,,2025_Conforme_2_Cam_B_4_475.jpg,bottom_only,Conforme
B,year + batch_num + cam_num + sample_num + label_filename,2025,2,4,476,0,1,1,,2025_Conforme_2_Cam_B_4_476.jpg,bottom_only,Conforme
B,year + batch_num + cam_num + sample_num + label_filename,2025,2,4,477,0,1,1,,2025_Conforme_2_Cam_B_4_477.jpg,bottom_only,Conforme
B,year + batch_num + cam_num + sample_num + label_filename,2025,2,4,478,0,1,1,,2025_Conforme_2_Cam_B_4_478.jpg,bottom_only,Conforme
B,year + batch_num + cam_num + sample_num + label_filename,2025,2,4,479,0,1,1,,2025_Conforme_2_Cam_B_4_479.jpg,bottom_only,Conforme
B,year + batch_num + cam_num + sample_num + label_filename,2025,2,4,480,0,1,1,,2025_Conforme_2_Cam_B_4_480.jpg,bottom_only,Conforme
B,year + batch_num + cam_num + sample_num + label_filename,2025,2,4,481,0,1,1,,2025_Conforme_2_Cam_B_4_481.jpg,bottom_only,Conforme
B,year + batch_num + cam_num + sample_num + label_filename,2025,2,4,482,0,1,1,,2025_Conforme_2_Cam_B_4_482.jpg,bottom_only,Conforme
B,year + batch_num + cam_num + sample_num + label_filename,2025,2,4,483,0,1,1,,2025_Conforme_2_Cam_B_4_483.jpg,bottom_only,Conforme
B,year + batch_num + cam_num + sample_num + label_filename,2025,2,4,484,0,1,1,,2025_Conforme_2_Cam_B_4_484.jpg,bottom_only,Conforme
B,year + batch_num + cam_num + sample_num + label_filename,2025,2,4,485,0,1,1,,2025_Conforme_2_Cam_B_4_485.jpg,bottom_only,Conforme
B,year + batch_num + cam_num + sample_num + label_filename,2025,2,4,486,0,1,1,,2025_Conforme_2_Cam_B_4_486.jpg,bottom_only,Conforme
B,year + batch_num + cam_num + sample_num + label_filename,2025,2,4,487,0,1,1,,2025_Conforme_2_Cam_B_4_487.jpg,bottom_only,Conforme
B,year + batch_num + cam_num + sample_num + label_filename,2025,2,4,488,0,1,1,,2025_Conforme_2_Cam_B_4_488.jpg,bottom_only,Conforme
B,year + batch_num + cam_num + sample_num + label_filename,2025,2,4,489,0,1,1,,2025_Conforme_2_Cam_B_4_489.jpg,bottom_only,Conforme
B,year + batch_num + cam_num + sample_num + label_filename,2025,2,4,490,0,1,1,,2025_Conforme_2_Cam_B_4_490.jpg,bottom_only,Conforme
B,year + batch_num + cam_num + sample_num + label_filename,2025,2,4,491,0,1,1,,2025_Conforme_2_Cam_B_4_491.jpg,bottom_only,Conforme
B,year + batch_num + cam_num + sample_num + label_filename,2025,2,4,493,0,1,1,,2025_Conforme_2_Cam_B_4_493.jpg,bottom_only,Conforme
B,year + batch_num + cam_num + sample_num + label_filename,2025,2,4,494,0,1,1,,2025_Conforme_2_Cam_B_4_494.jpg,bottom_only,Conforme
B,year + batch_num + cam_num + sample_num + label_filename,2025,2,4,495,0,1,1,,2025_Conforme_2_Cam_B_4_495.jpg,bottom_only,Conforme
B,year + batch_num + cam_num + sample_num + label_filename,2025,2,4,496,0,1,1,,2025_Conforme_2_Cam_B_4_496.jpg,bottom_only,Conforme
B,year + batch_num + cam_num + sample_num + label_filename,2025,2,5,221,0,1,1,,2025_Conforme_2_Cam_B_5_221.jpg,bottom_only,Conforme
B,year + batch_num + cam_num + sample_num + label_filename,2025,2,5,222,0,1,1,,2025_Conforme_2_Cam_B_5_222.jpg,bottom_only,Conforme
B,year + batch_num + cam_num + sample_num + label_filename,2025,2,5,223,0,1,1,,2025_Conforme_2_Cam_B_5_223.jpg,bottom_only,Conforme
B,year + batch_num + cam_num + sample_num + label_filename,2025,2,5,224,0,1,1,,2025_Conforme_2_Cam_B_5_224.jpg,bottom_only,Conforme
B,year + batch_num + cam_num + sample_num + label_filename,2025,2,5,225,0,1,1,,2025_Conforme_2_Cam_B_5_225.jpg,bottom_only,Conforme
B,year + batch_num + cam_num + sample_num + label_filename,2025,2,5,226,0,1,1,,2025_Conforme_2_Cam_B_5_226.jpg,bottom_only,Conforme
B,year + batch_num + cam_num + sample_num + label_filename,2025,2,5,227,0,1,1,,2025_Conforme_2_Cam_B_5_227.jpg,bottom_only,Conforme
B,year + batch_num + cam_num + sample_num + label_filename,2025,2,5,228,0,1,1,,2025_Conforme_2_Cam_B_5_228.jpg,bottom_only,Conforme
B,year + batch_num + cam_num + sample_num + label_filename,2025,2,5,229,0,1,1,,2025_Conforme_2_Cam_B_5_229.jpg,bottom_only,Conforme
B,year + batch_num + cam_num + sample_num + label_filename,2025,2,5,230,0,1,1,,2025_Conforme_2_Cam_B_5_230.jpg,bottom_only,Conforme
B,year + batch_num + cam_num + sample_num + label_filename,2025,2,5,231,0,1,1,,2025_Conforme_2_Cam_B_5_231.jpg,bottom_only,Conforme
B,year + batch_num + cam_num + sample_num + label_filename,2025,2,5,232,0,1,1,,2025_Conforme_2_Cam_B_5_232.jpg,bottom_only,Conforme
B,year + batch_num + cam_num + sample_num + label_filename,2025,2,5,233,0,1,1,,2025_Conforme_2_Cam_B_5_233.jpg,bottom_only,Conforme
B,year + batch_num + cam_num + sample_num + label_filename,2025,2,5,234,0,1,1,,2025_Conforme_2_Cam_B_5_234.jpg,bottom_only,Conforme
B,year + batch_num + cam_num + sample_num + label_filename,2025,2,5,235,0,1,1,,2025_Conforme_2_Cam_B_5_235.jpg,bottom_only,Conforme
B,year + batch_num + cam_num + sample_num + label_filename,2025,2,5,236,0,1,1,,2025_Conforme_2_Cam_B_5_236.jpg,bottom_only,Conforme
B,year + batch_num + cam_num + sample_num + label_filename,2025,2,5,237,0,1,1,,2025_Conforme_2_Cam_B_5_237.jpg,bottom_only,Conforme
B,year + batch_num + cam_num + sample_num + label_filename,2025,2,5,238,0,1,1,,2025_Conforme_2_Cam_B_5_238.jpg,bottom_only,Conforme
B,year + batch_num + cam_num + sample_num + label_filename,2025,2,5,239,0,1,1,,2025_Conforme_2_Cam_B_5_239.jpg,bottom_only,Conforme
B,year + batch_num + cam_num + sample_num + label_filename,2025,2,5,240,0,1,1,,2025_Conforme_2_Cam_B_5_240.jpg,bottom_only,Conforme
B,year + batch_num + cam_num + sample_num + label_filename,2025,2,5,241,0,1,1,,2025_Conforme_2_Cam_B_5_241.jpg,bottom_only,Conforme
B,year + batch_num + cam_num + sample_num + label_filename,2025,2,5,242,0,1,1,,2025_Conforme_2_Cam_B_5_242.jpg,bottom_only,Conforme
B,year + batch_num + cam_num + sample_num + label_filename,2025,2,5,243,0,1,1,,2025_Conforme_2_Cam_B_5_243.jpg,bottom_only,Conforme
B,year + batch_num + cam_num + sample_num + label_filename,2025,2,5,244,0,1,1,,2025_Conforme_2_Cam_B_5_244.jpg,bottom_only,Conforme
B,year + batch_num + cam_num + sample_num + label_filename,2025,2,5,245,0,1,1,,2025_Conforme_2_Cam_B_5_245.jpg,bottom_only,Conforme
B,year + batch_num + cam_num + sample_num + label_filename,2025,2,5,246,0,1,1,,2025_Conforme_2_Cam_B_5_246.jpg,bottom_only,Conforme
B,year + batch_num + cam_num + sample_num + label_filename,2025,2,5,247,0,1,1,,2025_Conforme_2_Cam_B_5_247.jpg,bottom_only,Conforme
B,year + batch_num + cam_num + sample_num + label_filename,2025,2,5,248,0,1,1,,2025_Conforme_2_Cam_B_5_248.jpg,bottom_only,Conforme
B,year + batch_num + cam_num + sample_num + label_filename,2025,2,5,249,0,1,1,,2025_Conforme_2_Cam_B_5_249.jpg,bottom_only,Conforme
B,year + batch_num + cam_num + sample_num + label_filename,2025,2,5,250,0,1,1,,2025_Conforme_2_Cam_B_5_250.jpg,bottom_only,Conforme
B,year + batch_num + cam_num + sample_num + label_filename,2025,2,5,251,0,1,1,,2025_Conforme_2_Cam_B_5_251.jpg,bottom_only,Conforme
B,year + batch_num + cam_num + sample_num + label_filename,2025,2,5,252,0,1,1,,2025_Conforme_2_Cam_B_5_252.jpg,bottom_only,Conforme
B,year + batch_num + cam_num + sample_num + label_filename,2025,2,5,253,0,1,1,,2025_Conforme_2_Cam_B_5_253.jpg,bottom_only,Conforme
B,year + batch_num + cam_num + sample_num + label_filename,2025,2,5,254,0,1,1,,2025_Conforme_2_Cam_B_5_254.jpg,bottom_only,Conforme
B,year + batch_num + cam_num + sample_num + label_filename,2025,2,5,255,0,1,1,,2025_Conforme_2_Cam_B_5_255.jpg,bottom_only,Conforme
B,year + batch_num + cam_num + sample_num + label_filename,2025,2,5,256,0,1,1,,2025_Conforme_2_Cam_B_5_256.jpg,bottom_only,Conforme
B,year + batch_num + cam_num + sample_num + label_filename,2025,2,5,257,0,1,1,,2025_Conforme_2_Cam_B_5_257.jpg,bottom_only,Conforme
B,year + batch_num + cam_num + sample_num + label_filename,2025,2,5,258,0,1,1,,2025_Conforme_2_Cam_B_5_258.jpg,bottom_only,Conforme
B,year + batch_num + cam_num + sample_num + label_filename,2025,2,5,259,0,1,1,,2025_Conforme_2_Cam_B_5_259.jpg,bottom_only,Conforme
B,year + batch_num + cam_num + sample_num + label_filename,2025,2,5,260,0,1,1,,2025_Conforme_2_Cam_B_5_260.jpg,bottom_only,Conforme
B,year + batch_num + cam_num + sample_num + label_filename,2025,2,5,261,0,1,1,,2025_Conforme_2_Cam_B_5_261.jpg,bottom_only,Conforme
B,year + batch_num + cam_num + sample_num + label_filename,2025,2,5,262,0,1,1,,2025_Conforme_2_Cam_B_5_262.jpg,bottom_only,Conforme
B,year + batch_num + cam_num + sample_num + label_filename,2025,2,5,263,0,1,1,,2025_Conforme_2_Cam_B_5_263.jpg,bottom_only,Conforme
B,year + batch_num + cam_num + sample_num + label_filename,2025,2,5,264,0,1,1,,2025_Conforme_2_Cam_B_5_264.jpg,bottom_only,Conforme
B,year + batch_num + cam_num + sample_num + label_filename,2025,2,5,265,0,1,1,,2025_Conforme_2_Cam_B_5_265.jpg,bottom_only,Conforme
B,year + batch_num + cam_num + sample_num + label_filename,2025,2,5,266,0,1,1,,2025_Conforme_2_Cam_B_5_266.jpg,bottom_only,Conforme
B,year + batch_num + cam_num + sample_num + label_filename,2025,2,5,267,0,1,1,,2025_Conforme_2_Cam_B_5_267.jpg,bottom_only,Conforme
B,year + batch_num + cam_num + sample_num + label_filename,2025,2,5,268,0,1,1,,2025_Conforme_2_Cam_B_5_268.jpg,bottom_only,Conforme
B,year + batch_num + cam_num + sample_num + label_filename,2025,2,5,269,0,1,1,,2025_Conforme_2_Cam_B_5_269.jpg,bottom_only,Conforme
B,year + batch_num + cam_num + sample_num + label_filename,2025,2,5,270,0,1,1,,2025_Conforme_2_Cam_B_5_270.jpg,bottom_only,Conforme
B,year + batch_num + cam_num + sample_num + label_filename,2025,2,5,271,0,1,1,,2025_Conforme_2_Cam_B_5_271.jpg,bottom_only,Conforme
B,year + batch_num + cam_num + sample_num + label_filename,2025,2,5,272,0,1,1,,2025_Conforme_2_Cam_B_5_272.jpg,bottom_only,Conforme
B,year + batch_num + cam_num + sample_num + label_filename,2025,2,5,273,0,1,1,,2025_Conforme_2_Cam_B_5_273.jpg,bottom_only,Conforme
B,year + batch_num + cam_num + sample_num + label_filename,2025,2,5,274,0,1,1,,2025_Conforme_2_Cam_B_5_274.jpg,bottom_only,Conforme
B,year + batch_num + cam_num + sample_num + label_filename,2025,2,5,275,0,1,1,,2025_Conforme_2_Cam_B_5_275.jpg,bottom_only,Conforme
B,year + batch_num + cam_num + sample_num + label_filename,2025,2,5,276,0,1,1,,2025_Conforme_2_Cam_B_5_276.jpg,bottom_only,Conforme
B,year + batch_num + cam_num + sample_num + label_filename,2025,2,5,277,0,1,1,,2025_Conforme_2_Cam_B_5_277.jpg,bottom_only,Conforme
B,year + batch_num + cam_num + sample_num + label_filename,2025,2,5,278,0,1,1,,2025_Conforme_2_Cam_B_5_278.jpg,bottom_only,Conforme
B,year + batch_num + cam_num + sample_num + label_filename,2025,2,5,279,0,1,1,,2025_Conforme_2_Cam_B_5_279.jpg,bottom_only,Conforme
B,year + batch_num + cam_num + sample_num + label_filename,2025,2,5,280,0,1,1,,2025_Conforme_2_Cam_B_5_280.jpg,bottom_only,Conforme
B,year + batch_num + cam_num + sample_num + label_filename,2025,2,5,281,0,1,1,,2025_Conforme_2_Cam_B_5_281.jpg,bottom_only,Conforme
B,year + batch_num + cam_num + sample_num + label_filename,2025,2,5,282,0,1,1,,2025_Conforme_2_Cam_B_5_282.jpg,bottom_only,Conforme
B,year + batch_num + cam_num + sample_num + label_filename,2025,2,5,283,0,1,1,,2025_Conforme_2_Cam_B_5_283.jpg,bottom_only,Conforme
B,year + batch_num + cam_num + sample_num + label_filename,2025,2,5,284,0,1,1,,2025_Conforme_2_Cam_B_5_284.jpg,bottom_only,Conforme
B,year + batch_num + cam_num + sample_num + label_filename,2025,2,5,285,0,1,1,,2025_Conforme_2_Cam_B_5_285.jpg,bottom_only,Conforme
B,year + batch_num + cam_num + sample_num + label_filename,2025,2,5,286,0,1,1,,2025_Conforme_2_Cam_B_5_286.jpg,bottom_only,Conforme
B,year + batch_num + cam_num + sample_num + label_filename,2025,2,5,287,0,1,1,,2025_Conforme_2_Cam_B_5_287.jpg,bottom_only,Conforme
B,year + batch_num + cam_num + sample_num + label_filename,2025,2,5,288,0,1,1,,2025_Conforme_2_Cam_B_5_288.jpg,bottom_only,Conforme
B,year + batch_num + cam_num + sample_num + label_filename,2025,2,5,289,0,1,1,,2025_Conforme_2_Cam_B_5_289.jpg,bottom_only,Conforme
B,year + batch_num + cam_num + sample_num + label_filename,2025,2,5,290,0,1,1,,2025_Conforme_2_Cam_B_5_290.jpg,bottom_only,Conforme
B,year + batch_num + cam_num + sample_num + label_filename,2025,2,5,291,0,1,1,,2025_Conforme_2_Cam_B_5_291.jpg,bottom_only,Conforme
B,year + batch_num + cam_num + sample_num + label_filename,2025,2,5,292,0,1,1,,2025_Conforme_2_Cam_B_5_292.jpg,bottom_only,Conforme
B,year + batch_num + cam_num + sample_num + label_filename,2025,2,5,293,0,1,1,,2025_Conforme_2_Cam_B_5_293.jpg,bottom_only,Conforme
B,year + batch_num + cam_num + sample_num + label_filename,2025,2,5,294,0,1,1,,2025_Conforme_2_Cam_B_5_294.jpg,bottom_only,Conforme
B,year + batch_num + cam_num + sample_num + label_filename,2025,2,5,295,0,1,1,,2025_Conforme_2_Cam_B_5_295.jpg,bottom_only,Conforme
B,year + batch_num + cam_num + sample_num + label_filename,2025,2,5,296,0,1,1,,2025_Conforme_2_Cam_B_5_296.jpg,bottom_only,Conforme
B,year + batch_num + cam_num + sample_num + label_filename,2025,2,5,297,0,1,1,,2025_Conforme_2_Cam_B_5_297.jpg,bottom_only,Conforme
B,year + batch_num + cam_num + sample_num + label_filename,2025,2,5,298,0,1,1,,2025_Conforme_2_Cam_B_5_298.jpg,bottom_only,Conforme
B,year + batch_num + cam_num + sample_num + label_filename,2025,2,5,299,0,1,1,,2025_Conforme_2_Cam_B_5_299.jpg,bottom_only,Conforme
B,year + batch_num + cam_num + sample_num + label_filename,2025,2,5,300,0,1,1,,2025_Conforme_2_Cam_B_5_300.jpg,bottom_only,Conforme
B,year + batch_num + cam_num + sample_num + label_filename,2025,2,5,301,0,1,1,,2025_Conforme_2_Cam_B_5_301.jpg,bottom_only,Conforme
B,year + batch_num + cam_num + sample_num + label_filename,2025,2,5,302,0,1,1,,2025_Conforme_2_Cam_B_5_302.jpg,bottom_only,Conforme
B,year + batch_num + cam_num + sample_num + label_filename,2025,2,5,303,0,1,1,,2025_Conforme_2_Cam_B_5_303.jpg,bottom_only,Conforme
B,year + batch_num + cam_num + sample_num + label_filename,2025,2,5,304,0,1,1,,2025_Conforme_2_Cam_B_5_304.jpg,bottom_only,Conforme
B,year + batch_num + cam_num + sample_num + label_filename,2025,2,5,305,0,1,1,,2025_Conforme_2_Cam_B_5_305.jpg,bottom_only,Conforme
B,year + batch_num + cam_num + sample_num + label_filename,2025,2,5,306,0,1,1,,2025_Conforme_2_Cam_B_5_306.jpg,bottom_only,Conforme
B,year + batch_num + cam_num + sample_num + label_filename,2025,2,5,307,0,1,1,,2025_Conforme_2_Cam_B_5_307.jpg,bottom_only,Conforme
B,year + batch_num + cam_num + sample_num + label_filename,2025,2,5,308,0,1,1,,2025_Conforme_2_Cam_B_5_308.jpg,bottom_only,Conforme
B,year + batch_num + cam_num + sample_num + label_filename,2025,2,5,309,0,1,1,,2025_Conforme_2_Cam_B_5_309.jpg,bottom_only,Conforme
B,year + batch_num + cam_num + sample_num + label_filename,2025,2,5,310,0,1,1,,2025_Conforme_2_Cam_B_5_310.jpg,bottom_only,Conforme
B,year + batch_num + cam_num + sample_num + label_filename,2025,2,5,311,0,1,1,,2025_Conforme_2_Cam_B_5_311.jpg,bottom_only,Conforme
B,year + batch_num + cam_num + sample_num + label_filename,2025,2,5,312,0,1,1,,2025_Conforme_2_Cam_B_5_312.jpg,bottom_only,Conforme
B,year + batch_num + cam_num + sample_num + label_filename,2025,2,5,313,0,1,1,,2025_Conforme_2_Cam_B_5_313.jpg,bottom_only,Conforme
B,year + batch_num + cam_num + sample_num + label_filename,2025,2,5,314,0,1,1,,2025_Conforme_2_Cam_B_5_314.jpg,bottom_only,Conforme
B,year + batch_num + cam_num + sample_num + label_filename,2025,2,5,315,0,1,1,,2025_Conforme_2_Cam_B_5_315.jpg,bottom_only,Conforme
B,year + batch_num + cam_num + sample_num + label_filename,2025,2,5,316,0,1,1,,2025_Conforme_2_Cam_B_5_316.jpg,bottom_only,Conforme
B,year + batch_num + cam_num + sample_num + label_filename,2025,2,5,317,0,1,1,,2025_Conforme_2_Cam_B_5_317.jpg,bottom_only,Conforme
B,year + batch_num + cam_num + sample_num + label_filename,2025,2,5,318,0,1,1,,2025_Conforme_2_Cam_B_5_318.jpg,bottom_only,Conforme
B,year + batch_num + cam_num + sample_num + label_filename,2025,2,5,319,0,1,1,,2025_Conforme_2_Cam_B_5_319.jpg,bottom_only,Conforme
B,year + batch_num + cam_num + sample_num + label_filename,2025,2,5,320,0,1,1,,2025_Conforme_2_Cam_B_5_320.jpg,bottom_only,Conforme
B,year + batch_num + cam_num + sample_num + label_filename,2025,2,5,321,0,1,1,,2025_Conforme_2_Cam_B_5_321.jpg,bottom_only,Conforme
B,year + batch_num + cam_num + sample_num + label_filename,2025,2,5,322,0,1,1,,2025_Conforme_2_Cam_B_5_322.jpg,bottom_only,Conforme
B,year + batch_num + cam_num + sample_num + label_filename,2025,2,5,323,0,1,1,,2025_Conforme_2_Cam_B_5_323.jpg,bottom_only,Conforme
B,year + batch_num + cam_num + sample_num + label_filename,2025,2,5,324,0,1,1,,2025_Conforme_2_Cam_B_5_324.jpg,bottom_only,Conforme
B,year + batch_num + cam_num + sample_num + label_filename,2025,2,5,325,0,1,1,,2025_Conforme_2_Cam_B_5_325.jpg,bottom_only,Conforme
B,year + batch_num + cam_num + sample_num + label_filename,2025,2,5,326,0,1,1,,2025_Conforme_2_Cam_B_5_326.jpg,bottom_only,Conforme
B,year + batch_num + cam_num + sample_num + label_filename,2025,2,5,327,0,1,1,,2025_Conforme_2_Cam_B_5_327.jpg,bottom_only,Conforme
B,year + batch_num + cam_num + sample_num + label_filename,2025,2,5,328,0,1,1,,2025_Conforme_2_Cam_B_5_328.jpg,bottom_only,Conforme
B,year + batch_num + cam_num + sample_num + label_filename,2025,2,5,329,0,1,1,,2025_Conforme_2_Cam_B_5_329.jpg,bottom_only,Conforme
B,year + batch_num + cam_num + sample_num + label_filename,2025,2,5,330,0,1,1,,2025_Conforme_2_Cam_B_5_330.jpg,bottom_only,Conforme
B,year + batch_num + cam_num + sample_num + label_filename,2025,2,5,331,0,1,1,,2025_Conforme_2_Cam_B_5_331.jpg,bottom_only,Conforme
B,year + batch_num + cam_num + sample_num + label_filename,2025,2,5,332,0,1,1,,2025_Conforme_2_Cam_B_5_332.jpg,bottom_only,Conforme
B,year + batch_num + cam_num + sample_num + label_filename,2025,2,5,333,0,1,1,,2025_Conforme_2_Cam_B_5_333.jpg,bottom_only,Conforme
B,year + batch_num + cam_num + sample_num + label_filename,2025,2,5,334,0,1,1,,2025_Conforme_2_Cam_B_5_334.jpg,bottom_only,Conforme
B,year + batch_num + cam_num + sample_num + label_filename,2025,2,5,335,0,1,1,,2025_Conforme_2_Cam_B_5_335.jpg,bottom_only,Conforme
B,year + batch_num + cam_num + sample_num + label_filename,2025,2,5,336,0,1,1,,2025_Conforme_2_Cam_B_5_336.jpg,bottom_only,Conforme
B,year + batch_num + cam_num + sample_num + label_filename,2025,2,5,337,0,1,1,,2025_Conforme_2_Cam_B_5_337.jpg,bottom_only,Conforme
B,year + batch_num + cam_num + sample_num + label_filename,2025,2,5,338,0,1,1,,2025_Conforme_2_Cam_B_5_338.jpg,bottom_only,Conforme
B,year + batch_num + cam_num + sample_num + label_filename,2025,2,5,339,0,1,1,,2025_Conforme_2_Cam_B_5_339.jpg,bottom_only,Conforme
B,year + batch_num + cam_num + sample_num + label_filename,2025,2,5,340,0,1,1,,2025_Conforme_2_Cam_B_5_340.jpg,bottom_only,Conforme
B,year + batch_num + cam_num + sample_num + label_filename,2025,2,5,341,0,1,1,,2025_Conforme_2_Cam_B_5_341.jpg,bottom_only,Conforme
B,year + batch_num + cam_num + sample_num + label_filename,2025,2,5,342,0,1,1,,2025_Conforme_2_Cam_B_5_342.jpg,bottom_only,Conforme
B,year + batch_num + cam_num + sample_num + label_filename,2025,2,5,343,0,1,1,,2025_Conforme_2_Cam_B_5_343.jpg,bottom_only,Conforme
B,year + batch_num + cam_num + sample_num + label_filename,2025,2,5,344,0,1,1,,2025_Conforme_2_Cam_B_5_344.jpg,bottom_only,Conforme
B,year + batch_num + cam_num + sample_num + label_filename,2025,2,5,345,0,1,1,,2025_Conforme_2_Cam_B_5_345.jpg,bottom_only,Conforme
B,year + batch_num + cam_num + sample_num + label_filename,2025,2,5,346,0,1,1,,2025_Conforme_2_Cam_B_5_346.jpg,bottom_only,Conforme
B,year + batch_num + cam_num + sample_num + label_filename,2025,2,5,347,0,1,1,,2025_Conforme_2_Cam_B_5_347.jpg,bottom_only,Conforme
B,year + batch_num + cam_num + sample_num + label_filename,2025,2,5,348,0,1,1,,2025_Conforme_2_Cam_B_5_348.jpg,bottom_only,Conforme
B,year + batch_num + cam_num + sample_num + label_filename,2025,2,5,349,0,1,1,,2025_Conforme_2_Cam_B_5_349.jpg,bottom_only,Conforme
B,year + batch_num + cam_num + sample_num + label_filename,2025,2,5,350,0,1,1,,2025_Conforme_2_Cam_B_5_350.jpg,bottom_only,Conforme
B,year + batch_num + cam_num + sample_num + label_filename,2025,2,5,351,0,1,1,,2025_Conforme_2_Cam_B_5_351.jpg,bottom_only,Conforme
B,year + batch_num + cam_num + sample_num + label_filename,2025,2,5,352,0,1,1,,2025_Conforme_2_Cam_B_5_352.jpg,bottom_only,Conforme
B,year + batch_num + cam_num + sample_num + label_filename,2025,2,5,353,0,1,1,,2025_Conforme_2_Cam_B_5_353.jpg,bottom_only,Conforme
B,year + batch_num + cam_num + sample_num + label_filename,2025,2,5,354,0,1,1,,2025_Conforme_2_Cam_B_5_354.jpg,bottom_only,Conforme
B,year + batch_num + cam_num + sample_num + label_filename,2025,2,5,355,0,1,1,,2025_Conforme_2_Cam_B_5_355.jpg,bottom_only,Conforme
B,year + batch_num + cam_num + sample_num + label_filename,2025,2,5,356,0,1,1,,2025_Conforme_2_Cam_B_5_356.jpg,bottom_only,Conforme
B,year + batch_num + cam_num + sample_num + label_filename,2025,2,5,357,0,1,1,,2025_Conforme_2_Cam_B_5_357.jpg,bottom_only,Conforme
B,year + batch_num + cam_num + sample_num + label_filename,2025,2,5,358,0,1,1,,2025_Conforme_2_Cam_B_5_358.jpg,bottom_only,Conforme
B,year + batch_num + cam_num + sample_num + label_filename,2025,2,5,359,0,1,1,,2025_Conforme_2_Cam_B_5_359.jpg,bottom_only,Conforme
B,year + batch_num + cam_num + sample_num + label_filename,2025,2,5,360,0,1,1,,2025_Conforme_2_Cam_B_5_360.jpg,bottom_only,Conforme
B,year + batch_num + cam_num + sample_num + label_filename,2025,2,5,361,0,1,1,,2025_Conforme_2_Cam_B_5_361.jpg,bottom_only,Conforme
B,year + batch_num + cam_num + sample_num + label_filename,2025,2,5,362,0,1,1,,2025_Conforme_2_Cam_B_5_362.jpg,bottom_only,Conforme
B,year + batch_num + cam_num + sample_num + label_filename,2025,2,5,363,0,1,1,,2025_Conforme_2_Cam_B_5_363.jpg,bottom_only,Conforme
B,year + batch_num + cam_num + sample_num + label_filename,2025,2,5,364,0,1,1,,2025_Conforme_2_Cam_B_5_364.jpg,bottom_only,Conforme
B,year + batch_num + cam_num + sample_num + label_filename,2025,2,5,365,0,1,1,,2025_Conforme_2_Cam_B_5_365.jpg,bottom_only,Conforme
B,year + batch_num + cam_num + sample_num + label_filename,2025,2,5,366,0,1,1,,2025_Conforme_2_Cam_B_5_366.jpg,bottom_only,Conforme
B,year + batch_num + cam_num + sample_num + label_filename,2025,2,5,367,0,1,1,,2025_Conforme_2_Cam_B_5_367.jpg,bottom_only,Conforme
B,year + batch_num + cam_num + sample_num + label_filename,2025,2,5,368,0,1,1,,2025_Conforme_2_Cam_B_5_368.jpg,bottom_only,Conforme
B,year + batch_num + cam_num + sample_num + label_filename,2025,2,5,369,0,1,1,,2025_Conforme_2_Cam_B_5_369.jpg,bottom_only,Conforme
B,year + batch_num + cam_num + sample_num + label_filename,2025,2,5,370,0,1,1,,2025_Conforme_2_Cam_B_5_370.jpg,bottom_only,Conforme
B,year + batch_num + cam_num + sample_num + label_filename,2025,2,5,371,0,1,1,,2025_Conforme_2_Cam_B_5_371.jpg,bottom_only,Conforme
B,year + batch_num + cam_num + sample_num + label_filename,2025,2,5,372,0,1,1,,2025_Conforme_2_Cam_B_5_372.jpg,bottom_only,Conforme
B,year + batch_num + cam_num + sample_num + label_filename,2025,2,5,373,0,1,1,,2025_Conforme_2_Cam_B_5_373.jpg,bottom_only,Conforme
B,year + batch_num + cam_num + sample_num + label_filename,2025,2,5,374,0,1,1,,2025_Conforme_2_Cam_B_5_374.jpg,bottom_only,Conforme
B,year + batch_num + cam_num + sample_num + label_filename,2025,2,5,375,0,1,1,,2025_Conforme_2_Cam_B_5_375.jpg,bottom_only,Conforme
B,year + batch_num + cam_num + sample_num + label_filename,2025,2,5,376,0,1,1,,2025_Conforme_2_Cam_B_5_376.jpg,bottom_only,Conforme
B,year + batch_num + cam_num + sample_num + label_filename,2025,2,5,377,0,1,1,,2025_Conforme_2_Cam_B_5_377.jpg,bottom_only,Conforme
B,year + batch_num + cam_num + sample_num + label_filename,2025,2,5,378,0,1,1,,2025_Conforme_2_Cam_B_5_378.jpg,bottom_only,Conforme
B,year + batch_num + cam_num + sample_num + label_filename,2025,2,5,379,0,1,1,,2025_Conforme_2_Cam_B_5_379.jpg,bottom_only,Conforme
B,year + batch_num + cam_num + sample_num + label_filename,2025,2,5,380,0,1,1,,2025_Conforme_2_Cam_B_5_380.jpg,bottom_only,Conforme
B,year + batch_num + cam_num + sample_num + label_filename,2025,2,5,381,0,1,1,,2025_Conforme_2_Cam_B_5_381.jpg,bottom_only,Conforme
B,year + batch_num + cam_num + sample_num + label_filename,2025,2,5,382,0,1,1,,2025_Conforme_2_Cam_B_5_382.jpg,bottom_only,Conforme
B,year + batch_num + cam_num + sample_num + label_filename,2025,2,5,383,0,1,1,,2025_Conforme_2_Cam_B_5_383.jpg,bottom_only,Conforme
B,year + batch_num + cam_num + sample_num + label_filename,2025,2,5,384,0,1,1,,2025_Conforme_2_Cam_B_5_384.jpg,bottom_only,Conforme
B,year + batch_num + cam_num + sample_num + label_filename,2025,2,5,385,0,1,1,,2025_Conforme_2_Cam_B_5_385.jpg,bottom_only,Conforme
B,year + batch_num + cam_num + sample_num + label_filename,2025,2,5,386,0,1,1,,2025_Conforme_2_Cam_B_5_386.jpg,bottom_only,Conforme
B,year + batch_num + cam_num + sample_num + label_filename,2025,2,5,387,0,1,1,,2025_Conforme_2_Cam_B_5_387.jpg,bottom_only,Conforme
B,year + batch_num + cam_num + sample_num + label_filename,2025,2,5,388,0,1,1,,2025_Conforme_2_Cam_B_5_388.jpg,bottom_only,Conforme
B,year + batch_num + cam_num + sample_num + label_filename,2025,2,5,389,0,1,1,,2025_Conforme_2_Cam_B_5_389.jpg,bottom_only,Conforme
B,year + batch_num + cam_num + sample_num + label_filename,2025,2,5,390,0,1,1,,2025_Conforme_2_Cam_B_5_390.jpg,bottom_only,Conforme
B,year + batch_num + cam_num + sample_num + label_filename,2025,2,5,391,0,1,1,,2025_Conforme_2_Cam_B_5_391.jpg,bottom_only,Conforme
B,year + batch_num + cam_num + sample_num + label_filename,2025,2,5,392,0,1,1,,2025_Conforme_2_Cam_B_5_392.jpg,bottom_only,Conforme
B,year + batch_num + cam_num + sample_num + label_filename,2025,2,5,393,0,1,1,,2025_Conforme_2_Cam_B_5_393.jpg,bottom_only,Conforme
B,year + batch_num + cam_num + sample_num + label_filename,2025,2,5,394,0,1,1,,2025_Conforme_2_Cam_B_5_394.jpg,bottom_only,Conforme
B,year + batch_num + cam_num + sample_num + label_filename,2025,2,5,395,0,1,1,,2025_Conforme_2_Cam_B_5_395.jpg,bottom_only,Conforme
B,year + batch_num + cam_num + sample_num + label_filename,2025,2,5,396,0,1,1,,2025_Conforme_2_Cam_B_5_396.jpg,bottom_only,Conforme
B,year + batch_num + cam_num + sample_num + label_filename,2025,2,5,397,0,1,1,,2025_Conforme_2_Cam_B_5_397.jpg,bottom_only,Conforme
B,year + batch_num + cam_num + sample_num + label_filename,2025,2,5,398,0,1,1,,2025_Conforme_2_Cam_B_5_398.jpg,bottom_only,Conforme
B,year + batch_num + cam_num + sample_num + label_filename,2025,2,5,399,0,1,1,,2025_Conforme_2_Cam_B_5_399.jpg,bottom_only,Conforme
B,year + batch_num + cam_num + sample_num + label_filename,2025,2,5,400,0,1,1,,2025_Conforme_2_Cam_B_5_400.jpg,bottom_only,Conforme
B,year + batch_num + cam_num + sample_num + label_filename,2025,2,5,401,0,1,1,,2025_Conforme_2_Cam_B_5_401.jpg,bottom_only,Conforme
B,year + batch_num + cam_num + sample_num + label_filename,2025,2,5,402,0,1,1,,2025_Conforme_2_Cam_B_5_402.jpg,bottom_only,Conforme
B,year + batch_num + cam_num + sample_num + label_filename,2025,2,5,403,0,1,1,,2025_Conforme_2_Cam_B_5_403.jpg,bottom_only,Conforme
B,year + batch_num + cam_num + sample_num + label_filename,2025,2,5,404,0,1,1,,2025_Conforme_2_Cam_B_5_404.jpg,bottom_only,Conforme
B,year + batch_num + cam_num + sample_num + label_filename,2025,2,5,405,0,1,1,,2025_Conforme_2_Cam_B_5_405.jpg,bottom_only,Conforme
B,year + batch_num + cam_num + sample_num + label_filename,2025,2,5,406,0,1,1,,2025_Conforme_2_Cam_B_5_406.jpg,bottom_only,Conforme
B,year + batch_num + cam_num + sample_num + label_filename,2025,2,5,407,0,1,1,,2025_Conforme_2_Cam_B_5_407.jpg,bottom_only,Conforme
B,year + batch_num + cam_num + sample_num + label_filename,2025,2,5,408,0,1,1,,2025_Conforme_2_Cam_B_5_408.jpg,bottom_only,Conforme
B,year + batch_num + cam_num + sample_num + label_filename,2025,2,5,409,0,1,1,,2025_Conforme_2_Cam_B_5_409.jpg,bottom_only,Conforme
B,year + batch_num + cam_num + sample_num + label_filename,2025,2,5,410,0,1,1,,2025_Conforme_2_Cam_B_5_410.jpg,bottom_only,Conforme
B,year + batch_num + cam_num + sample_num + label_filename,2025,2,5,411,0,1,1,,2025_Conforme_2_Cam_B_5_411.jpg,bottom_only,Conforme
B,year + batch_num + cam_num + sample_num + label_filename,2025,2,5,412,0,1,1,,2025_Conforme_2_Cam_B_5_412.jpg,bottom_only,Conforme
B,year + batch_num + cam_num + sample_num + label_filename,2025,2,5,413,0,1,1,,2025_Conforme_2_Cam_B_5_413.jpg,bottom_only,Conforme
B,year + batch_num + cam_num + sample_num + label_filename,2025,2,5,414,0,1,1,,2025_Conforme_2_Cam_B_5_414.jpg,bottom_only,Conforme
B,year + batch_num + cam_num + sample_num + label_filename,2025,2,5,415,0,1,1,,2025_Conforme_2_Cam_B_5_415.jpg,bottom_only,Conforme
B,year + batch_num + cam_num + sample_num + label_filename,2025,2,5,416,0,1,1,,2025_Conforme_2_Cam_B_5_416.jpg,bottom_only,Conforme
B,year + batch_num + cam_num + sample_num + label_filename,2025,2,5,417,0,1,1,,2025_Conforme_2_Cam_B_5_417.jpg,bottom_only,Conforme
B,year + batch_num + cam_num + sample_num + label_filename,2025,2,5,418,0,1,1,,2025_Conforme_2_Cam_B_5_418.jpg,bottom_only,Conforme
B,year + batch_num + cam_num + sample_num + label_filename,2025,2,5,419,0,1,1,,2025_Conforme_2_Cam_B_5_419.jpg,bottom_only,Conforme
B,year + batch_num + cam_num + sample_num + label_filename,2025,2,5,420,0,1,1,,2025_Conforme_2_Cam_B_5_420.jpg,bottom_only,Conforme
B,year + batch_num + cam_num + sample_num + label_filename,2025,2,5,421,0,1,1,,2025_Conforme_2_Cam_B_5_421.jpg,bottom_only,Conforme
B,year + batch_num + cam_num + sample_num + label_filename,2025,2,5,422,0,1,1,,2025_Conforme_2_Cam_B_5_422.jpg,bottom_only,Conforme
B,year + batch_num + cam_num + sample_num + label_filename,2025,2,5,423,0,1,1,,2025_Conforme_2_Cam_B_5_423.jpg,bottom_only,Conforme
B,year + batch_num + cam_num + sample_num + label_filename,2025,2,5,424,0,1,1,,2025_Conforme_2_Cam_B_5_424.jpg,bottom_only,Conforme
B,year + batch_num + cam_num + sample_num + label_filename,2025,2,5,425,0,1,1,,2025_Conforme_2_Cam_B_5_425.jpg,bottom_only,Conforme
B,year + batch_num + cam_num + sample_num + label_filename,2025,2,5,426,0,1,1,,2025_Conforme_2_Cam_B_5_426.jpg,bottom_only,Conforme
B,year + batch_num + cam_num + sample_num + label_filename,2025,2,5,427,0,1,1,,2025_Conforme_2_Cam_B_5_427.jpg,bottom_only,Conforme
B,year + batch_num + cam_num + sample_num + label_filename,2025,2,5,428,0,1,1,,2025_Conforme_2_Cam_B_5_428.jpg,bottom_only,Conforme
B,year + batch_num + cam_num + sample_num + label_filename,2025,2,5,429,0,1,1,,2025_Conforme_2_Cam_B_5_429.jpg,bottom_only,Conforme
B,year + batch_num + cam_num + sample_num + label_filename,2025,2,5,430,0,1,1,,2025_Conforme_2_Cam_B_5_430.jpg,bottom_only,Conforme
B,year + batch_num + cam_num + sample_num + label_filename,2025,2,5,431,0,1,1,,2025_Conforme_2_Cam_B_5_431.jpg,bottom_only,Conforme
B,year + batch_num + cam_num + sample_num + label_filename,2025,2,5,432,0,1,1,,2025_Conforme_2_Cam_B_5_432.jpg,bottom_only,Conforme
B,year + batch_num + cam_num + sample_num + label_filename,2025,2,5,433,0,1,1,,2025_Conforme_2_Cam_B_5_433.jpg,bottom_only,Conforme
B,year + batch_num + cam_num + sample_num + label_filename,2025,2,5,434,0,1,1,,2025_Conforme_2_Cam_B_5_434.jpg,bottom_only,Conforme
B,year + batch_num + cam_num + sample_num + label_filename,2025,2,5,435,0,1,1,,2025_Conforme_2_Cam_B_5_435.jpg,bottom_only,Conforme
B,year + batch_num + cam_num + sample_num + label_filename,2025,2,5,436,0,1,1,,2025_Conforme_2_Cam_B_5_436.jpg,bottom_only,Conforme
B,year + batch_num + cam_num + sample_num + label_filename,2025,2,5,437,0,1,1,,2025_Conforme_2_Cam_B_5_437.jpg,bottom_only,Conforme
B,year + batch_num + cam_num + sample_num + label_filename,2025,2,5,438,0,1,1,,2025_Conforme_2_Cam_B_5_438.jpg,bottom_only,Conforme
B,year + batch_num + cam_num + sample_num + label_filename,2025,2,5,439,0,1,1,,2025_Conforme_2_Cam_B_5_439.jpg,bottom_only,Conforme
B,year + batch_num + cam_num + sample_num + label_filename,2025,2,5,440,0,1,1,,2025_Conforme_2_Cam_B_5_440.jpg,bottom_only,Conforme
B,year + batch_num + cam_num + sample_num + label_filename,2025,2,5,441,0,1,1,,2025_Conforme_2_Cam_B_5_441.jpg,bottom_only,Conforme
B,year + batch_num + cam_num + sample_num + label_filename,2025,2,5,442,0,1,1,,2025_Conforme_2_Cam_B_5_442.jpg,bottom_only,Conforme
B,year + batch_num + cam_num + sample_num + label_filename,2025,2,5,443,0,1,1,,2025_Conforme_2_Cam_B_5_443.jpg,bottom_only,Conforme
B,year + batch_num + cam_num + sample_num + label_filename,2025,2,5,444,0,1,1,,2025_Conforme_2_Cam_B_5_444.jpg,bottom_only,Conforme
B,year + batch_num + cam_num + sample_num + label_filename,2025,2,5,445,0,1,1,,2025_Conforme_2_Cam_B_5_445.jpg,bottom_only,Conforme
B,year + batch_num + cam_num + sample_num + label_filename,2025,2,5,446,0,1,1,,2025_Conforme_2_Cam_B_5_446.jpg,bottom_only,Conforme
B,year + batch_num + cam_num + sample_num + label_filename,2025,2,5,447,0,1,1,,2025_Conforme_2_Cam_B_5_447.jpg,bottom_only,Conforme
B,year + batch_num + cam_num + sample_num + label_filename,2025,2,5,448,0,1,1,,2025_Conforme_2_Cam_B_5_448.jpg,bottom_only,Conforme
B,year + batch_num + cam_num + sample_num + label_filename,2025,2,5,449,0,1,1,,2025_Conforme_2_Cam_B_5_449.jpg,bottom_only,Conforme
B,year + batch_num + cam_num + sample_num + label_filename,2025,2,5,450,0,1,1,,2025_Conforme_2_Cam_B_5_450.jpg,bottom_only,Conforme
B,year + batch_num + cam_num + sample_num + label_filename,2025,2,5,451,0,1,1,,2025_Conforme_2_Cam_B_5_451.jpg,bottom_only,Conforme
B,year + batch_num + cam_num + sample_num + label_filename,2025,2,5,452,0,1,1,,2025_Conforme_2_Cam_B_5_452.jpg,bottom_only,Conforme
B,year + batch_num + cam_num + sample_num + label_filename,2025,2,5,453,0,1,1,,2025_Conforme_2_Cam_B_5_453.jpg,bottom_only,Conforme
B,year + batch_num + cam_num + sample_num + label_filename,2025,2,5,454,0,1,1,,2025_Conforme_2_Cam_B_5_454.jpg,bottom_only,Conforme
B,year + batch_num + cam_num + sample_num + label_filename,2025,2,5,455,0,1,1,,2025_Conforme_2_Cam_B_5_455.jpg,bottom_only,Conforme
B,year + batch_num + cam_num + sample_num + label_filename,2025,2,5,456,0,1,1,,2025_Conforme_2_Cam_B_5_456.jpg,bottom_only,Conforme
B,year + batch_num + cam_num + sample_num + label_filename,2025,2,5,457,0,1,1,,2025_Conforme_2_Cam_B_5_457.jpg,bottom_only,Conforme
B,year + batch_num + cam_num + sample_num + label_filename,2025,2,5,458,0,1,1,,2025_Conforme_2_Cam_B_5_458.jpg,bottom_only,Conforme
B,year + batch_num + cam_num + sample_num + label_filename,2025,2,5,459,0,1,1,,2025_Conforme_2_Cam_B_5_459.jpg,bottom_only,Conforme
B,year + batch_num + cam_num + sample_num + label_filename,2025,2,5,460,0,1,1,,2025_Conforme_2_Cam_B_5_460.jpg,bottom_only,Conforme
B,year + batch_num + cam_num + sample_num + label_filename,2025,2,5,461,0,1,1,,2025_Conforme_2_Cam_B_5_461.jpg,bottom_only,Conforme
B,year + batch_num + cam_num + sample_num + label_filename,2025,2,5,462,0,1,1,,2025_Conforme_2_Cam_B_5_462.jpg,bottom_only,Conforme
B,year + batch_num + cam_num + sample_num + label_filename,2025,2,5,463,0,1,1,,2025_Conforme_2_Cam_B_5_463.jpg,bottom_only,Conforme
B,year + batch_num + cam_num + sample_num + label_filename,2025,2,5,464,0,1,1,,2025_Conforme_2_Cam_B_5_464.jpg,bottom_only,Conforme
B,year + batch_num + cam_num + sample_num + label_filename,2025,2,5,465,0,1,1,,2025_Conforme_2_Cam_B_5_465.jpg,bottom_only,Conforme
B,year + batch_num + cam_num + sample_num + label_filename,2025,2,5,466,0,1,1,,2025_Conforme_2_Cam_B_5_466.jpg,bottom_only,Conforme
B,year + batch_num + cam_num + sample_num + label_filename,2025,2,5,467,0,1,1,,2025_Conforme_2_Cam_B_5_467.jpg,bottom_only,Conforme
B,year + batch_num + cam_num + sample_num + label_filename,2025,2,5,468,0,1,1,,2025_Conforme_2_Cam_B_5_468.jpg,bottom_only,Conforme
B,year + batch_num + cam_num + sample_num + label_filename,2025,2,5,469,0,1,1,,2025_Conforme_2_Cam_B_5_469.jpg,bottom_only,Conforme
B,year + batch_num + cam_num + sample_num + label_filename,2025,2,5,470,0,1,1,,2025_Conforme_2_Cam_B_5_470.jpg,bottom_only,Conforme
B,year + batch_num + cam_num + sample_num + label_filename,2025,2,5,471,0,1,1,,2025_Conforme_2_Cam_B_5_471.jpg,bottom_only,Conforme
B,year + batch_num + cam_num + sample_num + label_filename,2025,2,5,472,0,1,1,,2025_Conforme_2_Cam_B_5_472.jpg,bottom_only,Conforme
B,year + batch_num + cam_num + sample_num + label_filename,2025,2,5,473,0,1,1,,2025_Conforme_2_Cam_B_5_473.jpg,bottom_only,Conforme
B,year + batch_num + cam_num + sample_num + label_filename,2025,2,5,474,0,1,1,,2025_Conforme_2_Cam_B_5_474.jpg,bottom_only,Conforme
B,year + batch_num + cam_num + sample_num + label_filename,2025,2,5,475,0,1,1,,2025_Conforme_2_Cam_B_5_475.jpg,bottom_only,Conforme
B,year + batch_num + cam_num + sample_num + label_filename,2025,2,5,476,0,1,1,,2025_Conforme_2_Cam_B_5_476.jpg,bottom_only,Conforme
B,year + batch_num + cam_num + sample_num + label_filename,2025,2,5,477,0,1,1,,2025_Conforme_2_Cam_B_5_477.jpg,bottom_only,Conforme
B,year + batch_num + cam_num + sample_num + label_filename,2025,2,5,478,0,1,1,,2025_Conforme_2_Cam_B_5_478.jpg,bottom_only,Conforme
B,year + batch_num + cam_num + sample_num + label_filename,2025,2,5,479,0,1,1,,2025_Conforme_2_Cam_B_5_479.jpg,bottom_only,Conforme
B,year + batch_num + cam_num + sample_num + label_filename,2025,2,5,480,0,1,1,,2025_Conforme_2_Cam_B_5_480.jpg,bottom_only,Conforme
B,year + batch_num + cam_num + sample_num + label_filename,2025,2,5,481,0,1,1,,2025_Conforme_2_Cam_B_5_481.jpg,bottom_only,Conforme
B,year + batch_num + cam_num + sample_num + label_filename,2025,2,5,482,0,1,1,,2025_Conforme_2_Cam_B_5_482.jpg,bottom_only,Conforme
B,year + batch_num + cam_num + sample_num + label_filename,2025,2,5,483,0,1,1,,2025_Conforme_2_Cam_B_5_483.jpg,bottom_only,Conforme
B,year + batch_num + cam_num + sample_num + label_filename,2025,2,5,484,0,1,1,,2025_Conforme_2_Cam_B_5_484.jpg,bottom_only,Conforme
B,year + batch_num + cam_num + sample_num + label_filename,2025,2,5,485,0,1,1,,2025_Conforme_2_Cam_B_5_485.jpg,bottom_only,Conforme
B,year + batch_num + cam_num + sample_num + label_filename,2025,2,5,486,0,1,1,,2025_Conforme_2_Cam_B_5_486.jpg,bottom_only,Conforme
B,year + batch_num + cam_num + sample_num + label_filename,2025,2,5,487,0,1,1,,2025_Conforme_2_Cam_B_5_487.jpg,bottom_only,Conforme
B,year + batch_num + cam_num + sample_num + label_filename,2025,2,5,488,0,1,1,,2025_Conforme_2_Cam_B_5_488.jpg,bottom_only,Conforme
B,year + batch_num + cam_num + sample_num + label_filename,2025,2,5,489,0,1,1,,2025_Conforme_2_Cam_B_5_489.jpg,bottom_only,Conforme
B,year + batch_num + cam_num + sample_num + label_filename,2025,2,5,490,0,1,1,,2025_Conforme_2_Cam_B_5_490.jpg,bottom_only,Conforme
B,year + batch_num + cam_num + sample_num + label_filename,2025,2,5,491,0,1,1,,2025_Conforme_2_Cam_B_5_491.jpg,bottom_only,Conforme
B,year + batch_num + cam_num + sample_num + label_filename,2025,2,5,492,0,1,1,,2025_Conforme_2_Cam_B_5_492.jpg,bottom_only,Conforme
B,year + batch_num + cam_num + sample_num + label_filename,2025,2,5,493,0,1,1,,2025_Conforme_2_Cam_B_5_493.jpg,bottom_only,Conforme
B,year + batch_num + cam_num + sample_num + label_filename,2025,2,5,494,0,1,1,,2025_Conforme_2_Cam_B_5_494.jpg,bottom_only,Conforme
B,year + batch_num + cam_num + sample_num + label_filename,2025,2,5,495,0,1,1,,2025_Conforme_2_Cam_B_5_495.jpg,bottom_only,Conforme
B,year + batch_num + cam_num + sample_num + label_filename,2025,2,5,496,0,1,1,,2025_Conforme_2_Cam_B_5_496.jpg,bottom_only,Conforme
B,year + batch_num + cam_num + sample_num + label_filename,2025,2,5,497,0,1,1,,2025_Conforme_2_Cam_B_5_497.jpg,bottom_only,Conforme
B,year + batch_num + cam_num + sample_num + label_filename,2025,2,5,498,0,1,1,,2025_Conforme_2_Cam_B_5_498.jpg,bottom_only,Conforme
B,year + batch_num + cam_num + sample_num + label_filename,2025,2,5,499,0,1,1,,2025_Conforme_2_Cam_B_5_499.jpg,bottom_only,Conforme
B,year + batch_num + cam_num + sample_num + label_filename,2025,2,5,500,0,1,1,,2025_Conforme_2_Cam_B_5_500.jpg,bottom_only,Conforme
B,year + batch_num + cam_num + sample_num + label_filename,2025,2,5,501,0,1,1,,2025_Conforme_2_Cam_B_5_501.jpg,bottom_only,Conforme
B,year + batch_num + cam_num + sample_num + label_filename,2025,2,5,502,0,1,1,,2025_Conforme_2_Cam_B_5_502.jpg,bottom_only,Conforme
B,year + batch_num + cam_num + sample_num + label_filename,2025,2,5,503,0,1,1,,2025_Conforme_2_Cam_B_5_503.jpg,bottom_only,Conforme
B,year + batch_num + cam_num + sample_num + label_filename,2025,2,5,504,0,1,1,,2025_Conforme_2_Cam_B_5_504.jpg,bottom_only,Conforme
B,year + batch_num + cam_num + sample_num + label_filename,2025,2,5,505,0,1,1,,2025_Conforme_2_Cam_B_5_505.jpg,bottom_only,Conforme
B,year + batch_num + cam_num + sample_num + label_filename,2025,2,5,506,0,1,1,,2025_Conforme_2_Cam_B_5_506.jpg,bottom_only,Conforme
B,year + batch_num + cam_num + sample_num + label_filename,2025,2,5,507,0,1,1,,2025_Conforme_2_Cam_B_5_507.jpg,bottom_only,Conforme
B,year + batch_num + cam_num + sample_num + label_filename,2025,2,5,508,0,1,1,,2025_Conforme_2_Cam_B_5_508.jpg,bottom_only,Conforme
B,year + batch_num + cam_num + sample_num + label_filename,2025,2,5,509,0,1,1,,2025_Conforme_2_Cam_B_5_509.jpg,bottom_only,Conforme
B,year + batch_num + cam_num + sample_num + label_filename,2025,2,5,510,0,1,1,,2025_Conforme_2_Cam_B_5_510.jpg,bottom_only,Conforme
B,year + batch_num + cam_num + sample_num + label_filename,2025,2,5,511,0,1,1,,2025_Conforme_2_Cam_B_5_511.jpg,bottom_only,Conforme
B,year + batch_num + cam_num + sample_num + label_filename,2025,2,5,512,0,1,1,,2025_Conforme_2_Cam_B_5_512.jpg,bottom_only,Conforme
B,year + batch_num + cam_num + sample_num + label_filename,2025,2,5,513,0,1,1,,2025_Conforme_2_Cam_B_5_513.jpg,bottom_only,Conforme
B,year + batch_num + cam_num + sample_num + label_filename,2025,2,5,514,0,1,1,,2025_Conforme_2_Cam_B_5_514.jpg,bottom_only,Conforme
B,year + batch_num + cam_num + sample_num + label_filename,2025,2,5,515,0,1,1,,2025_Conforme_2_Cam_B_5_515.jpg,bottom_only,Conforme
B,year + batch_num + cam_num + sample_num + label_filename,2025,2,5,516,0,1,1,,2025_Conforme_2_Cam_B_5_516.jpg,bottom_only,Conforme
B,year + batch_num + cam_num + sample_num + label_filename,2025,2,5,517,0,1,1,,2025_Conforme_2_Cam_B_5_517.jpg,bottom_only,Conforme
B,year + batch_num + cam_num + sample_num + label_filename,2025,2,5,518,0,1,1,,2025_Conforme_2_Cam_B_5_518.jpg,bottom_only,Conforme
B,year + batch_num + cam_num + sample_num + label_filename,2025,2,5,519,0,1,1,,2025_Conforme_2_Cam_B_5_519.jpg,bottom_only,Conforme
B,year + batch_num + cam_num + sample_num + label_filename,2025,2,5,520,0,1,1,,2025_Conforme_2_Cam_B_5_520.jpg,bottom_only,Conforme
B,year + batch_num + cam_num + sample_num + label_filename,2025,2,5,521,0,1,1,,2025_Conforme_2_Cam_B_5_521.jpg,bottom_only,Conforme
B,year + batch_num + cam_num + sample_num + label_filename,2025,2,5,522,0,1,1,,2025_Conforme_2_Cam_B_5_522.jpg,bottom_only,Conforme
B,year + batch_num + cam_num + sample_num + label_filename,2025,2,5,523,0,1,1,,2025_Conforme_2_Cam_B_5_523.jpg,bottom_only,Conforme
B,year + batch_num + cam_num + sample_num + label_filename,2025,2,5,524,0,1,1,,2025_Conforme_2_Cam_B_5_524.jpg,bottom_only,Conforme
B,year + batch_num + cam_num + sample_num + label_filename,2025,2,5,525,0,1,1,,2025_Conforme_2_Cam_B_5_525.jpg,bottom_only,Conforme
B,year + batch_num + cam_num + sample_num + label_filename,2025,2,5,526,0,1,1,,2025_Conforme_2_Cam_B_5_526.jpg,bottom_only,Conforme
B,year + batch_num + cam_num + sample_num + label_filename,2025,2,5,527,0,1,1,,2025_Conforme_2_Cam_B_5_527.jpg,bottom_only,Conforme
B,year + batch_num + cam_num + sample_num + label_filename,2025,2,5,528,0,1,1,,2025_Conforme_2_Cam_B_5_528.jpg,bottom_only,Conforme
B,year + batch_num + cam_num + sample_num + label_filename,2025,2,5,529,0,1,1,,2025_Conforme_2_Cam_B_5_529.jpg,bottom_only,Conforme
B,year + batch_num + cam_num + sample_num + label_filename,2025,2,5,530,0,1,1,,2025_Conforme_2_Cam_B_5_530.jpg,bottom_only,Conforme
B,year + batch_num + cam_num + sample_num + label_filename,2025,2,5,531,0,1,1,,2025_Conforme_2_Cam_B_5_531.jpg,bottom_only,Conforme
B,year + batch_num + cam_num + sample_num + label_filename,2025,2,5,532,0,1,1,,2025_Conforme_2_Cam_B_5_532.jpg,bottom_only,Conforme
B,year + batch_num + cam_num + sample_num + label_filename,2025,2,5,533,0,1,1,,2025_Conforme_2_Cam_B_5_533.jpg,bottom_only,Conforme
B,year + batch_num + cam_num + sample_num + label_filename,2025,2,5,534,0,1,1,,2025_Conforme_2_Cam_B_5_534.jpg,bottom_only,Conforme
B,year + batch_num + cam_num + sample_num + label_filename,2025,2,5,535,0,1,1,,2025_Conforme_2_Cam_B_5_535.jpg,bottom_only,Conforme
B,year + batch_num + cam_num + sample_num + label_filename,2025,2,5,536,0,1,1,,2025_Conforme_2_Cam_B_5_536.jpg,bottom_only,Conforme
B,year + batch_num + cam_num + sample_num + label_filename,2025,2,6,13,1,0,1,2025_Conforme_2_Cam_T_6_13.jpg,,top_only,Conforme
B,year + batch_num + cam_num + sample_num + label_filename,2025,2,6,14,1,0,1,2025_Conforme_2_Cam_T_6_14.jpg,,top_only,Conforme
B,year + batch_num + cam_num + sample_num + label_filename,2025,2,6,18,1,0,1,2025_Conforme_2_Cam_T_6_18.jpg,,top_only,Conforme
B,year + batch_num + cam_num + sample_num + label_filename,2025,2,6,23,1,0,1,2025_Conforme_2_Cam_T_6_23.jpg,,top_only,Conforme
B,year + batch_num + cam_num + sample_num + label_filename,2025,2,6,56,1,0,1,2025_Conforme_2_Cam_T_6_56.jpg,,top_only,Conforme
B,year + batch_num + cam_num + sample_num + label_filename,2025,2,6,58,1,0,1,2025_Conforme_2_Cam_T_6_58.jpg,,top_only,Conforme
B,year + batch_num + cam_num + sample_num + label_filename,2025,2,6,63,1,0,1,2025_Conforme_2_Cam_T_6_63.jpg,,top_only,Conforme
B,year + batch_num + cam_num + sample_num + label_filename,2025,2,6,67,1,0,1,2025_Conforme_2_Cam_T_6_67.jpg,,top_only,Conforme
B,year + batch_num + cam_num + sample_num + label_filename,2025,2,6,83,1,0,1,2025_Conforme_2_Cam_T_6_83.jpg,,top_only,Conforme
B,year + batch_num + cam_num + sample_num + label_filename,2025,2,6,101,1,0,1,2025_Conforme_2_Cam_T_6_101.jpg,,top_only,Conforme
B,year + batch_num + cam_num + sample_num + label_filename,2025,2,6,118,1,0,1,2025_Conforme_2_Cam_T_6_118.jpg,,top_only,Conforme
B,year + batch_num + cam_num + sample_num + label_filename,2025,2,6,128,1,0,1,2025_Conforme_2_Cam_T_6_128.jpg,,top_only,Conforme
B,year + batch_num + cam_num + sample_num + label_filename,2025,2,6,129,1,0,1,2025_Conforme_2_Cam_T_6_129.jpg,,top_only,Conforme
B,year + batch_num + cam_num + sample_num + label_filename,2025,2,6,145,1,0,1,2025_Conforme_2_Cam_T_6_145.jpg,,top_only,Conforme
B,year + batch_num + cam_num + sample_num + label_filename,2025,2,6,154,1,0,1,2025_Conforme_2_Cam_T_6_154.jpg,,top_only,Conforme
B,year + batch_num + cam_num + sample_num + label_filename,2025,2,6,173,0,1,1,,2025_Conforme_2_Cam_B_6_173.jpg,bottom_only,Conforme
B,year + batch_num + cam_num + sample_num + label_filename,2025,2,6,182,1,0,1,2025_Conforme_2_Cam_T_6_182.jpg,,top_only,Conforme
B,year + batch_num + cam_num + sample_num + label_filename,2025,2,6,185,1,0,1,2025_Conforme_2_Cam_T_6_185.jpg,,top_only,Conforme
B,year + batch_num + cam_num + sample_num + label_filename,2025,2,6,186,1,0,1,2025_Conforme_2_Cam_T_6_186.jpg,,top_only,Conforme
B,year + batch_num + cam_num + sample_num + label_filename,2025,2,6,210,1,0,1,2025_Conforme_2_Cam_T_6_210.jpg,,top_only,Conforme
B,year + batch_num + cam_num + sample_num + label_filename,2025,2,6,224,1,0,1,2025_Conforme_2_Cam_T_6_224.jpg,,top_only,Conforme
B,year + batch_num + cam_num + sample_num + label_filename,2025,2,6,227,0,1,1,,2025_Conforme_2_Cam_B_6_227.jpg,bottom_only,Conforme
B,year + batch_num + cam_num + sample_num + label_filename,2025,2,6,228,0,1,1,,2025_Conforme_2_Cam_B_6_228.jpg,bottom_only,Conforme
B,year + batch_num + cam_num + sample_num + label_filename,2025,2,6,229,0,1,1,,2025_Conforme_2_Cam_B_6_229.jpg,bottom_only,Conforme
B,year + batch_num + cam_num + sample_num + label_filename,2025,2,6,230,0,1,1,,2025_Conforme_2_Cam_B_6_230.jpg,bottom_only,Conforme
B,year + batch_num + cam_num + sample_num + label_filename,2025,2,6,231,0,1,1,,2025_Conforme_2_Cam_B_6_231.jpg,bottom_only,Conforme
B,year + batch_num + cam_num + sample_num + label_filename,2025,2,6,232,0,1,1,,2025_Conforme_2_Cam_B_6_232.jpg,bottom_only,Conforme
B,year + batch_num + cam_num + sample_num + label_filename,2025,2,6,233,0,1,1,,2025_Conforme_2_Cam_B_6_233.jpg,bottom_only,Conforme
B,year + batch_num + cam_num + sample_num + label_filename,2025,2,6,234,0,1,1,,2025_Conforme_2_Cam_B_6_234.jpg,bottom_only,Conforme
B,year + batch_num + cam_num + sample_num + label_filename,2025,2,6,235,0,1,1,,2025_Conforme_2_Cam_B_6_235.jpg,bottom_only,Conforme
B,year + batch_num + cam_num + sample_num + label_filename,2025,2,6,236,0,1,1,,2025_Conforme_2_Cam_B_6_236.jpg,bottom_only,Conforme
B,year + batch_num + cam_num + sample_num + label_filename,2025,2,6,237,0,1,1,,2025_Conforme_2_Cam_B_6_237.jpg,bottom_only,Conforme
B,year + batch_num + cam_num + sample_num + label_filename,2025,2,6,238,0,1,1,,2025_Conforme_2_Cam_B_6_238.jpg,bottom_only,Conforme
B,year + batch_num + cam_num + sample_num + label_filename,2025,2,6,239,0,1,1,,2025_Conforme_2_Cam_B_6_239.jpg,bottom_only,Conforme
B,year + batch_num + cam_num + sample_num + label_filename,2025,2,6,240,0,1,1,,2025_Conforme_2_Cam_B_6_240.jpg,bottom_only,Conforme
B,year + batch_num + cam_num + sample_num + label_filename,2025,2,6,241,0,1,1,,2025_Conforme_2_Cam_B_6_241.jpg,bottom_only,Conforme
B,year + batch_num + cam_num + sample_num + label_filename,2025,2,6,242,0,1,1,,2025_Conforme_2_Cam_B_6_242.jpg,bottom_only,Conforme
B,year + batch_num + cam_num + sample_num + label_filename,2025,2,6,243,0,1,1,,2025_Conforme_2_Cam_B_6_243.jpg,bottom_only,Conforme
B,year + batch_num + cam_num + sample_num + label_filename,2025,2,6,244,0,1,1,,2025_Conforme_2_Cam_B_6_244.jpg,bottom_only,Conforme
B,year + batch_num + cam_num + sample_num + label_filename,2025,2,6,245,0,1,1,,2025_Conforme_2_Cam_B_6_245.jpg,bottom_only,Conforme
B,year + batch_num + cam_num + sample_num + label_filename,2025,2,6,246,0,1,1,,2025_Conforme_2_Cam_B_6_246.jpg,bottom_only,Conforme
B,year + batch_num + cam_num + sample_num + label_filename,2025,2,6,247,0,1,1,,2025_Conforme_2_Cam_B_6_247.jpg,bottom_only,Conforme
B,year + batch_num + cam_num + sample_num + label_filename,2025,2,6,248,0,1,1,,2025_Conforme_2_Cam_B_6_248.jpg,bottom_only,Conforme
B,year + batch_num + cam_num + sample_num + label_filename,2025,2,6,249,0,1,1,,2025_Conforme_2_Cam_B_6_249.jpg,bottom_only,Conforme
B,year + batch_num + cam_num + sample_num + label_filename,2025,2,6,250,0,1,1,,2025_Conforme_2_Cam_B_6_250.jpg,bottom_only,Conforme
B,year + batch_num + cam_num + sample_num + label_filename,2025,2,6,251,0,1,1,,2025_Conforme_2_Cam_B_6_251.jpg,bottom_only,Conforme
B,year + batch_num + cam_num + sample_num + label_filename,2025,2,6,252,0,1,1,,2025_Conforme_2_Cam_B_6_252.jpg,bottom_only,Conforme
B,year + batch_num + cam_num + sample_num + label_filename,2025,2,6,253,0,1,1,,2025_Conforme_2_Cam_B_6_253.jpg,bottom_only,Conforme
B,year + batch_num + cam_num + sample_num + label_filename,2025,2,6,254,0,1,1,,2025_Conforme_2_Cam_B_6_254.jpg,bottom_only,Conforme
B,year + batch_num + cam_num + sample_num + label_filename,2025,2,6,255,0,1,1,,2025_Conforme_2_Cam_B_6_255.jpg,bottom_only,Conforme
B,year + batch_num + cam_num + sample_num + label_filename,2025,2,6,256,0,1,1,,2025_Conforme_2_Cam_B_6_256.jpg,bottom_only,Conforme
B,year + batch_num + cam_num + sample_num + label_filename,2025,2,6,257,0,1,1,,2025_Conforme_2_Cam_B_6_257.jpg,bottom_only,Conforme
B,year + batch_num + cam_num + sample_num + label_filename,2025,2,6,259,0,1,1,,2025_Conforme_2_Cam_B_6_259.jpg,bottom_only,Conforme
B,year + batch_num + cam_num + sample_num + label_filename,2025,2,6,260,0,1,1,,2025_Conforme_2_Cam_B_6_260.jpg,bottom_only,Conforme
B,year + batch_num + cam_num + sample_num + label_filename,2025,2,6,264,0,1,1,,2025_Conforme_2_Cam_B_6_264.jpg,bottom_only,Conforme
B,year + batch_num + cam_num + sample_num + label_filename,2025,2,6,265,0,1,1,,2025_Conforme_2_Cam_B_6_265.jpg,bottom_only,Conforme
B,year + batch_num + cam_num + sample_num + label_filename,2025,2,6,266,0,1,1,,2025_Conforme_2_Cam_B_6_266.jpg,bottom_only,Conforme
B,year + batch_num + cam_num + sample_num + label_filename,2025,2,6,267,0,1,1,,2025_Conforme_2_Cam_B_6_267.jpg,bottom_only,Conforme
B,year + batch_num + cam_num + sample_num + label_filename,2025,2,6,268,0,1,1,,2025_Conforme_2_Cam_B_6_268.jpg,bottom_only,Conforme
B,year + batch_num + cam_num + sample_num + label_filename,2025,2,6,269,0,1,1,,2025_Conforme_2_Cam_B_6_269.jpg,bottom_only,Conforme
B,year + batch_num + cam_num + sample_num + label_filename,2025,2,6,270,0,1,1,,2025_Conforme_2_Cam_B_6_270.jpg,bottom_only,Conforme
B,year + batch_num + cam_num + sample_num + label_filename,2025,2,6,271,0,1,1,,2025_Conforme_2_Cam_B_6_271.jpg,bottom_only,Conforme
B,year + batch_num + cam_num + sample_num + label_filename,2025,2,6,272,0,1,1,,2025_Conforme_2_Cam_B_6_272.jpg,bottom_only,Conforme
B,year + batch_num + cam_num + sample_num + label_filename,2025,2,6,273,0,1,1,,2025_Conforme_2_Cam_B_6_273.jpg,bottom_only,Conforme
B,year + batch_num + cam_num + sample_num + label_filename,2025,2,6,274,0,1,1,,2025_Conforme_2_Cam_B_6_274.jpg,bottom_only,Conforme
B,year + batch_num + cam_num + sample_num + label_filename,2025,2,6,275,0,1,1,,2025_Conforme_2_Cam_B_6_275.jpg,bottom_only,Conforme
B,year + batch_num + cam_num + sample_num + label_filename,2025,2,6,276,0,1,1,,2025_Conforme_2_Cam_B_6_276.jpg,bottom_only,Conforme
B,year + batch_num + cam_num + sample_num + label_filename,2025,2,6,277,0,1,1,,2025_Conforme_2_Cam_B_6_277.jpg,bottom_only,Conforme
B,year + batch_num + cam_num + sample_num + label_filename,2025,2,6,278,0,1,1,,2025_Conforme_2_Cam_B_6_278.jpg,bottom_only,Conforme
B,year + batch_num + cam_num + sample_num + label_filename,2025,2,6,279,0,1,1,,2025_Conforme_2_Cam_B_6_279.jpg,bottom_only,Conforme
B,year + batch_num + cam_num + sample_num + label_filename,2025,2,6,280,0,1,1,,2025_Conforme_2_Cam_B_6_280.jpg,bottom_only,Conforme
B,year + batch_num + cam_num + sample_num + label_filename,2025,2,6,281,0,1,1,,2025_Conforme_2_Cam_B_6_281.jpg,bottom_only,Conforme
B,year + batch_num + cam_num + sample_num + label_filename,2025,2,6,282,0,1,1,,2025_Conforme_2_Cam_B_6_282.jpg,bottom_only,Conforme
B,year + batch_num + cam_num + sample_num + label_filename,2025,2,6,283,0,1,1,,2025_Conforme_2_Cam_B_6_283.jpg,bottom_only,Conforme
B,year + batch_num + cam_num + sample_num + label_filename,2025,2,6,284,0,1,1,,2025_Conforme_2_Cam_B_6_284.jpg,bottom_only,Conforme
B,year + batch_num + cam_num + sample_num + label_filename,2025,2,6,285,0,1,1,,2025_Conforme_2_Cam_B_6_285.jpg,bottom_only,Conforme
B,year + batch_num + cam_num + sample_num + label_filename,2025,2,6,287,0,1,1,,2025_Conforme_2_Cam_B_6_287.jpg,bottom_only,Conforme
B,year + batch_num + cam_num + sample_num + label_filename,2025,2,6,288,0,1,1,,2025_Conforme_2_Cam_B_6_288.jpg,bottom_only,Conforme
B,year + batch_num + cam_num + sample_num + label_filename,2025,2,6,289,0,1,1,,2025_Conforme_2_Cam_B_6_289.jpg,bottom_only,Conforme
B,year + batch_num + cam_num + sample_num + label_filename,2025,2,6,290,0,1,1,,2025_Conforme_2_Cam_B_6_290.jpg,bottom_only,Conforme
B,year + batch_num + cam_num + sample_num + label_filename,2025,2,6,291,0,1,1,,2025_Conforme_2_Cam_B_6_291.jpg,bottom_only,Conforme
B,year + batch_num + cam_num + sample_num + label_filename,2025,2,6,292,0,1,1,,2025_Conforme_2_Cam_B_6_292.jpg,bottom_only,Conforme
B,year + batch_num + cam_num + sample_num + label_filename,2025,2,6,296,0,1,1,,2025_Conforme_2_Cam_B_6_296.jpg,bottom_only,Conforme
B,year + batch_num + cam_num + sample_num + label_filename,2025,2,6,297,0,1,1,,2025_Conforme_2_Cam_B_6_297.jpg,bottom_only,Conforme
B,year + batch_num + cam_num + sample_num + label_filename,2025,2,6,298,0,1,1,,2025_Conforme_2_Cam_B_6_298.jpg,bottom_only,Conforme
B,year + batch_num + cam_num + sample_num + label_filename,2025,2,6,299,0,1,1,,2025_Conforme_2_Cam_B_6_299.jpg,bottom_only,Conforme
B,year + batch_num + cam_num + sample_num + label_filename,2025,2,6,300,0,1,1,,2025_Conforme_2_Cam_B_6_300.jpg,bottom_only,Conforme
B,year + batch_num + cam_num + sample_num + label_filename,2025,2,6,301,0,1,1,,2025_Conforme_2_Cam_B_6_301.jpg,bottom_only,Conforme
B,year + batch_num + cam_num + sample_num + label_filename,2025,2,6,304,0,1,1,,2025_Conforme_2_Cam_B_6_304.jpg,bottom_only,Conforme
B,year + batch_num + cam_num + sample_num + label_filename,2025,2,6,306,0,1,1,,2025_Conforme_2_Cam_B_6_306.jpg,bottom_only,Conforme
B,year + batch_num + cam_num + sample_num + label_filename,2025,2,6,307,0,1,1,,2025_Conforme_2_Cam_B_6_307.jpg,bottom_only,Conforme
B,year + batch_num + cam_num + sample_num + label_filename,2025,2,6,309,0,1,1,,2025_Conforme_2_Cam_B_6_309.jpg,bottom_only,Conforme
B,year + batch_num + cam_num + sample_num + label_filename,2025,2,6,310,0,1,1,,2025_Conforme_2_Cam_B_6_310.jpg,bottom_only,Conforme
B,year + batch_num + cam_num + sample_num + label_filename,2025,2,6,311,0,1,1,,2025_Conforme_2_Cam_B_6_311.jpg,bottom_only,Conforme
B,year + batch_num + cam_num + sample_num + label_filename,2025,2,6,312,0,1,1,,2025_Conforme_2_Cam_B_6_312.jpg,bottom_only,Conforme
B,year + batch_num + cam_num + sample_num + label_filename,2025,2,6,313,0,1,1,,2025_Conforme_2_Cam_B_6_313.jpg,bottom_only,Conforme
B,year + batch_num + cam_num + sample_num + label_filename,2025,2,6,314,0,1,1,,2025_Conforme_2_Cam_B_6_314.jpg,bottom_only,Conforme
B,year + batch_num + cam_num + sample_num + label_filename,2025,2,6,315,0,1,1,,2025_Conforme_2_Cam_B_6_315.jpg,bottom_only,Conforme
B,year + batch_num + cam_num + sample_num + label_filename,2025,2,6,316,0,1,1,,2025_Conforme_2_Cam_B_6_316.jpg,bottom_only,Conforme
B,year + batch_num + cam_num + sample_num + label_filename,2025,2,6,317,0,1,1,,2025_Conforme_2_Cam_B_6_317.jpg,bottom_only,Conforme
B,year + batch_num + cam_num + sample_num + label_filename,2025,2,6,318,0,1,1,,2025_Conforme_2_Cam_B_6_318.jpg,bottom_only,Conforme
B,year + batch_num + cam_num + sample_num + label_filename,2025,2,6,319,0,1,1,,2025_Conforme_2_Cam_B_6_319.jpg,bottom_only,Conforme
B,year + batch_num + cam_num + sample_num + label_filename,2025,2,6,320,0,1,1,,2025_Conforme_2_Cam_B_6_320.jpg,bottom_only,Conforme
B,year + batch_num + cam_num + sample_num + label_filename,2025,2,6,321,0,1,1,,2025_Conforme_2_Cam_B_6_321.jpg,bottom_only,Conforme
B,year + batch_num + cam_num + sample_num + label_filename,2025,2,6,322,0,1,1,,2025_Conforme_2_Cam_B_6_322.jpg,bottom_only,Conforme
B,year + batch_num + cam_num + sample_num + label_filename,2025,2,6,323,0,1,1,,2025_Conforme_2_Cam_B_6_323.jpg,bottom_only,Conforme
B,year + batch_num + cam_num + sample_num + label_filename,2025,2,6,324,0,1,1,,2025_Conforme_2_Cam_B_6_324.jpg,bottom_only,Conforme
B,year + batch_num + cam_num + sample_num + label_filename,2025,2,6,325,0,1,1,,2025_Conforme_2_Cam_B_6_325.jpg,bottom_only,Conforme
B,year + batch_num + cam_num + sample_num + label_filename,2025,2,6,326,0,1,1,,2025_Conforme_2_Cam_B_6_326.jpg,bottom_only,Conforme
B,year + batch_num + cam_num + sample_num + label_filename,2025,2,6,327,0,1,1,,2025_Conforme_2_Cam_B_6_327.jpg,bottom_only,Conforme
B,year + batch_num + cam_num + sample_num + label_filename,2025,2,6,328,0,1,1,,2025_Conforme_2_Cam_B_6_328.jpg,bottom_only,Conforme
B,year + batch_num + cam_num + sample_num + label_filename,2025,2,6,329,0,1,1,,2025_Conforme_2_Cam_B_6_329.jpg,bottom_only,Conforme
B,year + batch_num + cam_num + sample_num + label_filename,2025,2,6,330,0,1,1,,2025_Conforme_2_Cam_B_6_330.jpg,bottom_only,Conforme
B,year + batch_num + cam_num + sample_num + label_filename,2025,2,6,331,0,1,1,,2025_Conforme_2_Cam_B_6_331.jpg,bottom_only,Conforme
B,year + batch_num + cam_num + sample_num + label_filename,2025,2,6,332,0,1,1,,2025_Conforme_2_Cam_B_6_332.jpg,bottom_only,Conforme
B,year + batch_num + cam_num + sample_num + label_filename,2025,2,6,333,0,1,1,,2025_Conforme_2_Cam_B_6_333.jpg,bottom_only,Conforme
B,year + batch_num + cam_num + sample_num + label_filename,2025,2,6,334,0,1,1,,2025_Conforme_2_Cam_B_6_334.jpg,bottom_only,Conforme
B,year + batch_num + cam_num + sample_num + label_filename,2025,2,6,335,0,1,1,,2025_Conforme_2_Cam_B_6_335.jpg,bottom_only,Conforme
B,year + batch_num + cam_num + sample_num + label_filename,2025,2,6,336,0,1,1,,2025_Conforme_2_Cam_B_6_336.jpg,bottom_only,Conforme
B,year + batch_num + cam_num + sample_num + label_filename,2025,2,6,337,0,1,1,,2025_Conforme_2_Cam_B_6_337.jpg,bottom_only,Conforme
B,year + batch_num + cam_num + sample_num + label_filename,2025,2,6,338,0,1,1,,2025_Conforme_2_Cam_B_6_338.jpg,bottom_only,Conforme
B,year + batch_num + cam_num + sample_num + label_filename,2025,2,6,339,0,1,1,,2025_Conforme_2_Cam_B_6_339.jpg,bottom_only,Conforme
B,year + batch_num + cam_num + sample_num + label_filename,2025,2,6,340,0,1,1,,2025_Conforme_2_Cam_B_6_340.jpg,bottom_only,Conforme
B,year + batch_num + cam_num + sample_num + label_filename,2025,2,6,341,0,1,1,,2025_Conforme_2_Cam_B_6_341.jpg,bottom_only,Conforme
B,year + batch_num + cam_num + sample_num + label_filename,2025,2,6,342,0,1,1,,2025_Conforme_2_Cam_B_6_342.jpg,bottom_only,Conforme
B,year + batch_num + cam_num + sample_num + label_filename,2025,2,6,343,0,1,1,,2025_Conforme_2_Cam_B_6_343.jpg,bottom_only,Conforme
B,year + batch_num + cam_num + sample_num + label_filename,2025,2,6,344,0,1,1,,2025_Conforme_2_Cam_B_6_344.jpg,bottom_only,Conforme
B,year + batch_num + cam_num + sample_num + label_filename,2025,2,6,345,0,1,1,,2025_Conforme_2_Cam_B_6_345.jpg,bottom_only,Conforme
B,year + batch_num + cam_num + sample_num + label_filename,2025,2,6,348,0,1,1,,2025_Conforme_2_Cam_B_6_348.jpg,bottom_only,Conforme
B,year + batch_num + cam_num + sample_num + label_filename,2025,2,6,349,0,1,1,,2025_Conforme_2_Cam_B_6_349.jpg,bottom_only,Conforme
B,year + batch_num + cam_num + sample_num + label_filename,2025,2,6,351,0,1,1,,2025_Conforme_2_Cam_B_6_351.jpg,bottom_only,Conforme
B,year + batch_num + cam_num + sample_num + label_filename,2025,2,6,352,0,1,1,,2025_Conforme_2_Cam_B_6_352.jpg,bottom_only,Conforme
B,year + batch_num + cam_num + sample_num + label_filename,2025,2,6,353,0,1,1,,2025_Conforme_2_Cam_B_6_353.jpg,bottom_only,Conforme
B,year + batch_num + cam_num + sample_num + label_filename,2025,2,6,354,0,1,1,,2025_Conforme_2_Cam_B_6_354.jpg,bottom_only,Conforme
B,year + batch_num + cam_num + sample_num + label_filename,2025,2,6,355,0,1,1,,2025_Conforme_2_Cam_B_6_355.jpg,bottom_only,Conforme
B,year + batch_num + cam_num + sample_num + label_filename,2025,2,6,356,0,1,1,,2025_Conforme_2_Cam_B_6_356.jpg,bottom_only,Conforme
B,year + batch_num + cam_num + sample_num + label_filename,2025,2,6,357,0,1,1,,2025_Conforme_2_Cam_B_6_357.jpg,bottom_only,Conforme
B,year + batch_num + cam_num + sample_num + label_filename,2025,2,6,358,0,1,1,,2025_Conforme_2_Cam_B_6_358.jpg,bottom_only,Conforme
B,year + batch_num + cam_num + sample_num + label_filename,2025,2,6,359,0,1,1,,2025_Conforme_2_Cam_B_6_359.jpg,bottom_only,Conforme
B,year + batch_num + cam_num + sample_num + label_filename,2025,2,6,360,0,1,1,,2025_Conforme_2_Cam_B_6_360.jpg,bottom_only,Conforme
B,year + batch_num + cam_num + sample_num + label_filename,2025,2,6,361,0,1,1,,2025_Conforme_2_Cam_B_6_361.jpg,bottom_only,Conforme
B,year + batch_num + cam_num + sample_num + label_filename,2025,2,6,362,0,1,1,,2025_Conforme_2_Cam_B_6_362.jpg,bottom_only,Conforme
B,year + batch_num + cam_num + sample_num + label_filename,2025,2,6,363,0,1,1,,2025_Conforme_2_Cam_B_6_363.jpg,bottom_only,Conforme
B,year + batch_num + cam_num + sample_num + label_filename,2025,2,6,365,0,1,1,,2025_Conforme_2_Cam_B_6_365.jpg,bottom_only,Conforme
B,year + batch_num + cam_num + sample_num + label_filename,2025,2,6,366,0,1,1,,2025_Conforme_2_Cam_B_6_366.jpg,bottom_only,Conforme
B,year + batch_num + cam_num + sample_num + label_filename,2025,2,6,367,0,1,1,,2025_Conforme_2_Cam_B_6_367.jpg,bottom_only,Conforme
B,year + batch_num + cam_num + sample_num + label_filename,2025,2,6,368,0,1,1,,2025_Conforme_2_Cam_B_6_368.jpg,bottom_only,Conforme
B,year + batch_num + cam_num + sample_num + label_filename,2025,2,6,369,0,1,1,,2025_Conforme_2_Cam_B_6_369.jpg,bottom_only,Conforme
B,year + batch_num + cam_num + sample_num + label_filename,2025,2,6,370,0,1,1,,2025_Conforme_2_Cam_B_6_370.jpg,bottom_only,Conforme
B,year + batch_num + cam_num + sample_num + label_filename,2025,2,6,371,0,1,1,,2025_Conforme_2_Cam_B_6_371.jpg,bottom_only,Conforme
B,year + batch_num + cam_num + sample_num + label_filename,2025,2,6,372,0,1,1,,2025_Conforme_2_Cam_B_6_372.jpg,bottom_only,Conforme
B,year + batch_num + cam_num + sample_num + label_filename,2025,2,6,373,0,1,1,,2025_Conforme_2_Cam_B_6_373.jpg,bottom_only,Conforme
B,year + batch_num + cam_num + sample_num + label_filename,2025,2,6,374,0,1,1,,2025_Conforme_2_Cam_B_6_374.jpg,bottom_only,Conforme
B,year + batch_num + cam_num + sample_num + label_filename,2025,2,6,375,0,1,1,,2025_Conforme_2_Cam_B_6_375.jpg,bottom_only,Conforme
B,year + batch_num + cam_num + sample_num + label_filename,2025,2,6,376,0,1,1,,2025_Conforme_2_Cam_B_6_376.jpg,bottom_only,Conforme
B,year + batch_num + cam_num + sample_num + label_filename,2025,2,6,377,0,1,1,,2025_Conforme_2_Cam_B_6_377.jpg,bottom_only,Conforme
B,year + batch_num + cam_num + sample_num + label_filename,2025,2,6,378,0,1,1,,2025_Conforme_2_Cam_B_6_378.jpg,bottom_only,Conforme
B,year + batch_num + cam_num + sample_num + label_filename,2025,2,6,379,0,1,1,,2025_Conforme_2_Cam_B_6_379.jpg,bottom_only,Conforme
B,year + batch_num + cam_num + sample_num + label_filename,2025,2,6,380,0,1,1,,2025_Conforme_2_Cam_B_6_380.jpg,bottom_only,Conforme
B,year + batch_num + cam_num + sample_num + label_filename,2025,2,6,381,0,1,1,,2025_Conforme_2_Cam_B_6_381.jpg,bottom_only,Conforme
B,year + batch_num + cam_num + sample_num + label_filename,2025,2,6,382,0,1,1,,2025_Conforme_2_Cam_B_6_382.jpg,bottom_only,Conforme
B,year + batch_num + cam_num + sample_num + label_filename,2025,2,6,383,0,1,1,,2025_Conforme_2_Cam_B_6_383.jpg,bottom_only,Conforme
B,year + batch_num + cam_num + sample_num + label_filename,2025,2,6,385,0,1,1,,2025_Conforme_2_Cam_B_6_385.jpg,bottom_only,Conforme
B,year + batch_num + cam_num + sample_num + label_filename,2025,2,6,386,0,1,1,,2025_Conforme_2_Cam_B_6_386.jpg,bottom_only,Conforme
B,year + batch_num + cam_num + sample_num + label_filename,2025,2,6,387,0,1,1,,2025_Conforme_2_Cam_B_6_387.jpg,bottom_only,Conforme
B,year + batch_num + cam_num + sample_num + label_filename,2025,2,6,388,0,1,1,,2025_Conforme_2_Cam_B_6_388.jpg,bottom_only,Conforme
B,year + batch_num + cam_num + sample_num + label_filename,2025,2,6,389,0,1,1,,2025_Conforme_2_Cam_B_6_389.jpg,bottom_only,Conforme
B,year + batch_num + cam_num + sample_num + label_filename,2025,2,6,390,0,1,1,,2025_Conforme_2_Cam_B_6_390.jpg,bottom_only,Conforme
B,year + batch_num + cam_num + sample_num + label_filename,2025,2,6,391,0,1,1,,2025_Conforme_2_Cam_B_6_391.jpg,bottom_only,Conforme
B,year + batch_num + cam_num + sample_num + label_filename,2025,2,6,392,0,1,1,,2025_Conforme_2_Cam_B_6_392.jpg,bottom_only,Conforme
B,year + batch_num + cam_num + sample_num + label_filename,2025,2,6,393,0,1,1,,2025_Conforme_2_Cam_B_6_393.jpg,bottom_only,Conforme
B,year + batch_num + cam_num + sample_num + label_filename,2025,2,6,394,0,1,1,,2025_Conforme_2_Cam_B_6_394.jpg,bottom_only,Conforme
B,year + batch_num + cam_num + sample_num + label_filename,2025,2,6,395,0,1,1,,2025_Conforme_2_Cam_B_6_395.jpg,bottom_only,Conforme
B,year + batch_num + cam_num + sample_num + label_filename,2025,2,6,396,0,1,1,,2025_Conforme_2_Cam_B_6_396.jpg,bottom_only,Conforme
B,year + batch_num + cam_num + sample_num + label_filename,2025,2,6,397,0,1,1,,2025_Conforme_2_Cam_B_6_397.jpg,bottom_only,Conforme
B,year + batch_num + cam_num + sample_num + label_filename,2025,2,6,400,0,1,1,,2025_Conforme_2_Cam_B_6_400.jpg,bottom_only,Conforme
B,year + batch_num + cam_num + sample_num + label_filename,2025,2,6,401,0,1,1,,2025_Conforme_2_Cam_B_6_401.jpg,bottom_only,Conforme
B,year + batch_num + cam_num + sample_num + label_filename,2025,2,6,402,0,1,1,,2025_Conforme_2_Cam_B_6_402.jpg,bottom_only,Conforme
B,year + batch_num + cam_num + sample_num + label_filename,2025,2,6,403,0,1,1,,2025_Conforme_2_Cam_B_6_403.jpg,bottom_only,Conforme
B,year + batch_num + cam_num + sample_num + label_filename,2025,2,6,404,0,1,1,,2025_Conforme_2_Cam_B_6_404.jpg,bottom_only,Conforme
B,year + batch_num + cam_num + sample_num + label_filename,2025,2,6,405,0,1,1,,2025_Conforme_2_Cam_B_6_405.jpg,bottom_only,Conforme
B,year + batch_num + cam_num + sample_num + label_filename,2025,2,6,406,0,1,1,,2025_Conforme_2_Cam_B_6_406.jpg,bottom_only,Conforme
B,year + batch_num + cam_num + sample_num + label_filename,2025,2,6,407,0,1,1,,2025_Conforme_2_Cam_B_6_407.jpg,bottom_only,Conforme
B,year + batch_num + cam_num + sample_num + label_filename,2025,2,6,408,0,1,1,,2025_Conforme_2_Cam_B_6_408.jpg,bottom_only,Conforme
B,year + batch_num + cam_num + sample_num + label_filename,2025,2,6,409,0,1,1,,2025_Conforme_2_Cam_B_6_409.jpg,bottom_only,Conforme
B,year + batch_num + cam_num + sample_num + label_filename,2025,2,6,410,0,1,1,,2025_Conforme_2_Cam_B_6_410.jpg,bottom_only,Conforme
B,year + batch_num + cam_num + sample_num + label_filename,2025,2,6,411,0,1,1,,2025_Conforme_2_Cam_B_6_411.jpg,bottom_only,Conforme
B,year + batch_num + cam_num + sample_num + label_filename,2025,2,6,412,0,1,1,,2025_Conforme_2_Cam_B_6_412.jpg,bottom_only,Conforme
B,year + batch_num + cam_num + sample_num + label_filename,2025,2,6,413,0,1,1,,2025_Conforme_2_Cam_B_6_413.jpg,bottom_only,Conforme
B,year + batch_num + cam_num + sample_num + label_filename,2025,2,6,414,0,1,1,,2025_Conforme_2_Cam_B_6_414.jpg,bottom_only,Conforme
B,year + batch_num + cam_num + sample_num + label_filename,2025,2,6,415,0,1,1,,2025_Conforme_2_Cam_B_6_415.jpg,bottom_only,Conforme
B,year + batch_num + cam_num + sample_num + label_filename,2025,2,6,416,0,1,1,,2025_Conforme_2_Cam_B_6_416.jpg,bottom_only,Conforme
B,year + batch_num + cam_num + sample_num + label_filename,2025,2,6,417,0,1,1,,2025_Conforme_2_Cam_B_6_417.jpg,bottom_only,Conforme
B,year + batch_num + cam_num + sample_num + label_filename,2025,2,6,418,0,1,1,,2025_Conforme_2_Cam_B_6_418.jpg,bottom_only,Conforme
B,year + batch_num + cam_num + sample_num + label_filename,2025,2,6,419,0,1,1,,2025_Conforme_2_Cam_B_6_419.jpg,bottom_only,Conforme
B,year + batch_num + cam_num + sample_num + label_filename,2025,2,6,420,0,1,1,,2025_Conforme_2_Cam_B_6_420.jpg,bottom_only,Conforme
B,year + batch_num + cam_num + sample_num + label_filename,2025,2,6,421,0,1,1,,2025_Conforme_2_Cam_B_6_421.jpg,bottom_only,Conforme
B,year + batch_num + cam_num + sample_num + label_filename,2025,2,6,422,0,1,1,,2025_Conforme_2_Cam_B_6_422.jpg,bottom_only,Conforme
B,year + batch_num + cam_num + sample_num + label_filename,2025,2,6,423,0,1,1,,2025_Conforme_2_Cam_B_6_423.jpg,bottom_only,Conforme
B,year + batch_num + cam_num + sample_num + label_filename,2025,2,6,424,0,1,1,,2025_Conforme_2_Cam_B_6_424.jpg,bottom_only,Conforme
B,year + batch_num + cam_num + sample_num + label_filename,2025,2,6,425,0,1,1,,2025_Conforme_2_Cam_B_6_425.jpg,bottom_only,Conforme
B,year + batch_num + cam_num + sample_num + label_filename,2025,2,6,426,0,1,1,,2025_Conforme_2_Cam_B_6_426.jpg,bottom_only,Conforme
B,year + batch_num + cam_num + sample_num + label_filename,2025,2,6,427,0,1,1,,2025_Conforme_2_Cam_B_6_427.jpg,bottom_only,Conforme
B,year + batch_num + cam_num + sample_num + label_filename,2025,2,6,428,0,1,1,,2025_Conforme_2_Cam_B_6_428.jpg,bottom_only,Conforme
B,year + batch_num + cam_num + sample_num + label_filename,2025,2,6,429,0,1,1,,2025_Conforme_2_Cam_B_6_429.jpg,bottom_only,Conforme
B,year + batch_num + cam_num + sample_num + label_filename,2025,2,6,430,0,1,1,,2025_Conforme_2_Cam_B_6_430.jpg,bottom_only,Conforme
B,year + batch_num + cam_num + sample_num + label_filename,2025,2,6,431,0,1,1,,2025_Conforme_2_Cam_B_6_431.jpg,bottom_only,Conforme
B,year + batch_num + cam_num + sample_num + label_filename,2025,2,6,433,0,1,1,,2025_Conforme_2_Cam_B_6_433.jpg,bottom_only,Conforme
B,year + batch_num + cam_num + sample_num + label_filename,2025,2,6,434,0,1,1,,2025_Conforme_2_Cam_B_6_434.jpg,bottom_only,Conforme
B,year + batch_num + cam_num + sample_num + label_filename,2025,2,6,436,0,1,1,,2025_Conforme_2_Cam_B_6_436.jpg,bottom_only,Conforme
B,year + batch_num + cam_num + sample_num + label_filename,2025,2,6,437,0,1,1,,2025_Conforme_2_Cam_B_6_437.jpg,bottom_only,Conforme
B,year + batch_num + cam_num + sample_num + label_filename,2025,2,6,438,0,1,1,,2025_Conforme_2_Cam_B_6_438.jpg,bottom_only,Conforme
B,year + batch_num + cam_num + sample_num + label_filename,2025,2,6,439,0,1,1,,2025_Conforme_2_Cam_B_6_439.jpg,bottom_only,Conforme
B,year + batch_num + cam_num + sample_num + label_filename,2025,2,6,440,0,1,1,,2025_Conforme_2_Cam_B_6_440.jpg,bottom_only,Conforme
B,year + batch_num + cam_num + sample_num + label_filename,2025,2,6,441,0,1,1,,2025_Conforme_2_Cam_B_6_441.jpg,bottom_only,Conforme
B,year + batch_num + cam_num + sample_num + label_filename,2025,2,6,442,0,1,1,,2025_Conforme_2_Cam_B_6_442.jpg,bottom_only,Conforme
B,year + batch_num + cam_num + sample_num + label_filename,2025,2,6,443,0,1,1,,2025_Conforme_2_Cam_B_6_443.jpg,bottom_only,Conforme
B,year + batch_num + cam_num + sample_num + label_filename,2025,2,6,444,0,1,1,,2025_Conforme_2_Cam_B_6_444.jpg,bottom_only,Conforme
B,year + batch_num + cam_num + sample_num + label_filename,2025,2,6,445,0,1,1,,2025_Conforme_2_Cam_B_6_445.jpg,bottom_only,Conforme
B,year + batch_num + cam_num + sample_num + label_filename,2025,2,6,446,0,1,1,,2025_Conforme_2_Cam_B_6_446.jpg,bottom_only,Conforme
B,year + batch_num + cam_num + sample_num + label_filename,2025,2,6,447,0,1,1,,2025_Conforme_2_Cam_B_6_447.jpg,bottom_only,Conforme
B,year + batch_num + cam_num + sample_num + label_filename,2025,2,6,448,0,1,1,,2025_Conforme_2_Cam_B_6_448.jpg,bottom_only,Conforme
B,year + batch_num + cam_num + sample_num + label_filename,2025,2,6,449,0,1,1,,2025_Conforme_2_Cam_B_6_449.jpg,bottom_only,Conforme
B,year + batch_num + cam_num + sample_num + label_filename,2025,2,6,450,0,1,1,,2025_Conforme_2_Cam_B_6_450.jpg,bottom_only,Conforme
B,year + batch_num + cam_num + sample_num + label_filename,2025,2,6,451,0,1,1,,2025_Conforme_2_Cam_B_6_451.jpg,bottom_only,Conforme
B,year + batch_num + cam_num + sample_num + label_filename,2025,2,6,452,0,1,1,,2025_Conforme_2_Cam_B_6_452.jpg,bottom_only,Conforme
B,year + batch_num + cam_num + sample_num + label_filename,2025,2,6,453,0,1,1,,2025_Conforme_2_Cam_B_6_453.jpg,bottom_only,Conforme
B,year + batch_num + cam_num + sample_num + label_filename,2025,2,6,454,0,1,1,,2025_Conforme_2_Cam_B_6_454.jpg,bottom_only,Conforme
B,year + batch_num + cam_num + sample_num + label_filename,2025,2,6,455,0,1,1,,2025_Conforme_2_Cam_B_6_455.jpg,bottom_only,Conforme
B,year + batch_num + cam_num + sample_num + label_filename,2025,2,6,456,0,1,1,,2025_Conforme_2_Cam_B_6_456.jpg,bottom_only,Conforme
B,year + batch_num + cam_num + sample_num + label_filename,2025,2,6,457,0,1,1,,2025_Conforme_2_Cam_B_6_457.jpg,bottom_only,Conforme
B,year + batch_num + cam_num + sample_num + label_filename,2025,2,6,458,0,1,1,,2025_Conforme_2_Cam_B_6_458.jpg,bottom_only,Conforme
B,year + batch_num + cam_num + sample_num + label_filename,2025,2,6,459,0,1,1,,2025_Conforme_2_Cam_B_6_459.jpg,bottom_only,Conforme
B,year + batch_num + cam_num + sample_num + label_filename,2025,2,6,460,0,1,1,,2025_Conforme_2_Cam_B_6_460.jpg,bottom_only,Conforme
B,year + batch_num + cam_num + sample_num + label_filename,2025,2,6,461,0,1,1,,2025_Conforme_2_Cam_B_6_461.jpg,bottom_only,Conforme
B,year + batch_num + cam_num + sample_num + label_filename,2025,2,6,464,0,1,1,,2025_Conforme_2_Cam_B_6_464.jpg,bottom_only,Conforme
B,year + batch_num + cam_num + sample_num + label_filename,2025,2,6,465,0,1,1,,2025_Conforme_2_Cam_B_6_465.jpg,bottom_only,Conforme
B,year + batch_num + cam_num + sample_num + label_filename,2025,2,6,466,0,1,1,,2025_Conforme_2_Cam_B_6_466.jpg,bottom_only,Conforme
B,year + batch_num + cam_num + sample_num + label_filename,2025,2,6,467,0,1,1,,2025_Conforme_2_Cam_B_6_467.jpg,bottom_only,Conforme
B,year + batch_num + cam_num + sample_num + label_filename,2025,2,6,468,0,1,1,,2025_Conforme_2_Cam_B_6_468.jpg,bottom_only,Conforme
B,year + batch_num + cam_num + sample_num + label_filename,2025,2,6,469,0,1,1,,2025_Conforme_2_Cam_B_6_469.jpg,bottom_only,Conforme
B,year + batch_num + cam_num + sample_num + label_filename,2025,2,6,470,0,1,1,,2025_Conforme_2_Cam_B_6_470.jpg,bottom_only,Conforme
B,year + batch_num + cam_num + sample_num + label_filename,2025,2,6,471,0,1,1,,2025_Conforme_2_Cam_B_6_471.jpg,bottom_only,Conforme
B,year + batch_num + cam_num + sample_num + label_filename,2025,2,6,472,0,1,1,,2025_Conforme_2_Cam_B_6_472.jpg,bottom_only,Conforme
B,year + batch_num + cam_num + sample_num + label_filename,2025,2,6,473,0,1,1,,2025_Conforme_2_Cam_B_6_473.jpg,bottom_only,Conforme
B,year + batch_num + cam_num + sample_num + label_filename,2025,2,6,474,0,1,1,,2025_Conforme_2_Cam_B_6_474.jpg,bottom_only,Conforme
B,year + batch_num + cam_num + sample_num + label_filename,2025,2,6,475,0,1,1,,2025_Conforme_2_Cam_B_6_475.jpg,bottom_only,Conforme
B,year + batch_num + cam_num + sample_num + label_filename,2025,2,6,476,0,1,1,,2025_Conforme_2_Cam_B_6_476.jpg,bottom_only,Conforme
B,year + batch_num + cam_num + sample_num + label_filename,2025,2,6,477,0,1,1,,2025_Conforme_2_Cam_B_6_477.jpg,bottom_only,Conforme
B,year + batch_num + cam_num + sample_num + label_filename,2025,2,6,478,0,1,1,,2025_Conforme_2_Cam_B_6_478.jpg,bottom_only,Conforme
B,year + batch_num + cam_num + sample_num + label_filename,2025,2,6,479,0,1,1,,2025_Conforme_2_Cam_B_6_479.jpg,bottom_only,Conforme
B,year + batch_num + cam_num + sample_num + label_filename,2025,2,6,480,0,1,1,,2025_Conforme_2_Cam_B_6_480.jpg,bottom_only,Conforme
B,year + batch_num + cam_num + sample_num + label_filename,2025,2,6,481,0,1,1,,2025_Conforme_2_Cam_B_6_481.jpg,bottom_only,Conforme
B,year + batch_num + cam_num + sample_num + label_filename,2025,2,6,482,0,1,1,,2025_Conforme_2_Cam_B_6_482.jpg,bottom_only,Conforme
B,year + batch_num + cam_num + sample_num + label_filename,2025,2,6,484,0,1,1,,2025_Conforme_2_Cam_B_6_484.jpg,bottom_only,Conforme
B,year + batch_num + cam_num + sample_num + label_filename,2025,2,6,485,0,1,1,,2025_Conforme_2_Cam_B_6_485.jpg,bottom_only,Conforme
B,year + batch_num + cam_num + sample_num + label_filename,2025,2,6,486,0,1,1,,2025_Conforme_2_Cam_B_6_486.jpg,bottom_only,Conforme
B,year + batch_num + cam_num + sample_num + label_filename,2025,2,6,487,0,1,1,,2025_Conforme_2_Cam_B_6_487.jpg,bottom_only,Conforme
B,year + batch_num + cam_num + sample_num + label_filename,2025,2,6,489,0,1,1,,2025_Conforme_2_Cam_B_6_489.jpg,bottom_only,Conforme
B,year + batch_num + cam_num + sample_num + label_filename,2025,2,6,490,0,1,1,,2025_Conforme_2_Cam_B_6_490.jpg,bottom_only,Conforme
B,year + batch_num + cam_num + sample_num + label_filename,2025,2,6,491,0,1,1,,2025_Conforme_2_Cam_B_6_491.jpg,bottom_only,Conforme
B,year + batch_num + cam_num + sample_num + label_filename,2025,2,6,492,0,1,1,,2025_Conforme_2_Cam_B_6_492.jpg,bottom_only,Conforme
B,year + batch_num + cam_num + sample_num + label_filename,2025,2,6,493,0,1,1,,2025_Conforme_2_Cam_B_6_493.jpg,bottom_only,Conforme
B,year + batch_num + cam_num + sample_num + label_filename,2025,2,6,494,0,1,1,,2025_Conforme_2_Cam_B_6_494.jpg,bottom_only,Conforme
B,year + batch_num + cam_num + sample_num + label_filename,2025,2,6,495,0,1,1,,2025_Conforme_2_Cam_B_6_495.jpg,bottom_only,Conforme
B,year + batch_num + cam_num + sample_num + label_filename,2025,2,6,496,0,1,1,,2025_Conforme_2_Cam_B_6_496.jpg,bottom_only,Conforme
B,year + batch_num + cam_num + sample_num + label_filename,2025,2,6,497,0,1,1,,2025_Conforme_2_Cam_B_6_497.jpg,bottom_only,Conforme
B,year + batch_num + cam_num + sample_num + label_filename,2025,2,6,498,0,1,1,,2025_Conforme_2_Cam_B_6_498.jpg,bottom_only,Conforme
B,year + batch_num + cam_num + sample_num + label_filename,2025,2,6,499,0,1,1,,2025_Conforme_2_Cam_B_6_499.jpg,bottom_only,Conforme
B,year + batch_num + cam_num + sample_num + label_filename,2025,2,6,500,0,1,1,,2025_Conforme_2_Cam_B_6_500.jpg,bottom_only,Conforme
B,year + batch_num + cam_num + sample_num + label_filename,2025,2,6,501,0,1,1,,2025_Conforme_2_Cam_B_6_501.jpg,bottom_only,Conforme
B,year + batch_num + cam_num + sample_num + label_filename,2025,2,6,502,0,1,1,,2025_Conforme_2_Cam_B_6_502.jpg,bottom_only,Conforme
B,year + batch_num + cam_num + sample_num + label_filename,2025,2,6,503,0,1,1,,2025_Conforme_2_Cam_B_6_503.jpg,bottom_only,Conforme
B,year + batch_num + cam_num + sample_num + label_filename,2025,2,6,505,0,1,1,,2025_Conforme_2_Cam_B_6_505.jpg,bottom_only,Conforme
B,year + batch_num + cam_num + sample_num + label_filename,2025,2,6,506,0,1,1,,2025_Conforme_2_Cam_B_6_506.jpg,bottom_only,Conforme
B,year + batch_num + cam_num + sample_num + label_filename,2025,2,6,507,0,1,1,,2025_Conforme_2_Cam_B_6_507.jpg,bottom_only,Conforme
B,year + batch_num + cam_num + sample_num + label_filename,2025,2,6,508,0,1,1,,2025_Conforme_2_Cam_B_6_508.jpg,bottom_only,Conforme
B,year + batch_num + cam_num + sample_num + label_filename,2025,2,6,509,0,1,1,,2025_Conforme_2_Cam_B_6_509.jpg,bottom_only,Conforme
B,year + batch_num + cam_num + sample_num + label_filename,2025,2,6,510,0,1,1,,2025_Conforme_2_Cam_B_6_510.jpg,bottom_only,Conforme
B,year + batch_num + cam_num + sample_num + label_filename,2025,2,6,511,0,1,1,,2025_Conforme_2_Cam_B_6_511.jpg,bottom_only,Conforme
B,year + batch_num + cam_num + sample_num + label_filename,2025,2,6,512,0,1,1,,2025_Conforme_2_Cam_B_6_512.jpg,bottom_only,Conforme
B,year + batch_num + cam_num + sample_num + label_filename,2025,2,6,513,0,1,1,,2025_Conforme_2_Cam_B_6_513.jpg,bottom_only,Conforme
B,year + batch_num + cam_num + sample_num + label_filename,2025,2,6,514,0,1,1,,2025_Conforme_2_Cam_B_6_514.jpg,bottom_only,Conforme
B,year + batch_num + cam_num + sample_num + label_filename,2025,2,6,515,0,1,1,,2025_Conforme_2_Cam_B_6_515.jpg,bottom_only,Conforme
B,year + batch_num + cam_num + sample_num + label_filename,2025,<NO_BATCH>,1,9,1,0,1,2025_NON_Conforme_Cam_T_1_9.jpg,,top_only,NON Conforme
B,year + batch_num + cam_num + sample_num + label_filename,2025,<NO_BATCH>,1,11,0,1,1,,2025_NON_Conforme_Cam_B_1_11.jpg,bottom_only,NON Conforme
B,year + batch_num + cam_num + sample_num + label_filename,2025,<NO_BATCH>,1,15,1,0,1,2025_NON_Conforme_Cam_T_1_15.jpg,,top_only,NON Conforme
B,year + batch_num + cam_num + sample_num + label_filename,2025,<NO_BATCH>,1,17,1,0,1,2025_NON_Conforme_Cam_T_1_17.jpg,,top_only,NON Conforme
B,year + batch_num + cam_num + sample_num + label_filename,2025,<NO_BATCH>,1,18,0,1,1,,2025_NON_Conforme_Cam_B_1_18.jpg,bottom_only,NON Conforme
B,year + batch_num + cam_num + sample_num + label_filename,2025,<NO_BATCH>,1,19,0,1,1,,2025_NON_Conforme_Cam_B_1_19.jpg,bottom_only,NON Conforme
B,year + batch_num + cam_num + sample_num + label_filename,2025,<NO_BATCH>,1,21,1,0,1,2025_NON_Conforme_Cam_T_1_21.jpg,,top_only,NON Conforme
B,year + batch_num + cam_num + sample_num + label_filename,2025,<NO_BATCH>,1,22,1,0,1,2025_NON_Conforme_Cam_T_1_22.jpg,,top_only,NON Conforme
B,year + batch_num + cam_num + sample_num + label_filename,2025,<NO_BATCH>,1,43,1,0,1,2025_NON_Conforme_Cam_T_1_43.jpg,,top_only,NON Conforme
B,year + batch_num + cam_num + sample_num + label_filename,2025,<NO_BATCH>,1,132,1,0,1,2025_PIETRA_Cam_T_1_132.jpg,,top_only,PIETRA
B,year + batch_num + cam_num + sample_num + label_filename,2025,<NO_BATCH>,1,145,1,0,1,2025_PIETRA_Cam_T_1_145.jpg,,top_only,PIETRA
B,year + batch_num + cam_num + sample_num + label_filename,2025,<NO_BATCH>,1,167,1,0,1,2025_NON_Conforme_Cam_T_1_167.jpg,,top_only,NON Conforme
B,year + batch_num + cam_num + sample_num + label_filename,2025,<NO_BATCH>,1,189,1,0,1,2025_PIETRA_Cam_T_1_189.jpg,,top_only,PIETRA
B,year + batch_num + cam_num + sample_num + label_filename,2025,<NO_BATCH>,1,190,1,0,1,2025_PIETRA_Cam_T_1_190.jpg,,top_only,PIETRA
B,year + batch_num + cam_num + sample_num + label_filename,2025,<NO_BATCH>,1,191,1,0,1,2025_PIETRA_Cam_T_1_191.jpg,,top_only,PIETRA
B,year + batch_num + cam_num + sample_num + label_filename,2025,<NO_BATCH>,1,192,1,0,1,2025_PIETRA_Cam_T_1_192.jpg,,top_only,PIETRA
B,year + batch_num + cam_num + sample_num + label_filename,2025,<NO_BATCH>,1,221,1,0,1,2025_PIETRA_Cam_T_1_221.jpg,,top_only,PIETRA
B,year + batch_num + cam_num + sample_num + label_filename,2025,<NO_BATCH>,1,289,1,0,1,2025_NON_Conforme_Cam_T_1_289.jpg,,top_only,NON Conforme
B,year + batch_num + cam_num + sample_num + label_filename,2025,<NO_BATCH>,1,296,1,0,1,2025_PIETRA_Cam_T_1_296.jpg,,top_only,PIETRA
B,year + batch_num + cam_num + sample_num + label_filename,2025,<NO_BATCH>,1,313,1,0,1,2025_NON_Conforme_Cam_T_1_313.jpg,,top_only,NON Conforme
B,year + batch_num + cam_num + sample_num + label_filename,2025,<NO_BATCH>,1,313,1,0,1,2025_PIETRA_Cam_T_1_313.jpg,,top_only,PIETRA
B,year + batch_num + cam_num + sample_num + label_filename,2025,<NO_BATCH>,1,314,1,0,1,2025_NON_Conforme_Cam_T_1_314.jpg,,top_only,NON Conforme
B,year + batch_num + cam_num + sample_num + label_filename,2025,<NO_BATCH>,1,314,1,0,1,2025_PIETRA_Cam_T_1_314.jpg,,top_only,PIETRA
B,year + batch_num + cam_num + sample_num + label_filename,2025,<NO_BATCH>,1,315,1,0,1,2025_NON_Conforme_Cam_T_1_315.jpg,,top_only,NON Conforme
B,year + batch_num + cam_num + sample_num + label_filename,2025,<NO_BATCH>,1,358,1,0,1,2025_PIETRA_Cam_T_1_358.jpg,,top_only,PIETRA
B,year + batch_num + cam_num + sample_num + label_filename,2025,<NO_BATCH>,1,363,1,0,1,2025_PIETRA_Cam_T_1_363.jpg,,top_only,PIETRA
B,year + batch_num + cam_num + sample_num + label_filename,2025,<NO_BATCH>,1,378,0,1,1,,2025_PIETRA_Cam_B_1_378.jpg,bottom_only,PIETRA
B,year + batch_num + cam_num + sample_num + label_filename,2025,<NO_BATCH>,1,379,0,1,1,,2025_PIETRA_Cam_B_1_379.jpg,bottom_only,PIETRA
B,year + batch_num + cam_num + sample_num + label_filename,2025,<NO_BATCH>,1,380,1,0,1,2025_NON_Conforme_Cam_T_1_380.jpg,,top_only,NON Conforme
B,year + batch_num + cam_num + sample_num + label_filename,2025,<NO_BATCH>,1,380,0,1,1,,2025_PIETRA_Cam_B_1_380.jpg,bottom_only,PIETRA
B,year + batch_num + cam_num + sample_num + label_filename,2025,<NO_BATCH>,1,381,0,1,1,,2025_PIETRA_Cam_B_1_381.jpg,bottom_only,PIETRA
B,year + batch_num + cam_num + sample_num + label_filename,2025,<NO_BATCH>,1,382,0,1,1,,2025_PIETRA_Cam_B_1_382.jpg,bottom_only,PIETRA
B,year + batch_num + cam_num + sample_num + label_filename,2025,<NO_BATCH>,1,383,0,1,1,,2025_PIETRA_Cam_B_1_383.jpg,bottom_only,PIETRA
B,year + batch_num + cam_num + sample_num + label_filename,2025,<NO_BATCH>,1,384,0,1,1,,2025_PIETRA_Cam_B_1_384.jpg,bottom_only,PIETRA
B,year + batch_num + cam_num + sample_num + label_filename,2025,<NO_BATCH>,1,385,0,1,1,,2025_PIETRA_Cam_B_1_385.jpg,bottom_only,PIETRA
B,year + batch_num + cam_num + sample_num + label_filename,2025,<NO_BATCH>,1,386,1,0,1,2025_NON_Conforme_Cam_T_1_386.jpg,,top_only,NON Conforme
B,year + batch_num + cam_num + sample_num + label_filename,2025,<NO_BATCH>,1,386,0,1,1,,2025_PIETRA_Cam_B_1_386.jpg,bottom_only,PIETRA
B,year + batch_num + cam_num + sample_num + label_filename,2025,<NO_BATCH>,1,387,0,1,1,,2025_PIETRA_Cam_B_1_387.jpg,bottom_only,PIETRA
B,year + batch_num + cam_num + sample_num + label_filename,2025,<NO_BATCH>,1,388,0,1,1,,2025_PIETRA_Cam_B_1_388.jpg,bottom_only,PIETRA
B,year + batch_num + cam_num + sample_num + label_filename,2025,<NO_BATCH>,1,389,0,1,1,,2025_PIETRA_Cam_B_1_389.jpg,bottom_only,PIETRA
B,year + batch_num + cam_num + sample_num + label_filename,2025,<NO_BATCH>,1,390,0,1,1,,2025_PIETRA_Cam_B_1_390.jpg,bottom_only,PIETRA
B,year + batch_num + cam_num + sample_num + label_filename,2025,<NO_BATCH>,1,391,0,1,1,,2025_PIETRA_Cam_B_1_391.jpg,bottom_only,PIETRA
B,year + batch_num + cam_num + sample_num + label_filename,2025,<NO_BATCH>,1,392,0,1,1,,2025_PIETRA_Cam_B_1_392.jpg,bottom_only,PIETRA
B,year + batch_num + cam_num + sample_num + label_filename,2025,<NO_BATCH>,1,393,0,1,1,,2025_PIETRA_Cam_B_1_393.jpg,bottom_only,PIETRA
B,year + batch_num + cam_num + sample_num + label_filename,2025,<NO_BATCH>,1,394,0,1,1,,2025_PIETRA_Cam_B_1_394.jpg,bottom_only,PIETRA
B,year + batch_num + cam_num + sample_num + label_filename,2025,<NO_BATCH>,1,395,0,1,1,,2025_PIETRA_Cam_B_1_395.jpg,bottom_only,PIETRA
B,year + batch_num + cam_num + sample_num + label_filename,2025,<NO_BATCH>,1,396,0,1,1,,2025_PIETRA_Cam_B_1_396.jpg,bottom_only,PIETRA
B,year + batch_num + cam_num + sample_num + label_filename,2025,<NO_BATCH>,1,397,0,1,1,,2025_PIETRA_Cam_B_1_397.jpg,bottom_only,PIETRA
B,year + batch_num + cam_num + sample_num + label_filename,2025,<NO_BATCH>,1,398,0,1,1,,2025_PIETRA_Cam_B_1_398.jpg,bottom_only,PIETRA
B,year + batch_num + cam_num + sample_num + label_filename,2025,<NO_BATCH>,1,399,0,1,1,,2025_PIETRA_Cam_B_1_399.jpg,bottom_only,PIETRA
B,year + batch_num + cam_num + sample_num + label_filename,2025,<NO_BATCH>,1,400,0,1,1,,2025_PIETRA_Cam_B_1_400.jpg,bottom_only,PIETRA
B,year + batch_num + cam_num + sample_num + label_filename,2025,<NO_BATCH>,1,401,0,1,1,,2025_PIETRA_Cam_B_1_401.jpg,bottom_only,PIETRA
B,year + batch_num + cam_num + sample_num + label_filename,2025,<NO_BATCH>,1,402,0,1,1,,2025_PIETRA_Cam_B_1_402.jpg,bottom_only,PIETRA
B,year + batch_num + cam_num + sample_num + label_filename,2025,<NO_BATCH>,1,403,0,1,1,,2025_PIETRA_Cam_B_1_403.jpg,bottom_only,PIETRA
B,year + batch_num + cam_num + sample_num + label_filename,2025,<NO_BATCH>,1,404,0,1,1,,2025_PIETRA_Cam_B_1_404.jpg,bottom_only,PIETRA
B,year + batch_num + cam_num + sample_num + label_filename,2025,<NO_BATCH>,1,405,0,1,1,,2025_PIETRA_Cam_B_1_405.jpg,bottom_only,PIETRA
B,year + batch_num + cam_num + sample_num + label_filename,2025,<NO_BATCH>,2,11,0,1,1,,2025_NON_Conforme_Cam_B_2_11.jpg,bottom_only,NON Conforme
B,year + batch_num + cam_num + sample_num + label_filename,2025,<NO_BATCH>,2,17,1,0,1,2025_NON_Conforme_Cam_T_2_17.jpg,,top_only,NON Conforme
B,year + batch_num + cam_num + sample_num + label_filename,2025,<NO_BATCH>,2,18,0,1,1,,2025_NON_Conforme_Cam_B_2_18.jpg,bottom_only,NON Conforme
B,year + batch_num + cam_num + sample_num + label_filename,2025,<NO_BATCH>,2,21,0,1,1,,2025_NON_Conforme_Cam_B_2_21.jpg,bottom_only,NON Conforme
B,year + batch_num + cam_num + sample_num + label_filename,2025,<NO_BATCH>,2,22,0,1,1,,2025_NON_Conforme_Cam_B_2_22.jpg,bottom_only,NON Conforme
B,year + batch_num + cam_num + sample_num + label_filename,2025,<NO_BATCH>,2,23,0,1,1,,2025_NON_Conforme_Cam_B_2_23.jpg,bottom_only,NON Conforme
B,year + batch_num + cam_num + sample_num + label_filename,2025,<NO_BATCH>,2,24,1,0,1,2025_NON_Conforme_Cam_T_2_24.jpg,,top_only,NON Conforme
B,year + batch_num + cam_num + sample_num + label_filename,2025,<NO_BATCH>,2,25,1,0,1,2025_NON_Conforme_Cam_T_2_25.jpg,,top_only,NON Conforme
B,year + batch_num + cam_num + sample_num + label_filename,2025,<NO_BATCH>,2,28,1,0,1,2025_NON_Conforme_Cam_T_2_28.jpg,,top_only,NON Conforme
B,year + batch_num + cam_num + sample_num + label_filename,2025,<NO_BATCH>,2,29,1,0,1,2025_NON_Conforme_Cam_T_2_29.jpg,,top_only,NON Conforme
B,year + batch_num + cam_num + sample_num + label_filename,2025,<NO_BATCH>,2,316,1,0,1,2025_PIETRA_Cam_T_2_316.jpg,,top_only,PIETRA
B,year + batch_num + cam_num + sample_num + label_filename,2025,<NO_BATCH>,2,375,0,1,1,,2025_PIETRA_Cam_B_2_375.jpg,bottom_only,PIETRA
B,year + batch_num + cam_num + sample_num + label_filename,2025,<NO_BATCH>,2,376,0,1,1,,2025_PIETRA_Cam_B_2_376.jpg,bottom_only,PIETRA
B,year + batch_num + cam_num + sample_num + label_filename,2025,<NO_BATCH>,2,377,0,1,1,,2025_PIETRA_Cam_B_2_377.jpg,bottom_only,PIETRA
B,year + batch_num + cam_num + sample_num + label_filename,2025,<NO_BATCH>,2,378,0,1,1,,2025_PIETRA_Cam_B_2_378.jpg,bottom_only,PIETRA
B,year + batch_num + cam_num + sample_num + label_filename,2025,<NO_BATCH>,2,379,0,1,1,,2025_PIETRA_Cam_B_2_379.jpg,bottom_only,PIETRA
B,year + batch_num + cam_num + sample_num + label_filename,2025,<NO_BATCH>,2,380,0,1,1,,2025_PIETRA_Cam_B_2_380.jpg,bottom_only,PIETRA
B,year + batch_num + cam_num + sample_num + label_filename,2025,<NO_BATCH>,2,381,0,1,1,,2025_PIETRA_Cam_B_2_381.jpg,bottom_only,PIETRA
B,year + batch_num + cam_num + sample_num + label_filename,2025,<NO_BATCH>,2,382,0,1,1,,2025_PIETRA_Cam_B_2_382.jpg,bottom_only,PIETRA
B,year + batch_num + cam_num + sample_num + label_filename,2025,<NO_BATCH>,2,383,0,1,1,,2025_PIETRA_Cam_B_2_383.jpg,bottom_only,PIETRA
B,year + batch_num + cam_num + sample_num + label_filename,2025,<NO_BATCH>,2,384,0,1,1,,2025_PIETRA_Cam_B_2_384.jpg,bottom_only,PIETRA
B,year + batch_num + cam_num + sample_num + label_filename,2025,<NO_BATCH>,2,385,0,1,1,,2025_PIETRA_Cam_B_2_385.jpg,bottom_only,PIETRA
B,year + batch_num + cam_num + sample_num + label_filename,2025,<NO_BATCH>,2,386,0,1,1,,2025_PIETRA_Cam_B_2_386.jpg,bottom_only,PIETRA
B,year + batch_num + cam_num + sample_num + label_filename,2025,<NO_BATCH>,2,387,0,1,1,,2025_PIETRA_Cam_B_2_387.jpg,bottom_only,PIETRA
B,year + batch_num + cam_num + sample_num + label_filename,2025,<NO_BATCH>,2,388,0,1,1,,2025_PIETRA_Cam_B_2_388.jpg,bottom_only,PIETRA
B,year + batch_num + cam_num + sample_num + label_filename,2025,<NO_BATCH>,2,389,0,1,1,,2025_PIETRA_Cam_B_2_389.jpg,bottom_only,PIETRA
B,year + batch_num + cam_num + sample_num + label_filename,2025,<NO_BATCH>,2,390,0,1,1,,2025_PIETRA_Cam_B_2_390.jpg,bottom_only,PIETRA
B,year + batch_num + cam_num + sample_num + label_filename,2025,<NO_BATCH>,2,391,0,1,1,,2025_PIETRA_Cam_B_2_391.jpg,bottom_only,PIETRA
B,year + batch_num + cam_num + sample_num + label_filename,2025,<NO_BATCH>,2,392,0,1,1,,2025_PIETRA_Cam_B_2_392.jpg,bottom_only,PIETRA
B,year + batch_num + cam_num + sample_num + label_filename,2025,<NO_BATCH>,2,393,0,1,1,,2025_PIETRA_Cam_B_2_393.jpg,bottom_only,PIETRA
B,year + batch_num + cam_num + sample_num + label_filename,2025,<NO_BATCH>,2,394,0,1,1,,2025_PIETRA_Cam_B_2_394.jpg,bottom_only,PIETRA
B,year + batch_num + cam_num + sample_num + label_filename,2025,<NO_BATCH>,2,395,0,1,1,,2025_PIETRA_Cam_B_2_395.jpg,bottom_only,PIETRA
B,year + batch_num + cam_num + sample_num + label_filename,2025,<NO_BATCH>,2,396,0,1,1,,2025_PIETRA_Cam_B_2_396.jpg,bottom_only,PIETRA
B,year + batch_num + cam_num + sample_num + label_filename,2025,<NO_BATCH>,2,397,0,1,1,,2025_PIETRA_Cam_B_2_397.jpg,bottom_only,PIETRA
B,year + batch_num + cam_num + sample_num + label_filename,2025,<NO_BATCH>,2,398,0,1,1,,2025_PIETRA_Cam_B_2_398.jpg,bottom_only,PIETRA
B,year + batch_num + cam_num + sample_num + label_filename,2025,<NO_BATCH>,2,503,1,0,1,2025_NON_Conforme_Cam_T_2_503.jpg,,top_only,NON Conforme
B,year + batch_num + cam_num + sample_num + label_filename,2025,<NO_BATCH>,2,504,1,0,1,2025_NON_Conforme_Cam_T_2_504.jpg,,top_only,NON Conforme
B,year + batch_num + cam_num + sample_num + label_filename,2025,<NO_BATCH>,2,505,1,0,1,2025_NON_Conforme_Cam_T_2_505.jpg,,top_only,NON Conforme
B,year + batch_num + cam_num + sample_num + label_filename,2025,<NO_BATCH>,2,506,1,0,1,2025_NON_Conforme_Cam_T_2_506.jpg,,top_only,NON Conforme
B,year + batch_num + cam_num + sample_num + label_filename,2025,<NO_BATCH>,2,507,1,0,1,2025_NON_Conforme_Cam_T_2_507.jpg,,top_only,NON Conforme
B,year + batch_num + cam_num + sample_num + label_filename,2025,<NO_BATCH>,2,508,1,0,1,2025_NON_Conforme_Cam_T_2_508.jpg,,top_only,NON Conforme
B,year + batch_num + cam_num + sample_num + label_filename,2025,<NO_BATCH>,2,509,1,0,1,2025_NON_Conforme_Cam_T_2_509.jpg,,top_only,NON Conforme
B,year + batch_num + cam_num + sample_num + label_filename,2025,<NO_BATCH>,2,510,1,0,1,2025_NON_Conforme_Cam_T_2_510.jpg,,top_only,NON Conforme
B,year + batch_num + cam_num + sample_num + label_filename,2025,<NO_BATCH>,2,511,1,0,1,2025_NON_Conforme_Cam_T_2_511.jpg,,top_only,NON Conforme
B,year + batch_num + cam_num + sample_num + label_filename,2025,<NO_BATCH>,2,512,1,0,1,2025_NON_Conforme_Cam_T_2_512.jpg,,top_only,NON Conforme
B,year + batch_num + cam_num + sample_num + label_filename,2025,<NO_BATCH>,2,513,1,0,1,2025_NON_Conforme_Cam_T_2_513.jpg,,top_only,NON Conforme
B,year + batch_num + cam_num + sample_num + label_filename,2025,<NO_BATCH>,2,514,1,0,1,2025_NON_Conforme_Cam_T_2_514.jpg,,top_only,NON Conforme
B,year + batch_num + cam_num + sample_num + label_filename,2025,<NO_BATCH>,2,515,1,0,1,2025_NON_Conforme_Cam_T_2_515.jpg,,top_only,NON Conforme
B,year + batch_num + cam_num + sample_num + label_filename,2025,<NO_BATCH>,2,516,1,0,1,2025_NON_Conforme_Cam_T_2_516.jpg,,top_only,NON Conforme
B,year + batch_num + cam_num + sample_num + label_filename,2025,<NO_BATCH>,3,12,0,1,1,,2025_NON_Conforme_Cam_B_3_12.jpg,bottom_only,NON Conforme
B,year + batch_num + cam_num + sample_num + label_filename,2025,<NO_BATCH>,3,16,0,1,1,,2025_NON_Conforme_Cam_B_3_16.jpg,bottom_only,NON Conforme
B,year + batch_num + cam_num + sample_num + label_filename,2025,<NO_BATCH>,3,17,0,1,1,,2025_NON_Conforme_Cam_B_3_17.jpg,bottom_only,NON Conforme
B,year + batch_num + cam_num + sample_num + label_filename,2025,<NO_BATCH>,3,18,0,1,1,,2025_NON_Conforme_Cam_B_3_18.jpg,bottom_only,NON Conforme
B,year + batch_num + cam_num + sample_num + label_filename,2025,<NO_BATCH>,3,19,0,1,1,,2025_NON_Conforme_Cam_B_3_19.jpg,bottom_only,NON Conforme
B,year + batch_num + cam_num + sample_num + label_filename,2025,<NO_BATCH>,3,19,1,0,1,2025_PIETRA_Cam_T_3_19.jpg,,top_only,PIETRA
B,year + batch_num + cam_num + sample_num + label_filename,2025,<NO_BATCH>,3,20,0,1,1,,2025_NON_Conforme_Cam_B_3_20.jpg,bottom_only,NON Conforme
B,year + batch_num + cam_num + sample_num + label_filename,2025,<NO_BATCH>,3,23,0,1,1,,2025_NON_Conforme_Cam_B_3_23.jpg,bottom_only,NON Conforme
B,year + batch_num + cam_num + sample_num + label_filename,2025,<NO_BATCH>,3,28,1,0,1,2025_NON_Conforme_Cam_T_3_28.jpg,,top_only,NON Conforme
B,year + batch_num + cam_num + sample_num + label_filename,2025,<NO_BATCH>,3,153,1,0,1,2025_PIETRA_Cam_T_3_153.jpg,,top_only,PIETRA
B,year + batch_num + cam_num + sample_num + label_filename,2025,<NO_BATCH>,3,351,0,1,1,,2025_PIETRA_Cam_B_3_351.jpg,bottom_only,PIETRA
B,year + batch_num + cam_num + sample_num + label_filename,2025,<NO_BATCH>,3,387,0,1,1,,2025_PIETRA_Cam_B_3_387.jpg,bottom_only,PIETRA
B,year + batch_num + cam_num + sample_num + label_filename,2025,<NO_BATCH>,3,388,0,1,1,,2025_PIETRA_Cam_B_3_388.jpg,bottom_only,PIETRA
B,year + batch_num + cam_num + sample_num + label_filename,2025,<NO_BATCH>,3,389,0,1,1,,2025_PIETRA_Cam_B_3_389.jpg,bottom_only,PIETRA
B,year + batch_num + cam_num + sample_num + label_filename,2025,<NO_BATCH>,3,390,0,1,1,,2025_PIETRA_Cam_B_3_390.jpg,bottom_only,PIETRA
B,year + batch_num + cam_num + sample_num + label_filename,2025,<NO_BATCH>,3,495,1,0,1,2025_NON_Conforme_Cam_T_3_495.jpg,,top_only,NON Conforme
B,year + batch_num + cam_num + sample_num + label_filename,2025,<NO_BATCH>,3,496,1,0,1,2025_NON_Conforme_Cam_T_3_496.jpg,,top_only,NON Conforme
B,year + batch_num + cam_num + sample_num + label_filename,2025,<NO_BATCH>,3,497,1,0,1,2025_NON_Conforme_Cam_T_3_497.jpg,,top_only,NON Conforme
B,year + batch_num + cam_num + sample_num + label_filename,2025,<NO_BATCH>,4,0,1,0,1,2025_NON_Conforme_Cam_T_4_0.jpg,,top_only,NON Conforme
B,year + batch_num + cam_num + sample_num + label_filename,2025,<NO_BATCH>,4,12,0,1,1,,2025_NON_Conforme_Cam_B_4_12.jpg,bottom_only,NON Conforme
B,year + batch_num + cam_num + sample_num + label_filename,2025,<NO_BATCH>,4,14,1,0,1,2025_NON_Conforme_Cam_T_4_14.jpg,,top_only,NON Conforme
B,year + batch_num + cam_num + sample_num + label_filename,2025,<NO_BATCH>,4,17,1,0,1,2025_NON_Conforme_Cam_T_4_17.jpg,,top_only,NON Conforme
B,year + batch_num + cam_num + sample_num + label_filename,2025,<NO_BATCH>,4,18,1,0,1,2025_NON_Conforme_Cam_T_4_18.jpg,,top_only,NON Conforme
B,year + batch_num + cam_num + sample_num + label_filename,2025,<NO_BATCH>,4,19,0,1,1,,2025_NON_Conforme_Cam_B_4_19.jpg,bottom_only,NON Conforme
B,year + batch_num + cam_num + sample_num + label_filename,2025,<NO_BATCH>,4,20,0,1,1,,2025_NON_Conforme_Cam_B_4_20.jpg,bottom_only,NON Conforme
B,year + batch_num + cam_num + sample_num + label_filename,2025,<NO_BATCH>,4,23,0,1,1,,2025_NON_Conforme_Cam_B_4_23.jpg,bottom_only,NON Conforme
B,year + batch_num + cam_num + sample_num + label_filename,2025,<NO_BATCH>,4,27,1,0,1,2025_NON_Conforme_Cam_T_4_27.jpg,,top_only,NON Conforme
B,year + batch_num + cam_num + sample_num + label_filename,2025,<NO_BATCH>,4,27,1,0,1,2025_PIETRA_Cam_T_4_27.jpg,,top_only,PIETRA
B,year + batch_num + cam_num + sample_num + label_filename,2025,<NO_BATCH>,4,28,1,0,1,2025_NON_Conforme_Cam_T_4_28.jpg,,top_only,NON Conforme
B,year + batch_num + cam_num + sample_num + label_filename,2025,<NO_BATCH>,4,29,1,0,1,2025_NON_Conforme_Cam_T_4_29.jpg,,top_only,NON Conforme
B,year + batch_num + cam_num + sample_num + label_filename,2025,<NO_BATCH>,4,33,1,0,1,2025_NON_Conforme_Cam_T_4_33.jpg,,top_only,NON Conforme
B,year + batch_num + cam_num + sample_num + label_filename,2025,<NO_BATCH>,4,35,1,0,1,2025_NON_Conforme_Cam_T_4_35.jpg,,top_only,NON Conforme
B,year + batch_num + cam_num + sample_num + label_filename,2025,<NO_BATCH>,4,36,1,0,1,2025_NON_Conforme_Cam_T_4_36.jpg,,top_only,NON Conforme
B,year + batch_num + cam_num + sample_num + label_filename,2025,<NO_BATCH>,4,38,1,0,1,2025_NON_Conforme_Cam_T_4_38.jpg,,top_only,NON Conforme
B,year + batch_num + cam_num + sample_num + label_filename,2025,<NO_BATCH>,4,38,1,0,1,2025_PIETRA_Cam_T_4_38.jpg,,top_only,PIETRA
B,year + batch_num + cam_num + sample_num + label_filename,2025,<NO_BATCH>,4,54,1,0,1,2025_NON_Conforme_Cam_T_4_54.jpg,,top_only,NON Conforme
B,year + batch_num + cam_num + sample_num + label_filename,2025,<NO_BATCH>,4,55,1,0,1,2025_NON_Conforme_Cam_T_4_55.jpg,,top_only,NON Conforme
B,year + batch_num + cam_num + sample_num + label_filename,2025,<NO_BATCH>,4,61,1,0,1,2025_NON_Conforme_Cam_T_4_61.jpg,,top_only,NON Conforme
B,year + batch_num + cam_num + sample_num + label_filename,2025,<NO_BATCH>,4,73,1,0,1,2025_NON_Conforme_Cam_T_4_73.jpg,,top_only,NON Conforme
B,year + batch_num + cam_num + sample_num + label_filename,2025,<NO_BATCH>,4,74,1,0,1,2025_NON_Conforme_Cam_T_4_74.jpg,,top_only,NON Conforme
B,year + batch_num + cam_num + sample_num + label_filename,2025,<NO_BATCH>,4,75,1,0,1,2025_NON_Conforme_Cam_T_4_75.jpg,,top_only,NON Conforme
B,year + batch_num + cam_num + sample_num + label_filename,2025,<NO_BATCH>,4,76,1,0,1,2025_NON_Conforme_Cam_T_4_76.jpg,,top_only,NON Conforme
B,year + batch_num + cam_num + sample_num + label_filename,2025,<NO_BATCH>,4,120,1,0,1,2025_PIETRA_Cam_T_4_120.jpg,,top_only,PIETRA
B,year + batch_num + cam_num + sample_num + label_filename,2025,<NO_BATCH>,4,127,1,0,1,2025_PIETRA_Cam_T_4_127.jpg,,top_only,PIETRA
B,year + batch_num + cam_num + sample_num + label_filename,2025,<NO_BATCH>,4,135,1,0,1,2025_NON_Conforme_Cam_T_4_135.jpg,,top_only,NON Conforme
B,year + batch_num + cam_num + sample_num + label_filename,2025,<NO_BATCH>,4,151,1,0,1,2025_NON_Conforme_Cam_T_4_151.jpg,,top_only,NON Conforme
B,year + batch_num + cam_num + sample_num + label_filename,2025,<NO_BATCH>,4,153,1,0,1,2025_PIETRA_Cam_T_4_153.jpg,,top_only,PIETRA
B,year + batch_num + cam_num + sample_num + label_filename,2025,<NO_BATCH>,4,169,1,0,1,2025_PIETRA_Cam_T_4_169.jpg,,top_only,PIETRA
B,year + batch_num + cam_num + sample_num + label_filename,2025,<NO_BATCH>,4,197,1,0,1,2025_NON_Conforme_Cam_T_4_197.jpg,,top_only,NON Conforme
B,year + batch_num + cam_num + sample_num + label_filename,2025,<NO_BATCH>,4,203,1,0,1,2025_NON_Conforme_Cam_T_4_203.jpg,,top_only,NON Conforme
B,year + batch_num + cam_num + sample_num + label_filename,2025,<NO_BATCH>,4,209,1,0,1,2025_PIETRA_Cam_T_4_209.jpg,,top_only,PIETRA
B,year + batch_num + cam_num + sample_num + label_filename,2025,<NO_BATCH>,4,217,1,0,1,2025_NON_Conforme_Cam_T_4_217.jpg,,top_only,NON Conforme
B,year + batch_num + cam_num + sample_num + label_filename,2025,<NO_BATCH>,4,224,1,0,1,2025_NON_Conforme_Cam_T_4_224.jpg,,top_only,NON Conforme
B,year + batch_num + cam_num + sample_num + label_filename,2025,<NO_BATCH>,4,230,1,0,1,2025_NON_Conforme_Cam_T_4_230.jpg,,top_only,NON Conforme
B,year + batch_num + cam_num + sample_num + label_filename,2025,<NO_BATCH>,4,238,1,0,1,2025_NON_Conforme_Cam_T_4_238.jpg,,top_only,NON Conforme
B,year + batch_num + cam_num + sample_num + label_filename,2025,<NO_BATCH>,4,238,1,0,1,2025_PIETRA_Cam_T_4_238.jpg,,top_only,PIETRA
B,year + batch_num + cam_num + sample_num + label_filename,2025,<NO_BATCH>,4,241,1,0,1,2025_NON_Conforme_Cam_T_4_241.jpg,,top_only,NON Conforme
B,year + batch_num + cam_num + sample_num + label_filename,2025,<NO_BATCH>,4,259,1,0,1,2025_PIETRA_Cam_T_4_259.jpg,,top_only,PIETRA
B,year + batch_num + cam_num + sample_num + label_filename,2025,<NO_BATCH>,4,261,1,0,1,2025_NON_Conforme_Cam_T_4_261.jpg,,top_only,NON Conforme
B,year + batch_num + cam_num + sample_num + label_filename,2025,<NO_BATCH>,4,262,1,0,1,2025_PIETRA_Cam_T_4_262.jpg,,top_only,PIETRA
B,year + batch_num + cam_num + sample_num + label_filename,2025,<NO_BATCH>,4,265,1,0,1,2025_PIETRA_Cam_T_4_265.jpg,,top_only,PIETRA
B,year + batch_num + cam_num + sample_num + label_filename,2025,<NO_BATCH>,4,268,1,0,1,2025_NON_Conforme_Cam_T_4_268.jpg,,top_only,NON Conforme
B,year + batch_num + cam_num + sample_num + label_filename,2025,<NO_BATCH>,4,275,1,0,1,2025_PIETRA_Cam_T_4_275.jpg,,top_only,PIETRA
B,year + batch_num + cam_num + sample_num + label_filename,2025,<NO_BATCH>,4,282,1,0,1,2025_PIETRA_Cam_T_4_282.jpg,,top_only,PIETRA
B,year + batch_num + cam_num + sample_num + label_filename,2025,<NO_BATCH>,4,285,1,0,1,2025_PIETRA_Cam_T_4_285.jpg,,top_only,PIETRA
B,year + batch_num + cam_num + sample_num + label_filename,2025,<NO_BATCH>,4,288,1,0,1,2025_PIETRA_Cam_T_4_288.jpg,,top_only,PIETRA
B,year + batch_num + cam_num + sample_num + label_filename,2025,<NO_BATCH>,4,291,1,0,1,2025_PIETRA_Cam_T_4_291.jpg,,top_only,PIETRA
B,year + batch_num + cam_num + sample_num + label_filename,2025,<NO_BATCH>,4,292,1,0,1,2025_NON_Conforme_Cam_T_4_292.jpg,,top_only,NON Conforme
B,year + batch_num + cam_num + sample_num + label_filename,2025,<NO_BATCH>,4,293,1,0,1,2025_NON_Conforme_Cam_T_4_293.jpg,,top_only,NON Conforme
B,year + batch_num + cam_num + sample_num + label_filename,2025,<NO_BATCH>,4,327,1,0,1,2025_PIETRA_Cam_T_4_327.jpg,,top_only,PIETRA
B,year + batch_num + cam_num + sample_num + label_filename,2025,<NO_BATCH>,4,330,1,0,1,2025_PIETRA_Cam_T_4_330.jpg,,top_only,PIETRA
B,year + batch_num + cam_num + sample_num + label_filename,2025,<NO_BATCH>,4,331,1,0,1,2025_PIETRA_Cam_T_4_331.jpg,,top_only,PIETRA
B,year + batch_num + cam_num + sample_num + label_filename,2025,<NO_BATCH>,4,332,1,0,1,2025_PIETRA_Cam_T_4_332.jpg,,top_only,PIETRA
B,year + batch_num + cam_num + sample_num + label_filename,2025,<NO_BATCH>,4,333,1,0,1,2025_PIETRA_Cam_T_4_333.jpg,,top_only,PIETRA
B,year + batch_num + cam_num + sample_num + label_filename,2025,<NO_BATCH>,4,334,1,0,1,2025_PIETRA_Cam_T_4_334.jpg,,top_only,PIETRA
B,year + batch_num + cam_num + sample_num + label_filename,2025,<NO_BATCH>,4,335,1,0,1,2025_PIETRA_Cam_T_4_335.jpg,,top_only,PIETRA
B,year + batch_num + cam_num + sample_num + label_filename,2025,<NO_BATCH>,4,336,1,0,1,2025_PIETRA_Cam_T_4_336.jpg,,top_only,PIETRA
B,year + batch_num + cam_num + sample_num + label_filename,2025,<NO_BATCH>,4,337,1,0,1,2025_PIETRA_Cam_T_4_337.jpg,,top_only,PIETRA
B,year + batch_num + cam_num + sample_num + label_filename,2025,<NO_BATCH>,4,338,1,0,1,2025_PIETRA_Cam_T_4_338.jpg,,top_only,PIETRA
B,year + batch_num + cam_num + sample_num + label_filename,2025,<NO_BATCH>,4,339,1,0,1,2025_PIETRA_Cam_T_4_339.jpg,,top_only,PIETRA
B,year + batch_num + cam_num + sample_num + label_filename,2025,<NO_BATCH>,4,340,1,0,1,2025_PIETRA_Cam_T_4_340.jpg,,top_only,PIETRA
B,year + batch_num + cam_num + sample_num + label_filename,2025,<NO_BATCH>,4,341,1,0,1,2025_PIETRA_Cam_T_4_341.jpg,,top_only,PIETRA
B,year + batch_num + cam_num + sample_num + label_filename,2025,<NO_BATCH>,4,342,1,0,1,2025_PIETRA_Cam_T_4_342.jpg,,top_only,PIETRA
B,year + batch_num + cam_num + sample_num + label_filename,2025,<NO_BATCH>,4,343,1,0,1,2025_PIETRA_Cam_T_4_343.jpg,,top_only,PIETRA
B,year + batch_num + cam_num + sample_num + label_filename,2025,<NO_BATCH>,4,344,1,0,1,2025_PIETRA_Cam_T_4_344.jpg,,top_only,PIETRA
B,year + batch_num + cam_num + sample_num + label_filename,2025,<NO_BATCH>,4,345,1,0,1,2025_PIETRA_Cam_T_4_345.jpg,,top_only,PIETRA
B,year + batch_num + cam_num + sample_num + label_filename,2025,<NO_BATCH>,4,346,1,0,1,2025_PIETRA_Cam_T_4_346.jpg,,top_only,PIETRA
B,year + batch_num + cam_num + sample_num + label_filename,2025,<NO_BATCH>,4,347,1,0,1,2025_PIETRA_Cam_T_4_347.jpg,,top_only,PIETRA
B,year + batch_num + cam_num + sample_num + label_filename,2025,<NO_BATCH>,4,348,1,0,1,2025_PIETRA_Cam_T_4_348.jpg,,top_only,PIETRA
B,year + batch_num + cam_num + sample_num + label_filename,2025,<NO_BATCH>,4,349,1,0,1,2025_PIETRA_Cam_T_4_349.jpg,,top_only,PIETRA
B,year + batch_num + cam_num + sample_num + label_filename,2025,<NO_BATCH>,4,350,1,0,1,2025_PIETRA_Cam_T_4_350.jpg,,top_only,PIETRA
B,year + batch_num + cam_num + sample_num + label_filename,2025,<NO_BATCH>,4,351,1,0,1,2025_PIETRA_Cam_T_4_351.jpg,,top_only,PIETRA
B,year + batch_num + cam_num + sample_num + label_filename,2025,<NO_BATCH>,4,352,1,0,1,2025_PIETRA_Cam_T_4_352.jpg,,top_only,PIETRA
B,year + batch_num + cam_num + sample_num + label_filename,2025,<NO_BATCH>,4,353,1,0,1,2025_PIETRA_Cam_T_4_353.jpg,,top_only,PIETRA
B,year + batch_num + cam_num + sample_num + label_filename,2025,<NO_BATCH>,4,354,1,0,1,2025_PIETRA_Cam_T_4_354.jpg,,top_only,PIETRA
B,year + batch_num + cam_num + sample_num + label_filename,2025,<NO_BATCH>,4,355,1,0,1,2025_PIETRA_Cam_T_4_355.jpg,,top_only,PIETRA
B,year + batch_num + cam_num + sample_num + label_filename,2025,<NO_BATCH>,4,356,1,0,1,2025_PIETRA_Cam_T_4_356.jpg,,top_only,PIETRA
B,year + batch_num + cam_num + sample_num + label_filename,2025,<NO_BATCH>,4,357,1,0,1,2025_PIETRA_Cam_T_4_357.jpg,,top_only,PIETRA
B,year + batch_num + cam_num + sample_num + label_filename,2025,<NO_BATCH>,4,358,1,0,1,2025_PIETRA_Cam_T_4_358.jpg,,top_only,PIETRA
B,year + batch_num + cam_num + sample_num + label_filename,2025,<NO_BATCH>,4,359,1,0,1,2025_PIETRA_Cam_T_4_359.jpg,,top_only,PIETRA
B,year + batch_num + cam_num + sample_num + label_filename,2025,<NO_BATCH>,4,360,1,0,1,2025_PIETRA_Cam_T_4_360.jpg,,top_only,PIETRA
B,year + batch_num + cam_num + sample_num + label_filename,2025,<NO_BATCH>,4,361,1,0,1,2025_PIETRA_Cam_T_4_361.jpg,,top_only,PIETRA
B,year + batch_num + cam_num + sample_num + label_filename,2025,<NO_BATCH>,4,362,1,0,1,2025_PIETRA_Cam_T_4_362.jpg,,top_only,PIETRA
B,year + batch_num + cam_num + sample_num + label_filename,2025,<NO_BATCH>,4,363,1,0,1,2025_PIETRA_Cam_T_4_363.jpg,,top_only,PIETRA
B,year + batch_num + cam_num + sample_num + label_filename,2025,<NO_BATCH>,4,364,1,0,1,2025_PIETRA_Cam_T_4_364.jpg,,top_only,PIETRA
B,year + batch_num + cam_num + sample_num + label_filename,2025,<NO_BATCH>,4,365,1,0,1,2025_PIETRA_Cam_T_4_365.jpg,,top_only,PIETRA
B,year + batch_num + cam_num + sample_num + label_filename,2025,<NO_BATCH>,4,366,1,0,1,2025_PIETRA_Cam_T_4_366.jpg,,top_only,PIETRA
B,year + batch_num + cam_num + sample_num + label_filename,2025,<NO_BATCH>,4,367,1,0,1,2025_PIETRA_Cam_T_4_367.jpg,,top_only,PIETRA
B,year + batch_num + cam_num + sample_num + label_filename,2025,<NO_BATCH>,4,368,1,0,1,2025_PIETRA_Cam_T_4_368.jpg,,top_only,PIETRA
B,year + batch_num + cam_num + sample_num + label_filename,2025,<NO_BATCH>,4,369,1,0,1,2025_PIETRA_Cam_T_4_369.jpg,,top_only,PIETRA
B,year + batch_num + cam_num + sample_num + label_filename,2025,<NO_BATCH>,4,370,1,0,1,2025_PIETRA_Cam_T_4_370.jpg,,top_only,PIETRA
B,year + batch_num + cam_num + sample_num + label_filename,2025,<NO_BATCH>,4,371,1,0,1,2025_PIETRA_Cam_T_4_371.jpg,,top_only,PIETRA
B,year + batch_num + cam_num + sample_num + label_filename,2025,<NO_BATCH>,4,372,1,0,1,2025_PIETRA_Cam_T_4_372.jpg,,top_only,PIETRA
B,year + batch_num + cam_num + sample_num + label_filename,2025,<NO_BATCH>,4,373,1,0,1,2025_PIETRA_Cam_T_4_373.jpg,,top_only,PIETRA
B,year + batch_num + cam_num + sample_num + label_filename,2025,<NO_BATCH>,4,374,1,0,1,2025_PIETRA_Cam_T_4_374.jpg,,top_only,PIETRA
B,year + batch_num + cam_num + sample_num + label_filename,2025,<NO_BATCH>,4,375,1,0,1,2025_PIETRA_Cam_T_4_375.jpg,,top_only,PIETRA
B,year + batch_num + cam_num + sample_num + label_filename,2025,<NO_BATCH>,4,376,1,0,1,2025_PIETRA_Cam_T_4_376.jpg,,top_only,PIETRA
B,year + batch_num + cam_num + sample_num + label_filename,2025,<NO_BATCH>,4,377,1,0,1,2025_PIETRA_Cam_T_4_377.jpg,,top_only,PIETRA
B,year + batch_num + cam_num + sample_num + label_filename,2025,<NO_BATCH>,4,378,1,0,1,2025_PIETRA_Cam_T_4_378.jpg,,top_only,PIETRA
B,year + batch_num + cam_num + sample_num + label_filename,2025,<NO_BATCH>,4,379,1,0,1,2025_PIETRA_Cam_T_4_379.jpg,,top_only,PIETRA
B,year + batch_num + cam_num + sample_num + label_filename,2025,<NO_BATCH>,4,380,1,0,1,2025_PIETRA_Cam_T_4_380.jpg,,top_only,PIETRA
B,year + batch_num + cam_num + sample_num + label_filename,2025,<NO_BATCH>,4,381,1,0,1,2025_PIETRA_Cam_T_4_381.jpg,,top_only,PIETRA
B,year + batch_num + cam_num + sample_num + label_filename,2025,<NO_BATCH>,4,382,1,0,1,2025_PIETRA_Cam_T_4_382.jpg,,top_only,PIETRA
B,year + batch_num + cam_num + sample_num + label_filename,2025,<NO_BATCH>,4,383,1,0,1,2025_PIETRA_Cam_T_4_383.jpg,,top_only,PIETRA
B,year + batch_num + cam_num + sample_num + label_filename,2025,<NO_BATCH>,4,384,1,0,1,2025_PIETRA_Cam_T_4_384.jpg,,top_only,PIETRA
B,year + batch_num + cam_num + sample_num + label_filename,2025,<NO_BATCH>,4,385,1,0,1,2025_NON_Conforme_Cam_T_4_385.jpg,,top_only,NON Conforme
B,year + batch_num + cam_num + sample_num + label_filename,2025,<NO_BATCH>,4,385,1,0,1,2025_PIETRA_Cam_T_4_385.jpg,,top_only,PIETRA
B,year + batch_num + cam_num + sample_num + label_filename,2025,<NO_BATCH>,4,386,1,0,1,2025_PIETRA_Cam_T_4_386.jpg,,top_only,PIETRA
B,year + batch_num + cam_num + sample_num + label_filename,2025,<NO_BATCH>,4,387,1,0,1,2025_PIETRA_Cam_T_4_387.jpg,,top_only,PIETRA
B,year + batch_num + cam_num + sample_num + label_filename,2025,<NO_BATCH>,4,388,1,0,1,2025_PIETRA_Cam_T_4_388.jpg,,top_only,PIETRA
B,year + batch_num + cam_num + sample_num + label_filename,2025,<NO_BATCH>,4,389,1,0,1,2025_PIETRA_Cam_T_4_389.jpg,,top_only,PIETRA
B,year + batch_num + cam_num + sample_num + label_filename,2025,<NO_BATCH>,4,390,1,0,1,2025_PIETRA_Cam_T_4_390.jpg,,top_only,PIETRA
B,year + batch_num + cam_num + sample_num + label_filename,2025,<NO_BATCH>,4,391,1,0,1,2025_NON_Conforme_Cam_T_4_391.jpg,,top_only,NON Conforme
B,year + batch_num + cam_num + sample_num + label_filename,2025,<NO_BATCH>,4,391,1,0,1,2025_PIETRA_Cam_T_4_391.jpg,,top_only,PIETRA
B,year + batch_num + cam_num + sample_num + label_filename,2025,<NO_BATCH>,4,499,0,1,1,,2025_NON_Conforme_Cam_B_4_499.jpg,bottom_only,NON Conforme
B,year + batch_num + cam_num + sample_num + label_filename,2025,<NO_BATCH>,4,500,0,1,1,,2025_NON_Conforme_Cam_B_4_500.jpg,bottom_only,NON Conforme
B,year + batch_num + cam_num + sample_num + label_filename,2025,<NO_BATCH>,5,22,1,0,1,2025_NON_Conforme_Cam_T_5_22.jpg,,top_only,NON Conforme
B,year + batch_num + cam_num + sample_num + label_filename,2025,<NO_BATCH>,5,24,1,0,1,2025_NON_Conforme_Cam_T_5_24.jpg,,top_only,NON Conforme
B,year + batch_num + cam_num + sample_num + label_filename,2025,<NO_BATCH>,5,25,1,0,1,2025_NON_Conforme_Cam_T_5_25.jpg,,top_only,NON Conforme
B,year + batch_num + cam_num + sample_num + label_filename,2025,<NO_BATCH>,5,31,1,0,1,2025_NON_Conforme_Cam_T_5_31.jpg,,top_only,NON Conforme
B,year + batch_num + cam_num + sample_num + label_filename,2025,<NO_BATCH>,5,118,0,1,1,,2025_PIETRA_Cam_B_5_118.jpg,bottom_only,PIETRA
B,year + batch_num + cam_num + sample_num + label_filename,2025,<NO_BATCH>,5,229,0,1,1,,2025_PIETRA_Cam_B_5_229.jpg,bottom_only,PIETRA
B,year + batch_num + cam_num + sample_num + label_filename,2025,<NO_BATCH>,5,312,0,1,1,,2025_PIETRA_Cam_B_5_312.jpg,bottom_only,PIETRA
B,year + batch_num + cam_num + sample_num + label_filename,2025,<NO_BATCH>,5,313,0,1,1,,2025_PIETRA_Cam_B_5_313.jpg,bottom_only,PIETRA
B,year + batch_num + cam_num + sample_num + label_filename,2025,<NO_BATCH>,5,324,0,1,1,,2025_PIETRA_Cam_B_5_324.jpg,bottom_only,PIETRA
B,year + batch_num + cam_num + sample_num + label_filename,2025,<NO_BATCH>,5,325,0,1,1,,2025_PIETRA_Cam_B_5_325.jpg,bottom_only,PIETRA
B,year + batch_num + cam_num + sample_num + label_filename,2025,<NO_BATCH>,5,326,0,1,1,,2025_PIETRA_Cam_B_5_326.jpg,bottom_only,PIETRA
B,year + batch_num + cam_num + sample_num + label_filename,2025,<NO_BATCH>,5,327,0,1,1,,2025_PIETRA_Cam_B_5_327.jpg,bottom_only,PIETRA
B,year + batch_num + cam_num + sample_num + label_filename,2025,<NO_BATCH>,5,328,0,1,1,,2025_PIETRA_Cam_B_5_328.jpg,bottom_only,PIETRA
B,year + batch_num + cam_num + sample_num + label_filename,2025,<NO_BATCH>,5,329,0,1,1,,2025_PIETRA_Cam_B_5_329.jpg,bottom_only,PIETRA
B,year + batch_num + cam_num + sample_num + label_filename,2025,<NO_BATCH>,5,330,0,1,1,,2025_PIETRA_Cam_B_5_330.jpg,bottom_only,PIETRA
B,year + batch_num + cam_num + sample_num + label_filename,2025,<NO_BATCH>,5,331,0,1,1,,2025_PIETRA_Cam_B_5_331.jpg,bottom_only,PIETRA
B,year + batch_num + cam_num + sample_num + label_filename,2025,<NO_BATCH>,5,332,0,1,1,,2025_PIETRA_Cam_B_5_332.jpg,bottom_only,PIETRA
B,year + batch_num + cam_num + sample_num + label_filename,2025,<NO_BATCH>,5,333,0,1,1,,2025_PIETRA_Cam_B_5_333.jpg,bottom_only,PIETRA
B,year + batch_num + cam_num + sample_num + label_filename,2025,<NO_BATCH>,5,334,0,1,1,,2025_PIETRA_Cam_B_5_334.jpg,bottom_only,PIETRA
B,year + batch_num + cam_num + sample_num + label_filename,2025,<NO_BATCH>,5,335,0,1,1,,2025_PIETRA_Cam_B_5_335.jpg,bottom_only,PIETRA
B,year + batch_num + cam_num + sample_num + label_filename,2025,<NO_BATCH>,5,336,0,1,1,,2025_PIETRA_Cam_B_5_336.jpg,bottom_only,PIETRA
B,year + batch_num + cam_num + sample_num + label_filename,2025,<NO_BATCH>,5,337,0,1,1,,2025_PIETRA_Cam_B_5_337.jpg,bottom_only,PIETRA
B,year + batch_num + cam_num + sample_num + label_filename,2025,<NO_BATCH>,5,338,0,1,1,,2025_PIETRA_Cam_B_5_338.jpg,bottom_only,PIETRA
B,year + batch_num + cam_num + sample_num + label_filename,2025,<NO_BATCH>,5,339,0,1,1,,2025_PIETRA_Cam_B_5_339.jpg,bottom_only,PIETRA
B,year + batch_num + cam_num + sample_num + label_filename,2025,<NO_BATCH>,5,340,0,1,1,,2025_PIETRA_Cam_B_5_340.jpg,bottom_only,PIETRA
B,year + batch_num + cam_num + sample_num + label_filename,2025,<NO_BATCH>,5,341,0,1,1,,2025_PIETRA_Cam_B_5_341.jpg,bottom_only,PIETRA
B,year + batch_num + cam_num + sample_num + label_filename,2025,<NO_BATCH>,5,342,0,1,1,,2025_PIETRA_Cam_B_5_342.jpg,bottom_only,PIETRA
B,year + batch_num + cam_num + sample_num + label_filename,2025,<NO_BATCH>,5,343,0,1,1,,2025_PIETRA_Cam_B_5_343.jpg,bottom_only,PIETRA
B,year + batch_num + cam_num + sample_num + label_filename,2025,<NO_BATCH>,5,344,0,1,1,,2025_PIETRA_Cam_B_5_344.jpg,bottom_only,PIETRA
B,year + batch_num + cam_num + sample_num + label_filename,2025,<NO_BATCH>,5,345,0,1,1,,2025_PIETRA_Cam_B_5_345.jpg,bottom_only,PIETRA
B,year + batch_num + cam_num + sample_num + label_filename,2025,<NO_BATCH>,5,346,0,1,1,,2025_PIETRA_Cam_B_5_346.jpg,bottom_only,PIETRA
B,year + batch_num + cam_num + sample_num + label_filename,2025,<NO_BATCH>,5,347,0,1,1,,2025_PIETRA_Cam_B_5_347.jpg,bottom_only,PIETRA
B,year + batch_num + cam_num + sample_num + label_filename,2025,<NO_BATCH>,5,348,0,1,1,,2025_PIETRA_Cam_B_5_348.jpg,bottom_only,PIETRA
B,year + batch_num + cam_num + sample_num + label_filename,2025,<NO_BATCH>,5,349,0,1,1,,2025_PIETRA_Cam_B_5_349.jpg,bottom_only,PIETRA
B,year + batch_num + cam_num + sample_num + label_filename,2025,<NO_BATCH>,5,350,0,1,1,,2025_PIETRA_Cam_B_5_350.jpg,bottom_only,PIETRA
B,year + batch_num + cam_num + sample_num + label_filename,2025,<NO_BATCH>,5,351,0,1,1,,2025_PIETRA_Cam_B_5_351.jpg,bottom_only,PIETRA
B,year + batch_num + cam_num + sample_num + label_filename,2025,<NO_BATCH>,5,352,0,1,1,,2025_PIETRA_Cam_B_5_352.jpg,bottom_only,PIETRA
B,year + batch_num + cam_num + sample_num + label_filename,2025,<NO_BATCH>,5,353,0,1,1,,2025_PIETRA_Cam_B_5_353.jpg,bottom_only,PIETRA
B,year + batch_num + cam_num + sample_num + label_filename,2025,<NO_BATCH>,5,354,0,1,1,,2025_PIETRA_Cam_B_5_354.jpg,bottom_only,PIETRA
B,year + batch_num + cam_num + sample_num + label_filename,2025,<NO_BATCH>,5,355,0,1,1,,2025_PIETRA_Cam_B_5_355.jpg,bottom_only,PIETRA
B,year + batch_num + cam_num + sample_num + label_filename,2025,<NO_BATCH>,5,356,0,1,1,,2025_PIETRA_Cam_B_5_356.jpg,bottom_only,PIETRA
B,year + batch_num + cam_num + sample_num + label_filename,2025,<NO_BATCH>,5,357,0,1,1,,2025_PIETRA_Cam_B_5_357.jpg,bottom_only,PIETRA
B,year + batch_num + cam_num + sample_num + label_filename,2025,<NO_BATCH>,5,358,0,1,1,,2025_PIETRA_Cam_B_5_358.jpg,bottom_only,PIETRA
B,year + batch_num + cam_num + sample_num + label_filename,2025,<NO_BATCH>,5,359,0,1,1,,2025_PIETRA_Cam_B_5_359.jpg,bottom_only,PIETRA
B,year + batch_num + cam_num + sample_num + label_filename,2025,<NO_BATCH>,5,360,0,1,1,,2025_PIETRA_Cam_B_5_360.jpg,bottom_only,PIETRA
B,year + batch_num + cam_num + sample_num + label_filename,2025,<NO_BATCH>,5,361,0,1,1,,2025_PIETRA_Cam_B_5_361.jpg,bottom_only,PIETRA
B,year + batch_num + cam_num + sample_num + label_filename,2025,<NO_BATCH>,5,362,0,1,1,,2025_PIETRA_Cam_B_5_362.jpg,bottom_only,PIETRA
B,year + batch_num + cam_num + sample_num + label_filename,2025,<NO_BATCH>,5,363,0,1,1,,2025_PIETRA_Cam_B_5_363.jpg,bottom_only,PIETRA
B,year + batch_num + cam_num + sample_num + label_filename,2025,<NO_BATCH>,5,364,0,1,1,,2025_PIETRA_Cam_B_5_364.jpg,bottom_only,PIETRA
B,year + batch_num + cam_num + sample_num + label_filename,2025,<NO_BATCH>,5,365,0,1,1,,2025_PIETRA_Cam_B_5_365.jpg,bottom_only,PIETRA
B,year + batch_num + cam_num + sample_num + label_filename,2025,<NO_BATCH>,5,366,0,1,1,,2025_PIETRA_Cam_B_5_366.jpg,bottom_only,PIETRA
B,year + batch_num + cam_num + sample_num + label_filename,2025,<NO_BATCH>,5,367,0,1,1,,2025_PIETRA_Cam_B_5_367.jpg,bottom_only,PIETRA
B,year + batch_num + cam_num + sample_num + label_filename,2025,<NO_BATCH>,5,368,0,1,1,,2025_PIETRA_Cam_B_5_368.jpg,bottom_only,PIETRA
B,year + batch_num + cam_num + sample_num + label_filename,2025,<NO_BATCH>,5,369,0,1,1,,2025_PIETRA_Cam_B_5_369.jpg,bottom_only,PIETRA
B,year + batch_num + cam_num + sample_num + label_filename,2025,<NO_BATCH>,5,370,0,1,1,,2025_PIETRA_Cam_B_5_370.jpg,bottom_only,PIETRA
B,year + batch_num + cam_num + sample_num + label_filename,2025,<NO_BATCH>,5,371,0,1,1,,2025_PIETRA_Cam_B_5_371.jpg,bottom_only,PIETRA
B,year + batch_num + cam_num + sample_num + label_filename,2025,<NO_BATCH>,5,372,0,1,1,,2025_PIETRA_Cam_B_5_372.jpg,bottom_only,PIETRA
B,year + batch_num + cam_num + sample_num + label_filename,2025,<NO_BATCH>,5,373,0,1,1,,2025_PIETRA_Cam_B_5_373.jpg,bottom_only,PIETRA
B,year + batch_num + cam_num + sample_num + label_filename,2025,<NO_BATCH>,5,374,0,1,1,,2025_PIETRA_Cam_B_5_374.jpg,bottom_only,PIETRA
B,year + batch_num + cam_num + sample_num + label_filename,2025,<NO_BATCH>,5,375,0,1,1,,2025_PIETRA_Cam_B_5_375.jpg,bottom_only,PIETRA
B,year + batch_num + cam_num + sample_num + label_filename,2025,<NO_BATCH>,5,376,0,1,1,,2025_PIETRA_Cam_B_5_376.jpg,bottom_only,PIETRA
B,year + batch_num + cam_num + sample_num + label_filename,2025,<NO_BATCH>,5,377,0,1,1,,2025_PIETRA_Cam_B_5_377.jpg,bottom_only,PIETRA
B,year + batch_num + cam_num + sample_num + label_filename,2025,<NO_BATCH>,5,378,0,1,1,,2025_PIETRA_Cam_B_5_378.jpg,bottom_only,PIETRA
B,year + batch_num + cam_num + sample_num + label_filename,2025,<NO_BATCH>,5,379,0,1,1,,2025_PIETRA_Cam_B_5_379.jpg,bottom_only,PIETRA
B,year + batch_num + cam_num + sample_num + label_filename,2025,<NO_BATCH>,5,380,0,1,1,,2025_PIETRA_Cam_B_5_380.jpg,bottom_only,PIETRA
B,year + batch_num + cam_num + sample_num + label_filename,2025,<NO_BATCH>,5,381,0,1,1,,2025_PIETRA_Cam_B_5_381.jpg,bottom_only,PIETRA
B,year + batch_num + cam_num + sample_num + label_filename,2025,<NO_BATCH>,5,382,0,1,1,,2025_PIETRA_Cam_B_5_382.jpg,bottom_only,PIETRA
B,year + batch_num + cam_num + sample_num + label_filename,2025,<NO_BATCH>,5,383,0,1,1,,2025_PIETRA_Cam_B_5_383.jpg,bottom_only,PIETRA
B,year + batch_num + cam_num + sample_num + label_filename,2025,<NO_BATCH>,5,384,0,1,1,,2025_PIETRA_Cam_B_5_384.jpg,bottom_only,PIETRA
B,year + batch_num + cam_num + sample_num + label_filename,2025,<NO_BATCH>,5,500,0,1,1,,2025_NON_Conforme_Cam_B_5_500.jpg,bottom_only,NON Conforme
B,year + batch_num + cam_num + sample_num + label_filename,2025,<NO_BATCH>,5,501,0,1,1,,2025_NON_Conforme_Cam_B_5_501.jpg,bottom_only,NON Conforme
B,year + batch_num + cam_num + sample_num + label_filename,2025,<NO_BATCH>,5,502,0,1,1,,2025_NON_Conforme_Cam_B_5_502.jpg,bottom_only,NON Conforme
B,year + batch_num + cam_num + sample_num + label_filename,2025,<NO_BATCH>,5,503,0,1,1,,2025_NON_Conforme_Cam_B_5_503.jpg,bottom_only,NON Conforme
B,year + batch_num + cam_num + sample_num + label_filename,2025,<NO_BATCH>,5,504,0,1,1,,2025_NON_Conforme_Cam_B_5_504.jpg,bottom_only,NON Conforme
B,year + batch_num + cam_num + sample_num + label_filename,2025,<NO_BATCH>,5,505,0,1,1,,2025_NON_Conforme_Cam_B_5_505.jpg,bottom_only,NON Conforme
B,year + batch_num + cam_num + sample_num + label_filename,2025,<NO_BATCH>,6,0,1,0,1,2025_NON_Conforme_Cam_T_6_0.jpg,,top_only,NON Conforme
B,year + batch_num + cam_num + sample_num + label_filename,2025,<NO_BATCH>,6,3,1,0,1,2025_NON_Conforme_Cam_T_6_3.jpg,,top_only,NON Conforme
B,year + batch_num + cam_num + sample_num + label_filename,2025,<NO_BATCH>,6,13,0,1,1,,2025_NON_Conforme_Cam_B_6_13.jpg,bottom_only,NON Conforme
B,year + batch_num + cam_num + sample_num + label_filename,2025,<NO_BATCH>,6,15,1,0,1,2025_NON_Conforme_Cam_T_6_15.jpg,,top_only,NON Conforme
B,year + batch_num + cam_num + sample_num + label_filename,2025,<NO_BATCH>,6,16,1,0,1,2025_NON_Conforme_Cam_T_6_16.jpg,,top_only,NON Conforme
B,year + batch_num + cam_num + sample_num + label_filename,2025,<NO_BATCH>,6,16,0,1,1,,2025_PIETRA_Cam_B_6_16.jpg,bottom_only,PIETRA
B,year + batch_num + cam_num + sample_num + label_filename,2025,<NO_BATCH>,6,17,1,0,1,2025_NON_Conforme_Cam_T_6_17.jpg,,top_only,NON Conforme
B,year + batch_num + cam_num + sample_num + label_filename,2025,<NO_BATCH>,6,20,0,1,1,,2025_NON_Conforme_Cam_B_6_20.jpg,bottom_only,NON Conforme
B,year + batch_num + cam_num + sample_num + label_filename,2025,<NO_BATCH>,6,21,0,1,1,,2025_NON_Conforme_Cam_B_6_21.jpg,bottom_only,NON Conforme
B,year + batch_num + cam_num + sample_num + label_filename,2025,<NO_BATCH>,6,21,0,1,1,,2025_PIETRA_Cam_B_6_21.jpg,bottom_only,PIETRA
B,year + batch_num + cam_num + sample_num + label_filename,2025,<NO_BATCH>,6,23,1,0,1,2025_NON_Conforme_Cam_T_6_23.jpg,,top_only,NON Conforme
B,year + batch_num + cam_num + sample_num + label_filename,2025,<NO_BATCH>,6,24,0,1,1,,2025_NON_Conforme_Cam_B_6_24.jpg,bottom_only,NON Conforme
B,year + batch_num + cam_num + sample_num + label_filename,2025,<NO_BATCH>,6,27,1,0,1,2025_NON_Conforme_Cam_T_6_27.jpg,,top_only,NON Conforme
B,year + batch_num + cam_num + sample_num + label_filename,2025,<NO_BATCH>,6,29,1,0,1,2025_NON_Conforme_Cam_T_6_29.jpg,,top_only,NON Conforme
B,year + batch_num + cam_num + sample_num + label_filename,2025,<NO_BATCH>,6,34,1,0,1,2025_NON_Conforme_Cam_T_6_34.jpg,,top_only,NON Conforme
B,year + batch_num + cam_num + sample_num + label_filename,2025,<NO_BATCH>,6,36,1,0,1,2025_NON_Conforme_Cam_T_6_36.jpg,,top_only,NON Conforme
B,year + batch_num + cam_num + sample_num + label_filename,2025,<NO_BATCH>,6,38,1,0,1,2025_NON_Conforme_Cam_T_6_38.jpg,,top_only,NON Conforme
B,year + batch_num + cam_num + sample_num + label_filename,2025,<NO_BATCH>,6,43,0,1,1,,2025_PIETRA_Cam_B_6_43.jpg,bottom_only,PIETRA
B,year + batch_num + cam_num + sample_num + label_filename,2025,<NO_BATCH>,6,47,1,0,1,2025_NON_Conforme_Cam_T_6_47.jpg,,top_only,NON Conforme
B,year + batch_num + cam_num + sample_num + label_filename,2025,<NO_BATCH>,6,49,1,0,1,2025_NON_Conforme_Cam_T_6_49.jpg,,top_only,NON Conforme
B,year + batch_num + cam_num + sample_num + label_filename,2025,<NO_BATCH>,6,50,1,0,1,2025_NON_Conforme_Cam_T_6_50.jpg,,top_only,NON Conforme
B,year + batch_num + cam_num + sample_num + label_filename,2025,<NO_BATCH>,6,52,0,1,1,,2025_NON_Conforme_Cam_B_6_52.jpg,bottom_only,NON Conforme
B,year + batch_num + cam_num + sample_num + label_filename,2025,<NO_BATCH>,6,54,1,0,1,2025_NON_Conforme_Cam_T_6_54.jpg,,top_only,NON Conforme
B,year + batch_num + cam_num + sample_num + label_filename,2025,<NO_BATCH>,6,63,0,1,1,,2025_NON_Conforme_Cam_B_6_63.jpg,bottom_only,NON Conforme
B,year + batch_num + cam_num + sample_num + label_filename,2025,<NO_BATCH>,6,68,1,0,1,2025_NON_Conforme_Cam_T_6_68.jpg,,top_only,NON Conforme
B,year + batch_num + cam_num + sample_num + label_filename,2025,<NO_BATCH>,6,70,1,0,1,2025_NON_Conforme_Cam_T_6_70.jpg,,top_only,NON Conforme
B,year + batch_num + cam_num + sample_num + label_filename,2025,<NO_BATCH>,6,71,1,0,1,2025_NON_Conforme_Cam_T_6_71.jpg,,top_only,NON Conforme
B,year + batch_num + cam_num + sample_num + label_filename,2025,<NO_BATCH>,6,72,1,0,1,2025_NON_Conforme_Cam_T_6_72.jpg,,top_only,NON Conforme
B,year + batch_num + cam_num + sample_num + label_filename,2025,<NO_BATCH>,6,80,1,0,1,2025_NON_Conforme_Cam_T_6_80.jpg,,top_only,NON Conforme
B,year + batch_num + cam_num + sample_num + label_filename,2025,<NO_BATCH>,6,87,1,0,1,2025_NON_Conforme_Cam_T_6_87.jpg,,top_only,NON Conforme
B,year + batch_num + cam_num + sample_num + label_filename,2025,<NO_BATCH>,6,89,0,1,1,,2025_PIETRA_Cam_B_6_89.jpg,bottom_only,PIETRA
B,year + batch_num + cam_num + sample_num + label_filename,2025,<NO_BATCH>,6,92,1,0,1,2025_NON_Conforme_Cam_T_6_92.jpg,,top_only,NON Conforme
B,year + batch_num + cam_num + sample_num + label_filename,2025,<NO_BATCH>,6,99,1,0,1,2025_NON_Conforme_Cam_T_6_99.jpg,,top_only,NON Conforme
B,year + batch_num + cam_num + sample_num + label_filename,2025,<NO_BATCH>,6,102,0,1,1,,2025_NON_Conforme_Cam_B_6_102.jpg,bottom_only,NON Conforme
B,year + batch_num + cam_num + sample_num + label_filename,2025,<NO_BATCH>,6,105,0,1,1,,2025_NON_Conforme_Cam_B_6_105.jpg,bottom_only,NON Conforme
B,year + batch_num + cam_num + sample_num + label_filename,2025,<NO_BATCH>,6,119,1,0,1,2025_NON_Conforme_Cam_T_6_119.jpg,,top_only,NON Conforme
B,year + batch_num + cam_num + sample_num + label_filename,2025,<NO_BATCH>,6,121,0,1,1,,2025_NON_Conforme_Cam_B_6_121.jpg,bottom_only,NON Conforme
B,year + batch_num + cam_num + sample_num + label_filename,2025,<NO_BATCH>,6,138,1,0,1,2025_NON_Conforme_Cam_T_6_138.jpg,,top_only,NON Conforme
B,year + batch_num + cam_num + sample_num + label_filename,2025,<NO_BATCH>,6,143,0,1,1,,2025_NON_Conforme_Cam_B_6_143.jpg,bottom_only,NON Conforme
B,year + batch_num + cam_num + sample_num + label_filename,2025,<NO_BATCH>,6,149,1,0,1,2025_NON_Conforme_Cam_T_6_149.jpg,,top_only,NON Conforme
B,year + batch_num + cam_num + sample_num + label_filename,2025,<NO_BATCH>,6,149,1,0,1,2025_PIETRA_Cam_T_6_149.jpg,,top_only,PIETRA
B,year + batch_num + cam_num + sample_num + label_filename,2025,<NO_BATCH>,6,155,0,1,1,,2025_NON_Conforme_Cam_B_6_155.jpg,bottom_only,NON Conforme
B,year + batch_num + cam_num + sample_num + label_filename,2025,<NO_BATCH>,6,159,1,0,1,2025_NON_Conforme_Cam_T_6_159.jpg,,top_only,NON Conforme
B,year + batch_num + cam_num + sample_num + label_filename,2025,<NO_BATCH>,6,160,1,0,1,2025_NON_Conforme_Cam_T_6_160.jpg,,top_only,NON Conforme
B,year + batch_num + cam_num + sample_num + label_filename,2025,<NO_BATCH>,6,161,1,0,1,2025_PIETRA_Cam_T_6_161.jpg,,top_only,PIETRA
B,year + batch_num + cam_num + sample_num + label_filename,2025,<NO_BATCH>,6,162,1,0,1,2025_PIETRA_Cam_T_6_162.jpg,,top_only,PIETRA
B,year + batch_num + cam_num + sample_num + label_filename,2025,<NO_BATCH>,6,163,1,0,1,2025_NON_Conforme_Cam_T_6_163.jpg,,top_only,NON Conforme
B,year + batch_num + cam_num + sample_num + label_filename,2025,<NO_BATCH>,6,169,1,0,1,2025_NON_Conforme_Cam_T_6_169.jpg,,top_only,NON Conforme
B,year + batch_num + cam_num + sample_num + label_filename,2025,<NO_BATCH>,6,178,0,1,1,,2025_PIETRA_Cam_B_6_178.jpg,bottom_only,PIETRA
B,year + batch_num + cam_num + sample_num + label_filename,2025,<NO_BATCH>,6,181,1,0,1,2025_NON_Conforme_Cam_T_6_181.jpg,,top_only,NON Conforme
B,year + batch_num + cam_num + sample_num + label_filename,2025,<NO_BATCH>,6,182,1,0,1,2025_NON_Conforme_Cam_T_6_182.jpg,,top_only,NON Conforme
B,year + batch_num + cam_num + sample_num + label_filename,2025,<NO_BATCH>,6,183,0,1,1,,2025_PIETRA_Cam_B_6_183.jpg,bottom_only,PIETRA
B,year + batch_num + cam_num + sample_num + label_filename,2025,<NO_BATCH>,6,200,1,0,1,2025_NON_Conforme_Cam_T_6_200.jpg,,top_only,NON Conforme
B,year + batch_num + cam_num + sample_num + label_filename,2025,<NO_BATCH>,6,200,1,0,1,2025_PIETRA_Cam_T_6_200.jpg,,top_only,PIETRA
B,year + batch_num + cam_num + sample_num + label_filename,2025,<NO_BATCH>,6,201,1,0,1,2025_NON_Conforme_Cam_T_6_201.jpg,,top_only,NON Conforme
B,year + batch_num + cam_num + sample_num + label_filename,2025,<NO_BATCH>,6,202,0,1,1,,2025_PIETRA_Cam_B_6_202.jpg,bottom_only,PIETRA
B,year + batch_num + cam_num + sample_num + label_filename,2025,<NO_BATCH>,6,203,1,0,1,2025_PIETRA_Cam_T_6_203.jpg,,top_only,PIETRA
B,year + batch_num + cam_num + sample_num + label_filename,2025,<NO_BATCH>,6,205,1,0,1,2025_NON_Conforme_Cam_T_6_205.jpg,,top_only,NON Conforme
B,year + batch_num + cam_num + sample_num + label_filename,2025,<NO_BATCH>,6,209,0,1,1,,2025_NON_Conforme_Cam_B_6_209.jpg,bottom_only,NON Conforme
B,year + batch_num + cam_num + sample_num + label_filename,2025,<NO_BATCH>,6,212,1,0,1,2025_NON_Conforme_Cam_T_6_212.jpg,,top_only,NON Conforme
B,year + batch_num + cam_num + sample_num + label_filename,2025,<NO_BATCH>,6,213,1,0,1,2025_NON_Conforme_Cam_T_6_213.jpg,,top_only,NON Conforme
B,year + batch_num + cam_num + sample_num + label_filename,2025,<NO_BATCH>,6,213,0,1,1,,2025_PIETRA_Cam_B_6_213.jpg,bottom_only,PIETRA
B,year + batch_num + cam_num + sample_num + label_filename,2025,<NO_BATCH>,6,215,1,0,1,2025_NON_Conforme_Cam_T_6_215.jpg,,top_only,NON Conforme
B,year + batch_num + cam_num + sample_num + label_filename,2025,<NO_BATCH>,6,215,1,0,1,2025_PIETRA_Cam_T_6_215.jpg,,top_only,PIETRA
B,year + batch_num + cam_num + sample_num + label_filename,2025,<NO_BATCH>,6,221,1,0,1,2025_PIETRA_Cam_T_6_221.jpg,,top_only,PIETRA
B,year + batch_num + cam_num + sample_num + label_filename,2025,<NO_BATCH>,6,225,1,0,1,2025_NON_Conforme_Cam_T_6_225.jpg,,top_only,NON Conforme
B,year + batch_num + cam_num + sample_num + label_filename,2025,<NO_BATCH>,6,232,0,1,1,,2025_NON_Conforme_Cam_B_6_232.jpg,bottom_only,NON Conforme
B,year + batch_num + cam_num + sample_num + label_filename,2025,<NO_BATCH>,6,232,0,1,1,,2025_PIETRA_Cam_B_6_232.jpg,bottom_only,PIETRA
B,year + batch_num + cam_num + sample_num + label_filename,2025,<NO_BATCH>,6,233,0,1,1,,2025_PIETRA_Cam_B_6_233.jpg,bottom_only,PIETRA
B,year + batch_num + cam_num + sample_num + label_filename,2025,<NO_BATCH>,6,235,0,1,1,,2025_NON_Conforme_Cam_B_6_235.jpg,bottom_only,NON Conforme
B,year + batch_num + cam_num + sample_num + label_filename,2025,<NO_BATCH>,6,241,0,1,1,,2025_NON_Conforme_Cam_B_6_241.jpg,bottom_only,NON Conforme
B,year + batch_num + cam_num + sample_num + label_filename,2025,<NO_BATCH>,6,247,1,0,1,2025_NON_Conforme_Cam_T_6_247.jpg,,top_only,NON Conforme
B,year + batch_num + cam_num + sample_num + label_filename,2025,<NO_BATCH>,6,251,1,0,1,2025_PIETRA_Cam_T_6_251.jpg,,top_only,PIETRA
B,year + batch_num + cam_num + sample_num + label_filename,2025,<NO_BATCH>,6,255,0,1,1,,2025_NON_Conforme_Cam_B_6_255.jpg,bottom_only,NON Conforme
B,year + batch_num + cam_num + sample_num + label_filename,2025,<NO_BATCH>,6,260,1,0,1,2025_PIETRA_Cam_T_6_260.jpg,,top_only,PIETRA
B,year + batch_num + cam_num + sample_num + label_filename,2025,<NO_BATCH>,6,262,1,0,1,2025_PIETRA_Cam_T_6_262.jpg,,top_only,PIETRA
B,year + batch_num + cam_num + sample_num + label_filename,2025,<NO_BATCH>,6,263,1,0,1,2025_NON_Conforme_Cam_T_6_263.jpg,,top_only,NON Conforme
B,year + batch_num + cam_num + sample_num + label_filename,2025,<NO_BATCH>,6,271,1,0,1,2025_PIETRA_Cam_T_6_271.jpg,,top_only,PIETRA
B,year + batch_num + cam_num + sample_num + label_filename,2025,<NO_BATCH>,6,279,0,1,1,,2025_NON_Conforme_Cam_B_6_279.jpg,bottom_only,NON Conforme
B,year + batch_num + cam_num + sample_num + label_filename,2025,<NO_BATCH>,6,288,1,0,1,2025_PIETRA_Cam_T_6_288.jpg,,top_only,PIETRA
B,year + batch_num + cam_num + sample_num + label_filename,2025,<NO_BATCH>,6,293,1,0,1,2025_NON_Conforme_Cam_T_6_293.jpg,,top_only,NON Conforme
B,year + batch_num + cam_num + sample_num + label_filename,2025,<NO_BATCH>,6,296,1,0,1,2025_PIETRA_Cam_T_6_296.jpg,,top_only,PIETRA
B,year + batch_num + cam_num + sample_num + label_filename,2025,<NO_BATCH>,6,302,1,0,1,2025_PIETRA_Cam_T_6_302.jpg,,top_only,PIETRA
B,year + batch_num + cam_num + sample_num + label_filename,2025,<NO_BATCH>,6,303,0,1,1,,2025_PIETRA_Cam_B_6_303.jpg,bottom_only,PIETRA
B,year + batch_num + cam_num + sample_num + label_filename,2025,<NO_BATCH>,6,305,0,1,1,,2025_NON_Conforme_Cam_B_6_305.jpg,bottom_only,NON Conforme
B,year + batch_num + cam_num + sample_num + label_filename,2025,<NO_BATCH>,6,306,1,0,1,2025_PIETRA_Cam_T_6_306.jpg,,top_only,PIETRA
B,year + batch_num + cam_num + sample_num + label_filename,2025,<NO_BATCH>,6,307,0,1,1,,2025_PIETRA_Cam_B_6_307.jpg,bottom_only,PIETRA
B,year + batch_num + cam_num + sample_num + label_filename,2025,<NO_BATCH>,6,310,0,1,1,,2025_PIETRA_Cam_B_6_310.jpg,bottom_only,PIETRA
B,year + batch_num + cam_num + sample_num + label_filename,2025,<NO_BATCH>,6,311,0,1,1,,2025_NON_Conforme_Cam_B_6_311.jpg,bottom_only,NON Conforme
B,year + batch_num + cam_num + sample_num + label_filename,2025,<NO_BATCH>,6,315,0,1,1,,2025_PIETRA_Cam_B_6_315.jpg,bottom_only,PIETRA
B,year + batch_num + cam_num + sample_num + label_filename,2025,<NO_BATCH>,6,317,1,0,1,2025_NON_Conforme_Cam_T_6_317.jpg,,top_only,NON Conforme
B,year + batch_num + cam_num + sample_num + label_filename,2025,<NO_BATCH>,6,318,1,0,1,2025_NON_Conforme_Cam_T_6_318.jpg,,top_only,NON Conforme
B,year + batch_num + cam_num + sample_num + label_filename,2025,<NO_BATCH>,6,319,1,0,1,2025_NON_Conforme_Cam_T_6_319.jpg,,top_only,NON Conforme
B,year + batch_num + cam_num + sample_num + label_filename,2025,<NO_BATCH>,6,321,1,0,1,2025_NON_Conforme_Cam_T_6_321.jpg,,top_only,NON Conforme
B,year + batch_num + cam_num + sample_num + label_filename,2025,<NO_BATCH>,6,324,1,0,1,2025_NON_Conforme_Cam_T_6_324.jpg,,top_only,NON Conforme
B,year + batch_num + cam_num + sample_num + label_filename,2025,<NO_BATCH>,6,325,1,0,1,2025_PIETRA_Cam_T_6_325.jpg,,top_only,PIETRA
B,year + batch_num + cam_num + sample_num + label_filename,2025,<NO_BATCH>,6,326,1,0,1,2025_NON_Conforme_Cam_T_6_326.jpg,,top_only,NON Conforme
B,year + batch_num + cam_num + sample_num + label_filename,2025,<NO_BATCH>,6,327,1,0,1,2025_NON_Conforme_Cam_T_6_327.jpg,,top_only,NON Conforme
B,year + batch_num + cam_num + sample_num + label_filename,2025,<NO_BATCH>,6,328,1,0,1,2025_PIETRA_Cam_T_6_328.jpg,,top_only,PIETRA
B,year + batch_num + cam_num + sample_num + label_filename,2025,<NO_BATCH>,6,329,1,0,1,2025_PIETRA_Cam_T_6_329.jpg,,top_only,PIETRA
B,year + batch_num + cam_num + sample_num + label_filename,2025,<NO_BATCH>,6,330,1,0,1,2025_PIETRA_Cam_T_6_330.jpg,,top_only,PIETRA
B,year + batch_num + cam_num + sample_num + label_filename,2025,<NO_BATCH>,6,331,0,1,1,,2025_NON_Conforme_Cam_B_6_331.jpg,bottom_only,NON Conforme
B,year + batch_num + cam_num + sample_num + label_filename,2025,<NO_BATCH>,6,331,1,0,1,2025_PIETRA_Cam_T_6_331.jpg,,top_only,PIETRA
B,year + batch_num + cam_num + sample_num + label_filename,2025,<NO_BATCH>,6,332,1,0,1,2025_PIETRA_Cam_T_6_332.jpg,,top_only,PIETRA
B,year + batch_num + cam_num + sample_num + label_filename,2025,<NO_BATCH>,6,333,1,0,1,2025_PIETRA_Cam_T_6_333.jpg,,top_only,PIETRA
B,year + batch_num + cam_num + sample_num + label_filename,2025,<NO_BATCH>,6,337,1,0,1,2025_PIETRA_Cam_T_6_337.jpg,,top_only,PIETRA
B,year + batch_num + cam_num + sample_num + label_filename,2025,<NO_BATCH>,6,340,0,1,1,,2025_PIETRA_Cam_B_6_340.jpg,bottom_only,PIETRA
B,year + batch_num + cam_num + sample_num + label_filename,2025,<NO_BATCH>,6,347,1,0,1,2025_NON_Conforme_Cam_T_6_347.jpg,,top_only,NON Conforme
B,year + batch_num + cam_num + sample_num + label_filename,2025,<NO_BATCH>,6,352,1,0,1,2025_NON_Conforme_Cam_T_6_352.jpg,,top_only,NON Conforme
B,year + batch_num + cam_num + sample_num + label_filename,2025,<NO_BATCH>,6,353,1,0,1,2025_NON_Conforme_Cam_T_6_353.jpg,,top_only,NON Conforme
B,year + batch_num + cam_num + sample_num + label_filename,2025,<NO_BATCH>,6,355,0,1,1,,2025_PIETRA_Cam_B_6_355.jpg,bottom_only,PIETRA
B,year + batch_num + cam_num + sample_num + label_filename,2025,<NO_BATCH>,6,356,0,1,1,,2025_PIETRA_Cam_B_6_356.jpg,bottom_only,PIETRA
B,year + batch_num + cam_num + sample_num + label_filename,2025,<NO_BATCH>,6,363,0,1,1,,2025_NON_Conforme_Cam_B_6_363.jpg,bottom_only,NON Conforme
B,year + batch_num + cam_num + sample_num + label_filename,2025,<NO_BATCH>,6,367,0,1,1,,2025_NON_Conforme_Cam_B_6_367.jpg,bottom_only,NON Conforme
B,year + batch_num + cam_num + sample_num + label_filename,2025,<NO_BATCH>,6,369,1,0,1,2025_PIETRA_Cam_T_6_369.jpg,,top_only,PIETRA
B,year + batch_num + cam_num + sample_num + label_filename,2025,<NO_BATCH>,6,376,1,0,1,2025_PIETRA_Cam_T_6_376.jpg,,top_only,PIETRA
B,year + batch_num + cam_num + sample_num + label_filename,2025,<NO_BATCH>,6,382,0,1,1,,2025_NON_Conforme_Cam_B_6_382.jpg,bottom_only,NON Conforme
B,year + batch_num + cam_num + sample_num + label_filename,2025,<NO_BATCH>,6,382,1,0,1,2025_PIETRA_Cam_T_6_382.jpg,,top_only,PIETRA
B,year + batch_num + cam_num + sample_num + label_filename,2025,<NO_BATCH>,6,385,1,0,1,2025_PIETRA_Cam_T_6_385.jpg,,top_only,PIETRA
B,year + batch_num + cam_num + sample_num + label_filename,2025,<NO_BATCH>,6,386,1,0,1,2025_PIETRA_Cam_T_6_386.jpg,,top_only,PIETRA
B,year + batch_num + cam_num + sample_num + label_filename,2025,<NO_BATCH>,6,387,1,0,1,2025_PIETRA_Cam_T_6_387.jpg,,top_only,PIETRA
B,year + batch_num + cam_num + sample_num + label_filename,2025,<NO_BATCH>,6,431,0,1,1,,2025_NON_Conforme_Cam_B_6_431.jpg,bottom_only,NON Conforme
B,year + batch_num + cam_num + sample_num + label_filename,2025,<NO_BATCH>,6,445,0,1,1,,2025_NON_Conforme_Cam_B_6_445.jpg,bottom_only,NON Conforme
B,year + batch_num + cam_num + sample_num + label_filename,2025,<NO_BATCH>,6,484,1,0,1,2025_NON_Conforme_Cam_T_6_484.jpg,,top_only,NON Conforme
B,year + batch_num + cam_num + sample_num + label_filename,2025,<NO_BATCH>,6,485,1,0,1,2025_NON_Conforme_Cam_T_6_485.jpg,,top_only,NON Conforme
B,year + batch_num + cam_num + sample_num + label_filename,2025,<NO_BATCH>,6,486,1,0,1,2025_NON_Conforme_Cam_T_6_486.jpg,,top_only,NON Conforme
B,year + batch_num + cam_num + sample_num + label_filename,2025,<NO_BATCH>,6,487,1,0,1,2025_NON_Conforme_Cam_T_6_487.jpg,,top_only,NON Conforme
B,year + batch_num + cam_num + sample_num + label_filename,2025,<NO_BATCH>,6,488,1,0,1,2025_NON_Conforme_Cam_T_6_488.jpg,,top_only,NON Conforme
B,year + batch_num + cam_num + sample_num + label_filename,2025,<NO_BATCH>,6,489,1,0,1,2025_NON_Conforme_Cam_T_6_489.jpg,,top_only,NON Conforme
B,year + batch_num + cam_num + sample_num + label_filename,2025,<NO_BATCH>,6,490,1,0,1,2025_NON_Conforme_Cam_T_6_490.jpg,,top_only,NON Conforme
B,year + batch_num + cam_num + sample_num + label_filename,2025,<NO_BATCH>,6,491,1,0,1,2025_NON_Conforme_Cam_T_6_491.jpg,,top_only,NON Conforme
B,year + batch_num + cam_num + sample_num + label_filename,2025,<NO_BATCH>,6,492,1,0,1,2025_NON_Conforme_Cam_T_6_492.jpg,,top_only,NON Conforme
B,year + batch_num + cam_num + sample_num + label_filename,2025,<NO_BATCH>,6,493,1,0,1,2025_NON_Conforme_Cam_T_6_493.jpg,,top_only,NON Conforme
B,year + batch_num + cam_num + sample_num + label_filename,2025,<NO_BATCH>,6,494,1,0,1,2025_NON_Conforme_Cam_T_6_494.jpg,,top_only,NON Conforme
B,year + batch_num + cam_num + sample_num + label_filename,2025,<NO_BATCH>,6,495,1,0,1,2025_NON_Conforme_Cam_T_6_495.jpg,,top_only,NON Conforme
B,year + batch_num + cam_num + sample_num + label_filename,2025,<NO_BATCH>,6,496,1,0,1,2025_NON_Conforme_Cam_T_6_496.jpg,,top_only,NON Conforme
B,year + batch_num + cam_num + sample_num + label_filename,2025,<NO_BATCH>,6,497,1,0,1,2025_NON_Conforme_Cam_T_6_497.jpg,,top_only,NON Conforme
B,year + batch_num + cam_num + sample_num + label_filename,2025,<NO_BATCH>,6,498,1,0,1,2025_NON_Conforme_Cam_T_6_498.jpg,,top_only,NON Conforme
B,year + batch_num + cam_num + sample_num + label_filename,2026,<NO_BATCH>,1,0,0,1,1,,2026_PIETRA_Cam_B_1_0.jpg,bottom_only,PIETRA
B,year + batch_num + cam_num + sample_num + label_filename,2026,<NO_BATCH>,1,1,0,1,1,,2026_PIETRA_Cam_B_1_1.jpg,bottom_only,PIETRA
B,year + batch_num + cam_num + sample_num + label_filename,2026,<NO_BATCH>,1,2,1,0,1,2026_Conforme_Cam_T_1_2.jpg,,top_only,Conforme
B,year + batch_num + cam_num + sample_num + label_filename,2026,<NO_BATCH>,1,11,1,0,1,2026_Conforme_Cam_T_1_11.jpg,,top_only,Conforme
B,year + batch_num + cam_num + sample_num + label_filename,2026,<NO_BATCH>,1,11,1,0,1,2026_PIETRA_Cam_T_1_11.jpg,,top_only,PIETRA
B,year + batch_num + cam_num + sample_num + label_filename,2026,<NO_BATCH>,1,14,1,0,1,2026_PIETRA_Cam_T_1_14.jpg,,top_only,PIETRA
B,year + batch_num + cam_num + sample_num + label_filename,2026,<NO_BATCH>,1,16,1,0,1,2026_Conforme_Cam_T_1_16.jpg,,top_only,Conforme
B,year + batch_num + cam_num + sample_num + label_filename,2026,<NO_BATCH>,1,24,1,0,1,2026_PIETRA_Cam_T_1_24.jpg,,top_only,PIETRA
B,year + batch_num + cam_num + sample_num + label_filename,2026,<NO_BATCH>,1,48,1,0,1,2026_Conforme_Cam_T_1_48.jpg,,top_only,Conforme
B,year + batch_num + cam_num + sample_num + label_filename,2026,<NO_BATCH>,1,56,1,0,1,2026_NON_Conforme_Cam_T_1_56.jpg,,top_only,NON Conforme
B,year + batch_num + cam_num + sample_num + label_filename,2026,<NO_BATCH>,1,66,1,0,1,2026_PIETRA_Cam_T_1_66.jpg,,top_only,PIETRA
B,year + batch_num + cam_num + sample_num + label_filename,2026,<NO_BATCH>,1,96,1,0,1,2026_Conforme_Cam_T_1_96.jpg,,top_only,Conforme
B,year + batch_num + cam_num + sample_num + label_filename,2026,<NO_BATCH>,1,97,1,0,1,2026_Conforme_Cam_T_1_97.jpg,,top_only,Conforme
B,year + batch_num + cam_num + sample_num + label_filename,2026,<NO_BATCH>,1,101,1,0,1,2026_PIETRA_Cam_T_1_101.jpg,,top_only,PIETRA
B,year + batch_num + cam_num + sample_num + label_filename,2026,<NO_BATCH>,1,116,1,0,1,2026_PIETRA_Cam_T_1_116.jpg,,top_only,PIETRA
B,year + batch_num + cam_num + sample_num + label_filename,2026,<NO_BATCH>,1,118,1,0,1,2026_PIETRA_Cam_T_1_118.jpg,,top_only,PIETRA
B,year + batch_num + cam_num + sample_num + label_filename,2026,<NO_BATCH>,1,119,1,0,1,2026_PIETRA_Cam_T_1_119.jpg,,top_only,PIETRA
B,year + batch_num + cam_num + sample_num + label_filename,2026,<NO_BATCH>,1,120,1,0,1,2026_PIETRA_Cam_T_1_120.jpg,,top_only,PIETRA
B,year + batch_num + cam_num + sample_num + label_filename,2026,<NO_BATCH>,1,122,1,0,1,2026_NON_Conforme_Cam_T_1_122.jpg,,top_only,NON Conforme
B,year + batch_num + cam_num + sample_num + label_filename,2026,<NO_BATCH>,1,123,1,0,1,2026_PIETRA_Cam_T_1_123.jpg,,top_only,PIETRA
B,year + batch_num + cam_num + sample_num + label_filename,2026,<NO_BATCH>,1,124,1,0,1,2026_NON_Conforme_Cam_T_1_124.jpg,,top_only,NON Conforme
B,year + batch_num + cam_num + sample_num + label_filename,2026,<NO_BATCH>,1,153,1,0,1,2026_Conforme_Cam_T_1_153.jpg,,top_only,Conforme
B,year + batch_num + cam_num + sample_num + label_filename,2026,<NO_BATCH>,1,166,1,0,1,2026_PIETRA_Cam_T_1_166.jpg,,top_only,PIETRA
B,year + batch_num + cam_num + sample_num + label_filename,2026,<NO_BATCH>,1,172,1,0,1,2026_NON_Conforme_Cam_T_1_172.jpg,,top_only,NON Conforme
B,year + batch_num + cam_num + sample_num + label_filename,2026,<NO_BATCH>,1,175,1,0,1,2026_PIETRA_Cam_T_1_175.jpg,,top_only,PIETRA
B,year + batch_num + cam_num + sample_num + label_filename,2026,<NO_BATCH>,1,178,1,0,1,2026_PIETRA_Cam_T_1_178.jpg,,top_only,PIETRA
B,year + batch_num + cam_num + sample_num + label_filename,2026,<NO_BATCH>,1,183,1,0,1,2026_PIETRA_Cam_T_1_183.jpg,,top_only,PIETRA
B,year + batch_num + cam_num + sample_num + label_filename,2026,<NO_BATCH>,1,185,1,0,1,2026_Conforme_Cam_T_1_185.jpg,,top_only,Conforme
B,year + batch_num + cam_num + sample_num + label_filename,2026,<NO_BATCH>,1,188,1,0,1,2026_Conforme_Cam_T_1_188.jpg,,top_only,Conforme
B,year + batch_num + cam_num + sample_num + label_filename,2026,<NO_BATCH>,1,190,1,0,1,2026_PIETRA_Cam_T_1_190.jpg,,top_only,PIETRA
B,year + batch_num + cam_num + sample_num + label_filename,2026,<NO_BATCH>,1,193,1,0,1,2026_PIETRA_Cam_T_1_193.jpg,,top_only,PIETRA
B,year + batch_num + cam_num + sample_num + label_filename,2026,<NO_BATCH>,1,204,1,0,1,2026_PIETRA_Cam_T_1_204.jpg,,top_only,PIETRA
B,year + batch_num + cam_num + sample_num + label_filename,2026,<NO_BATCH>,1,208,1,0,1,2026_Conforme_Cam_T_1_208.jpg,,top_only,Conforme
B,year + batch_num + cam_num + sample_num + label_filename,2026,<NO_BATCH>,1,209,1,0,1,2026_PIETRA_Cam_T_1_209.jpg,,top_only,PIETRA
B,year + batch_num + cam_num + sample_num + label_filename,2026,<NO_BATCH>,1,211,1,0,1,2026_PIETRA_Cam_T_1_211.jpg,,top_only,PIETRA
B,year + batch_num + cam_num + sample_num + label_filename,2026,<NO_BATCH>,1,217,1,0,1,2026_Conforme_Cam_T_1_217.jpg,,top_only,Conforme
B,year + batch_num + cam_num + sample_num + label_filename,2026,<NO_BATCH>,1,230,1,0,1,2026_Conforme_Cam_T_1_230.jpg,,top_only,Conforme
B,year + batch_num + cam_num + sample_num + label_filename,2026,<NO_BATCH>,1,234,1,0,1,2026_NON_Conforme_Cam_T_1_234.jpg,,top_only,NON Conforme
B,year + batch_num + cam_num + sample_num + label_filename,2026,<NO_BATCH>,1,248,1,0,1,2026_PIETRA_Cam_T_1_248.jpg,,top_only,PIETRA
B,year + batch_num + cam_num + sample_num + label_filename,2026,<NO_BATCH>,1,255,1,0,1,2026_PIETRA_Cam_T_1_255.jpg,,top_only,PIETRA
B,year + batch_num + cam_num + sample_num + label_filename,2026,<NO_BATCH>,1,265,1,0,1,2026_Conforme_Cam_T_1_265.jpg,,top_only,Conforme
B,year + batch_num + cam_num + sample_num + label_filename,2026,<NO_BATCH>,1,266,1,0,1,2026_PIETRA_Cam_T_1_266.jpg,,top_only,PIETRA
B,year + batch_num + cam_num + sample_num + label_filename,2026,<NO_BATCH>,1,276,1,0,1,2026_NON_Conforme_Cam_T_1_276.jpg,,top_only,NON Conforme
B,year + batch_num + cam_num + sample_num + label_filename,2026,<NO_BATCH>,1,277,1,0,1,2026_NON_Conforme_Cam_T_1_277.jpg,,top_only,NON Conforme
B,year + batch_num + cam_num + sample_num + label_filename,2026,<NO_BATCH>,1,277,1,0,1,2026_PIETRA_Cam_T_1_277.jpg,,top_only,PIETRA
B,year + batch_num + cam_num + sample_num + label_filename,2026,<NO_BATCH>,1,278,1,0,1,2026_NON_Conforme_Cam_T_1_278.jpg,,top_only,NON Conforme
B,year + batch_num + cam_num + sample_num + label_filename,2026,<NO_BATCH>,1,279,1,0,1,2026_NON_Conforme_Cam_T_1_279.jpg,,top_only,NON Conforme
B,year + batch_num + cam_num + sample_num + label_filename,2026,<NO_BATCH>,1,280,1,0,1,2026_NON_Conforme_Cam_T_1_280.jpg,,top_only,NON Conforme
B,year + batch_num + cam_num + sample_num + label_filename,2026,<NO_BATCH>,1,282,1,0,1,2026_PIETRA_Cam_T_1_282.jpg,,top_only,PIETRA
B,year + batch_num + cam_num + sample_num + label_filename,2026,<NO_BATCH>,1,306,1,0,1,2026_PIETRA_Cam_T_1_306.jpg,,top_only,PIETRA
B,year + batch_num + cam_num + sample_num + label_filename,2026,<NO_BATCH>,1,324,1,0,1,2026_Conforme_Cam_T_1_324.jpg,,top_only,Conforme
B,year + batch_num + cam_num + sample_num + label_filename,2026,<NO_BATCH>,1,334,1,0,1,2026_Conforme_Cam_T_1_334.jpg,,top_only,Conforme
B,year + batch_num + cam_num + sample_num + label_filename,2026,<NO_BATCH>,1,353,1,0,1,2026_Conforme_Cam_T_1_353.jpg,,top_only,Conforme
B,year + batch_num + cam_num + sample_num + label_filename,2026,<NO_BATCH>,1,369,1,0,1,2026_Conforme_Cam_T_1_369.jpg,,top_only,Conforme
B,year + batch_num + cam_num + sample_num + label_filename,2026,<NO_BATCH>,1,375,1,0,1,2026_PIETRA_Cam_T_1_375.jpg,,top_only,PIETRA
B,year + batch_num + cam_num + sample_num + label_filename,2026,<NO_BATCH>,1,382,1,0,1,2026_PIETRA_Cam_T_1_382.jpg,,top_only,PIETRA
B,year + batch_num + cam_num + sample_num + label_filename,2026,<NO_BATCH>,1,384,1,0,1,2026_PIETRA_Cam_T_1_384.jpg,,top_only,PIETRA
B,year + batch_num + cam_num + sample_num + label_filename,2026,<NO_BATCH>,1,390,1,0,1,2026_PIETRA_Cam_T_1_390.jpg,,top_only,PIETRA
B,year + batch_num + cam_num + sample_num + label_filename,2026,<NO_BATCH>,1,405,1,0,1,2026_PIETRA_Cam_T_1_405.jpg,,top_only,PIETRA
B,year + batch_num + cam_num + sample_num + label_filename,2026,<NO_BATCH>,1,407,0,1,1,,2026_Conforme_Cam_B_1_407.jpg,bottom_only,Conforme
B,year + batch_num + cam_num + sample_num + label_filename,2026,<NO_BATCH>,1,408,0,1,1,,2026_Conforme_Cam_B_1_408.jpg,bottom_only,Conforme
B,year + batch_num + cam_num + sample_num + label_filename,2026,<NO_BATCH>,1,409,0,1,1,,2026_Conforme_Cam_B_1_409.jpg,bottom_only,Conforme
B,year + batch_num + cam_num + sample_num + label_filename,2026,<NO_BATCH>,1,410,0,1,1,,2026_Conforme_Cam_B_1_410.jpg,bottom_only,Conforme
B,year + batch_num + cam_num + sample_num + label_filename,2026,<NO_BATCH>,1,411,0,1,1,,2026_Conforme_Cam_B_1_411.jpg,bottom_only,Conforme
B,year + batch_num + cam_num + sample_num + label_filename,2026,<NO_BATCH>,1,412,0,1,1,,2026_Conforme_Cam_B_1_412.jpg,bottom_only,Conforme
B,year + batch_num + cam_num + sample_num + label_filename,2026,<NO_BATCH>,1,413,0,1,1,,2026_Conforme_Cam_B_1_413.jpg,bottom_only,Conforme
B,year + batch_num + cam_num + sample_num + label_filename,2026,<NO_BATCH>,1,414,0,1,1,,2026_Conforme_Cam_B_1_414.jpg,bottom_only,Conforme
B,year + batch_num + cam_num + sample_num + label_filename,2026,<NO_BATCH>,1,415,1,0,1,2026_PIETRA_Cam_T_1_415.jpg,,top_only,PIETRA
B,year + batch_num + cam_num + sample_num + label_filename,2026,<NO_BATCH>,1,454,1,0,1,2026_PIETRA_Cam_T_1_454.jpg,,top_only,PIETRA
B,year + batch_num + cam_num + sample_num + label_filename,2026,<NO_BATCH>,1,482,1,0,1,2026_PIETRA_Cam_T_1_482.jpg,,top_only,PIETRA
B,year + batch_num + cam_num + sample_num + label_filename,2026,<NO_BATCH>,1,485,1,0,1,2026_PIETRA_Cam_T_1_485.jpg,,top_only,PIETRA
B,year + batch_num + cam_num + sample_num + label_filename,2026,<NO_BATCH>,1,486,1,0,1,2026_PIETRA_Cam_T_1_486.jpg,,top_only,PIETRA
B,year + batch_num + cam_num + sample_num + label_filename,2026,<NO_BATCH>,1,487,1,0,1,2026_PIETRA_Cam_T_1_487.jpg,,top_only,PIETRA
B,year + batch_num + cam_num + sample_num + label_filename,2026,<NO_BATCH>,1,493,1,0,1,2026_PIETRA_Cam_T_1_493.jpg,,top_only,PIETRA
B,year + batch_num + cam_num + sample_num + label_filename,2026,<NO_BATCH>,1,521,1,0,1,2026_PIETRA_Cam_T_1_521.jpg,,top_only,PIETRA
B,year + batch_num + cam_num + sample_num + label_filename,2026,<NO_BATCH>,1,559,1,0,1,2026_PIETRA_Cam_T_1_559.jpg,,top_only,PIETRA
B,year + batch_num + cam_num + sample_num + label_filename,2026,<NO_BATCH>,1,567,1,0,1,2026_PIETRA_Cam_T_1_567.jpg,,top_only,PIETRA
B,year + batch_num + cam_num + sample_num + label_filename,2026,<NO_BATCH>,1,568,1,0,1,2026_PIETRA_Cam_T_1_568.jpg,,top_only,PIETRA
B,year + batch_num + cam_num + sample_num + label_filename,2026,<NO_BATCH>,1,569,1,0,1,2026_PIETRA_Cam_T_1_569.jpg,,top_only,PIETRA
B,year + batch_num + cam_num + sample_num + label_filename,2026,<NO_BATCH>,1,570,1,0,1,2026_PIETRA_Cam_T_1_570.jpg,,top_only,PIETRA
B,year + batch_num + cam_num + sample_num + label_filename,2026,<NO_BATCH>,1,571,1,0,1,2026_PIETRA_Cam_T_1_571.jpg,,top_only,PIETRA
B,year + batch_num + cam_num + sample_num + label_filename,2026,<NO_BATCH>,1,572,1,0,1,2026_PIETRA_Cam_T_1_572.jpg,,top_only,PIETRA
B,year + batch_num + cam_num + sample_num + label_filename,2026,<NO_BATCH>,1,573,1,0,1,2026_PIETRA_Cam_T_1_573.jpg,,top_only,PIETRA
B,year + batch_num + cam_num + sample_num + label_filename,2026,<NO_BATCH>,1,574,1,0,1,2026_PIETRA_Cam_T_1_574.jpg,,top_only,PIETRA
B,year + batch_num + cam_num + sample_num + label_filename,2026,<NO_BATCH>,1,575,1,0,1,2026_PIETRA_Cam_T_1_575.jpg,,top_only,PIETRA
B,year + batch_num + cam_num + sample_num + label_filename,2026,<NO_BATCH>,1,576,1,0,1,2026_PIETRA_Cam_T_1_576.jpg,,top_only,PIETRA
B,year + batch_num + cam_num + sample_num + label_filename,2026,<NO_BATCH>,1,577,1,0,1,2026_PIETRA_Cam_T_1_577.jpg,,top_only,PIETRA
B,year + batch_num + cam_num + sample_num + label_filename,2026,<NO_BATCH>,1,578,1,0,1,2026_PIETRA_Cam_T_1_578.jpg,,top_only,PIETRA
B,year + batch_num + cam_num + sample_num + label_filename,2026,<NO_BATCH>,1,579,1,0,1,2026_PIETRA_Cam_T_1_579.jpg,,top_only,PIETRA
B,year + batch_num + cam_num + sample_num + label_filename,2026,<NO_BATCH>,1,580,1,0,1,2026_PIETRA_Cam_T_1_580.jpg,,top_only,PIETRA
B,year + batch_num + cam_num + sample_num + label_filename,2026,<NO_BATCH>,1,581,1,0,1,2026_PIETRA_Cam_T_1_581.jpg,,top_only,PIETRA
B,year + batch_num + cam_num + sample_num + label_filename,2026,<NO_BATCH>,1,582,1,0,1,2026_PIETRA_Cam_T_1_582.jpg,,top_only,PIETRA
B,year + batch_num + cam_num + sample_num + label_filename,2026,<NO_BATCH>,1,583,1,0,1,2026_PIETRA_Cam_T_1_583.jpg,,top_only,PIETRA
B,year + batch_num + cam_num + sample_num + label_filename,2026,<NO_BATCH>,1,584,1,0,1,2026_PIETRA_Cam_T_1_584.jpg,,top_only,PIETRA
B,year + batch_num + cam_num + sample_num + label_filename,2026,<NO_BATCH>,1,585,1,0,1,2026_PIETRA_Cam_T_1_585.jpg,,top_only,PIETRA
B,year + batch_num + cam_num + sample_num + label_filename,2026,<NO_BATCH>,1,586,1,0,1,2026_PIETRA_Cam_T_1_586.jpg,,top_only,PIETRA
B,year + batch_num + cam_num + sample_num + label_filename,2026,<NO_BATCH>,1,587,1,0,1,2026_PIETRA_Cam_T_1_587.jpg,,top_only,PIETRA
B,year + batch_num + cam_num + sample_num + label_filename,2026,<NO_BATCH>,1,588,1,0,1,2026_PIETRA_Cam_T_1_588.jpg,,top_only,PIETRA
B,year + batch_num + cam_num + sample_num + label_filename,2026,<NO_BATCH>,1,589,1,0,1,2026_PIETRA_Cam_T_1_589.jpg,,top_only,PIETRA
B,year + batch_num + cam_num + sample_num + label_filename,2026,<NO_BATCH>,1,590,1,0,1,2026_PIETRA_Cam_T_1_590.jpg,,top_only,PIETRA
B,year + batch_num + cam_num + sample_num + label_filename,2026,<NO_BATCH>,1,591,1,0,1,2026_PIETRA_Cam_T_1_591.jpg,,top_only,PIETRA
B,year + batch_num + cam_num + sample_num + label_filename,2026,<NO_BATCH>,1,592,1,0,1,2026_PIETRA_Cam_T_1_592.jpg,,top_only,PIETRA
B,year + batch_num + cam_num + sample_num + label_filename,2026,<NO_BATCH>,2,0,0,1,1,,2026_PIETRA_Cam_B_2_0.jpg,bottom_only,PIETRA
B,year + batch_num + cam_num + sample_num + label_filename,2026,<NO_BATCH>,2,1,0,1,1,,2026_PIETRA_Cam_B_2_1.jpg,bottom_only,PIETRA
B,year + batch_num + cam_num + sample_num + label_filename,2026,<NO_BATCH>,2,15,1,0,1,2026_Conforme_Cam_T_2_15.jpg,,top_only,Conforme
B,year + batch_num + cam_num + sample_num + label_filename,2026,<NO_BATCH>,2,126,0,1,1,,2026_PIETRA_Cam_B_2_126.jpg,bottom_only,PIETRA
B,year + batch_num + cam_num + sample_num + label_filename,2026,<NO_BATCH>,2,200,1,0,1,2026_NON_Conforme_Cam_T_2_200.jpg,,top_only,NON Conforme
B,year + batch_num + cam_num + sample_num + label_filename,2026,<NO_BATCH>,2,283,1,0,1,2026_NON_Conforme_Cam_T_2_283.jpg,,top_only,NON Conforme
B,year + batch_num + cam_num + sample_num + label_filename,2026,<NO_BATCH>,2,414,0,1,1,,2026_Conforme_Cam_B_2_414.jpg,bottom_only,Conforme
B,year + batch_num + cam_num + sample_num + label_filename,2026,<NO_BATCH>,2,415,0,1,1,,2026_Conforme_Cam_B_2_415.jpg,bottom_only,Conforme
B,year + batch_num + cam_num + sample_num + label_filename,2026,<NO_BATCH>,2,416,0,1,1,,2026_Conforme_Cam_B_2_416.jpg,bottom_only,Conforme
B,year + batch_num + cam_num + sample_num + label_filename,2026,<NO_BATCH>,2,417,0,1,1,,2026_Conforme_Cam_B_2_417.jpg,bottom_only,Conforme
B,year + batch_num + cam_num + sample_num + label_filename,2026,<NO_BATCH>,2,586,1,0,1,2026_PIETRA_Cam_T_2_586.jpg,,top_only,PIETRA
B,year + batch_num + cam_num + sample_num + label_filename,2026,<NO_BATCH>,2,587,1,0,1,2026_PIETRA_Cam_T_2_587.jpg,,top_only,PIETRA
B,year + batch_num + cam_num + sample_num + label_filename,2026,<NO_BATCH>,2,588,1,0,1,2026_PIETRA_Cam_T_2_588.jpg,,top_only,PIETRA
B,year + batch_num + cam_num + sample_num + label_filename,2026,<NO_BATCH>,2,589,1,0,1,2026_PIETRA_Cam_T_2_589.jpg,,top_only,PIETRA
B,year + batch_num + cam_num + sample_num + label_filename,2026,<NO_BATCH>,2,590,1,0,1,2026_PIETRA_Cam_T_2_590.jpg,,top_only,PIETRA
B,year + batch_num + cam_num + sample_num + label_filename,2026,<NO_BATCH>,2,591,1,0,1,2026_PIETRA_Cam_T_2_591.jpg,,top_only,PIETRA
B,year + batch_num + cam_num + sample_num + label_filename,2026,<NO_BATCH>,2,592,1,0,1,2026_PIETRA_Cam_T_2_592.jpg,,top_only,PIETRA
B,year + batch_num + cam_num + sample_num + label_filename,2026,<NO_BATCH>,2,593,1,0,1,2026_PIETRA_Cam_T_2_593.jpg,,top_only,PIETRA
B,year + batch_num + cam_num + sample_num + label_filename,2026,<NO_BATCH>,2,594,1,0,1,2026_PIETRA_Cam_T_2_594.jpg,,top_only,PIETRA
B,year + batch_num + cam_num + sample_num + label_filename,2026,<NO_BATCH>,2,595,1,0,1,2026_PIETRA_Cam_T_2_595.jpg,,top_only,PIETRA
B,year + batch_num + cam_num + sample_num + label_filename,2026,<NO_BATCH>,2,596,1,0,1,2026_PIETRA_Cam_T_2_596.jpg,,top_only,PIETRA
B,year + batch_num + cam_num + sample_num + label_filename,2026,<NO_BATCH>,2,597,1,0,1,2026_PIETRA_Cam_T_2_597.jpg,,top_only,PIETRA
B,year + batch_num + cam_num + sample_num + label_filename,2026,<NO_BATCH>,2,598,1,0,1,2026_PIETRA_Cam_T_2_598.jpg,,top_only,PIETRA
B,year + batch_num + cam_num + sample_num + label_filename,2026,<NO_BATCH>,2,599,1,0,1,2026_PIETRA_Cam_T_2_599.jpg,,top_only,PIETRA
B,year + batch_num + cam_num + sample_num + label_filename,2026,<NO_BATCH>,2,600,1,0,1,2026_PIETRA_Cam_T_2_600.jpg,,top_only,PIETRA
B,year + batch_num + cam_num + sample_num + label_filename,2026,<NO_BATCH>,2,601,1,0,1,2026_PIETRA_Cam_T_2_601.jpg,,top_only,PIETRA
B,year + batch_num + cam_num + sample_num + label_filename,2026,<NO_BATCH>,2,602,1,0,1,2026_PIETRA_Cam_T_2_602.jpg,,top_only,PIETRA
B,year + batch_num + cam_num + sample_num + label_filename,2026,<NO_BATCH>,2,603,1,0,1,2026_PIETRA_Cam_T_2_603.jpg,,top_only,PIETRA
B,year + batch_num + cam_num + sample_num + label_filename,2026,<NO_BATCH>,2,604,1,0,1,2026_PIETRA_Cam_T_2_604.jpg,,top_only,PIETRA
B,year + batch_num + cam_num + sample_num + label_filename,2026,<NO_BATCH>,3,13,1,0,1,2026_PIETRA_Cam_T_3_13.jpg,,top_only,PIETRA
B,year + batch_num + cam_num + sample_num + label_filename,2026,<NO_BATCH>,3,166,0,1,1,,2026_NON_Conforme_Cam_B_3_166.jpg,bottom_only,NON Conforme
B,year + batch_num + cam_num + sample_num + label_filename,2026,<NO_BATCH>,3,176,0,1,1,,2026_NON_Conforme_Cam_B_3_176.jpg,bottom_only,NON Conforme
B,year + batch_num + cam_num + sample_num + label_filename,2026,<NO_BATCH>,3,280,1,0,1,2026_NON_Conforme_Cam_T_3_280.jpg,,top_only,NON Conforme
B,year + batch_num + cam_num + sample_num + label_filename,2026,<NO_BATCH>,3,281,1,0,1,2026_NON_Conforme_Cam_T_3_281.jpg,,top_only,NON Conforme
B,year + batch_num + cam_num + sample_num + label_filename,2026,<NO_BATCH>,3,282,1,0,1,2026_NON_Conforme_Cam_T_3_282.jpg,,top_only,NON Conforme
B,year + batch_num + cam_num + sample_num + label_filename,2026,<NO_BATCH>,3,283,1,0,1,2026_NON_Conforme_Cam_T_3_283.jpg,,top_only,NON Conforme
B,year + batch_num + cam_num + sample_num + label_filename,2026,<NO_BATCH>,3,375,1,0,1,2026_PIETRA_Cam_T_3_375.jpg,,top_only,PIETRA
B,year + batch_num + cam_num + sample_num + label_filename,2026,<NO_BATCH>,3,405,0,1,1,,2026_Conforme_Cam_B_3_405.jpg,bottom_only,Conforme
B,year + batch_num + cam_num + sample_num + label_filename,2026,<NO_BATCH>,3,406,0,1,1,,2026_Conforme_Cam_B_3_406.jpg,bottom_only,Conforme
B,year + batch_num + cam_num + sample_num + label_filename,2026,<NO_BATCH>,3,407,0,1,1,,2026_Conforme_Cam_B_3_407.jpg,bottom_only,Conforme
B,year + batch_num + cam_num + sample_num + label_filename,2026,<NO_BATCH>,3,408,0,1,1,,2026_Conforme_Cam_B_3_408.jpg,bottom_only,Conforme
B,year + batch_num + cam_num + sample_num + label_filename,2026,<NO_BATCH>,3,409,0,1,1,,2026_Conforme_Cam_B_3_409.jpg,bottom_only,Conforme
B,year + batch_num + cam_num + sample_num + label_filename,2026,<NO_BATCH>,3,410,0,1,1,,2026_Conforme_Cam_B_3_410.jpg,bottom_only,Conforme
B,year + batch_num + cam_num + sample_num + label_filename,2026,<NO_BATCH>,3,411,0,1,1,,2026_Conforme_Cam_B_3_411.jpg,bottom_only,Conforme
B,year + batch_num + cam_num + sample_num + label_filename,2026,<NO_BATCH>,3,412,0,1,1,,2026_Conforme_Cam_B_3_412.jpg,bottom_only,Conforme
B,year + batch_num + cam_num + sample_num + label_filename,2026,<NO_BATCH>,3,413,0,1,1,,2026_Conforme_Cam_B_3_413.jpg,bottom_only,Conforme
B,year + batch_num + cam_num + sample_num + label_filename,2026,<NO_BATCH>,3,414,0,1,1,,2026_Conforme_Cam_B_3_414.jpg,bottom_only,Conforme
B,year + batch_num + cam_num + sample_num + label_filename,2026,<NO_BATCH>,3,415,0,1,1,,2026_Conforme_Cam_B_3_415.jpg,bottom_only,Conforme
B,year + batch_num + cam_num + sample_num + label_filename,2026,<NO_BATCH>,3,416,0,1,1,,2026_Conforme_Cam_B_3_416.jpg,bottom_only,Conforme
B,year + batch_num + cam_num + sample_num + label_filename,2026,<NO_BATCH>,3,417,0,1,1,,2026_Conforme_Cam_B_3_417.jpg,bottom_only,Conforme
B,year + batch_num + cam_num + sample_num + label_filename,2026,<NO_BATCH>,3,418,0,1,1,,2026_Conforme_Cam_B_3_418.jpg,bottom_only,Conforme
B,year + batch_num + cam_num + sample_num + label_filename,2026,<NO_BATCH>,3,419,0,1,1,,2026_Conforme_Cam_B_3_419.jpg,bottom_only,Conforme
B,year + batch_num + cam_num + sample_num + label_filename,2026,<NO_BATCH>,3,420,0,1,1,,2026_Conforme_Cam_B_3_420.jpg,bottom_only,Conforme
B,year + batch_num + cam_num + sample_num + label_filename,2026,<NO_BATCH>,3,421,0,1,1,,2026_Conforme_Cam_B_3_421.jpg,bottom_only,Conforme
B,year + batch_num + cam_num + sample_num + label_filename,2026,<NO_BATCH>,3,422,0,1,1,,2026_Conforme_Cam_B_3_422.jpg,bottom_only,Conforme
B,year + batch_num + cam_num + sample_num + label_filename,2026,<NO_BATCH>,3,423,0,1,1,,2026_Conforme_Cam_B_3_423.jpg,bottom_only,Conforme
B,year + batch_num + cam_num + sample_num + label_filename,2026,<NO_BATCH>,3,424,0,1,1,,2026_Conforme_Cam_B_3_424.jpg,bottom_only,Conforme
B,year + batch_num + cam_num + sample_num + label_filename,2026,<NO_BATCH>,3,454,0,1,1,,2026_PIETRA_Cam_B_3_454.jpg,bottom_only,PIETRA
B,year + batch_num + cam_num + sample_num + label_filename,2026,<NO_BATCH>,3,544,0,1,1,,2026_PIETRA_Cam_B_3_544.jpg,bottom_only,PIETRA
B,year + batch_num + cam_num + sample_num + label_filename,2026,<NO_BATCH>,3,580,1,0,1,2026_PIETRA_Cam_T_3_580.jpg,,top_only,PIETRA
B,year + batch_num + cam_num + sample_num + label_filename,2026,<NO_BATCH>,3,581,1,0,1,2026_PIETRA_Cam_T_3_581.jpg,,top_only,PIETRA
B,year + batch_num + cam_num + sample_num + label_filename,2026,<NO_BATCH>,3,582,1,0,1,2026_PIETRA_Cam_T_3_582.jpg,,top_only,PIETRA
B,year + batch_num + cam_num + sample_num + label_filename,2026,<NO_BATCH>,3,583,1,0,1,2026_PIETRA_Cam_T_3_583.jpg,,top_only,PIETRA
B,year + batch_num + cam_num + sample_num + label_filename,2026,<NO_BATCH>,3,584,1,0,1,2026_PIETRA_Cam_T_3_584.jpg,,top_only,PIETRA
B,year + batch_num + cam_num + sample_num + label_filename,2026,<NO_BATCH>,3,585,1,0,1,2026_PIETRA_Cam_T_3_585.jpg,,top_only,PIETRA
B,year + batch_num + cam_num + sample_num + label_filename,2026,<NO_BATCH>,3,586,1,0,1,2026_PIETRA_Cam_T_3_586.jpg,,top_only,PIETRA
B,year + batch_num + cam_num + sample_num + label_filename,2026,<NO_BATCH>,3,587,1,0,1,2026_PIETRA_Cam_T_3_587.jpg,,top_only,PIETRA
B,year + batch_num + cam_num + sample_num + label_filename,2026,<NO_BATCH>,3,588,1,0,1,2026_PIETRA_Cam_T_3_588.jpg,,top_only,PIETRA
B,year + batch_num + cam_num + sample_num + label_filename,2026,<NO_BATCH>,3,589,1,0,1,2026_PIETRA_Cam_T_3_589.jpg,,top_only,PIETRA
B,year + batch_num + cam_num + sample_num + label_filename,2026,<NO_BATCH>,3,590,1,0,1,2026_PIETRA_Cam_T_3_590.jpg,,top_only,PIETRA
B,year + batch_num + cam_num + sample_num + label_filename,2026,<NO_BATCH>,3,591,1,0,1,2026_PIETRA_Cam_T_3_591.jpg,,top_only,PIETRA
B,year + batch_num + cam_num + sample_num + label_filename,2026,<NO_BATCH>,4,6,1,0,1,2026_PIETRA_Cam_T_4_6.jpg,,top_only,PIETRA
B,year + batch_num + cam_num + sample_num + label_filename,2026,<NO_BATCH>,4,8,1,0,1,2026_NON_Conforme_Cam_T_4_8.jpg,,top_only,NON Conforme
B,year + batch_num + cam_num + sample_num + label_filename,2026,<NO_BATCH>,4,8,1,0,1,2026_PIETRA_Cam_T_4_8.jpg,,top_only,PIETRA
B,year + batch_num + cam_num + sample_num + label_filename,2026,<NO_BATCH>,4,9,0,1,1,,2026_NON_Conforme_Cam_B_4_9.jpg,bottom_only,NON Conforme
B,year + batch_num + cam_num + sample_num + label_filename,2026,<NO_BATCH>,4,9,1,0,1,2026_PIETRA_Cam_T_4_9.jpg,,top_only,PIETRA
B,year + batch_num + cam_num + sample_num + label_filename,2026,<NO_BATCH>,4,12,1,0,1,2026_PIETRA_Cam_T_4_12.jpg,,top_only,PIETRA
B,year + batch_num + cam_num + sample_num + label_filename,2026,<NO_BATCH>,4,14,1,0,1,2026_Conforme_Cam_T_4_14.jpg,,top_only,Conforme
B,year + batch_num + cam_num + sample_num + label_filename,2026,<NO_BATCH>,4,20,1,0,1,2026_Conforme_Cam_T_4_20.jpg,,top_only,Conforme
B,year + batch_num + cam_num + sample_num + label_filename,2026,<NO_BATCH>,4,22,1,0,1,2026_PIETRA_Cam_T_4_22.jpg,,top_only,PIETRA
B,year + batch_num + cam_num + sample_num + label_filename,2026,<NO_BATCH>,4,23,1,0,1,2026_PIETRA_Cam_T_4_23.jpg,,top_only,PIETRA
B,year + batch_num + cam_num + sample_num + label_filename,2026,<NO_BATCH>,4,37,1,0,1,2026_Conforme_Cam_T_4_37.jpg,,top_only,Conforme
B,year + batch_num + cam_num + sample_num + label_filename,2026,<NO_BATCH>,4,38,1,0,1,2026_NON_Conforme_Cam_T_4_38.jpg,,top_only,NON Conforme
B,year + batch_num + cam_num + sample_num + label_filename,2026,<NO_BATCH>,4,38,1,0,1,2026_PIETRA_Cam_T_4_38.jpg,,top_only,PIETRA
B,year + batch_num + cam_num + sample_num + label_filename,2026,<NO_BATCH>,4,41,1,0,1,2026_PIETRA_Cam_T_4_41.jpg,,top_only,PIETRA
B,year + batch_num + cam_num + sample_num + label_filename,2026,<NO_BATCH>,4,51,1,0,1,2026_NON_Conforme_Cam_T_4_51.jpg,,top_only,NON Conforme
B,year + batch_num + cam_num + sample_num + label_filename,2026,<NO_BATCH>,4,57,1,0,1,2026_PIETRA_Cam_T_4_57.jpg,,top_only,PIETRA
B,year + batch_num + cam_num + sample_num + label_filename,2026,<NO_BATCH>,4,59,1,0,1,2026_NON_Conforme_Cam_T_4_59.jpg,,top_only,NON Conforme
B,year + batch_num + cam_num + sample_num + label_filename,2026,<NO_BATCH>,4,60,1,0,1,2026_NON_Conforme_Cam_T_4_60.jpg,,top_only,NON Conforme
B,year + batch_num + cam_num + sample_num + label_filename,2026,<NO_BATCH>,4,67,1,0,1,2026_NON_Conforme_Cam_T_4_67.jpg,,top_only,NON Conforme
B,year + batch_num + cam_num + sample_num + label_filename,2026,<NO_BATCH>,4,67,1,0,1,2026_PIETRA_Cam_T_4_67.jpg,,top_only,PIETRA
B,year + batch_num + cam_num + sample_num + label_filename,2026,<NO_BATCH>,4,71,1,0,1,2026_NON_Conforme_Cam_T_4_71.jpg,,top_only,NON Conforme
B,year + batch_num + cam_num + sample_num + label_filename,2026,<NO_BATCH>,4,73,1,0,1,2026_NON_Conforme_Cam_T_4_73.jpg,,top_only,NON Conforme
B,year + batch_num + cam_num + sample_num + label_filename,2026,<NO_BATCH>,4,82,1,0,1,2026_NON_Conforme_Cam_T_4_82.jpg,,top_only,NON Conforme
B,year + batch_num + cam_num + sample_num + label_filename,2026,<NO_BATCH>,4,97,1,0,1,2026_NON_Conforme_Cam_T_4_97.jpg,,top_only,NON Conforme
B,year + batch_num + cam_num + sample_num + label_filename,2026,<NO_BATCH>,4,108,1,0,1,2026_NON_Conforme_Cam_T_4_108.jpg,,top_only,NON Conforme
B,year + batch_num + cam_num + sample_num + label_filename,2026,<NO_BATCH>,4,115,1,0,1,2026_PIETRA_Cam_T_4_115.jpg,,top_only,PIETRA
B,year + batch_num + cam_num + sample_num + label_filename,2026,<NO_BATCH>,4,116,1,0,1,2026_PIETRA_Cam_T_4_116.jpg,,top_only,PIETRA
B,year + batch_num + cam_num + sample_num + label_filename,2026,<NO_BATCH>,4,119,1,0,1,2026_PIETRA_Cam_T_4_119.jpg,,top_only,PIETRA
B,year + batch_num + cam_num + sample_num + label_filename,2026,<NO_BATCH>,4,121,1,0,1,2026_PIETRA_Cam_T_4_121.jpg,,top_only,PIETRA
B,year + batch_num + cam_num + sample_num + label_filename,2026,<NO_BATCH>,4,125,1,0,1,2026_PIETRA_Cam_T_4_125.jpg,,top_only,PIETRA
B,year + batch_num + cam_num + sample_num + label_filename,2026,<NO_BATCH>,4,127,1,0,1,2026_PIETRA_Cam_T_4_127.jpg,,top_only,PIETRA
B,year + batch_num + cam_num + sample_num + label_filename,2026,<NO_BATCH>,4,128,1,0,1,2026_NON_Conforme_Cam_T_4_128.jpg,,top_only,NON Conforme
B,year + batch_num + cam_num + sample_num + label_filename,2026,<NO_BATCH>,4,128,1,0,1,2026_PIETRA_Cam_T_4_128.jpg,,top_only,PIETRA
B,year + batch_num + cam_num + sample_num + label_filename,2026,<NO_BATCH>,4,134,1,0,1,2026_PIETRA_Cam_T_4_134.jpg,,top_only,PIETRA
B,year + batch_num + cam_num + sample_num + label_filename,2026,<NO_BATCH>,4,137,1,0,1,2026_PIETRA_Cam_T_4_137.jpg,,top_only,PIETRA
B,year + batch_num + cam_num + sample_num + label_filename,2026,<NO_BATCH>,4,140,1,0,1,2026_PIETRA_Cam_T_4_140.jpg,,top_only,PIETRA
B,year + batch_num + cam_num + sample_num + label_filename,2026,<NO_BATCH>,4,148,1,0,1,2026_NON_Conforme_Cam_T_4_148.jpg,,top_only,NON Conforme
B,year + batch_num + cam_num + sample_num + label_filename,2026,<NO_BATCH>,4,153,1,0,1,2026_PIETRA_Cam_T_4_153.jpg,,top_only,PIETRA
B,year + batch_num + cam_num + sample_num + label_filename,2026,<NO_BATCH>,4,156,1,0,1,2026_PIETRA_Cam_T_4_156.jpg,,top_only,PIETRA
B,year + batch_num + cam_num + sample_num + label_filename,2026,<NO_BATCH>,4,157,1,0,1,2026_PIETRA_Cam_T_4_157.jpg,,top_only,PIETRA
B,year + batch_num + cam_num + sample_num + label_filename,2026,<NO_BATCH>,4,161,1,0,1,2026_Conforme_Cam_T_4_161.jpg,,top_only,Conforme
B,year + batch_num + cam_num + sample_num + label_filename,2026,<NO_BATCH>,4,194,1,0,1,2026_NON_Conforme_Cam_T_4_194.jpg,,top_only,NON Conforme
B,year + batch_num + cam_num + sample_num + label_filename,2026,<NO_BATCH>,4,196,1,0,1,2026_PIETRA_Cam_T_4_196.jpg,,top_only,PIETRA
B,year + batch_num + cam_num + sample_num + label_filename,2026,<NO_BATCH>,4,198,1,0,1,2026_PIETRA_Cam_T_4_198.jpg,,top_only,PIETRA
B,year + batch_num + cam_num + sample_num + label_filename,2026,<NO_BATCH>,4,202,1,0,1,2026_NON_Conforme_Cam_T_4_202.jpg,,top_only,NON Conforme
B,year + batch_num + cam_num + sample_num + label_filename,2026,<NO_BATCH>,4,213,1,0,1,2026_Conforme_Cam_T_4_213.jpg,,top_only,Conforme
B,year + batch_num + cam_num + sample_num + label_filename,2026,<NO_BATCH>,4,219,1,0,1,2026_NON_Conforme_Cam_T_4_219.jpg,,top_only,NON Conforme
B,year + batch_num + cam_num + sample_num + label_filename,2026,<NO_BATCH>,4,222,1,0,1,2026_NON_Conforme_Cam_T_4_222.jpg,,top_only,NON Conforme
B,year + batch_num + cam_num + sample_num + label_filename,2026,<NO_BATCH>,4,258,1,0,1,2026_NON_Conforme_Cam_T_4_258.jpg,,top_only,NON Conforme
B,year + batch_num + cam_num + sample_num + label_filename,2026,<NO_BATCH>,4,260,1,0,1,2026_PIETRA_Cam_T_4_260.jpg,,top_only,PIETRA
B,year + batch_num + cam_num + sample_num + label_filename,2026,<NO_BATCH>,4,268,1,0,1,2026_NON_Conforme_Cam_T_4_268.jpg,,top_only,NON Conforme
B,year + batch_num + cam_num + sample_num + label_filename,2026,<NO_BATCH>,4,269,1,0,1,2026_Conforme_Cam_T_4_269.jpg,,top_only,Conforme
B,year + batch_num + cam_num + sample_num + label_filename,2026,<NO_BATCH>,4,271,1,0,1,2026_NON_Conforme_Cam_T_4_271.jpg,,top_only,NON Conforme
B,year + batch_num + cam_num + sample_num + label_filename,2026,<NO_BATCH>,4,272,1,0,1,2026_NON_Conforme_Cam_T_4_272.jpg,,top_only,NON Conforme
B,year + batch_num + cam_num + sample_num + label_filename,2026,<NO_BATCH>,4,273,1,0,1,2026_NON_Conforme_Cam_T_4_273.jpg,,top_only,NON Conforme
B,year + batch_num + cam_num + sample_num + label_filename,2026,<NO_BATCH>,4,274,1,0,1,2026_NON_Conforme_Cam_T_4_274.jpg,,top_only,NON Conforme
B,year + batch_num + cam_num + sample_num + label_filename,2026,<NO_BATCH>,4,280,0,1,1,,2026_NON_Conforme_Cam_B_4_280.jpg,bottom_only,NON Conforme
B,year + batch_num + cam_num + sample_num + label_filename,2026,<NO_BATCH>,4,281,0,1,1,,2026_NON_Conforme_Cam_B_4_281.jpg,bottom_only,NON Conforme
B,year + batch_num + cam_num + sample_num + label_filename,2026,<NO_BATCH>,4,282,0,1,1,,2026_NON_Conforme_Cam_B_4_282.jpg,bottom_only,NON Conforme
B,year + batch_num + cam_num + sample_num + label_filename,2026,<NO_BATCH>,4,283,0,1,1,,2026_NON_Conforme_Cam_B_4_283.jpg,bottom_only,NON Conforme
B,year + batch_num + cam_num + sample_num + label_filename,2026,<NO_BATCH>,4,284,0,1,1,,2026_NON_Conforme_Cam_B_4_284.jpg,bottom_only,NON Conforme
B,year + batch_num + cam_num + sample_num + label_filename,2026,<NO_BATCH>,4,285,0,1,1,,2026_NON_Conforme_Cam_B_4_285.jpg,bottom_only,NON Conforme
B,year + batch_num + cam_num + sample_num + label_filename,2026,<NO_BATCH>,4,287,1,0,1,2026_PIETRA_Cam_T_4_287.jpg,,top_only,PIETRA
B,year + batch_num + cam_num + sample_num + label_filename,2026,<NO_BATCH>,4,309,1,0,1,2026_PIETRA_Cam_T_4_309.jpg,,top_only,PIETRA
B,year + batch_num + cam_num + sample_num + label_filename,2026,<NO_BATCH>,4,312,1,0,1,2026_PIETRA_Cam_T_4_312.jpg,,top_only,PIETRA
B,year + batch_num + cam_num + sample_num + label_filename,2026,<NO_BATCH>,4,313,1,0,1,2026_PIETRA_Cam_T_4_313.jpg,,top_only,PIETRA
B,year + batch_num + cam_num + sample_num + label_filename,2026,<NO_BATCH>,4,314,1,0,1,2026_Conforme_Cam_T_4_314.jpg,,top_only,Conforme
B,year + batch_num + cam_num + sample_num + label_filename,2026,<NO_BATCH>,4,319,1,0,1,2026_PIETRA_Cam_T_4_319.jpg,,top_only,PIETRA
B,year + batch_num + cam_num + sample_num + label_filename,2026,<NO_BATCH>,4,320,1,0,1,2026_PIETRA_Cam_T_4_320.jpg,,top_only,PIETRA
B,year + batch_num + cam_num + sample_num + label_filename,2026,<NO_BATCH>,4,333,1,0,1,2026_PIETRA_Cam_T_4_333.jpg,,top_only,PIETRA
B,year + batch_num + cam_num + sample_num + label_filename,2026,<NO_BATCH>,4,353,1,0,1,2026_Conforme_Cam_T_4_353.jpg,,top_only,Conforme
B,year + batch_num + cam_num + sample_num + label_filename,2026,<NO_BATCH>,4,354,1,0,1,2026_Conforme_Cam_T_4_354.jpg,,top_only,Conforme
B,year + batch_num + cam_num + sample_num + label_filename,2026,<NO_BATCH>,4,357,1,0,1,2026_PIETRA_Cam_T_4_357.jpg,,top_only,PIETRA
B,year + batch_num + cam_num + sample_num + label_filename,2026,<NO_BATCH>,4,358,1,0,1,2026_PIETRA_Cam_T_4_358.jpg,,top_only,PIETRA
B,year + batch_num + cam_num + sample_num + label_filename,2026,<NO_BATCH>,4,360,1,0,1,2026_PIETRA_Cam_T_4_360.jpg,,top_only,PIETRA
B,year + batch_num + cam_num + sample_num + label_filename,2026,<NO_BATCH>,4,362,1,0,1,2026_PIETRA_Cam_T_4_362.jpg,,top_only,PIETRA
B,year + batch_num + cam_num + sample_num + label_filename,2026,<NO_BATCH>,4,363,1,0,1,2026_PIETRA_Cam_T_4_363.jpg,,top_only,PIETRA
B,year + batch_num + cam_num + sample_num + label_filename,2026,<NO_BATCH>,4,364,1,0,1,2026_PIETRA_Cam_T_4_364.jpg,,top_only,PIETRA
B,year + batch_num + cam_num + sample_num + label_filename,2026,<NO_BATCH>,4,366,1,0,1,2026_PIETRA_Cam_T_4_366.jpg,,top_only,PIETRA
B,year + batch_num + cam_num + sample_num + label_filename,2026,<NO_BATCH>,4,367,1,0,1,2026_Conforme_Cam_T_4_367.jpg,,top_only,Conforme
B,year + batch_num + cam_num + sample_num + label_filename,2026,<NO_BATCH>,4,368,1,0,1,2026_PIETRA_Cam_T_4_368.jpg,,top_only,PIETRA
B,year + batch_num + cam_num + sample_num + label_filename,2026,<NO_BATCH>,4,386,1,0,1,2026_Conforme_Cam_T_4_386.jpg,,top_only,Conforme
B,year + batch_num + cam_num + sample_num + label_filename,2026,<NO_BATCH>,4,387,1,0,1,2026_Conforme_Cam_T_4_387.jpg,,top_only,Conforme
B,year + batch_num + cam_num + sample_num + label_filename,2026,<NO_BATCH>,4,389,1,0,1,2026_Conforme_Cam_T_4_389.jpg,,top_only,Conforme
B,year + batch_num + cam_num + sample_num + label_filename,2026,<NO_BATCH>,4,390,1,0,1,2026_Conforme_Cam_T_4_390.jpg,,top_only,Conforme
B,year + batch_num + cam_num + sample_num + label_filename,2026,<NO_BATCH>,4,390,1,0,1,2026_PIETRA_Cam_T_4_390.jpg,,top_only,PIETRA
B,year + batch_num + cam_num + sample_num + label_filename,2026,<NO_BATCH>,4,393,1,0,1,2026_Conforme_Cam_T_4_393.jpg,,top_only,Conforme
B,year + batch_num + cam_num + sample_num + label_filename,2026,<NO_BATCH>,4,393,1,0,1,2026_PIETRA_Cam_T_4_393.jpg,,top_only,PIETRA
B,year + batch_num + cam_num + sample_num + label_filename,2026,<NO_BATCH>,4,396,1,0,1,2026_PIETRA_Cam_T_4_396.jpg,,top_only,PIETRA
B,year + batch_num + cam_num + sample_num + label_filename,2026,<NO_BATCH>,4,402,1,0,1,2026_Conforme_Cam_T_4_402.jpg,,top_only,Conforme
B,year + batch_num + cam_num + sample_num + label_filename,2026,<NO_BATCH>,4,414,1,0,1,2026_PIETRA_Cam_T_4_414.jpg,,top_only,PIETRA
B,year + batch_num + cam_num + sample_num + label_filename,2026,<NO_BATCH>,4,416,1,0,1,2026_PIETRA_Cam_T_4_416.jpg,,top_only,PIETRA
B,year + batch_num + cam_num + sample_num + label_filename,2026,<NO_BATCH>,4,417,1,0,1,2026_PIETRA_Cam_T_4_417.jpg,,top_only,PIETRA
B,year + batch_num + cam_num + sample_num + label_filename,2026,<NO_BATCH>,4,418,1,0,1,2026_PIETRA_Cam_T_4_418.jpg,,top_only,PIETRA
B,year + batch_num + cam_num + sample_num + label_filename,2026,<NO_BATCH>,4,442,1,0,1,2026_PIETRA_Cam_T_4_442.jpg,,top_only,PIETRA
B,year + batch_num + cam_num + sample_num + label_filename,2026,<NO_BATCH>,4,468,1,0,1,2026_PIETRA_Cam_T_4_468.jpg,,top_only,PIETRA
B,year + batch_num + cam_num + sample_num + label_filename,2026,<NO_BATCH>,4,477,1,0,1,2026_PIETRA_Cam_T_4_477.jpg,,top_only,PIETRA
B,year + batch_num + cam_num + sample_num + label_filename,2026,<NO_BATCH>,4,508,1,0,1,2026_PIETRA_Cam_T_4_508.jpg,,top_only,PIETRA
B,year + batch_num + cam_num + sample_num + label_filename,2026,<NO_BATCH>,4,511,1,0,1,2026_PIETRA_Cam_T_4_511.jpg,,top_only,PIETRA
B,year + batch_num + cam_num + sample_num + label_filename,2026,<NO_BATCH>,4,514,1,0,1,2026_PIETRA_Cam_T_4_514.jpg,,top_only,PIETRA
B,year + batch_num + cam_num + sample_num + label_filename,2026,<NO_BATCH>,4,517,1,0,1,2026_PIETRA_Cam_T_4_517.jpg,,top_only,PIETRA
B,year + batch_num + cam_num + sample_num + label_filename,2026,<NO_BATCH>,4,522,1,0,1,2026_PIETRA_Cam_T_4_522.jpg,,top_only,PIETRA
B,year + batch_num + cam_num + sample_num + label_filename,2026,<NO_BATCH>,4,523,1,0,1,2026_PIETRA_Cam_T_4_523.jpg,,top_only,PIETRA
B,year + batch_num + cam_num + sample_num + label_filename,2026,<NO_BATCH>,4,524,1,0,1,2026_PIETRA_Cam_T_4_524.jpg,,top_only,PIETRA
B,year + batch_num + cam_num + sample_num + label_filename,2026,<NO_BATCH>,4,527,1,0,1,2026_PIETRA_Cam_T_4_527.jpg,,top_only,PIETRA
B,year + batch_num + cam_num + sample_num + label_filename,2026,<NO_BATCH>,4,536,1,0,1,2026_PIETRA_Cam_T_4_536.jpg,,top_only,PIETRA
B,year + batch_num + cam_num + sample_num + label_filename,2026,<NO_BATCH>,4,537,1,0,1,2026_PIETRA_Cam_T_4_537.jpg,,top_only,PIETRA
B,year + batch_num + cam_num + sample_num + label_filename,2026,<NO_BATCH>,4,538,1,0,1,2026_PIETRA_Cam_T_4_538.jpg,,top_only,PIETRA
B,year + batch_num + cam_num + sample_num + label_filename,2026,<NO_BATCH>,4,539,1,0,1,2026_PIETRA_Cam_T_4_539.jpg,,top_only,PIETRA
B,year + batch_num + cam_num + sample_num + label_filename,2026,<NO_BATCH>,4,540,1,0,1,2026_PIETRA_Cam_T_4_540.jpg,,top_only,PIETRA
B,year + batch_num + cam_num + sample_num + label_filename,2026,<NO_BATCH>,4,541,1,0,1,2026_PIETRA_Cam_T_4_541.jpg,,top_only,PIETRA
B,year + batch_num + cam_num + sample_num + label_filename,2026,<NO_BATCH>,4,542,1,0,1,2026_PIETRA_Cam_T_4_542.jpg,,top_only,PIETRA
B,year + batch_num + cam_num + sample_num + label_filename,2026,<NO_BATCH>,4,543,1,0,1,2026_PIETRA_Cam_T_4_543.jpg,,top_only,PIETRA
B,year + batch_num + cam_num + sample_num + label_filename,2026,<NO_BATCH>,4,544,1,0,1,2026_PIETRA_Cam_T_4_544.jpg,,top_only,PIETRA
B,year + batch_num + cam_num + sample_num + label_filename,2026,<NO_BATCH>,4,545,1,0,1,2026_PIETRA_Cam_T_4_545.jpg,,top_only,PIETRA
B,year + batch_num + cam_num + sample_num + label_filename,2026,<NO_BATCH>,4,546,1,0,1,2026_PIETRA_Cam_T_4_546.jpg,,top_only,PIETRA
B,year + batch_num + cam_num + sample_num + label_filename,2026,<NO_BATCH>,4,547,1,0,1,2026_PIETRA_Cam_T_4_547.jpg,,top_only,PIETRA
B,year + batch_num + cam_num + sample_num + label_filename,2026,<NO_BATCH>,4,548,1,0,1,2026_PIETRA_Cam_T_4_548.jpg,,top_only,PIETRA
B,year + batch_num + cam_num + sample_num + label_filename,2026,<NO_BATCH>,4,549,1,0,1,2026_PIETRA_Cam_T_4_549.jpg,,top_only,PIETRA
B,year + batch_num + cam_num + sample_num + label_filename,2026,<NO_BATCH>,4,550,1,0,1,2026_PIETRA_Cam_T_4_550.jpg,,top_only,PIETRA
B,year + batch_num + cam_num + sample_num + label_filename,2026,<NO_BATCH>,4,551,1,0,1,2026_PIETRA_Cam_T_4_551.jpg,,top_only,PIETRA
B,year + batch_num + cam_num + sample_num + label_filename,2026,<NO_BATCH>,4,552,1,0,1,2026_PIETRA_Cam_T_4_552.jpg,,top_only,PIETRA
B,year + batch_num + cam_num + sample_num + label_filename,2026,<NO_BATCH>,4,553,1,0,1,2026_PIETRA_Cam_T_4_553.jpg,,top_only,PIETRA
B,year + batch_num + cam_num + sample_num + label_filename,2026,<NO_BATCH>,4,554,1,0,1,2026_PIETRA_Cam_T_4_554.jpg,,top_only,PIETRA
B,year + batch_num + cam_num + sample_num + label_filename,2026,<NO_BATCH>,4,555,1,0,1,2026_PIETRA_Cam_T_4_555.jpg,,top_only,PIETRA
B,year + batch_num + cam_num + sample_num + label_filename,2026,<NO_BATCH>,4,556,1,0,1,2026_PIETRA_Cam_T_4_556.jpg,,top_only,PIETRA
B,year + batch_num + cam_num + sample_num + label_filename,2026,<NO_BATCH>,4,557,1,0,1,2026_PIETRA_Cam_T_4_557.jpg,,top_only,PIETRA
B,year + batch_num + cam_num + sample_num + label_filename,2026,<NO_BATCH>,4,558,1,0,1,2026_PIETRA_Cam_T_4_558.jpg,,top_only,PIETRA
B,year + batch_num + cam_num + sample_num + label_filename,2026,<NO_BATCH>,4,559,1,0,1,2026_PIETRA_Cam_T_4_559.jpg,,top_only,PIETRA
B,year + batch_num + cam_num + sample_num + label_filename,2026,<NO_BATCH>,4,560,1,0,1,2026_PIETRA_Cam_T_4_560.jpg,,top_only,PIETRA
B,year + batch_num + cam_num + sample_num + label_filename,2026,<NO_BATCH>,4,561,1,0,1,2026_PIETRA_Cam_T_4_561.jpg,,top_only,PIETRA
B,year + batch_num + cam_num + sample_num + label_filename,2026,<NO_BATCH>,4,562,1,0,1,2026_PIETRA_Cam_T_4_562.jpg,,top_only,PIETRA
B,year + batch_num + cam_num + sample_num + label_filename,2026,<NO_BATCH>,4,563,1,0,1,2026_PIETRA_Cam_T_4_563.jpg,,top_only,PIETRA
B,year + batch_num + cam_num + sample_num + label_filename,2026,<NO_BATCH>,4,564,1,0,1,2026_PIETRA_Cam_T_4_564.jpg,,top_only,PIETRA
B,year + batch_num + cam_num + sample_num + label_filename,2026,<NO_BATCH>,4,565,1,0,1,2026_PIETRA_Cam_T_4_565.jpg,,top_only,PIETRA
B,year + batch_num + cam_num + sample_num + label_filename,2026,<NO_BATCH>,4,566,1,0,1,2026_PIETRA_Cam_T_4_566.jpg,,top_only,PIETRA
B,year + batch_num + cam_num + sample_num + label_filename,2026,<NO_BATCH>,4,567,1,0,1,2026_PIETRA_Cam_T_4_567.jpg,,top_only,PIETRA
B,year + batch_num + cam_num + sample_num + label_filename,2026,<NO_BATCH>,4,568,1,0,1,2026_PIETRA_Cam_T_4_568.jpg,,top_only,PIETRA
B,year + batch_num + cam_num + sample_num + label_filename,2026,<NO_BATCH>,4,569,1,0,1,2026_PIETRA_Cam_T_4_569.jpg,,top_only,PIETRA
B,year + batch_num + cam_num + sample_num + label_filename,2026,<NO_BATCH>,4,570,1,0,1,2026_PIETRA_Cam_T_4_570.jpg,,top_only,PIETRA
B,year + batch_num + cam_num + sample_num + label_filename,2026,<NO_BATCH>,4,571,1,0,1,2026_PIETRA_Cam_T_4_571.jpg,,top_only,PIETRA
B,year + batch_num + cam_num + sample_num + label_filename,2026,<NO_BATCH>,4,572,1,0,1,2026_PIETRA_Cam_T_4_572.jpg,,top_only,PIETRA
B,year + batch_num + cam_num + sample_num + label_filename,2026,<NO_BATCH>,4,573,1,0,1,2026_PIETRA_Cam_T_4_573.jpg,,top_only,PIETRA
B,year + batch_num + cam_num + sample_num + label_filename,2026,<NO_BATCH>,4,574,1,0,1,2026_PIETRA_Cam_T_4_574.jpg,,top_only,PIETRA
B,year + batch_num + cam_num + sample_num + label_filename,2026,<NO_BATCH>,4,575,1,0,1,2026_PIETRA_Cam_T_4_575.jpg,,top_only,PIETRA
B,year + batch_num + cam_num + sample_num + label_filename,2026,<NO_BATCH>,4,576,1,0,1,2026_PIETRA_Cam_T_4_576.jpg,,top_only,PIETRA
B,year + batch_num + cam_num + sample_num + label_filename,2026,<NO_BATCH>,4,577,1,0,1,2026_PIETRA_Cam_T_4_577.jpg,,top_only,PIETRA
B,year + batch_num + cam_num + sample_num + label_filename,2026,<NO_BATCH>,4,578,1,0,1,2026_PIETRA_Cam_T_4_578.jpg,,top_only,PIETRA
B,year + batch_num + cam_num + sample_num + label_filename,2026,<NO_BATCH>,4,579,1,0,1,2026_PIETRA_Cam_T_4_579.jpg,,top_only,PIETRA
B,year + batch_num + cam_num + sample_num + label_filename,2026,<NO_BATCH>,4,580,1,0,1,2026_PIETRA_Cam_T_4_580.jpg,,top_only,PIETRA
B,year + batch_num + cam_num + sample_num + label_filename,2026,<NO_BATCH>,4,581,1,0,1,2026_PIETRA_Cam_T_4_581.jpg,,top_only,PIETRA
B,year + batch_num + cam_num + sample_num + label_filename,2026,<NO_BATCH>,4,582,1,0,1,2026_PIETRA_Cam_T_4_582.jpg,,top_only,PIETRA
B,year + batch_num + cam_num + sample_num + label_filename,2026,<NO_BATCH>,4,583,1,0,1,2026_PIETRA_Cam_T_4_583.jpg,,top_only,PIETRA
B,year + batch_num + cam_num + sample_num + label_filename,2026,<NO_BATCH>,4,584,1,0,1,2026_PIETRA_Cam_T_4_584.jpg,,top_only,PIETRA
B,year + batch_num + cam_num + sample_num + label_filename,2026,<NO_BATCH>,4,585,1,0,1,2026_PIETRA_Cam_T_4_585.jpg,,top_only,PIETRA
B,year + batch_num + cam_num + sample_num + label_filename,2026,<NO_BATCH>,4,586,1,0,1,2026_PIETRA_Cam_T_4_586.jpg,,top_only,PIETRA
B,year + batch_num + cam_num + sample_num + label_filename,2026,<NO_BATCH>,5,4,1,0,1,2026_PIETRA_Cam_T_5_4.jpg,,top_only,PIETRA
B,year + batch_num + cam_num + sample_num + label_filename,2026,<NO_BATCH>,5,174,1,0,1,2026_PIETRA_Cam_T_5_174.jpg,,top_only,PIETRA
B,year + batch_num + cam_num + sample_num + label_filename,2026,<NO_BATCH>,5,175,1,0,1,2026_NON_Conforme_Cam_T_5_175.jpg,,top_only,NON Conforme
B,year + batch_num + cam_num + sample_num + label_filename,2026,<NO_BATCH>,5,287,0,1,1,,2026_NON_Conforme_Cam_B_5_287.jpg,bottom_only,NON Conforme
B,year + batch_num + cam_num + sample_num + label_filename,2026,<NO_BATCH>,5,288,0,1,1,,2026_NON_Conforme_Cam_B_5_288.jpg,bottom_only,NON Conforme
B,year + batch_num + cam_num + sample_num + label_filename,2026,<NO_BATCH>,5,289,0,1,1,,2026_NON_Conforme_Cam_B_5_289.jpg,bottom_only,NON Conforme
B,year + batch_num + cam_num + sample_num + label_filename,2026,<NO_BATCH>,5,290,0,1,1,,2026_NON_Conforme_Cam_B_5_290.jpg,bottom_only,NON Conforme
B,year + batch_num + cam_num + sample_num + label_filename,2026,<NO_BATCH>,5,291,0,1,1,,2026_NON_Conforme_Cam_B_5_291.jpg,bottom_only,NON Conforme
B,year + batch_num + cam_num + sample_num + label_filename,2026,<NO_BATCH>,5,292,0,1,1,,2026_NON_Conforme_Cam_B_5_292.jpg,bottom_only,NON Conforme
B,year + batch_num + cam_num + sample_num + label_filename,2026,<NO_BATCH>,5,293,0,1,1,,2026_NON_Conforme_Cam_B_5_293.jpg,bottom_only,NON Conforme
B,year + batch_num + cam_num + sample_num + label_filename,2026,<NO_BATCH>,5,294,0,1,1,,2026_NON_Conforme_Cam_B_5_294.jpg,bottom_only,NON Conforme
B,year + batch_num + cam_num + sample_num + label_filename,2026,<NO_BATCH>,5,394,0,1,1,,2026_Conforme_Cam_B_5_394.jpg,bottom_only,Conforme
B,year + batch_num + cam_num + sample_num + label_filename,2026,<NO_BATCH>,5,395,0,1,1,,2026_Conforme_Cam_B_5_395.jpg,bottom_only,Conforme
B,year + batch_num + cam_num + sample_num + label_filename,2026,<NO_BATCH>,5,396,0,1,1,,2026_Conforme_Cam_B_5_396.jpg,bottom_only,Conforme
B,year + batch_num + cam_num + sample_num + label_filename,2026,<NO_BATCH>,5,397,0,1,1,,2026_Conforme_Cam_B_5_397.jpg,bottom_only,Conforme
B,year + batch_num + cam_num + sample_num + label_filename,2026,<NO_BATCH>,5,398,0,1,1,,2026_Conforme_Cam_B_5_398.jpg,bottom_only,Conforme
B,year + batch_num + cam_num + sample_num + label_filename,2026,<NO_BATCH>,5,399,0,1,1,,2026_Conforme_Cam_B_5_399.jpg,bottom_only,Conforme
B,year + batch_num + cam_num + sample_num + label_filename,2026,<NO_BATCH>,5,400,0,1,1,,2026_Conforme_Cam_B_5_400.jpg,bottom_only,Conforme
B,year + batch_num + cam_num + sample_num + label_filename,2026,<NO_BATCH>,5,401,0,1,1,,2026_Conforme_Cam_B_5_401.jpg,bottom_only,Conforme
B,year + batch_num + cam_num + sample_num + label_filename,2026,<NO_BATCH>,5,402,0,1,1,,2026_Conforme_Cam_B_5_402.jpg,bottom_only,Conforme
B,year + batch_num + cam_num + sample_num + label_filename,2026,<NO_BATCH>,5,403,0,1,1,,2026_Conforme_Cam_B_5_403.jpg,bottom_only,Conforme
B,year + batch_num + cam_num + sample_num + label_filename,2026,<NO_BATCH>,5,404,0,1,1,,2026_Conforme_Cam_B_5_404.jpg,bottom_only,Conforme
B,year + batch_num + cam_num + sample_num + label_filename,2026,<NO_BATCH>,5,405,0,1,1,,2026_Conforme_Cam_B_5_405.jpg,bottom_only,Conforme
B,year + batch_num + cam_num + sample_num + label_filename,2026,<NO_BATCH>,5,406,0,1,1,,2026_Conforme_Cam_B_5_406.jpg,bottom_only,Conforme
B,year + batch_num + cam_num + sample_num + label_filename,2026,<NO_BATCH>,5,407,0,1,1,,2026_Conforme_Cam_B_5_407.jpg,bottom_only,Conforme
B,year + batch_num + cam_num + sample_num + label_filename,2026,<NO_BATCH>,5,408,0,1,1,,2026_Conforme_Cam_B_5_408.jpg,bottom_only,Conforme
B,year + batch_num + cam_num + sample_num + label_filename,2026,<NO_BATCH>,5,409,0,1,1,,2026_Conforme_Cam_B_5_409.jpg,bottom_only,Conforme
B,year + batch_num + cam_num + sample_num + label_filename,2026,<NO_BATCH>,5,410,0,1,1,,2026_Conforme_Cam_B_5_410.jpg,bottom_only,Conforme
B,year + batch_num + cam_num + sample_num + label_filename,2026,<NO_BATCH>,5,411,0,1,1,,2026_Conforme_Cam_B_5_411.jpg,bottom_only,Conforme
B,year + batch_num + cam_num + sample_num + label_filename,2026,<NO_BATCH>,5,570,0,1,1,,2026_PIETRA_Cam_B_5_570.jpg,bottom_only,PIETRA
B,year + batch_num + cam_num + sample_num + label_filename,2026,<NO_BATCH>,5,571,0,1,1,,2026_PIETRA_Cam_B_5_571.jpg,bottom_only,PIETRA
B,year + batch_num + cam_num + sample_num + label_filename,2026,<NO_BATCH>,5,572,0,1,1,,2026_PIETRA_Cam_B_5_572.jpg,bottom_only,PIETRA
B,year + batch_num + cam_num + sample_num + label_filename,2026,<NO_BATCH>,5,573,0,1,1,,2026_PIETRA_Cam_B_5_573.jpg,bottom_only,PIETRA
B,year + batch_num + cam_num + sample_num + label_filename,2026,<NO_BATCH>,5,574,0,1,1,,2026_PIETRA_Cam_B_5_574.jpg,bottom_only,PIETRA
B,year + batch_num + cam_num + sample_num + label_filename,2026,<NO_BATCH>,5,575,0,1,1,,2026_PIETRA_Cam_B_5_575.jpg,bottom_only,PIETRA
B,year + batch_num + cam_num + sample_num + label_filename,2026,<NO_BATCH>,5,576,0,1,1,,2026_PIETRA_Cam_B_5_576.jpg,bottom_only,PIETRA
B,year + batch_num + cam_num + sample_num + label_filename,2026,<NO_BATCH>,5,577,0,1,1,,2026_PIETRA_Cam_B_5_577.jpg,bottom_only,PIETRA
B,year + batch_num + cam_num + sample_num + label_filename,2026,<NO_BATCH>,5,578,0,1,1,,2026_PIETRA_Cam_B_5_578.jpg,bottom_only,PIETRA
B,year + batch_num + cam_num + sample_num + label_filename,2026,<NO_BATCH>,5,579,0,1,1,,2026_PIETRA_Cam_B_5_579.jpg,bottom_only,PIETRA
B,year + batch_num + cam_num + sample_num + label_filename,2026,<NO_BATCH>,5,580,0,1,1,,2026_PIETRA_Cam_B_5_580.jpg,bottom_only,PIETRA
B,year + batch_num + cam_num + sample_num + label_filename,2026,<NO_BATCH>,5,581,0,1,1,,2026_PIETRA_Cam_B_5_581.jpg,bottom_only,PIETRA
B,year + batch_num + cam_num + sample_num + label_filename,2026,<NO_BATCH>,5,582,0,1,1,,2026_PIETRA_Cam_B_5_582.jpg,bottom_only,PIETRA
B,year + batch_num + cam_num + sample_num + label_filename,2026,<NO_BATCH>,5,583,0,1,1,,2026_PIETRA_Cam_B_5_583.jpg,bottom_only,PIETRA
B,year + batch_num + cam_num + sample_num + label_filename,2026,<NO_BATCH>,5,584,0,1,1,,2026_PIETRA_Cam_B_5_584.jpg,bottom_only,PIETRA
B,year + batch_num + cam_num + sample_num + label_filename,2026,<NO_BATCH>,5,585,0,1,1,,2026_PIETRA_Cam_B_5_585.jpg,bottom_only,PIETRA
B,year + batch_num + cam_num + sample_num + label_filename,2026,<NO_BATCH>,5,586,0,1,1,,2026_PIETRA_Cam_B_5_586.jpg,bottom_only,PIETRA
B,year + batch_num + cam_num + sample_num + label_filename,2026,<NO_BATCH>,5,587,0,1,1,,2026_PIETRA_Cam_B_5_587.jpg,bottom_only,PIETRA
B,year + batch_num + cam_num + sample_num + label_filename,2026,<NO_BATCH>,5,588,0,1,1,,2026_PIETRA_Cam_B_5_588.jpg,bottom_only,PIETRA
B,year + batch_num + cam_num + sample_num + label_filename,2026,<NO_BATCH>,5,589,0,1,1,,2026_PIETRA_Cam_B_5_589.jpg,bottom_only,PIETRA
B,year + batch_num + cam_num + sample_num + label_filename,2026,<NO_BATCH>,5,590,0,1,1,,2026_PIETRA_Cam_B_5_590.jpg,bottom_only,PIETRA
B,year + batch_num + cam_num + sample_num + label_filename,2026,<NO_BATCH>,5,591,0,1,1,,2026_PIETRA_Cam_B_5_591.jpg,bottom_only,PIETRA
B,year + batch_num + cam_num + sample_num + label_filename,2026,<NO_BATCH>,5,592,0,1,1,,2026_PIETRA_Cam_B_5_592.jpg,bottom_only,PIETRA
B,year + batch_num + cam_num + sample_num + label_filename,2026,<NO_BATCH>,5,593,0,1,1,,2026_PIETRA_Cam_B_5_593.jpg,bottom_only,PIETRA
B,year + batch_num + cam_num + sample_num + label_filename,2026,<NO_BATCH>,5,594,0,1,1,,2026_PIETRA_Cam_B_5_594.jpg,bottom_only,PIETRA
B,year + batch_num + cam_num + sample_num + label_filename,2026,<NO_BATCH>,5,595,0,1,1,,2026_PIETRA_Cam_B_5_595.jpg,bottom_only,PIETRA
B,year + batch_num + cam_num + sample_num + label_filename,2026,<NO_BATCH>,5,596,0,1,1,,2026_PIETRA_Cam_B_5_596.jpg,bottom_only,PIETRA
B,year + batch_num + cam_num + sample_num + label_filename,2026,<NO_BATCH>,5,597,0,1,1,,2026_PIETRA_Cam_B_5_597.jpg,bottom_only,PIETRA
B,year + batch_num + cam_num + sample_num + label_filename,2026,<NO_BATCH>,5,598,0,1,1,,2026_PIETRA_Cam_B_5_598.jpg,bottom_only,PIETRA
B,year + batch_num + cam_num + sample_num + label_filename,2026,<NO_BATCH>,5,599,0,1,1,,2026_PIETRA_Cam_B_5_599.jpg,bottom_only,PIETRA
B,year + batch_num + cam_num + sample_num + label_filename,2026,<NO_BATCH>,5,600,0,1,1,,2026_PIETRA_Cam_B_5_600.jpg,bottom_only,PIETRA
B,year + batch_num + cam_num + sample_num + label_filename,2026,<NO_BATCH>,5,601,0,1,1,,2026_PIETRA_Cam_B_5_601.jpg,bottom_only,PIETRA
B,year + batch_num + cam_num + sample_num + label_filename,2026,<NO_BATCH>,5,602,0,1,1,,2026_PIETRA_Cam_B_5_602.jpg,bottom_only,PIETRA
B,year + batch_num + cam_num + sample_num + label_filename,2026,<NO_BATCH>,5,603,0,1,1,,2026_PIETRA_Cam_B_5_603.jpg,bottom_only,PIETRA
B,year + batch_num + cam_num + sample_num + label_filename,2026,<NO_BATCH>,5,604,0,1,1,,2026_PIETRA_Cam_B_5_604.jpg,bottom_only,PIETRA
B,year + batch_num + cam_num + sample_num + label_filename,2026,<NO_BATCH>,5,605,0,1,1,,2026_PIETRA_Cam_B_5_605.jpg,bottom_only,PIETRA
B,year + batch_num + cam_num + sample_num + label_filename,2026,<NO_BATCH>,5,606,0,1,1,,2026_PIETRA_Cam_B_5_606.jpg,bottom_only,PIETRA
B,year + batch_num + cam_num + sample_num + label_filename,2026,<NO_BATCH>,5,607,0,1,1,,2026_PIETRA_Cam_B_5_607.jpg,bottom_only,PIETRA
B,year + batch_num + cam_num + sample_num + label_filename,2026,<NO_BATCH>,5,608,0,1,1,,2026_PIETRA_Cam_B_5_608.jpg,bottom_only,PIETRA
B,year + batch_num + cam_num + sample_num + label_filename,2026,<NO_BATCH>,5,609,0,1,1,,2026_PIETRA_Cam_B_5_609.jpg,bottom_only,PIETRA
B,year + batch_num + cam_num + sample_num + label_filename,2026,<NO_BATCH>,5,610,0,1,1,,2026_PIETRA_Cam_B_5_610.jpg,bottom_only,PIETRA
B,year + batch_num + cam_num + sample_num + label_filename,2026,<NO_BATCH>,5,611,0,1,1,,2026_PIETRA_Cam_B_5_611.jpg,bottom_only,PIETRA
B,year + batch_num + cam_num + sample_num + label_filename,2026,<NO_BATCH>,5,612,0,1,1,,2026_PIETRA_Cam_B_5_612.jpg,bottom_only,PIETRA
B,year + batch_num + cam_num + sample_num + label_filename,2026,<NO_BATCH>,6,0,1,0,1,2026_NON_Conforme_Cam_T_6_0.jpg,,top_only,NON Conforme
B,year + batch_num + cam_num + sample_num + label_filename,2026,<NO_BATCH>,6,1,1,0,1,2026_NON_Conforme_Cam_T_6_1.jpg,,top_only,NON Conforme
B,year + batch_num + cam_num + sample_num + label_filename,2026,<NO_BATCH>,6,3,1,0,1,2026_NON_Conforme_Cam_T_6_3.jpg,,top_only,NON Conforme
B,year + batch_num + cam_num + sample_num + label_filename,2026,<NO_BATCH>,6,7,1,0,1,2026_Conforme_Cam_T_6_7.jpg,,top_only,Conforme
B,year + batch_num + cam_num + sample_num + label_filename,2026,<NO_BATCH>,6,7,1,0,1,2026_NON_Conforme_Cam_T_6_7.jpg,,top_only,NON Conforme
B,year + batch_num + cam_num + sample_num + label_filename,2026,<NO_BATCH>,6,7,1,0,1,2026_PIETRA_Cam_T_6_7.jpg,,top_only,PIETRA
B,year + batch_num + cam_num + sample_num + label_filename,2026,<NO_BATCH>,6,11,1,0,1,2026_NON_Conforme_Cam_T_6_11.jpg,,top_only,NON Conforme
B,year + batch_num + cam_num + sample_num + label_filename,2026,<NO_BATCH>,6,17,1,0,1,2026_PIETRA_Cam_T_6_17.jpg,,top_only,PIETRA
B,year + batch_num + cam_num + sample_num + label_filename,2026,<NO_BATCH>,6,18,1,0,1,2026_Conforme_Cam_T_6_18.jpg,,top_only,Conforme
B,year + batch_num + cam_num + sample_num + label_filename,2026,<NO_BATCH>,6,18,1,0,1,2026_PIETRA_Cam_T_6_18.jpg,,top_only,PIETRA
B,year + batch_num + cam_num + sample_num + label_filename,2026,<NO_BATCH>,6,21,0,1,1,,2026_Conforme_Cam_B_6_21.jpg,bottom_only,Conforme
B,year + batch_num + cam_num + sample_num + label_filename,2026,<NO_BATCH>,6,21,1,0,1,2026_PIETRA_Cam_T_6_21.jpg,,top_only,PIETRA
B,year + batch_num + cam_num + sample_num + label_filename,2026,<NO_BATCH>,6,26,1,0,1,2026_PIETRA_Cam_T_6_26.jpg,,top_only,PIETRA
B,year + batch_num + cam_num + sample_num + label_filename,2026,<NO_BATCH>,6,34,1,0,1,2026_PIETRA_Cam_T_6_34.jpg,,top_only,PIETRA
B,year + batch_num + cam_num + sample_num + label_filename,2026,<NO_BATCH>,6,35,1,0,1,2026_Conforme_Cam_T_6_35.jpg,,top_only,Conforme
B,year + batch_num + cam_num + sample_num + label_filename,2026,<NO_BATCH>,6,41,1,0,1,2026_Conforme_Cam_T_6_41.jpg,,top_only,Conforme
B,year + batch_num + cam_num + sample_num + label_filename,2026,<NO_BATCH>,6,43,1,0,1,2026_PIETRA_Cam_T_6_43.jpg,,top_only,PIETRA
B,year + batch_num + cam_num + sample_num + label_filename,2026,<NO_BATCH>,6,45,0,1,1,,2026_Conforme_Cam_B_6_45.jpg,bottom_only,Conforme
B,year + batch_num + cam_num + sample_num + label_filename,2026,<NO_BATCH>,6,54,1,0,1,2026_PIETRA_Cam_T_6_54.jpg,,top_only,PIETRA
B,year + batch_num + cam_num + sample_num + label_filename,2026,<NO_BATCH>,6,55,1,0,1,2026_PIETRA_Cam_T_6_55.jpg,,top_only,PIETRA
B,year + batch_num + cam_num + sample_num + label_filename,2026,<NO_BATCH>,6,57,0,1,1,,2026_PIETRA_Cam_B_6_57.jpg,bottom_only,PIETRA
B,year + batch_num + cam_num + sample_num + label_filename,2026,<NO_BATCH>,6,61,1,0,1,2026_PIETRA_Cam_T_6_61.jpg,,top_only,PIETRA
B,year + batch_num + cam_num + sample_num + label_filename,2026,<NO_BATCH>,6,71,0,1,1,,2026_Conforme_Cam_B_6_71.jpg,bottom_only,Conforme
B,year + batch_num + cam_num + sample_num + label_filename,2026,<NO_BATCH>,6,75,1,0,1,2026_NON_Conforme_Cam_T_6_75.jpg,,top_only,NON Conforme
B,year + batch_num + cam_num + sample_num + label_filename,2026,<NO_BATCH>,6,78,1,0,1,2026_NON_Conforme_Cam_T_6_78.jpg,,top_only,NON Conforme
B,year + batch_num + cam_num + sample_num + label_filename,2026,<NO_BATCH>,6,85,1,0,1,2026_Conforme_Cam_T_6_85.jpg,,top_only,Conforme
B,year + batch_num + cam_num + sample_num + label_filename,2026,<NO_BATCH>,6,90,1,0,1,2026_PIETRA_Cam_T_6_90.jpg,,top_only,PIETRA
B,year + batch_num + cam_num + sample_num + label_filename,2026,<NO_BATCH>,6,92,0,1,1,,2026_Conforme_Cam_B_6_92.jpg,bottom_only,Conforme
B,year + batch_num + cam_num + sample_num + label_filename,2026,<NO_BATCH>,6,96,0,1,1,,2026_PIETRA_Cam_B_6_96.jpg,bottom_only,PIETRA
B,year + batch_num + cam_num + sample_num + label_filename,2026,<NO_BATCH>,6,97,0,1,1,,2026_PIETRA_Cam_B_6_97.jpg,bottom_only,PIETRA
B,year + batch_num + cam_num + sample_num + label_filename,2026,<NO_BATCH>,6,101,1,0,1,2026_PIETRA_Cam_T_6_101.jpg,,top_only,PIETRA
B,year + batch_num + cam_num + sample_num + label_filename,2026,<NO_BATCH>,6,105,1,0,1,2026_PIETRA_Cam_T_6_105.jpg,,top_only,PIETRA
B,year + batch_num + cam_num + sample_num + label_filename,2026,<NO_BATCH>,6,118,1,0,1,2026_PIETRA_Cam_T_6_118.jpg,,top_only,PIETRA
B,year + batch_num + cam_num + sample_num + label_filename,2026,<NO_BATCH>,6,125,1,0,1,2026_PIETRA_Cam_T_6_125.jpg,,top_only,PIETRA
B,year + batch_num + cam_num + sample_num + label_filename,2026,<NO_BATCH>,6,128,1,0,1,2026_NON_Conforme_Cam_T_6_128.jpg,,top_only,NON Conforme
B,year + batch_num + cam_num + sample_num + label_filename,2026,<NO_BATCH>,6,129,1,0,1,2026_NON_Conforme_Cam_T_6_129.jpg,,top_only,NON Conforme
B,year + batch_num + cam_num + sample_num + label_filename,2026,<NO_BATCH>,6,129,1,0,1,2026_PIETRA_Cam_T_6_129.jpg,,top_only,PIETRA
B,year + batch_num + cam_num + sample_num + label_filename,2026,<NO_BATCH>,6,132,0,1,1,,2026_NON_Conforme_Cam_B_6_132.jpg,bottom_only,NON Conforme
B,year + batch_num + cam_num + sample_num + label_filename,2026,<NO_BATCH>,6,132,1,0,1,2026_PIETRA_Cam_T_6_132.jpg,,top_only,PIETRA
B,year + batch_num + cam_num + sample_num + label_filename,2026,<NO_BATCH>,6,137,1,0,1,2026_NON_Conforme_Cam_T_6_137.jpg,,top_only,NON Conforme
B,year + batch_num + cam_num + sample_num + label_filename,2026,<NO_BATCH>,6,143,1,0,1,2026_NON_Conforme_Cam_T_6_143.jpg,,top_only,NON Conforme
B,year + batch_num + cam_num + sample_num + label_filename,2026,<NO_BATCH>,6,145,1,0,1,2026_NON_Conforme_Cam_T_6_145.jpg,,top_only,NON Conforme
B,year + batch_num + cam_num + sample_num + label_filename,2026,<NO_BATCH>,6,153,1,0,1,2026_NON_Conforme_Cam_T_6_153.jpg,,top_only,NON Conforme
B,year + batch_num + cam_num + sample_num + label_filename,2026,<NO_BATCH>,6,164,1,0,1,2026_PIETRA_Cam_T_6_164.jpg,,top_only,PIETRA
B,year + batch_num + cam_num + sample_num + label_filename,2026,<NO_BATCH>,6,165,1,0,1,2026_Conforme_Cam_T_6_165.jpg,,top_only,Conforme
B,year + batch_num + cam_num + sample_num + label_filename,2026,<NO_BATCH>,6,167,0,1,1,,2026_Conforme_Cam_B_6_167.jpg,bottom_only,Conforme
B,year + batch_num + cam_num + sample_num + label_filename,2026,<NO_BATCH>,6,167,1,0,1,2026_NON_Conforme_Cam_T_6_167.jpg,,top_only,NON Conforme
B,year + batch_num + cam_num + sample_num + label_filename,2026,<NO_BATCH>,6,169,1,0,1,2026_Conforme_Cam_T_6_169.jpg,,top_only,Conforme
B,year + batch_num + cam_num + sample_num + label_filename,2026,<NO_BATCH>,6,171,1,0,1,2026_Conforme_Cam_T_6_171.jpg,,top_only,Conforme
B,year + batch_num + cam_num + sample_num + label_filename,2026,<NO_BATCH>,6,173,1,0,1,2026_PIETRA_Cam_T_6_173.jpg,,top_only,PIETRA
B,year + batch_num + cam_num + sample_num + label_filename,2026,<NO_BATCH>,6,181,0,1,1,,2026_Conforme_Cam_B_6_181.jpg,bottom_only,Conforme
B,year + batch_num + cam_num + sample_num + label_filename,2026,<NO_BATCH>,6,185,0,1,1,,2026_NON_Conforme_Cam_B_6_185.jpg,bottom_only,NON Conforme
B,year + batch_num + cam_num + sample_num + label_filename,2026,<NO_BATCH>,6,188,0,1,1,,2026_NON_Conforme_Cam_B_6_188.jpg,bottom_only,NON Conforme
B,year + batch_num + cam_num + sample_num + label_filename,2026,<NO_BATCH>,6,188,1,0,1,2026_PIETRA_Cam_T_6_188.jpg,,top_only,PIETRA
B,year + batch_num + cam_num + sample_num + label_filename,2026,<NO_BATCH>,6,202,1,0,1,2026_NON_Conforme_Cam_T_6_202.jpg,,top_only,NON Conforme
B,year + batch_num + cam_num + sample_num + label_filename,2026,<NO_BATCH>,6,203,0,1,1,,2026_NON_Conforme_Cam_B_6_203.jpg,bottom_only,NON Conforme
B,year + batch_num + cam_num + sample_num + label_filename,2026,<NO_BATCH>,6,205,1,0,1,2026_PIETRA_Cam_T_6_205.jpg,,top_only,PIETRA
B,year + batch_num + cam_num + sample_num + label_filename,2026,<NO_BATCH>,6,210,1,0,1,2026_Conforme_Cam_T_6_210.jpg,,top_only,Conforme
B,year + batch_num + cam_num + sample_num + label_filename,2026,<NO_BATCH>,6,212,1,0,1,2026_PIETRA_Cam_T_6_212.jpg,,top_only,PIETRA
B,year + batch_num + cam_num + sample_num + label_filename,2026,<NO_BATCH>,6,215,1,0,1,2026_PIETRA_Cam_T_6_215.jpg,,top_only,PIETRA
B,year + batch_num + cam_num + sample_num + label_filename,2026,<NO_BATCH>,6,216,1,0,1,2026_PIETRA_Cam_T_6_216.jpg,,top_only,PIETRA
B,year + batch_num + cam_num + sample_num + label_filename,2026,<NO_BATCH>,6,220,1,0,1,2026_PIETRA_Cam_T_6_220.jpg,,top_only,PIETRA
B,year + batch_num + cam_num + sample_num + label_filename,2026,<NO_BATCH>,6,225,1,0,1,2026_PIETRA_Cam_T_6_225.jpg,,top_only,PIETRA
B,year + batch_num + cam_num + sample_num + label_filename,2026,<NO_BATCH>,6,228,1,0,1,2026_PIETRA_Cam_T_6_228.jpg,,top_only,PIETRA
B,year + batch_num + cam_num + sample_num + label_filename,2026,<NO_BATCH>,6,233,1,0,1,2026_PIETRA_Cam_T_6_233.jpg,,top_only,PIETRA
B,year + batch_num + cam_num + sample_num + label_filename,2026,<NO_BATCH>,6,234,1,0,1,2026_Conforme_Cam_T_6_234.jpg,,top_only,Conforme
B,year + batch_num + cam_num + sample_num + label_filename,2026,<NO_BATCH>,6,236,1,0,1,2026_NON_Conforme_Cam_T_6_236.jpg,,top_only,NON Conforme
B,year + batch_num + cam_num + sample_num + label_filename,2026,<NO_BATCH>,6,241,1,0,1,2026_PIETRA_Cam_T_6_241.jpg,,top_only,PIETRA
B,year + batch_num + cam_num + sample_num + label_filename,2026,<NO_BATCH>,6,242,0,1,1,,2026_PIETRA_Cam_B_6_242.jpg,bottom_only,PIETRA
B,year + batch_num + cam_num + sample_num + label_filename,2026,<NO_BATCH>,6,246,0,1,1,,2026_PIETRA_Cam_B_6_246.jpg,bottom_only,PIETRA
B,year + batch_num + cam_num + sample_num + label_filename,2026,<NO_BATCH>,6,248,0,1,1,,2026_Conforme_Cam_B_6_248.jpg,bottom_only,Conforme
B,year + batch_num + cam_num + sample_num + label_filename,2026,<NO_BATCH>,6,248,0,1,1,,2026_NON_Conforme_Cam_B_6_248.jpg,bottom_only,NON Conforme
B,year + batch_num + cam_num + sample_num + label_filename,2026,<NO_BATCH>,6,252,1,0,1,2026_PIETRA_Cam_T_6_252.jpg,,top_only,PIETRA
B,year + batch_num + cam_num + sample_num + label_filename,2026,<NO_BATCH>,6,263,0,1,1,,2026_PIETRA_Cam_B_6_263.jpg,bottom_only,PIETRA
B,year + batch_num + cam_num + sample_num + label_filename,2026,<NO_BATCH>,6,265,1,0,1,2026_PIETRA_Cam_T_6_265.jpg,,top_only,PIETRA
B,year + batch_num + cam_num + sample_num + label_filename,2026,<NO_BATCH>,6,278,1,0,1,2026_Conforme_Cam_T_6_278.jpg,,top_only,Conforme
B,year + batch_num + cam_num + sample_num + label_filename,2026,<NO_BATCH>,6,279,1,0,1,2026_PIETRA_Cam_T_6_279.jpg,,top_only,PIETRA
B,year + batch_num + cam_num + sample_num + label_filename,2026,<NO_BATCH>,6,280,0,1,1,,2026_NON_Conforme_Cam_B_6_280.jpg,bottom_only,NON Conforme
B,year + batch_num + cam_num + sample_num + label_filename,2026,<NO_BATCH>,6,281,0,1,1,,2026_NON_Conforme_Cam_B_6_281.jpg,bottom_only,NON Conforme
B,year + batch_num + cam_num + sample_num + label_filename,2026,<NO_BATCH>,6,282,0,1,1,,2026_NON_Conforme_Cam_B_6_282.jpg,bottom_only,NON Conforme
B,year + batch_num + cam_num + sample_num + label_filename,2026,<NO_BATCH>,6,304,1,0,1,2026_Conforme_Cam_T_6_304.jpg,,top_only,Conforme
B,year + batch_num + cam_num + sample_num + label_filename,2026,<NO_BATCH>,6,320,1,0,1,2026_PIETRA_Cam_T_6_320.jpg,,top_only,PIETRA
B,year + batch_num + cam_num + sample_num + label_filename,2026,<NO_BATCH>,6,321,1,0,1,2026_PIETRA_Cam_T_6_321.jpg,,top_only,PIETRA
B,year + batch_num + cam_num + sample_num + label_filename,2026,<NO_BATCH>,6,323,1,0,1,2026_Conforme_Cam_T_6_323.jpg,,top_only,Conforme
B,year + batch_num + cam_num + sample_num + label_filename,2026,<NO_BATCH>,6,324,1,0,1,2026_PIETRA_Cam_T_6_324.jpg,,top_only,PIETRA
B,year + batch_num + cam_num + sample_num + label_filename,2026,<NO_BATCH>,6,338,1,0,1,2026_PIETRA_Cam_T_6_338.jpg,,top_only,PIETRA
B,year + batch_num + cam_num + sample_num + label_filename,2026,<NO_BATCH>,6,343,1,0,1,2026_Conforme_Cam_T_6_343.jpg,,top_only,Conforme
B,year + batch_num + cam_num + sample_num + label_filename,2026,<NO_BATCH>,6,344,0,1,1,,2026_Conforme_Cam_B_6_344.jpg,bottom_only,Conforme
B,year + batch_num + cam_num + sample_num + label_filename,2026,<NO_BATCH>,6,352,1,0,1,2026_Conforme_Cam_T_6_352.jpg,,top_only,Conforme
B,year + batch_num + cam_num + sample_num + label_filename,2026,<NO_BATCH>,6,353,1,0,1,2026_PIETRA_Cam_T_6_353.jpg,,top_only,PIETRA
B,year + batch_num + cam_num + sample_num + label_filename,2026,<NO_BATCH>,6,354,1,0,1,2026_Conforme_Cam_T_6_354.jpg,,top_only,Conforme
B,year + batch_num + cam_num + sample_num + label_filename,2026,<NO_BATCH>,6,355,1,0,1,2026_Conforme_Cam_T_6_355.jpg,,top_only,Conforme
B,year + batch_num + cam_num + sample_num + label_filename,2026,<NO_BATCH>,6,355,1,0,1,2026_PIETRA_Cam_T_6_355.jpg,,top_only,PIETRA
B,year + batch_num + cam_num + sample_num + label_filename,2026,<NO_BATCH>,6,356,1,0,1,2026_PIETRA_Cam_T_6_356.jpg,,top_only,PIETRA
B,year + batch_num + cam_num + sample_num + label_filename,2026,<NO_BATCH>,6,357,1,0,1,2026_PIETRA_Cam_T_6_357.jpg,,top_only,PIETRA
B,year + batch_num + cam_num + sample_num + label_filename,2026,<NO_BATCH>,6,365,1,0,1,2026_Conforme_Cam_T_6_365.jpg,,top_only,Conforme
B,year + batch_num + cam_num + sample_num + label_filename,2026,<NO_BATCH>,6,380,1,0,1,2026_Conforme_Cam_T_6_380.jpg,,top_only,Conforme
B,year + batch_num + cam_num + sample_num + label_filename,2026,<NO_BATCH>,6,384,0,1,1,,2026_Conforme_Cam_B_6_384.jpg,bottom_only,Conforme
B,year + batch_num + cam_num + sample_num + label_filename,2026,<NO_BATCH>,6,385,1,0,1,2026_Conforme_Cam_T_6_385.jpg,,top_only,Conforme
B,year + batch_num + cam_num + sample_num + label_filename,2026,<NO_BATCH>,6,386,1,0,1,2026_Conforme_Cam_T_6_386.jpg,,top_only,Conforme
B,year + batch_num + cam_num + sample_num + label_filename,2026,<NO_BATCH>,6,387,1,0,1,2026_Conforme_Cam_T_6_387.jpg,,top_only,Conforme
B,year + batch_num + cam_num + sample_num + label_filename,2026,<NO_BATCH>,6,388,1,0,1,2026_Conforme_Cam_T_6_388.jpg,,top_only,Conforme
B,year + batch_num + cam_num + sample_num + label_filename,2026,<NO_BATCH>,6,389,1,0,1,2026_Conforme_Cam_T_6_389.jpg,,top_only,Conforme
B,year + batch_num + cam_num + sample_num + label_filename,2026,<NO_BATCH>,6,394,1,0,1,2026_PIETRA_Cam_T_6_394.jpg,,top_only,PIETRA
B,year + batch_num + cam_num + sample_num + label_filename,2026,<NO_BATCH>,6,398,1,0,1,2026_Conforme_Cam_T_6_398.jpg,,top_only,Conforme
B,year + batch_num + cam_num + sample_num + label_filename,2026,<NO_BATCH>,6,401,0,1,1,,2026_Conforme_Cam_B_6_401.jpg,bottom_only,Conforme
B,year + batch_num + cam_num + sample_num + label_filename,2026,<NO_BATCH>,6,401,1,0,1,2026_PIETRA_Cam_T_6_401.jpg,,top_only,PIETRA
B,year + batch_num + cam_num + sample_num + label_filename,2026,<NO_BATCH>,6,402,0,1,1,,2026_Conforme_Cam_B_6_402.jpg,bottom_only,Conforme
B,year + batch_num + cam_num + sample_num + label_filename,2026,<NO_BATCH>,6,409,1,0,1,2026_PIETRA_Cam_T_6_409.jpg,,top_only,PIETRA
B,year + batch_num + cam_num + sample_num + label_filename,2026,<NO_BATCH>,6,410,1,0,1,2026_PIETRA_Cam_T_6_410.jpg,,top_only,PIETRA
B,year + batch_num + cam_num + sample_num + label_filename,2026,<NO_BATCH>,6,411,1,0,1,2026_PIETRA_Cam_T_6_411.jpg,,top_only,PIETRA
B,year + batch_num + cam_num + sample_num + label_filename,2026,<NO_BATCH>,6,413,1,0,1,2026_PIETRA_Cam_T_6_413.jpg,,top_only,PIETRA
B,year + batch_num + cam_num + sample_num + label_filename,2026,<NO_BATCH>,6,415,1,0,1,2026_PIETRA_Cam_T_6_415.jpg,,top_only,PIETRA
B,year + batch_num + cam_num + sample_num + label_filename,2026,<NO_BATCH>,6,427,0,1,1,,2026_PIETRA_Cam_B_6_427.jpg,bottom_only,PIETRA
B,year + batch_num + cam_num + sample_num + label_filename,2026,<NO_BATCH>,6,447,1,0,1,2026_PIETRA_Cam_T_6_447.jpg,,top_only,PIETRA
B,year + batch_num + cam_num + sample_num + label_filename,2026,<NO_BATCH>,6,463,1,0,1,2026_PIETRA_Cam_T_6_463.jpg,,top_only,PIETRA
B,year + batch_num + cam_num + sample_num + label_filename,2026,<NO_BATCH>,6,470,1,0,1,2026_PIETRA_Cam_T_6_470.jpg,,top_only,PIETRA
B,year + batch_num + cam_num + sample_num + label_filename,2026,<NO_BATCH>,6,475,1,0,1,2026_PIETRA_Cam_T_6_475.jpg,,top_only,PIETRA
B,year + batch_num + cam_num + sample_num + label_filename,2026,<NO_BATCH>,6,480,1,0,1,2026_PIETRA_Cam_T_6_480.jpg,,top_only,PIETRA
B,year + batch_num + cam_num + sample_num + label_filename,2026,<NO_BATCH>,6,487,1,0,1,2026_PIETRA_Cam_T_6_487.jpg,,top_only,PIETRA
B,year + batch_num + cam_num + sample_num + label_filename,2026,<NO_BATCH>,6,491,1,0,1,2026_PIETRA_Cam_T_6_491.jpg,,top_only,PIETRA
B,year + batch_num + cam_num + sample_num + label_filename,2026,<NO_BATCH>,6,540,1,0,1,2026_PIETRA_Cam_T_6_540.jpg,,top_only,PIETRA
B,year + batch_num + cam_num + sample_num + label_filename,2026,<NO_BATCH>,6,549,1,0,1,2026_PIETRA_Cam_T_6_549.jpg,,top_only,PIETRA
B,year + batch_num + cam_num + sample_num + label_filename,2026,<NO_BATCH>,6,555,1,0,1,2026_PIETRA_Cam_T_6_555.jpg,,top_only,PIETRA
B,year + batch_num + cam_num + sample_num + label_filename,2026,<NO_BATCH>,6,559,1,0,1,2026_PIETRA_Cam_T_6_559.jpg,,top_only,PIETRA
B,year + batch_num + cam_num + sample_num + label_filename,2026,<NO_BATCH>,6,565,1,0,1,2026_PIETRA_Cam_T_6_565.jpg,,top_only,PIETRA
B,year + batch_num + cam_num + sample_num + label_filename,2026,<NO_BATCH>,6,574,1,0,1,2026_PIETRA_Cam_T_6_574.jpg,,top_only,PIETRA
B,year + batch_num + cam_num + sample_num + label_filename,2026,<NO_BATCH>,6,575,1,0,1,2026_PIETRA_Cam_T_6_575.jpg,,top_only,PIETRA
B,year + batch_num + cam_num + sample_num + label_filename,2026,<NO_BATCH>,6,576,1,0,1,2026_PIETRA_Cam_T_6_576.jpg,,top_only,PIETRA
B,year + batch_num + cam_num + sample_num + label_filename,2026,<NO_BATCH>,6,577,1,0,1,2026_PIETRA_Cam_T_6_577.jpg,,top_only,PIETRA
B,year + batch_num + cam_num + sample_num + label_filename,2026,<NO_BATCH>,6,578,1,0,1,2026_PIETRA_Cam_T_6_578.jpg,,top_only,PIETRA
B,year + batch_num + cam_num + sample_num + label_filename,2026,<NO_BATCH>,6,579,1,0,1,2026_PIETRA_Cam_T_6_579.jpg,,top_only,PIETRA
B,year + batch_num + cam_num + sample_num + label_filename,2026,<NO_BATCH>,6,580,1,0,1,2026_PIETRA_Cam_T_6_580.jpg,,top_only,PIETRA
B,year + batch_num + cam_num + sample_num + label_filename,2026,<NO_BATCH>,6,581,1,0,1,2026_PIETRA_Cam_T_6_581.jpg,,top_only,PIETRA
B,year + batch_num + cam_num + sample_num + label_filename,2026,<NO_BATCH>,6,582,1,0,1,2026_PIETRA_Cam_T_6_582.jpg,,top_only,PIETRA
C,year + cam_num + sample_num + label_filename,2025,,1,9,1,0,1,2025_NON_Conforme_Cam_T_1_9.jpg,,top_only,NON Conforme
C,year + cam_num + sample_num + label_filename,2025,,1,11,0,1,1,,2025_NON_Conforme_Cam_B_1_11.jpg,bottom_only,NON Conforme
C,year + cam_num + sample_num + label_filename,2025,,1,15,1,0,1,2025_NON_Conforme_Cam_T_1_15.jpg,,top_only,NON Conforme
C,year + cam_num + sample_num + label_filename,2025,,1,17,1,0,1,2025_NON_Conforme_Cam_T_1_17.jpg,,top_only,NON Conforme
C,year + cam_num + sample_num + label_filename,2025,,1,18,0,1,1,,2025_NON_Conforme_Cam_B_1_18.jpg,bottom_only,NON Conforme
C,year + cam_num + sample_num + label_filename,2025,,1,19,0,1,1,,2025_NON_Conforme_Cam_B_1_19.jpg,bottom_only,NON Conforme
C,year + cam_num + sample_num + label_filename,2025,,1,21,1,0,1,2025_NON_Conforme_Cam_T_1_21.jpg,,top_only,NON Conforme
C,year + cam_num + sample_num + label_filename,2025,,1,22,1,0,1,2025_NON_Conforme_Cam_T_1_22.jpg,,top_only,NON Conforme
C,year + cam_num + sample_num + label_filename,2025,,1,43,1,0,1,2025_NON_Conforme_Cam_T_1_43.jpg,,top_only,NON Conforme
C,year + cam_num + sample_num + label_filename,2025,,1,132,1,0,1,2025_PIETRA_Cam_T_1_132.jpg,,top_only,PIETRA
C,year + cam_num + sample_num + label_filename,2025,,1,145,1,0,1,2025_PIETRA_Cam_T_1_145.jpg,,top_only,PIETRA
C,year + cam_num + sample_num + label_filename,2025,,1,167,1,0,1,2025_NON_Conforme_Cam_T_1_167.jpg,,top_only,NON Conforme
C,year + cam_num + sample_num + label_filename,2025,,1,189,1,0,1,2025_PIETRA_Cam_T_1_189.jpg,,top_only,PIETRA
C,year + cam_num + sample_num + label_filename,2025,,1,190,1,0,1,2025_PIETRA_Cam_T_1_190.jpg,,top_only,PIETRA
C,year + cam_num + sample_num + label_filename,2025,,1,191,1,0,1,2025_PIETRA_Cam_T_1_191.jpg,,top_only,PIETRA
C,year + cam_num + sample_num + label_filename,2025,,1,192,1,0,1,2025_PIETRA_Cam_T_1_192.jpg,,top_only,PIETRA
C,year + cam_num + sample_num + label_filename,2025,,1,221,1,0,1,2025_PIETRA_Cam_T_1_221.jpg,,top_only,PIETRA
C,year + cam_num + sample_num + label_filename,2025,,1,289,1,0,1,2025_NON_Conforme_Cam_T_1_289.jpg,,top_only,NON Conforme
C,year + cam_num + sample_num + label_filename,2025,,1,296,1,0,1,2025_PIETRA_Cam_T_1_296.jpg,,top_only,PIETRA
C,year + cam_num + sample_num + label_filename,2025,,1,313,1,0,1,2025_NON_Conforme_Cam_T_1_313.jpg,,top_only,NON Conforme
C,year + cam_num + sample_num + label_filename,2025,,1,313,1,0,1,2025_PIETRA_Cam_T_1_313.jpg,,top_only,PIETRA
C,year + cam_num + sample_num + label_filename,2025,,1,314,1,0,1,2025_NON_Conforme_Cam_T_1_314.jpg,,top_only,NON Conforme
C,year + cam_num + sample_num + label_filename,2025,,1,314,1,0,1,2025_PIETRA_Cam_T_1_314.jpg,,top_only,PIETRA
C,year + cam_num + sample_num + label_filename,2025,,1,315,1,0,1,2025_NON_Conforme_Cam_T_1_315.jpg,,top_only,NON Conforme
C,year + cam_num + sample_num + label_filename,2025,,1,358,1,0,1,2025_PIETRA_Cam_T_1_358.jpg,,top_only,PIETRA
C,year + cam_num + sample_num + label_filename,2025,,1,363,1,0,1,2025_PIETRA_Cam_T_1_363.jpg,,top_only,PIETRA
C,year + cam_num + sample_num + label_filename,2025,,1,372,0,2,2,,2025_Conforme_1_Cam_B_1_372.jpg | 2025_Conforme_2_Cam_B_1_372.jpg,bottom_only,Conforme
C,year + cam_num + sample_num + label_filename,2025,,1,373,0,2,2,,2025_Conforme_1_Cam_B_1_373.jpg | 2025_Conforme_2_Cam_B_1_373.jpg,bottom_only,Conforme
C,year + cam_num + sample_num + label_filename,2025,,1,374,0,2,2,,2025_Conforme_1_Cam_B_1_374.jpg | 2025_Conforme_2_Cam_B_1_374.jpg,bottom_only,Conforme
C,year + cam_num + sample_num + label_filename,2025,,1,375,0,2,2,,2025_Conforme_1_Cam_B_1_375.jpg | 2025_Conforme_2_Cam_B_1_375.jpg,bottom_only,Conforme
C,year + cam_num + sample_num + label_filename,2025,,1,376,0,2,2,,2025_Conforme_1_Cam_B_1_376.jpg | 2025_Conforme_2_Cam_B_1_376.jpg,bottom_only,Conforme
C,year + cam_num + sample_num + label_filename,2025,,1,377,0,2,2,,2025_Conforme_1_Cam_B_1_377.jpg | 2025_Conforme_2_Cam_B_1_377.jpg,bottom_only,Conforme
C,year + cam_num + sample_num + label_filename,2025,,1,378,0,2,2,,2025_Conforme_1_Cam_B_1_378.jpg | 2025_Conforme_2_Cam_B_1_378.jpg,bottom_only,Conforme
C,year + cam_num + sample_num + label_filename,2025,,1,378,0,1,1,,2025_PIETRA_Cam_B_1_378.jpg,bottom_only,PIETRA
C,year + cam_num + sample_num + label_filename,2025,,1,379,0,2,2,,2025_Conforme_1_Cam_B_1_379.jpg | 2025_Conforme_2_Cam_B_1_379.jpg,bottom_only,Conforme
C,year + cam_num + sample_num + label_filename,2025,,1,379,0,1,1,,2025_PIETRA_Cam_B_1_379.jpg,bottom_only,PIETRA
C,year + cam_num + sample_num + label_filename,2025,,1,380,0,2,2,,2025_Conforme_1_Cam_B_1_380.jpg | 2025_Conforme_2_Cam_B_1_380.jpg,bottom_only,Conforme
C,year + cam_num + sample_num + label_filename,2025,,1,380,1,0,1,2025_NON_Conforme_Cam_T_1_380.jpg,,top_only,NON Conforme
C,year + cam_num + sample_num + label_filename,2025,,1,380,0,1,1,,2025_PIETRA_Cam_B_1_380.jpg,bottom_only,PIETRA
C,year + cam_num + sample_num + label_filename,2025,,1,381,0,2,2,,2025_Conforme_1_Cam_B_1_381.jpg | 2025_Conforme_2_Cam_B_1_381.jpg,bottom_only,Conforme
C,year + cam_num + sample_num + label_filename,2025,,1,381,0,1,1,,2025_PIETRA_Cam_B_1_381.jpg,bottom_only,PIETRA
C,year + cam_num + sample_num + label_filename,2025,,1,382,0,2,2,,2025_Conforme_1_Cam_B_1_382.jpg | 2025_Conforme_2_Cam_B_1_382.jpg,bottom_only,Conforme
C,year + cam_num + sample_num + label_filename,2025,,1,382,0,1,1,,2025_PIETRA_Cam_B_1_382.jpg,bottom_only,PIETRA
C,year + cam_num + sample_num + label_filename,2025,,1,383,0,2,2,,2025_Conforme_1_Cam_B_1_383.jpg | 2025_Conforme_2_Cam_B_1_383.jpg,bottom_only,Conforme
C,year + cam_num + sample_num + label_filename,2025,,1,383,0,1,1,,2025_PIETRA_Cam_B_1_383.jpg,bottom_only,PIETRA
C,year + cam_num + sample_num + label_filename,2025,,1,384,0,2,2,,2025_Conforme_1_Cam_B_1_384.jpg | 2025_Conforme_2_Cam_B_1_384.jpg,bottom_only,Conforme
C,year + cam_num + sample_num + label_filename,2025,,1,384,0,1,1,,2025_PIETRA_Cam_B_1_384.jpg,bottom_only,PIETRA
C,year + cam_num + sample_num + label_filename,2025,,1,385,0,2,2,,2025_Conforme_1_Cam_B_1_385.jpg | 2025_Conforme_2_Cam_B_1_385.jpg,bottom_only,Conforme
C,year + cam_num + sample_num + label_filename,2025,,1,385,0,1,1,,2025_PIETRA_Cam_B_1_385.jpg,bottom_only,PIETRA
C,year + cam_num + sample_num + label_filename,2025,,1,386,0,2,2,,2025_Conforme_1_Cam_B_1_386.jpg | 2025_Conforme_2_Cam_B_1_386.jpg,bottom_only,Conforme
C,year + cam_num + sample_num + label_filename,2025,,1,386,1,0,1,2025_NON_Conforme_Cam_T_1_386.jpg,,top_only,NON Conforme
C,year + cam_num + sample_num + label_filename,2025,,1,386,0,1,1,,2025_PIETRA_Cam_B_1_386.jpg,bottom_only,PIETRA
C,year + cam_num + sample_num + label_filename,2025,,1,387,0,2,2,,2025_Conforme_1_Cam_B_1_387.jpg | 2025_Conforme_2_Cam_B_1_387.jpg,bottom_only,Conforme
C,year + cam_num + sample_num + label_filename,2025,,1,387,0,1,1,,2025_PIETRA_Cam_B_1_387.jpg,bottom_only,PIETRA
C,year + cam_num + sample_num + label_filename,2025,,1,388,0,2,2,,2025_Conforme_1_Cam_B_1_388.jpg | 2025_Conforme_2_Cam_B_1_388.jpg,bottom_only,Conforme
C,year + cam_num + sample_num + label_filename,2025,,1,388,0,1,1,,2025_PIETRA_Cam_B_1_388.jpg,bottom_only,PIETRA
C,year + cam_num + sample_num + label_filename,2025,,1,389,0,2,2,,2025_Conforme_1_Cam_B_1_389.jpg | 2025_Conforme_2_Cam_B_1_389.jpg,bottom_only,Conforme
C,year + cam_num + sample_num + label_filename,2025,,1,389,0,1,1,,2025_PIETRA_Cam_B_1_389.jpg,bottom_only,PIETRA
C,year + cam_num + sample_num + label_filename,2025,,1,390,0,2,2,,2025_Conforme_1_Cam_B_1_390.jpg | 2025_Conforme_2_Cam_B_1_390.jpg,bottom_only,Conforme
C,year + cam_num + sample_num + label_filename,2025,,1,390,0,1,1,,2025_PIETRA_Cam_B_1_390.jpg,bottom_only,PIETRA
C,year + cam_num + sample_num + label_filename,2025,,1,391,0,2,2,,2025_Conforme_1_Cam_B_1_391.jpg | 2025_Conforme_2_Cam_B_1_391.jpg,bottom_only,Conforme
C,year + cam_num + sample_num + label_filename,2025,,1,391,0,1,1,,2025_PIETRA_Cam_B_1_391.jpg,bottom_only,PIETRA
C,year + cam_num + sample_num + label_filename,2025,,1,392,0,2,2,,2025_Conforme_1_Cam_B_1_392.jpg | 2025_Conforme_2_Cam_B_1_392.jpg,bottom_only,Conforme
C,year + cam_num + sample_num + label_filename,2025,,1,392,0,1,1,,2025_PIETRA_Cam_B_1_392.jpg,bottom_only,PIETRA
C,year + cam_num + sample_num + label_filename,2025,,1,393,0,2,2,,2025_Conforme_1_Cam_B_1_393.jpg | 2025_Conforme_2_Cam_B_1_393.jpg,bottom_only,Conforme
C,year + cam_num + sample_num + label_filename,2025,,1,393,0,1,1,,2025_PIETRA_Cam_B_1_393.jpg,bottom_only,PIETRA
C,year + cam_num + sample_num + label_filename,2025,,1,394,0,2,2,,2025_Conforme_1_Cam_B_1_394.jpg | 2025_Conforme_2_Cam_B_1_394.jpg,bottom_only,Conforme
C,year + cam_num + sample_num + label_filename,2025,,1,394,0,1,1,,2025_PIETRA_Cam_B_1_394.jpg,bottom_only,PIETRA
C,year + cam_num + sample_num + label_filename,2025,,1,395,0,2,2,,2025_Conforme_1_Cam_B_1_395.jpg | 2025_Conforme_2_Cam_B_1_395.jpg,bottom_only,Conforme
C,year + cam_num + sample_num + label_filename,2025,,1,395,0,1,1,,2025_PIETRA_Cam_B_1_395.jpg,bottom_only,PIETRA
C,year + cam_num + sample_num + label_filename,2025,,1,396,0,2,2,,2025_Conforme_1_Cam_B_1_396.jpg | 2025_Conforme_2_Cam_B_1_396.jpg,bottom_only,Conforme
C,year + cam_num + sample_num + label_filename,2025,,1,396,0,1,1,,2025_PIETRA_Cam_B_1_396.jpg,bottom_only,PIETRA
C,year + cam_num + sample_num + label_filename,2025,,1,397,0,2,2,,2025_Conforme_1_Cam_B_1_397.jpg | 2025_Conforme_2_Cam_B_1_397.jpg,bottom_only,Conforme
C,year + cam_num + sample_num + label_filename,2025,,1,397,0,1,1,,2025_PIETRA_Cam_B_1_397.jpg,bottom_only,PIETRA
C,year + cam_num + sample_num + label_filename,2025,,1,398,0,2,2,,2025_Conforme_1_Cam_B_1_398.jpg | 2025_Conforme_2_Cam_B_1_398.jpg,bottom_only,Conforme
C,year + cam_num + sample_num + label_filename,2025,,1,398,0,1,1,,2025_PIETRA_Cam_B_1_398.jpg,bottom_only,PIETRA
C,year + cam_num + sample_num + label_filename,2025,,1,399,0,2,2,,2025_Conforme_1_Cam_B_1_399.jpg | 2025_Conforme_2_Cam_B_1_399.jpg,bottom_only,Conforme
C,year + cam_num + sample_num + label_filename,2025,,1,399,0,1,1,,2025_PIETRA_Cam_B_1_399.jpg,bottom_only,PIETRA
C,year + cam_num + sample_num + label_filename,2025,,1,400,0,2,2,,2025_Conforme_1_Cam_B_1_400.jpg | 2025_Conforme_2_Cam_B_1_400.jpg,bottom_only,Conforme
C,year + cam_num + sample_num + label_filename,2025,,1,400,0,1,1,,2025_PIETRA_Cam_B_1_400.jpg,bottom_only,PIETRA
C,year + cam_num + sample_num + label_filename,2025,,1,401,0,2,2,,2025_Conforme_1_Cam_B_1_401.jpg | 2025_Conforme_2_Cam_B_1_401.jpg,bottom_only,Conforme
C,year + cam_num + sample_num + label_filename,2025,,1,401,0,1,1,,2025_PIETRA_Cam_B_1_401.jpg,bottom_only,PIETRA
C,year + cam_num + sample_num + label_filename,2025,,1,402,0,2,2,,2025_Conforme_1_Cam_B_1_402.jpg | 2025_Conforme_2_Cam_B_1_402.jpg,bottom_only,Conforme
C,year + cam_num + sample_num + label_filename,2025,,1,402,0,1,1,,2025_PIETRA_Cam_B_1_402.jpg,bottom_only,PIETRA
C,year + cam_num + sample_num + label_filename,2025,,1,403,0,2,2,,2025_Conforme_1_Cam_B_1_403.jpg | 2025_Conforme_2_Cam_B_1_403.jpg,bottom_only,Conforme
C,year + cam_num + sample_num + label_filename,2025,,1,403,0,1,1,,2025_PIETRA_Cam_B_1_403.jpg,bottom_only,PIETRA
C,year + cam_num + sample_num + label_filename,2025,,1,404,0,2,2,,2025_Conforme_1_Cam_B_1_404.jpg | 2025_Conforme_2_Cam_B_1_404.jpg,bottom_only,Conforme
C,year + cam_num + sample_num + label_filename,2025,,1,404,0,1,1,,2025_PIETRA_Cam_B_1_404.jpg,bottom_only,PIETRA
C,year + cam_num + sample_num + label_filename,2025,,1,405,0,2,2,,2025_Conforme_1_Cam_B_1_405.jpg | 2025_Conforme_2_Cam_B_1_405.jpg,bottom_only,Conforme
C,year + cam_num + sample_num + label_filename,2025,,1,405,0,1,1,,2025_PIETRA_Cam_B_1_405.jpg,bottom_only,PIETRA
C,year + cam_num + sample_num + label_filename,2025,,1,406,0,2,2,,2025_Conforme_1_Cam_B_1_406.jpg | 2025_Conforme_2_Cam_B_1_406.jpg,bottom_only,Conforme
C,year + cam_num + sample_num + label_filename,2025,,1,407,0,2,2,,2025_Conforme_1_Cam_B_1_407.jpg | 2025_Conforme_2_Cam_B_1_407.jpg,bottom_only,Conforme
C,year + cam_num + sample_num + label_filename,2025,,1,408,0,2,2,,2025_Conforme_1_Cam_B_1_408.jpg | 2025_Conforme_2_Cam_B_1_408.jpg,bottom_only,Conforme
C,year + cam_num + sample_num + label_filename,2025,,1,409,0,2,2,,2025_Conforme_1_Cam_B_1_409.jpg | 2025_Conforme_2_Cam_B_1_409.jpg,bottom_only,Conforme
C,year + cam_num + sample_num + label_filename,2025,,1,410,0,2,2,,2025_Conforme_1_Cam_B_1_410.jpg | 2025_Conforme_2_Cam_B_1_410.jpg,bottom_only,Conforme
C,year + cam_num + sample_num + label_filename,2025,,1,411,0,2,2,,2025_Conforme_1_Cam_B_1_411.jpg | 2025_Conforme_2_Cam_B_1_411.jpg,bottom_only,Conforme
C,year + cam_num + sample_num + label_filename,2025,,1,412,0,2,2,,2025_Conforme_1_Cam_B_1_412.jpg | 2025_Conforme_2_Cam_B_1_412.jpg,bottom_only,Conforme
C,year + cam_num + sample_num + label_filename,2025,,1,413,0,2,2,,2025_Conforme_1_Cam_B_1_413.jpg | 2025_Conforme_2_Cam_B_1_413.jpg,bottom_only,Conforme
C,year + cam_num + sample_num + label_filename,2025,,1,414,0,2,2,,2025_Conforme_1_Cam_B_1_414.jpg | 2025_Conforme_2_Cam_B_1_414.jpg,bottom_only,Conforme
C,year + cam_num + sample_num + label_filename,2025,,1,415,0,2,2,,2025_Conforme_1_Cam_B_1_415.jpg | 2025_Conforme_2_Cam_B_1_415.jpg,bottom_only,Conforme
C,year + cam_num + sample_num + label_filename,2025,,1,416,0,2,2,,2025_Conforme_1_Cam_B_1_416.jpg | 2025_Conforme_2_Cam_B_1_416.jpg,bottom_only,Conforme
C,year + cam_num + sample_num + label_filename,2025,,1,417,0,2,2,,2025_Conforme_1_Cam_B_1_417.jpg | 2025_Conforme_2_Cam_B_1_417.jpg,bottom_only,Conforme
C,year + cam_num + sample_num + label_filename,2025,,1,418,0,2,2,,2025_Conforme_1_Cam_B_1_418.jpg | 2025_Conforme_2_Cam_B_1_418.jpg,bottom_only,Conforme
C,year + cam_num + sample_num + label_filename,2025,,1,419,0,2,2,,2025_Conforme_1_Cam_B_1_419.jpg | 2025_Conforme_2_Cam_B_1_419.jpg,bottom_only,Conforme
C,year + cam_num + sample_num + label_filename,2025,,1,420,0,2,2,,2025_Conforme_1_Cam_B_1_420.jpg | 2025_Conforme_2_Cam_B_1_420.jpg,bottom_only,Conforme
C,year + cam_num + sample_num + label_filename,2025,,1,421,0,1,1,,2025_Conforme_2_Cam_B_1_421.jpg,bottom_only,Conforme
C,year + cam_num + sample_num + label_filename,2025,,1,422,0,1,1,,2025_Conforme_2_Cam_B_1_422.jpg,bottom_only,Conforme
C,year + cam_num + sample_num + label_filename,2025,,1,423,0,1,1,,2025_Conforme_2_Cam_B_1_423.jpg,bottom_only,Conforme
C,year + cam_num + sample_num + label_filename,2025,,1,424,0,1,1,,2025_Conforme_2_Cam_B_1_424.jpg,bottom_only,Conforme
C,year + cam_num + sample_num + label_filename,2025,,1,425,0,1,1,,2025_Conforme_2_Cam_B_1_425.jpg,bottom_only,Conforme
C,year + cam_num + sample_num + label_filename,2025,,1,426,0,1,1,,2025_Conforme_2_Cam_B_1_426.jpg,bottom_only,Conforme
C,year + cam_num + sample_num + label_filename,2025,,1,427,0,1,1,,2025_Conforme_2_Cam_B_1_427.jpg,bottom_only,Conforme
C,year + cam_num + sample_num + label_filename,2025,,1,428,0,1,1,,2025_Conforme_2_Cam_B_1_428.jpg,bottom_only,Conforme
C,year + cam_num + sample_num + label_filename,2025,,1,429,0,1,1,,2025_Conforme_2_Cam_B_1_429.jpg,bottom_only,Conforme
C,year + cam_num + sample_num + label_filename,2025,,1,430,0,1,1,,2025_Conforme_2_Cam_B_1_430.jpg,bottom_only,Conforme
C,year + cam_num + sample_num + label_filename,2025,,1,431,0,1,1,,2025_Conforme_2_Cam_B_1_431.jpg,bottom_only,Conforme
C,year + cam_num + sample_num + label_filename,2025,,1,432,0,1,1,,2025_Conforme_2_Cam_B_1_432.jpg,bottom_only,Conforme
C,year + cam_num + sample_num + label_filename,2025,,1,433,0,1,1,,2025_Conforme_2_Cam_B_1_433.jpg,bottom_only,Conforme
C,year + cam_num + sample_num + label_filename,2025,,1,434,0,1,1,,2025_Conforme_2_Cam_B_1_434.jpg,bottom_only,Conforme
C,year + cam_num + sample_num + label_filename,2025,,1,435,0,1,1,,2025_Conforme_2_Cam_B_1_435.jpg,bottom_only,Conforme
C,year + cam_num + sample_num + label_filename,2025,,1,436,0,1,1,,2025_Conforme_2_Cam_B_1_436.jpg,bottom_only,Conforme
C,year + cam_num + sample_num + label_filename,2025,,1,437,0,1,1,,2025_Conforme_2_Cam_B_1_437.jpg,bottom_only,Conforme
C,year + cam_num + sample_num + label_filename,2025,,1,438,0,1,1,,2025_Conforme_2_Cam_B_1_438.jpg,bottom_only,Conforme
C,year + cam_num + sample_num + label_filename,2025,,1,439,0,1,1,,2025_Conforme_2_Cam_B_1_439.jpg,bottom_only,Conforme
C,year + cam_num + sample_num + label_filename,2025,,1,440,0,1,1,,2025_Conforme_2_Cam_B_1_440.jpg,bottom_only,Conforme
C,year + cam_num + sample_num + label_filename,2025,,1,441,0,1,1,,2025_Conforme_2_Cam_B_1_441.jpg,bottom_only,Conforme
C,year + cam_num + sample_num + label_filename,2025,,1,442,0,1,1,,2025_Conforme_2_Cam_B_1_442.jpg,bottom_only,Conforme
C,year + cam_num + sample_num + label_filename,2025,,1,443,0,1,1,,2025_Conforme_2_Cam_B_1_443.jpg,bottom_only,Conforme
C,year + cam_num + sample_num + label_filename,2025,,1,444,0,1,1,,2025_Conforme_2_Cam_B_1_444.jpg,bottom_only,Conforme
C,year + cam_num + sample_num + label_filename,2025,,1,445,0,1,1,,2025_Conforme_2_Cam_B_1_445.jpg,bottom_only,Conforme
C,year + cam_num + sample_num + label_filename,2025,,1,446,0,1,1,,2025_Conforme_2_Cam_B_1_446.jpg,bottom_only,Conforme
C,year + cam_num + sample_num + label_filename,2025,,1,447,0,1,1,,2025_Conforme_2_Cam_B_1_447.jpg,bottom_only,Conforme
C,year + cam_num + sample_num + label_filename,2025,,1,448,0,1,1,,2025_Conforme_2_Cam_B_1_448.jpg,bottom_only,Conforme
C,year + cam_num + sample_num + label_filename,2025,,1,449,0,1,1,,2025_Conforme_2_Cam_B_1_449.jpg,bottom_only,Conforme
C,year + cam_num + sample_num + label_filename,2025,,1,450,0,1,1,,2025_Conforme_2_Cam_B_1_450.jpg,bottom_only,Conforme
C,year + cam_num + sample_num + label_filename,2025,,1,451,0,1,1,,2025_Conforme_2_Cam_B_1_451.jpg,bottom_only,Conforme
C,year + cam_num + sample_num + label_filename,2025,,1,452,0,1,1,,2025_Conforme_2_Cam_B_1_452.jpg,bottom_only,Conforme
C,year + cam_num + sample_num + label_filename,2025,,1,453,0,1,1,,2025_Conforme_2_Cam_B_1_453.jpg,bottom_only,Conforme
C,year + cam_num + sample_num + label_filename,2025,,1,454,0,1,1,,2025_Conforme_2_Cam_B_1_454.jpg,bottom_only,Conforme
C,year + cam_num + sample_num + label_filename,2025,,1,455,0,1,1,,2025_Conforme_2_Cam_B_1_455.jpg,bottom_only,Conforme
C,year + cam_num + sample_num + label_filename,2025,,1,456,0,1,1,,2025_Conforme_2_Cam_B_1_456.jpg,bottom_only,Conforme
C,year + cam_num + sample_num + label_filename,2025,,1,457,0,1,1,,2025_Conforme_2_Cam_B_1_457.jpg,bottom_only,Conforme
C,year + cam_num + sample_num + label_filename,2025,,1,458,0,1,1,,2025_Conforme_2_Cam_B_1_458.jpg,bottom_only,Conforme
C,year + cam_num + sample_num + label_filename,2025,,1,459,0,1,1,,2025_Conforme_2_Cam_B_1_459.jpg,bottom_only,Conforme
C,year + cam_num + sample_num + label_filename,2025,,1,460,0,1,1,,2025_Conforme_2_Cam_B_1_460.jpg,bottom_only,Conforme
C,year + cam_num + sample_num + label_filename,2025,,1,461,0,1,1,,2025_Conforme_2_Cam_B_1_461.jpg,bottom_only,Conforme
C,year + cam_num + sample_num + label_filename,2025,,1,462,0,1,1,,2025_Conforme_2_Cam_B_1_462.jpg,bottom_only,Conforme
C,year + cam_num + sample_num + label_filename,2025,,1,463,0,1,1,,2025_Conforme_2_Cam_B_1_463.jpg,bottom_only,Conforme
C,year + cam_num + sample_num + label_filename,2025,,1,464,0,1,1,,2025_Conforme_2_Cam_B_1_464.jpg,bottom_only,Conforme
C,year + cam_num + sample_num + label_filename,2025,,1,465,0,1,1,,2025_Conforme_2_Cam_B_1_465.jpg,bottom_only,Conforme
C,year + cam_num + sample_num + label_filename,2025,,1,466,0,1,1,,2025_Conforme_2_Cam_B_1_466.jpg,bottom_only,Conforme
C,year + cam_num + sample_num + label_filename,2025,,1,467,0,1,1,,2025_Conforme_2_Cam_B_1_467.jpg,bottom_only,Conforme
C,year + cam_num + sample_num + label_filename,2025,,1,468,0,1,1,,2025_Conforme_2_Cam_B_1_468.jpg,bottom_only,Conforme
C,year + cam_num + sample_num + label_filename,2025,,1,469,0,1,1,,2025_Conforme_2_Cam_B_1_469.jpg,bottom_only,Conforme
C,year + cam_num + sample_num + label_filename,2025,,1,470,0,1,1,,2025_Conforme_2_Cam_B_1_470.jpg,bottom_only,Conforme
C,year + cam_num + sample_num + label_filename,2025,,1,471,0,1,1,,2025_Conforme_2_Cam_B_1_471.jpg,bottom_only,Conforme
C,year + cam_num + sample_num + label_filename,2025,,1,472,0,1,1,,2025_Conforme_2_Cam_B_1_472.jpg,bottom_only,Conforme
C,year + cam_num + sample_num + label_filename,2025,,1,473,0,1,1,,2025_Conforme_2_Cam_B_1_473.jpg,bottom_only,Conforme
C,year + cam_num + sample_num + label_filename,2025,,1,474,0,1,1,,2025_Conforme_2_Cam_B_1_474.jpg,bottom_only,Conforme
C,year + cam_num + sample_num + label_filename,2025,,1,475,0,1,1,,2025_Conforme_2_Cam_B_1_475.jpg,bottom_only,Conforme
C,year + cam_num + sample_num + label_filename,2025,,1,476,0,1,1,,2025_Conforme_2_Cam_B_1_476.jpg,bottom_only,Conforme
C,year + cam_num + sample_num + label_filename,2025,,1,477,0,1,1,,2025_Conforme_2_Cam_B_1_477.jpg,bottom_only,Conforme
C,year + cam_num + sample_num + label_filename,2025,,1,478,0,1,1,,2025_Conforme_2_Cam_B_1_478.jpg,bottom_only,Conforme
C,year + cam_num + sample_num + label_filename,2025,,1,479,0,1,1,,2025_Conforme_2_Cam_B_1_479.jpg,bottom_only,Conforme
C,year + cam_num + sample_num + label_filename,2025,,1,480,0,1,1,,2025_Conforme_2_Cam_B_1_480.jpg,bottom_only,Conforme
C,year + cam_num + sample_num + label_filename,2025,,1,481,0,1,1,,2025_Conforme_2_Cam_B_1_481.jpg,bottom_only,Conforme
C,year + cam_num + sample_num + label_filename,2025,,1,482,0,1,1,,2025_Conforme_2_Cam_B_1_482.jpg,bottom_only,Conforme
C,year + cam_num + sample_num + label_filename,2025,,1,483,0,1,1,,2025_Conforme_2_Cam_B_1_483.jpg,bottom_only,Conforme
C,year + cam_num + sample_num + label_filename,2025,,1,484,0,1,1,,2025_Conforme_2_Cam_B_1_484.jpg,bottom_only,Conforme
C,year + cam_num + sample_num + label_filename,2025,,1,485,0,1,1,,2025_Conforme_2_Cam_B_1_485.jpg,bottom_only,Conforme
C,year + cam_num + sample_num + label_filename,2025,,1,486,0,1,1,,2025_Conforme_2_Cam_B_1_486.jpg,bottom_only,Conforme
C,year + cam_num + sample_num + label_filename,2025,,1,487,0,1,1,,2025_Conforme_2_Cam_B_1_487.jpg,bottom_only,Conforme
C,year + cam_num + sample_num + label_filename,2025,,1,488,0,1,1,,2025_Conforme_2_Cam_B_1_488.jpg,bottom_only,Conforme
C,year + cam_num + sample_num + label_filename,2025,,1,489,0,1,1,,2025_Conforme_2_Cam_B_1_489.jpg,bottom_only,Conforme
C,year + cam_num + sample_num + label_filename,2025,,1,490,0,1,1,,2025_Conforme_2_Cam_B_1_490.jpg,bottom_only,Conforme
C,year + cam_num + sample_num + label_filename,2025,,1,491,0,1,1,,2025_Conforme_2_Cam_B_1_491.jpg,bottom_only,Conforme
C,year + cam_num + sample_num + label_filename,2025,,1,492,0,1,1,,2025_Conforme_2_Cam_B_1_492.jpg,bottom_only,Conforme
C,year + cam_num + sample_num + label_filename,2025,,1,493,0,1,1,,2025_Conforme_2_Cam_B_1_493.jpg,bottom_only,Conforme
C,year + cam_num + sample_num + label_filename,2025,,1,494,0,1,1,,2025_Conforme_2_Cam_B_1_494.jpg,bottom_only,Conforme
C,year + cam_num + sample_num + label_filename,2025,,1,495,0,1,1,,2025_Conforme_2_Cam_B_1_495.jpg,bottom_only,Conforme
C,year + cam_num + sample_num + label_filename,2025,,1,496,0,1,1,,2025_Conforme_2_Cam_B_1_496.jpg,bottom_only,Conforme
C,year + cam_num + sample_num + label_filename,2025,,1,497,0,1,1,,2025_Conforme_2_Cam_B_1_497.jpg,bottom_only,Conforme
C,year + cam_num + sample_num + label_filename,2025,,1,498,0,1,1,,2025_Conforme_2_Cam_B_1_498.jpg,bottom_only,Conforme
C,year + cam_num + sample_num + label_filename,2025,,1,499,0,1,1,,2025_Conforme_2_Cam_B_1_499.jpg,bottom_only,Conforme
C,year + cam_num + sample_num + label_filename,2025,,1,500,0,1,1,,2025_Conforme_2_Cam_B_1_500.jpg,bottom_only,Conforme
C,year + cam_num + sample_num + label_filename,2025,,1,501,0,1,1,,2025_Conforme_2_Cam_B_1_501.jpg,bottom_only,Conforme
C,year + cam_num + sample_num + label_filename,2025,,1,502,0,1,1,,2025_Conforme_2_Cam_B_1_502.jpg,bottom_only,Conforme
C,year + cam_num + sample_num + label_filename,2025,,1,503,0,1,1,,2025_Conforme_2_Cam_B_1_503.jpg,bottom_only,Conforme
C,year + cam_num + sample_num + label_filename,2025,,1,504,0,1,1,,2025_Conforme_2_Cam_B_1_504.jpg,bottom_only,Conforme
C,year + cam_num + sample_num + label_filename,2025,,1,505,0,1,1,,2025_Conforme_2_Cam_B_1_505.jpg,bottom_only,Conforme
C,year + cam_num + sample_num + label_filename,2025,,1,506,0,1,1,,2025_Conforme_2_Cam_B_1_506.jpg,bottom_only,Conforme
C,year + cam_num + sample_num + label_filename,2025,,1,507,0,1,1,,2025_Conforme_2_Cam_B_1_507.jpg,bottom_only,Conforme
C,year + cam_num + sample_num + label_filename,2025,,1,508,0,1,1,,2025_Conforme_2_Cam_B_1_508.jpg,bottom_only,Conforme
C,year + cam_num + sample_num + label_filename,2025,,1,509,0,1,1,,2025_Conforme_2_Cam_B_1_509.jpg,bottom_only,Conforme
C,year + cam_num + sample_num + label_filename,2025,,1,510,0,1,1,,2025_Conforme_2_Cam_B_1_510.jpg,bottom_only,Conforme
C,year + cam_num + sample_num + label_filename,2025,,1,511,0,1,1,,2025_Conforme_2_Cam_B_1_511.jpg,bottom_only,Conforme
C,year + cam_num + sample_num + label_filename,2025,,1,512,0,1,1,,2025_Conforme_2_Cam_B_1_512.jpg,bottom_only,Conforme
C,year + cam_num + sample_num + label_filename,2025,,1,513,0,1,1,,2025_Conforme_2_Cam_B_1_513.jpg,bottom_only,Conforme
C,year + cam_num + sample_num + label_filename,2025,,1,514,0,1,1,,2025_Conforme_2_Cam_B_1_514.jpg,bottom_only,Conforme
C,year + cam_num + sample_num + label_filename,2025,,1,515,0,1,1,,2025_Conforme_2_Cam_B_1_515.jpg,bottom_only,Conforme
C,year + cam_num + sample_num + label_filename,2025,,1,516,0,1,1,,2025_Conforme_2_Cam_B_1_516.jpg,bottom_only,Conforme
C,year + cam_num + sample_num + label_filename,2025,,1,517,0,1,1,,2025_Conforme_2_Cam_B_1_517.jpg,bottom_only,Conforme
C,year + cam_num + sample_num + label_filename,2025,,1,518,0,1,1,,2025_Conforme_2_Cam_B_1_518.jpg,bottom_only,Conforme
C,year + cam_num + sample_num + label_filename,2025,,1,519,0,1,1,,2025_Conforme_2_Cam_B_1_519.jpg,bottom_only,Conforme
C,year + cam_num + sample_num + label_filename,2025,,1,520,0,1,1,,2025_Conforme_2_Cam_B_1_520.jpg,bottom_only,Conforme
C,year + cam_num + sample_num + label_filename,2025,,1,521,0,1,1,,2025_Conforme_2_Cam_B_1_521.jpg,bottom_only,Conforme
C,year + cam_num + sample_num + label_filename,2025,,1,522,0,1,1,,2025_Conforme_2_Cam_B_1_522.jpg,bottom_only,Conforme
C,year + cam_num + sample_num + label_filename,2025,,1,523,0,1,1,,2025_Conforme_2_Cam_B_1_523.jpg,bottom_only,Conforme
C,year + cam_num + sample_num + label_filename,2025,,1,524,0,1,1,,2025_Conforme_2_Cam_B_1_524.jpg,bottom_only,Conforme
C,year + cam_num + sample_num + label_filename,2025,,1,525,0,1,1,,2025_Conforme_2_Cam_B_1_525.jpg,bottom_only,Conforme
C,year + cam_num + sample_num + label_filename,2025,,1,526,0,1,1,,2025_Conforme_2_Cam_B_1_526.jpg,bottom_only,Conforme
C,year + cam_num + sample_num + label_filename,2025,,1,527,0,1,1,,2025_Conforme_2_Cam_B_1_527.jpg,bottom_only,Conforme
C,year + cam_num + sample_num + label_filename,2025,,1,528,0,1,1,,2025_Conforme_2_Cam_B_1_528.jpg,bottom_only,Conforme
C,year + cam_num + sample_num + label_filename,2025,,1,529,0,1,1,,2025_Conforme_2_Cam_B_1_529.jpg,bottom_only,Conforme
C,year + cam_num + sample_num + label_filename,2025,,1,530,0,1,1,,2025_Conforme_2_Cam_B_1_530.jpg,bottom_only,Conforme
C,year + cam_num + sample_num + label_filename,2025,,1,531,0,1,1,,2025_Conforme_2_Cam_B_1_531.jpg,bottom_only,Conforme
C,year + cam_num + sample_num + label_filename,2025,,1,532,0,1,1,,2025_Conforme_2_Cam_B_1_532.jpg,bottom_only,Conforme
C,year + cam_num + sample_num + label_filename,2025,,2,11,0,1,1,,2025_NON_Conforme_Cam_B_2_11.jpg,bottom_only,NON Conforme
C,year + cam_num + sample_num + label_filename,2025,,2,17,1,0,1,2025_NON_Conforme_Cam_T_2_17.jpg,,top_only,NON Conforme
C,year + cam_num + sample_num + label_filename,2025,,2,18,0,1,1,,2025_NON_Conforme_Cam_B_2_18.jpg,bottom_only,NON Conforme
C,year + cam_num + sample_num + label_filename,2025,,2,21,0,1,1,,2025_NON_Conforme_Cam_B_2_21.jpg,bottom_only,NON Conforme
C,year + cam_num + sample_num + label_filename,2025,,2,22,0,1,1,,2025_NON_Conforme_Cam_B_2_22.jpg,bottom_only,NON Conforme
C,year + cam_num + sample_num + label_filename,2025,,2,23,0,1,1,,2025_NON_Conforme_Cam_B_2_23.jpg,bottom_only,NON Conforme
C,year + cam_num + sample_num + label_filename,2025,,2,24,1,0,1,2025_NON_Conforme_Cam_T_2_24.jpg,,top_only,NON Conforme
C,year + cam_num + sample_num + label_filename,2025,,2,25,1,0,1,2025_NON_Conforme_Cam_T_2_25.jpg,,top_only,NON Conforme
C,year + cam_num + sample_num + label_filename,2025,,2,28,1,0,1,2025_NON_Conforme_Cam_T_2_28.jpg,,top_only,NON Conforme
C,year + cam_num + sample_num + label_filename,2025,,2,29,1,0,1,2025_NON_Conforme_Cam_T_2_29.jpg,,top_only,NON Conforme
C,year + cam_num + sample_num + label_filename,2025,,2,316,1,0,1,2025_PIETRA_Cam_T_2_316.jpg,,top_only,PIETRA
C,year + cam_num + sample_num + label_filename,2025,,2,375,0,1,1,,2025_PIETRA_Cam_B_2_375.jpg,bottom_only,PIETRA
C,year + cam_num + sample_num + label_filename,2025,,2,376,0,1,1,,2025_PIETRA_Cam_B_2_376.jpg,bottom_only,PIETRA
C,year + cam_num + sample_num + label_filename,2025,,2,377,0,1,1,,2025_PIETRA_Cam_B_2_377.jpg,bottom_only,PIETRA
C,year + cam_num + sample_num + label_filename,2025,,2,378,0,1,1,,2025_PIETRA_Cam_B_2_378.jpg,bottom_only,PIETRA
C,year + cam_num + sample_num + label_filename,2025,,2,379,0,1,1,,2025_PIETRA_Cam_B_2_379.jpg,bottom_only,PIETRA
C,year + cam_num + sample_num + label_filename,2025,,2,380,0,1,1,,2025_PIETRA_Cam_B_2_380.jpg,bottom_only,PIETRA
C,year + cam_num + sample_num + label_filename,2025,,2,381,0,1,1,,2025_PIETRA_Cam_B_2_381.jpg,bottom_only,PIETRA
C,year + cam_num + sample_num + label_filename,2025,,2,382,0,1,1,,2025_PIETRA_Cam_B_2_382.jpg,bottom_only,PIETRA
C,year + cam_num + sample_num + label_filename,2025,,2,383,0,1,1,,2025_PIETRA_Cam_B_2_383.jpg,bottom_only,PIETRA
C,year + cam_num + sample_num + label_filename,2025,,2,384,0,1,1,,2025_PIETRA_Cam_B_2_384.jpg,bottom_only,PIETRA
C,year + cam_num + sample_num + label_filename,2025,,2,385,0,1,1,,2025_PIETRA_Cam_B_2_385.jpg,bottom_only,PIETRA
C,year + cam_num + sample_num + label_filename,2025,,2,386,0,2,2,,2025_Conforme_1_Cam_B_2_386.jpg | 2025_Conforme_2_Cam_B_2_386.jpg,bottom_only,Conforme
C,year + cam_num + sample_num + label_filename,2025,,2,386,0,1,1,,2025_PIETRA_Cam_B_2_386.jpg,bottom_only,PIETRA
C,year + cam_num + sample_num + label_filename,2025,,2,387,0,2,2,,2025_Conforme_1_Cam_B_2_387.jpg | 2025_Conforme_2_Cam_B_2_387.jpg,bottom_only,Conforme
C,year + cam_num + sample_num + label_filename,2025,,2,387,0,1,1,,2025_PIETRA_Cam_B_2_387.jpg,bottom_only,PIETRA
C,year + cam_num + sample_num + label_filename,2025,,2,388,0,2,2,,2025_Conforme_1_Cam_B_2_388.jpg | 2025_Conforme_2_Cam_B_2_388.jpg,bottom_only,Conforme
C,year + cam_num + sample_num + label_filename,2025,,2,388,0,1,1,,2025_PIETRA_Cam_B_2_388.jpg,bottom_only,PIETRA
C,year + cam_num + sample_num + label_filename,2025,,2,389,0,2,2,,2025_Conforme_1_Cam_B_2_389.jpg | 2025_Conforme_2_Cam_B_2_389.jpg,bottom_only,Conforme
C,year + cam_num + sample_num + label_filename,2025,,2,389,0,1,1,,2025_PIETRA_Cam_B_2_389.jpg,bottom_only,PIETRA
C,year + cam_num + sample_num + label_filename,2025,,2,390,0,2,2,,2025_Conforme_1_Cam_B_2_390.jpg | 2025_Conforme_2_Cam_B_2_390.jpg,bottom_only,Conforme
C,year + cam_num + sample_num + label_filename,2025,,2,390,0,1,1,,2025_PIETRA_Cam_B_2_390.jpg,bottom_only,PIETRA
C,year + cam_num + sample_num + label_filename,2025,,2,391,0,2,2,,2025_Conforme_1_Cam_B_2_391.jpg | 2025_Conforme_2_Cam_B_2_391.jpg,bottom_only,Conforme
C,year + cam_num + sample_num + label_filename,2025,,2,391,0,1,1,,2025_PIETRA_Cam_B_2_391.jpg,bottom_only,PIETRA
C,year + cam_num + sample_num + label_filename,2025,,2,392,0,2,2,,2025_Conforme_1_Cam_B_2_392.jpg | 2025_Conforme_2_Cam_B_2_392.jpg,bottom_only,Conforme
C,year + cam_num + sample_num + label_filename,2025,,2,392,0,1,1,,2025_PIETRA_Cam_B_2_392.jpg,bottom_only,PIETRA
C,year + cam_num + sample_num + label_filename,2025,,2,393,0,2,2,,2025_Conforme_1_Cam_B_2_393.jpg | 2025_Conforme_2_Cam_B_2_393.jpg,bottom_only,Conforme
C,year + cam_num + sample_num + label_filename,2025,,2,393,0,1,1,,2025_PIETRA_Cam_B_2_393.jpg,bottom_only,PIETRA
C,year + cam_num + sample_num + label_filename,2025,,2,394,0,2,2,,2025_Conforme_1_Cam_B_2_394.jpg | 2025_Conforme_2_Cam_B_2_394.jpg,bottom_only,Conforme
C,year + cam_num + sample_num + label_filename,2025,,2,394,0,1,1,,2025_PIETRA_Cam_B_2_394.jpg,bottom_only,PIETRA
C,year + cam_num + sample_num + label_filename,2025,,2,395,0,2,2,,2025_Conforme_1_Cam_B_2_395.jpg | 2025_Conforme_2_Cam_B_2_395.jpg,bottom_only,Conforme
C,year + cam_num + sample_num + label_filename,2025,,2,395,0,1,1,,2025_PIETRA_Cam_B_2_395.jpg,bottom_only,PIETRA
C,year + cam_num + sample_num + label_filename,2025,,2,396,0,2,2,,2025_Conforme_1_Cam_B_2_396.jpg | 2025_Conforme_2_Cam_B_2_396.jpg,bottom_only,Conforme
C,year + cam_num + sample_num + label_filename,2025,,2,396,0,1,1,,2025_PIETRA_Cam_B_2_396.jpg,bottom_only,PIETRA
C,year + cam_num + sample_num + label_filename,2025,,2,397,0,2,2,,2025_Conforme_1_Cam_B_2_397.jpg | 2025_Conforme_2_Cam_B_2_397.jpg,bottom_only,Conforme
C,year + cam_num + sample_num + label_filename,2025,,2,397,0,1,1,,2025_PIETRA_Cam_B_2_397.jpg,bottom_only,PIETRA
C,year + cam_num + sample_num + label_filename,2025,,2,398,0,2,2,,2025_Conforme_1_Cam_B_2_398.jpg | 2025_Conforme_2_Cam_B_2_398.jpg,bottom_only,Conforme
C,year + cam_num + sample_num + label_filename,2025,,2,398,0,1,1,,2025_PIETRA_Cam_B_2_398.jpg,bottom_only,PIETRA
C,year + cam_num + sample_num + label_filename,2025,,2,399,0,2,2,,2025_Conforme_1_Cam_B_2_399.jpg | 2025_Conforme_2_Cam_B_2_399.jpg,bottom_only,Conforme
C,year + cam_num + sample_num + label_filename,2025,,2,400,0,2,2,,2025_Conforme_1_Cam_B_2_400.jpg | 2025_Conforme_2_Cam_B_2_400.jpg,bottom_only,Conforme
C,year + cam_num + sample_num + label_filename,2025,,2,401,0,2,2,,2025_Conforme_1_Cam_B_2_401.jpg | 2025_Conforme_2_Cam_B_2_401.jpg,bottom_only,Conforme
C,year + cam_num + sample_num + label_filename,2025,,2,402,0,2,2,,2025_Conforme_1_Cam_B_2_402.jpg | 2025_Conforme_2_Cam_B_2_402.jpg,bottom_only,Conforme
C,year + cam_num + sample_num + label_filename,2025,,2,403,0,2,2,,2025_Conforme_1_Cam_B_2_403.jpg | 2025_Conforme_2_Cam_B_2_403.jpg,bottom_only,Conforme
C,year + cam_num + sample_num + label_filename,2025,,2,404,0,2,2,,2025_Conforme_1_Cam_B_2_404.jpg | 2025_Conforme_2_Cam_B_2_404.jpg,bottom_only,Conforme
C,year + cam_num + sample_num + label_filename,2025,,2,405,0,2,2,,2025_Conforme_1_Cam_B_2_405.jpg | 2025_Conforme_2_Cam_B_2_405.jpg,bottom_only,Conforme
C,year + cam_num + sample_num + label_filename,2025,,2,406,0,2,2,,2025_Conforme_1_Cam_B_2_406.jpg | 2025_Conforme_2_Cam_B_2_406.jpg,bottom_only,Conforme
C,year + cam_num + sample_num + label_filename,2025,,2,407,0,1,1,,2025_Conforme_2_Cam_B_2_407.jpg,bottom_only,Conforme
C,year + cam_num + sample_num + label_filename,2025,,2,408,0,1,1,,2025_Conforme_2_Cam_B_2_408.jpg,bottom_only,Conforme
C,year + cam_num + sample_num + label_filename,2025,,2,409,0,1,1,,2025_Conforme_2_Cam_B_2_409.jpg,bottom_only,Conforme
C,year + cam_num + sample_num + label_filename,2025,,2,410,0,1,1,,2025_Conforme_2_Cam_B_2_410.jpg,bottom_only,Conforme
C,year + cam_num + sample_num + label_filename,2025,,2,411,0,1,1,,2025_Conforme_2_Cam_B_2_411.jpg,bottom_only,Conforme
C,year + cam_num + sample_num + label_filename,2025,,2,412,0,1,1,,2025_Conforme_2_Cam_B_2_412.jpg,bottom_only,Conforme
C,year + cam_num + sample_num + label_filename,2025,,2,413,0,1,1,,2025_Conforme_2_Cam_B_2_413.jpg,bottom_only,Conforme
C,year + cam_num + sample_num + label_filename,2025,,2,414,0,1,1,,2025_Conforme_2_Cam_B_2_414.jpg,bottom_only,Conforme
C,year + cam_num + sample_num + label_filename,2025,,2,415,0,1,1,,2025_Conforme_2_Cam_B_2_415.jpg,bottom_only,Conforme
C,year + cam_num + sample_num + label_filename,2025,,2,416,0,1,1,,2025_Conforme_2_Cam_B_2_416.jpg,bottom_only,Conforme
C,year + cam_num + sample_num + label_filename,2025,,2,417,0,1,1,,2025_Conforme_2_Cam_B_2_417.jpg,bottom_only,Conforme
C,year + cam_num + sample_num + label_filename,2025,,2,418,0,1,1,,2025_Conforme_2_Cam_B_2_418.jpg,bottom_only,Conforme
C,year + cam_num + sample_num + label_filename,2025,,2,419,0,1,1,,2025_Conforme_2_Cam_B_2_419.jpg,bottom_only,Conforme
C,year + cam_num + sample_num + label_filename,2025,,2,420,0,1,1,,2025_Conforme_2_Cam_B_2_420.jpg,bottom_only,Conforme
C,year + cam_num + sample_num + label_filename,2025,,2,421,0,1,1,,2025_Conforme_2_Cam_B_2_421.jpg,bottom_only,Conforme
C,year + cam_num + sample_num + label_filename,2025,,2,422,0,1,1,,2025_Conforme_2_Cam_B_2_422.jpg,bottom_only,Conforme
C,year + cam_num + sample_num + label_filename,2025,,2,423,0,1,1,,2025_Conforme_2_Cam_B_2_423.jpg,bottom_only,Conforme
C,year + cam_num + sample_num + label_filename,2025,,2,424,0,1,1,,2025_Conforme_2_Cam_B_2_424.jpg,bottom_only,Conforme
C,year + cam_num + sample_num + label_filename,2025,,2,425,0,1,1,,2025_Conforme_2_Cam_B_2_425.jpg,bottom_only,Conforme
C,year + cam_num + sample_num + label_filename,2025,,2,426,0,1,1,,2025_Conforme_2_Cam_B_2_426.jpg,bottom_only,Conforme
C,year + cam_num + sample_num + label_filename,2025,,2,427,0,1,1,,2025_Conforme_2_Cam_B_2_427.jpg,bottom_only,Conforme
C,year + cam_num + sample_num + label_filename,2025,,2,428,0,1,1,,2025_Conforme_2_Cam_B_2_428.jpg,bottom_only,Conforme
C,year + cam_num + sample_num + label_filename,2025,,2,429,0,1,1,,2025_Conforme_2_Cam_B_2_429.jpg,bottom_only,Conforme
C,year + cam_num + sample_num + label_filename,2025,,2,430,0,1,1,,2025_Conforme_2_Cam_B_2_430.jpg,bottom_only,Conforme
C,year + cam_num + sample_num + label_filename,2025,,2,431,0,1,1,,2025_Conforme_2_Cam_B_2_431.jpg,bottom_only,Conforme
C,year + cam_num + sample_num + label_filename,2025,,2,432,0,1,1,,2025_Conforme_2_Cam_B_2_432.jpg,bottom_only,Conforme
C,year + cam_num + sample_num + label_filename,2025,,2,433,0,1,1,,2025_Conforme_2_Cam_B_2_433.jpg,bottom_only,Conforme
C,year + cam_num + sample_num + label_filename,2025,,2,434,0,1,1,,2025_Conforme_2_Cam_B_2_434.jpg,bottom_only,Conforme
C,year + cam_num + sample_num + label_filename,2025,,2,435,0,1,1,,2025_Conforme_2_Cam_B_2_435.jpg,bottom_only,Conforme
C,year + cam_num + sample_num + label_filename,2025,,2,436,0,1,1,,2025_Conforme_2_Cam_B_2_436.jpg,bottom_only,Conforme
C,year + cam_num + sample_num + label_filename,2025,,2,437,0,1,1,,2025_Conforme_2_Cam_B_2_437.jpg,bottom_only,Conforme
C,year + cam_num + sample_num + label_filename,2025,,2,438,0,1,1,,2025_Conforme_2_Cam_B_2_438.jpg,bottom_only,Conforme
C,year + cam_num + sample_num + label_filename,2025,,2,439,0,1,1,,2025_Conforme_2_Cam_B_2_439.jpg,bottom_only,Conforme
C,year + cam_num + sample_num + label_filename,2025,,2,440,0,1,1,,2025_Conforme_2_Cam_B_2_440.jpg,bottom_only,Conforme
C,year + cam_num + sample_num + label_filename,2025,,2,441,0,1,1,,2025_Conforme_2_Cam_B_2_441.jpg,bottom_only,Conforme
C,year + cam_num + sample_num + label_filename,2025,,2,442,0,1,1,,2025_Conforme_2_Cam_B_2_442.jpg,bottom_only,Conforme
C,year + cam_num + sample_num + label_filename,2025,,2,443,0,1,1,,2025_Conforme_2_Cam_B_2_443.jpg,bottom_only,Conforme
C,year + cam_num + sample_num + label_filename,2025,,2,444,0,1,1,,2025_Conforme_2_Cam_B_2_444.jpg,bottom_only,Conforme
C,year + cam_num + sample_num + label_filename,2025,,2,445,0,1,1,,2025_Conforme_2_Cam_B_2_445.jpg,bottom_only,Conforme
C,year + cam_num + sample_num + label_filename,2025,,2,446,0,1,1,,2025_Conforme_2_Cam_B_2_446.jpg,bottom_only,Conforme
C,year + cam_num + sample_num + label_filename,2025,,2,447,0,1,1,,2025_Conforme_2_Cam_B_2_447.jpg,bottom_only,Conforme
C,year + cam_num + sample_num + label_filename,2025,,2,448,0,1,1,,2025_Conforme_2_Cam_B_2_448.jpg,bottom_only,Conforme
C,year + cam_num + sample_num + label_filename,2025,,2,449,0,1,1,,2025_Conforme_2_Cam_B_2_449.jpg,bottom_only,Conforme
C,year + cam_num + sample_num + label_filename,2025,,2,450,0,1,1,,2025_Conforme_2_Cam_B_2_450.jpg,bottom_only,Conforme
C,year + cam_num + sample_num + label_filename,2025,,2,451,0,1,1,,2025_Conforme_2_Cam_B_2_451.jpg,bottom_only,Conforme
C,year + cam_num + sample_num + label_filename,2025,,2,452,0,1,1,,2025_Conforme_2_Cam_B_2_452.jpg,bottom_only,Conforme
C,year + cam_num + sample_num + label_filename,2025,,2,453,0,1,1,,2025_Conforme_2_Cam_B_2_453.jpg,bottom_only,Conforme
C,year + cam_num + sample_num + label_filename,2025,,2,454,0,1,1,,2025_Conforme_2_Cam_B_2_454.jpg,bottom_only,Conforme
C,year + cam_num + sample_num + label_filename,2025,,2,455,0,1,1,,2025_Conforme_2_Cam_B_2_455.jpg,bottom_only,Conforme
C,year + cam_num + sample_num + label_filename,2025,,2,456,0,1,1,,2025_Conforme_2_Cam_B_2_456.jpg,bottom_only,Conforme
C,year + cam_num + sample_num + label_filename,2025,,2,457,0,1,1,,2025_Conforme_2_Cam_B_2_457.jpg,bottom_only,Conforme
C,year + cam_num + sample_num + label_filename,2025,,2,458,0,1,1,,2025_Conforme_2_Cam_B_2_458.jpg,bottom_only,Conforme
C,year + cam_num + sample_num + label_filename,2025,,2,459,0,1,1,,2025_Conforme_2_Cam_B_2_459.jpg,bottom_only,Conforme
C,year + cam_num + sample_num + label_filename,2025,,2,460,0,1,1,,2025_Conforme_2_Cam_B_2_460.jpg,bottom_only,Conforme
C,year + cam_num + sample_num + label_filename,2025,,2,461,0,1,1,,2025_Conforme_2_Cam_B_2_461.jpg,bottom_only,Conforme
C,year + cam_num + sample_num + label_filename,2025,,2,462,0,1,1,,2025_Conforme_2_Cam_B_2_462.jpg,bottom_only,Conforme
C,year + cam_num + sample_num + label_filename,2025,,2,463,0,1,1,,2025_Conforme_2_Cam_B_2_463.jpg,bottom_only,Conforme
C,year + cam_num + sample_num + label_filename,2025,,2,464,0,1,1,,2025_Conforme_2_Cam_B_2_464.jpg,bottom_only,Conforme
C,year + cam_num + sample_num + label_filename,2025,,2,465,0,1,1,,2025_Conforme_2_Cam_B_2_465.jpg,bottom_only,Conforme
C,year + cam_num + sample_num + label_filename,2025,,2,466,0,1,1,,2025_Conforme_2_Cam_B_2_466.jpg,bottom_only,Conforme
C,year + cam_num + sample_num + label_filename,2025,,2,467,0,1,1,,2025_Conforme_2_Cam_B_2_467.jpg,bottom_only,Conforme
C,year + cam_num + sample_num + label_filename,2025,,2,468,0,1,1,,2025_Conforme_2_Cam_B_2_468.jpg,bottom_only,Conforme
C,year + cam_num + sample_num + label_filename,2025,,2,469,0,1,1,,2025_Conforme_2_Cam_B_2_469.jpg,bottom_only,Conforme
C,year + cam_num + sample_num + label_filename,2025,,2,470,0,1,1,,2025_Conforme_2_Cam_B_2_470.jpg,bottom_only,Conforme
C,year + cam_num + sample_num + label_filename,2025,,2,471,0,1,1,,2025_Conforme_2_Cam_B_2_471.jpg,bottom_only,Conforme
C,year + cam_num + sample_num + label_filename,2025,,2,472,0,1,1,,2025_Conforme_2_Cam_B_2_472.jpg,bottom_only,Conforme
C,year + cam_num + sample_num + label_filename,2025,,2,473,0,1,1,,2025_Conforme_2_Cam_B_2_473.jpg,bottom_only,Conforme
C,year + cam_num + sample_num + label_filename,2025,,2,474,0,1,1,,2025_Conforme_2_Cam_B_2_474.jpg,bottom_only,Conforme
C,year + cam_num + sample_num + label_filename,2025,,2,475,0,1,1,,2025_Conforme_2_Cam_B_2_475.jpg,bottom_only,Conforme
C,year + cam_num + sample_num + label_filename,2025,,2,476,0,1,1,,2025_Conforme_2_Cam_B_2_476.jpg,bottom_only,Conforme
C,year + cam_num + sample_num + label_filename,2025,,2,477,0,1,1,,2025_Conforme_2_Cam_B_2_477.jpg,bottom_only,Conforme
C,year + cam_num + sample_num + label_filename,2025,,2,478,0,1,1,,2025_Conforme_2_Cam_B_2_478.jpg,bottom_only,Conforme
C,year + cam_num + sample_num + label_filename,2025,,2,479,0,1,1,,2025_Conforme_2_Cam_B_2_479.jpg,bottom_only,Conforme
C,year + cam_num + sample_num + label_filename,2025,,2,480,0,1,1,,2025_Conforme_2_Cam_B_2_480.jpg,bottom_only,Conforme
C,year + cam_num + sample_num + label_filename,2025,,2,481,0,1,1,,2025_Conforme_2_Cam_B_2_481.jpg,bottom_only,Conforme
C,year + cam_num + sample_num + label_filename,2025,,2,482,0,1,1,,2025_Conforme_2_Cam_B_2_482.jpg,bottom_only,Conforme
C,year + cam_num + sample_num + label_filename,2025,,2,483,0,1,1,,2025_Conforme_2_Cam_B_2_483.jpg,bottom_only,Conforme
C,year + cam_num + sample_num + label_filename,2025,,2,484,0,1,1,,2025_Conforme_2_Cam_B_2_484.jpg,bottom_only,Conforme
C,year + cam_num + sample_num + label_filename,2025,,2,485,0,1,1,,2025_Conforme_2_Cam_B_2_485.jpg,bottom_only,Conforme
C,year + cam_num + sample_num + label_filename,2025,,2,486,0,1,1,,2025_Conforme_2_Cam_B_2_486.jpg,bottom_only,Conforme
C,year + cam_num + sample_num + label_filename,2025,,2,487,0,1,1,,2025_Conforme_2_Cam_B_2_487.jpg,bottom_only,Conforme
C,year + cam_num + sample_num + label_filename,2025,,2,488,0,1,1,,2025_Conforme_2_Cam_B_2_488.jpg,bottom_only,Conforme
C,year + cam_num + sample_num + label_filename,2025,,2,489,0,1,1,,2025_Conforme_2_Cam_B_2_489.jpg,bottom_only,Conforme
C,year + cam_num + sample_num + label_filename,2025,,2,490,0,1,1,,2025_Conforme_2_Cam_B_2_490.jpg,bottom_only,Conforme
C,year + cam_num + sample_num + label_filename,2025,,2,491,0,1,1,,2025_Conforme_2_Cam_B_2_491.jpg,bottom_only,Conforme
C,year + cam_num + sample_num + label_filename,2025,,2,492,0,1,1,,2025_Conforme_2_Cam_B_2_492.jpg,bottom_only,Conforme
C,year + cam_num + sample_num + label_filename,2025,,2,493,0,1,1,,2025_Conforme_2_Cam_B_2_493.jpg,bottom_only,Conforme
C,year + cam_num + sample_num + label_filename,2025,,2,494,0,1,1,,2025_Conforme_2_Cam_B_2_494.jpg,bottom_only,Conforme
C,year + cam_num + sample_num + label_filename,2025,,2,495,0,1,1,,2025_Conforme_2_Cam_B_2_495.jpg,bottom_only,Conforme
C,year + cam_num + sample_num + label_filename,2025,,2,496,0,1,1,,2025_Conforme_2_Cam_B_2_496.jpg,bottom_only,Conforme
C,year + cam_num + sample_num + label_filename,2025,,2,497,0,1,1,,2025_Conforme_2_Cam_B_2_497.jpg,bottom_only,Conforme
C,year + cam_num + sample_num + label_filename,2025,,2,498,0,1,1,,2025_Conforme_2_Cam_B_2_498.jpg,bottom_only,Conforme
C,year + cam_num + sample_num + label_filename,2025,,2,499,0,1,1,,2025_Conforme_2_Cam_B_2_499.jpg,bottom_only,Conforme
C,year + cam_num + sample_num + label_filename,2025,,2,500,0,1,1,,2025_Conforme_2_Cam_B_2_500.jpg,bottom_only,Conforme
C,year + cam_num + sample_num + label_filename,2025,,2,501,0,1,1,,2025_Conforme_2_Cam_B_2_501.jpg,bottom_only,Conforme
C,year + cam_num + sample_num + label_filename,2025,,2,502,0,1,1,,2025_Conforme_2_Cam_B_2_502.jpg,bottom_only,Conforme
C,year + cam_num + sample_num + label_filename,2025,,2,503,0,1,1,,2025_Conforme_2_Cam_B_2_503.jpg,bottom_only,Conforme
C,year + cam_num + sample_num + label_filename,2025,,2,503,1,0,1,2025_NON_Conforme_Cam_T_2_503.jpg,,top_only,NON Conforme
C,year + cam_num + sample_num + label_filename,2025,,2,504,0,1,1,,2025_Conforme_2_Cam_B_2_504.jpg,bottom_only,Conforme
C,year + cam_num + sample_num + label_filename,2025,,2,504,1,0,1,2025_NON_Conforme_Cam_T_2_504.jpg,,top_only,NON Conforme
C,year + cam_num + sample_num + label_filename,2025,,2,505,0,1,1,,2025_Conforme_2_Cam_B_2_505.jpg,bottom_only,Conforme
C,year + cam_num + sample_num + label_filename,2025,,2,505,1,0,1,2025_NON_Conforme_Cam_T_2_505.jpg,,top_only,NON Conforme
C,year + cam_num + sample_num + label_filename,2025,,2,506,0,1,1,,2025_Conforme_2_Cam_B_2_506.jpg,bottom_only,Conforme
C,year + cam_num + sample_num + label_filename,2025,,2,506,1,0,1,2025_NON_Conforme_Cam_T_2_506.jpg,,top_only,NON Conforme
C,year + cam_num + sample_num + label_filename,2025,,2,507,0,1,1,,2025_Conforme_2_Cam_B_2_507.jpg,bottom_only,Conforme
C,year + cam_num + sample_num + label_filename,2025,,2,507,1,0,1,2025_NON_Conforme_Cam_T_2_507.jpg,,top_only,NON Conforme
C,year + cam_num + sample_num + label_filename,2025,,2,508,0,1,1,,2025_Conforme_2_Cam_B_2_508.jpg,bottom_only,Conforme
C,year + cam_num + sample_num + label_filename,2025,,2,508,1,0,1,2025_NON_Conforme_Cam_T_2_508.jpg,,top_only,NON Conforme
C,year + cam_num + sample_num + label_filename,2025,,2,509,0,1,1,,2025_Conforme_2_Cam_B_2_509.jpg,bottom_only,Conforme
C,year + cam_num + sample_num + label_filename,2025,,2,509,1,0,1,2025_NON_Conforme_Cam_T_2_509.jpg,,top_only,NON Conforme
C,year + cam_num + sample_num + label_filename,2025,,2,510,0,1,1,,2025_Conforme_2_Cam_B_2_510.jpg,bottom_only,Conforme
C,year + cam_num + sample_num + label_filename,2025,,2,510,1,0,1,2025_NON_Conforme_Cam_T_2_510.jpg,,top_only,NON Conforme
C,year + cam_num + sample_num + label_filename,2025,,2,511,0,1,1,,2025_Conforme_2_Cam_B_2_511.jpg,bottom_only,Conforme
C,year + cam_num + sample_num + label_filename,2025,,2,511,1,0,1,2025_NON_Conforme_Cam_T_2_511.jpg,,top_only,NON Conforme
C,year + cam_num + sample_num + label_filename,2025,,2,512,0,1,1,,2025_Conforme_2_Cam_B_2_512.jpg,bottom_only,Conforme
C,year + cam_num + sample_num + label_filename,2025,,2,512,1,0,1,2025_NON_Conforme_Cam_T_2_512.jpg,,top_only,NON Conforme
C,year + cam_num + sample_num + label_filename,2025,,2,513,0,1,1,,2025_Conforme_2_Cam_B_2_513.jpg,bottom_only,Conforme
C,year + cam_num + sample_num + label_filename,2025,,2,513,1,0,1,2025_NON_Conforme_Cam_T_2_513.jpg,,top_only,NON Conforme
C,year + cam_num + sample_num + label_filename,2025,,2,514,0,1,1,,2025_Conforme_2_Cam_B_2_514.jpg,bottom_only,Conforme
C,year + cam_num + sample_num + label_filename,2025,,2,514,1,0,1,2025_NON_Conforme_Cam_T_2_514.jpg,,top_only,NON Conforme
C,year + cam_num + sample_num + label_filename,2025,,2,515,0,1,1,,2025_Conforme_2_Cam_B_2_515.jpg,bottom_only,Conforme
C,year + cam_num + sample_num + label_filename,2025,,2,515,1,0,1,2025_NON_Conforme_Cam_T_2_515.jpg,,top_only,NON Conforme
C,year + cam_num + sample_num + label_filename,2025,,2,516,0,1,1,,2025_Conforme_2_Cam_B_2_516.jpg,bottom_only,Conforme
C,year + cam_num + sample_num + label_filename,2025,,2,516,1,0,1,2025_NON_Conforme_Cam_T_2_516.jpg,,top_only,NON Conforme
C,year + cam_num + sample_num + label_filename,2025,,2,517,0,1,1,,2025_Conforme_2_Cam_B_2_517.jpg,bottom_only,Conforme
C,year + cam_num + sample_num + label_filename,2025,,2,518,0,1,1,,2025_Conforme_2_Cam_B_2_518.jpg,bottom_only,Conforme
C,year + cam_num + sample_num + label_filename,2025,,3,12,0,1,1,,2025_NON_Conforme_Cam_B_3_12.jpg,bottom_only,NON Conforme
C,year + cam_num + sample_num + label_filename,2025,,3,16,0,1,1,,2025_NON_Conforme_Cam_B_3_16.jpg,bottom_only,NON Conforme
C,year + cam_num + sample_num + label_filename,2025,,3,17,0,1,1,,2025_NON_Conforme_Cam_B_3_17.jpg,bottom_only,NON Conforme
C,year + cam_num + sample_num + label_filename,2025,,3,18,0,1,1,,2025_NON_Conforme_Cam_B_3_18.jpg,bottom_only,NON Conforme
C,year + cam_num + sample_num + label_filename,2025,,3,19,0,1,1,,2025_NON_Conforme_Cam_B_3_19.jpg,bottom_only,NON Conforme
C,year + cam_num + sample_num + label_filename,2025,,3,19,1,0,1,2025_PIETRA_Cam_T_3_19.jpg,,top_only,PIETRA
C,year + cam_num + sample_num + label_filename,2025,,3,20,0,1,1,,2025_NON_Conforme_Cam_B_3_20.jpg,bottom_only,NON Conforme
C,year + cam_num + sample_num + label_filename,2025,,3,23,0,1,1,,2025_NON_Conforme_Cam_B_3_23.jpg,bottom_only,NON Conforme
C,year + cam_num + sample_num + label_filename,2025,,3,28,1,0,1,2025_NON_Conforme_Cam_T_3_28.jpg,,top_only,NON Conforme
C,year + cam_num + sample_num + label_filename,2025,,3,153,1,0,1,2025_PIETRA_Cam_T_3_153.jpg,,top_only,PIETRA
C,year + cam_num + sample_num + label_filename,2025,,3,351,0,1,1,,2025_PIETRA_Cam_B_3_351.jpg,bottom_only,PIETRA
C,year + cam_num + sample_num + label_filename,2025,,3,387,0,1,1,,2025_PIETRA_Cam_B_3_387.jpg,bottom_only,PIETRA
C,year + cam_num + sample_num + label_filename,2025,,3,388,0,1,1,,2025_PIETRA_Cam_B_3_388.jpg,bottom_only,PIETRA
C,year + cam_num + sample_num + label_filename,2025,,3,389,0,1,1,,2025_PIETRA_Cam_B_3_389.jpg,bottom_only,PIETRA
C,year + cam_num + sample_num + label_filename,2025,,3,390,0,1,1,,2025_PIETRA_Cam_B_3_390.jpg,bottom_only,PIETRA
C,year + cam_num + sample_num + label_filename,2025,,3,494,0,2,2,,2025_Conforme_1_Cam_B_3_494.jpg | 2025_Conforme_2_Cam_B_3_494.jpg,bottom_only,Conforme
C,year + cam_num + sample_num + label_filename,2025,,3,495,1,0,1,2025_NON_Conforme_Cam_T_3_495.jpg,,top_only,NON Conforme
C,year + cam_num + sample_num + label_filename,2025,,3,496,1,0,1,2025_NON_Conforme_Cam_T_3_496.jpg,,top_only,NON Conforme
C,year + cam_num + sample_num + label_filename,2025,,3,497,1,0,1,2025_NON_Conforme_Cam_T_3_497.jpg,,top_only,NON Conforme
C,year + cam_num + sample_num + label_filename,2025,,3,530,0,1,1,,2025_Conforme_2_Cam_B_3_530.jpg,bottom_only,Conforme
C,year + cam_num + sample_num + label_filename,2025,,4,0,1,0,1,2025_NON_Conforme_Cam_T_4_0.jpg,,top_only,NON Conforme
C,year + cam_num + sample_num + label_filename,2025,,4,12,0,1,1,,2025_NON_Conforme_Cam_B_4_12.jpg,bottom_only,NON Conforme
C,year + cam_num + sample_num + label_filename,2025,,4,14,1,0,1,2025_NON_Conforme_Cam_T_4_14.jpg,,top_only,NON Conforme
C,year + cam_num + sample_num + label_filename,2025,,4,17,2,0,2,2025_Conforme_1_Cam_T_4_17.jpg | 2025_Conforme_2_Cam_T_4_17.jpg,,top_only,Conforme
C,year + cam_num + sample_num + label_filename,2025,,4,17,1,0,1,2025_NON_Conforme_Cam_T_4_17.jpg,,top_only,NON Conforme
C,year + cam_num + sample_num + label_filename,2025,,4,18,1,0,1,2025_NON_Conforme_Cam_T_4_18.jpg,,top_only,NON Conforme
C,year + cam_num + sample_num + label_filename,2025,,4,19,0,1,1,,2025_NON_Conforme_Cam_B_4_19.jpg,bottom_only,NON Conforme
C,year + cam_num + sample_num + label_filename,2025,,4,20,0,1,1,,2025_NON_Conforme_Cam_B_4_20.jpg,bottom_only,NON Conforme
C,year + cam_num + sample_num + label_filename,2025,,4,23,0,1,1,,2025_NON_Conforme_Cam_B_4_23.jpg,bottom_only,NON Conforme
C,year + cam_num + sample_num + label_filename,2025,,4,27,1,0,1,2025_NON_Conforme_Cam_T_4_27.jpg,,top_only,NON Conforme
C,year + cam_num + sample_num + label_filename,2025,,4,27,1,0,1,2025_PIETRA_Cam_T_4_27.jpg,,top_only,PIETRA
C,year + cam_num + sample_num + label_filename,2025,,4,28,1,0,1,2025_NON_Conforme_Cam_T_4_28.jpg,,top_only,NON Conforme
C,year + cam_num + sample_num + label_filename,2025,,4,29,1,0,1,2025_NON_Conforme_Cam_T_4_29.jpg,,top_only,NON Conforme
C,year + cam_num + sample_num + label_filename,2025,,4,33,1,0,1,2025_NON_Conforme_Cam_T_4_33.jpg,,top_only,NON Conforme
C,year + cam_num + sample_num + label_filename,2025,,4,35,1,0,1,2025_NON_Conforme_Cam_T_4_35.jpg,,top_only,NON Conforme
C,year + cam_num + sample_num + label_filename,2025,,4,36,1,0,1,2025_NON_Conforme_Cam_T_4_36.jpg,,top_only,NON Conforme
C,year + cam_num + sample_num + label_filename,2025,,4,38,2,0,2,2025_Conforme_1_Cam_T_4_38.jpg | 2025_Conforme_2_Cam_T_4_38.jpg,,top_only,Conforme
C,year + cam_num + sample_num + label_filename,2025,,4,38,1,0,1,2025_NON_Conforme_Cam_T_4_38.jpg,,top_only,NON Conforme
C,year + cam_num + sample_num + label_filename,2025,,4,38,1,0,1,2025_PIETRA_Cam_T_4_38.jpg,,top_only,PIETRA
C,year + cam_num + sample_num + label_filename,2025,,4,54,1,0,1,2025_NON_Conforme_Cam_T_4_54.jpg,,top_only,NON Conforme
C,year + cam_num + sample_num + label_filename,2025,,4,55,1,0,1,2025_NON_Conforme_Cam_T_4_55.jpg,,top_only,NON Conforme
C,year + cam_num + sample_num + label_filename,2025,,4,61,1,0,1,2025_NON_Conforme_Cam_T_4_61.jpg,,top_only,NON Conforme
C,year + cam_num + sample_num + label_filename,2025,,4,73,1,0,1,2025_NON_Conforme_Cam_T_4_73.jpg,,top_only,NON Conforme
C,year + cam_num + sample_num + label_filename,2025,,4,74,1,0,1,2025_NON_Conforme_Cam_T_4_74.jpg,,top_only,NON Conforme
C,year + cam_num + sample_num + label_filename,2025,,4,75,1,0,1,2025_NON_Conforme_Cam_T_4_75.jpg,,top_only,NON Conforme
C,year + cam_num + sample_num + label_filename,2025,,4,76,1,0,1,2025_NON_Conforme_Cam_T_4_76.jpg,,top_only,NON Conforme
C,year + cam_num + sample_num + label_filename,2025,,4,120,1,0,1,2025_PIETRA_Cam_T_4_120.jpg,,top_only,PIETRA
C,year + cam_num + sample_num + label_filename,2025,,4,127,1,0,1,2025_PIETRA_Cam_T_4_127.jpg,,top_only,PIETRA
C,year + cam_num + sample_num + label_filename,2025,,4,135,1,0,1,2025_NON_Conforme_Cam_T_4_135.jpg,,top_only,NON Conforme
C,year + cam_num + sample_num + label_filename,2025,,4,151,1,0,1,2025_NON_Conforme_Cam_T_4_151.jpg,,top_only,NON Conforme
C,year + cam_num + sample_num + label_filename,2025,,4,153,1,0,1,2025_PIETRA_Cam_T_4_153.jpg,,top_only,PIETRA
C,year + cam_num + sample_num + label_filename,2025,,4,169,1,0,1,2025_PIETRA_Cam_T_4_169.jpg,,top_only,PIETRA
C,year + cam_num + sample_num + label_filename,2025,,4,197,1,0,1,2025_NON_Conforme_Cam_T_4_197.jpg,,top_only,NON Conforme
C,year + cam_num + sample_num + label_filename,2025,,4,203,1,0,1,2025_NON_Conforme_Cam_T_4_203.jpg,,top_only,NON Conforme
C,year + cam_num + sample_num + label_filename,2025,,4,209,1,0,1,2025_PIETRA_Cam_T_4_209.jpg,,top_only,PIETRA
C,year + cam_num + sample_num + label_filename,2025,,4,217,1,0,1,2025_NON_Conforme_Cam_T_4_217.jpg,,top_only,NON Conforme
C,year + cam_num + sample_num + label_filename,2025,,4,224,1,0,1,2025_NON_Conforme_Cam_T_4_224.jpg,,top_only,NON Conforme
C,year + cam_num + sample_num + label_filename,2025,,4,230,1,0,1,2025_NON_Conforme_Cam_T_4_230.jpg,,top_only,NON Conforme
C,year + cam_num + sample_num + label_filename,2025,,4,238,1,0,1,2025_NON_Conforme_Cam_T_4_238.jpg,,top_only,NON Conforme
C,year + cam_num + sample_num + label_filename,2025,,4,238,1,0,1,2025_PIETRA_Cam_T_4_238.jpg,,top_only,PIETRA
C,year + cam_num + sample_num + label_filename,2025,,4,241,1,0,1,2025_NON_Conforme_Cam_T_4_241.jpg,,top_only,NON Conforme
C,year + cam_num + sample_num + label_filename,2025,,4,259,1,0,1,2025_PIETRA_Cam_T_4_259.jpg,,top_only,PIETRA
C,year + cam_num + sample_num + label_filename,2025,,4,261,1,0,1,2025_NON_Conforme_Cam_T_4_261.jpg,,top_only,NON Conforme
C,year + cam_num + sample_num + label_filename,2025,,4,262,1,0,1,2025_PIETRA_Cam_T_4_262.jpg,,top_only,PIETRA
C,year + cam_num + sample_num + label_filename,2025,,4,265,1,0,1,2025_PIETRA_Cam_T_4_265.jpg,,top_only,PIETRA
C,year + cam_num + sample_num + label_filename,2025,,4,268,1,0,1,2025_NON_Conforme_Cam_T_4_268.jpg,,top_only,NON Conforme
C,year + cam_num + sample_num + label_filename,2025,,4,275,1,0,1,2025_PIETRA_Cam_T_4_275.jpg,,top_only,PIETRA
C,year + cam_num + sample_num + label_filename,2025,,4,282,1,0,1,2025_PIETRA_Cam_T_4_282.jpg,,top_only,PIETRA
C,year + cam_num + sample_num + label_filename,2025,,4,285,1,0,1,2025_PIETRA_Cam_T_4_285.jpg,,top_only,PIETRA
C,year + cam_num + sample_num + label_filename,2025,,4,288,1,0,1,2025_PIETRA_Cam_T_4_288.jpg,,top_only,PIETRA
C,year + cam_num + sample_num + label_filename,2025,,4,291,1,0,1,2025_PIETRA_Cam_T_4_291.jpg,,top_only,PIETRA
C,year + cam_num + sample_num + label_filename,2025,,4,292,1,0,1,2025_NON_Conforme_Cam_T_4_292.jpg,,top_only,NON Conforme
C,year + cam_num + sample_num + label_filename,2025,,4,293,1,0,1,2025_NON_Conforme_Cam_T_4_293.jpg,,top_only,NON Conforme
C,year + cam_num + sample_num + label_filename,2025,,4,327,1,0,1,2025_PIETRA_Cam_T_4_327.jpg,,top_only,PIETRA
C,year + cam_num + sample_num + label_filename,2025,,4,330,1,0,1,2025_PIETRA_Cam_T_4_330.jpg,,top_only,PIETRA
C,year + cam_num + sample_num + label_filename,2025,,4,331,1,0,1,2025_PIETRA_Cam_T_4_331.jpg,,top_only,PIETRA
C,year + cam_num + sample_num + label_filename,2025,,4,332,1,0,1,2025_PIETRA_Cam_T_4_332.jpg,,top_only,PIETRA
C,year + cam_num + sample_num + label_filename,2025,,4,333,1,0,1,2025_PIETRA_Cam_T_4_333.jpg,,top_only,PIETRA
C,year + cam_num + sample_num + label_filename,2025,,4,334,1,0,1,2025_PIETRA_Cam_T_4_334.jpg,,top_only,PIETRA
C,year + cam_num + sample_num + label_filename,2025,,4,335,1,0,1,2025_PIETRA_Cam_T_4_335.jpg,,top_only,PIETRA
C,year + cam_num + sample_num + label_filename,2025,,4,336,1,0,1,2025_PIETRA_Cam_T_4_336.jpg,,top_only,PIETRA
C,year + cam_num + sample_num + label_filename,2025,,4,337,1,0,1,2025_PIETRA_Cam_T_4_337.jpg,,top_only,PIETRA
C,year + cam_num + sample_num + label_filename,2025,,4,338,1,0,1,2025_PIETRA_Cam_T_4_338.jpg,,top_only,PIETRA
C,year + cam_num + sample_num + label_filename,2025,,4,339,1,0,1,2025_PIETRA_Cam_T_4_339.jpg,,top_only,PIETRA
C,year + cam_num + sample_num + label_filename,2025,,4,340,1,0,1,2025_PIETRA_Cam_T_4_340.jpg,,top_only,PIETRA
C,year + cam_num + sample_num + label_filename,2025,,4,341,1,0,1,2025_PIETRA_Cam_T_4_341.jpg,,top_only,PIETRA
C,year + cam_num + sample_num + label_filename,2025,,4,342,1,0,1,2025_PIETRA_Cam_T_4_342.jpg,,top_only,PIETRA
C,year + cam_num + sample_num + label_filename,2025,,4,343,1,0,1,2025_PIETRA_Cam_T_4_343.jpg,,top_only,PIETRA
C,year + cam_num + sample_num + label_filename,2025,,4,344,1,0,1,2025_PIETRA_Cam_T_4_344.jpg,,top_only,PIETRA
C,year + cam_num + sample_num + label_filename,2025,,4,345,1,0,1,2025_PIETRA_Cam_T_4_345.jpg,,top_only,PIETRA
C,year + cam_num + sample_num + label_filename,2025,,4,346,1,0,1,2025_PIETRA_Cam_T_4_346.jpg,,top_only,PIETRA
C,year + cam_num + sample_num + label_filename,2025,,4,347,1,0,1,2025_PIETRA_Cam_T_4_347.jpg,,top_only,PIETRA
C,year + cam_num + sample_num + label_filename,2025,,4,348,1,0,1,2025_PIETRA_Cam_T_4_348.jpg,,top_only,PIETRA
C,year + cam_num + sample_num + label_filename,2025,,4,349,1,0,1,2025_PIETRA_Cam_T_4_349.jpg,,top_only,PIETRA
C,year + cam_num + sample_num + label_filename,2025,,4,350,1,0,1,2025_PIETRA_Cam_T_4_350.jpg,,top_only,PIETRA
C,year + cam_num + sample_num + label_filename,2025,,4,351,1,0,1,2025_PIETRA_Cam_T_4_351.jpg,,top_only,PIETRA
C,year + cam_num + sample_num + label_filename,2025,,4,352,1,0,1,2025_PIETRA_Cam_T_4_352.jpg,,top_only,PIETRA
C,year + cam_num + sample_num + label_filename,2025,,4,353,1,0,1,2025_PIETRA_Cam_T_4_353.jpg,,top_only,PIETRA
C,year + cam_num + sample_num + label_filename,2025,,4,354,1,0,1,2025_PIETRA_Cam_T_4_354.jpg,,top_only,PIETRA
C,year + cam_num + sample_num + label_filename,2025,,4,355,1,0,1,2025_PIETRA_Cam_T_4_355.jpg,,top_only,PIETRA
C,year + cam_num + sample_num + label_filename,2025,,4,356,1,0,1,2025_PIETRA_Cam_T_4_356.jpg,,top_only,PIETRA
C,year + cam_num + sample_num + label_filename,2025,,4,357,1,0,1,2025_PIETRA_Cam_T_4_357.jpg,,top_only,PIETRA
C,year + cam_num + sample_num + label_filename,2025,,4,358,1,0,1,2025_PIETRA_Cam_T_4_358.jpg,,top_only,PIETRA
C,year + cam_num + sample_num + label_filename,2025,,4,359,1,0,1,2025_PIETRA_Cam_T_4_359.jpg,,top_only,PIETRA
C,year + cam_num + sample_num + label_filename,2025,,4,360,1,0,1,2025_PIETRA_Cam_T_4_360.jpg,,top_only,PIETRA
C,year + cam_num + sample_num + label_filename,2025,,4,361,1,0,1,2025_PIETRA_Cam_T_4_361.jpg,,top_only,PIETRA
C,year + cam_num + sample_num + label_filename,2025,,4,362,1,0,1,2025_PIETRA_Cam_T_4_362.jpg,,top_only,PIETRA
C,year + cam_num + sample_num + label_filename,2025,,4,363,1,0,1,2025_PIETRA_Cam_T_4_363.jpg,,top_only,PIETRA
C,year + cam_num + sample_num + label_filename,2025,,4,364,1,0,1,2025_PIETRA_Cam_T_4_364.jpg,,top_only,PIETRA
C,year + cam_num + sample_num + label_filename,2025,,4,365,1,0,1,2025_PIETRA_Cam_T_4_365.jpg,,top_only,PIETRA
C,year + cam_num + sample_num + label_filename,2025,,4,366,1,0,1,2025_PIETRA_Cam_T_4_366.jpg,,top_only,PIETRA
C,year + cam_num + sample_num + label_filename,2025,,4,367,1,0,1,2025_PIETRA_Cam_T_4_367.jpg,,top_only,PIETRA
C,year + cam_num + sample_num + label_filename,2025,,4,368,1,0,1,2025_PIETRA_Cam_T_4_368.jpg,,top_only,PIETRA
C,year + cam_num + sample_num + label_filename,2025,,4,369,1,0,1,2025_PIETRA_Cam_T_4_369.jpg,,top_only,PIETRA
C,year + cam_num + sample_num + label_filename,2025,,4,370,1,0,1,2025_PIETRA_Cam_T_4_370.jpg,,top_only,PIETRA
C,year + cam_num + sample_num + label_filename,2025,,4,371,1,0,1,2025_PIETRA_Cam_T_4_371.jpg,,top_only,PIETRA
C,year + cam_num + sample_num + label_filename,2025,,4,372,1,0,1,2025_PIETRA_Cam_T_4_372.jpg,,top_only,PIETRA
C,year + cam_num + sample_num + label_filename,2025,,4,373,1,0,1,2025_PIETRA_Cam_T_4_373.jpg,,top_only,PIETRA
C,year + cam_num + sample_num + label_filename,2025,,4,374,1,0,1,2025_PIETRA_Cam_T_4_374.jpg,,top_only,PIETRA
C,year + cam_num + sample_num + label_filename,2025,,4,375,1,0,1,2025_PIETRA_Cam_T_4_375.jpg,,top_only,PIETRA
C,year + cam_num + sample_num + label_filename,2025,,4,376,1,0,1,2025_PIETRA_Cam_T_4_376.jpg,,top_only,PIETRA
C,year + cam_num + sample_num + label_filename,2025,,4,377,1,0,1,2025_PIETRA_Cam_T_4_377.jpg,,top_only,PIETRA
C,year + cam_num + sample_num + label_filename,2025,,4,378,1,0,1,2025_PIETRA_Cam_T_4_378.jpg,,top_only,PIETRA
C,year + cam_num + sample_num + label_filename,2025,,4,379,1,0,1,2025_PIETRA_Cam_T_4_379.jpg,,top_only,PIETRA
C,year + cam_num + sample_num + label_filename,2025,,4,380,1,0,1,2025_PIETRA_Cam_T_4_380.jpg,,top_only,PIETRA
C,year + cam_num + sample_num + label_filename,2025,,4,381,1,0,1,2025_PIETRA_Cam_T_4_381.jpg,,top_only,PIETRA
C,year + cam_num + sample_num + label_filename,2025,,4,382,1,0,1,2025_PIETRA_Cam_T_4_382.jpg,,top_only,PIETRA
C,year + cam_num + sample_num + label_filename,2025,,4,383,1,0,1,2025_PIETRA_Cam_T_4_383.jpg,,top_only,PIETRA
C,year + cam_num + sample_num + label_filename,2025,,4,384,1,0,1,2025_PIETRA_Cam_T_4_384.jpg,,top_only,PIETRA
C,year + cam_num + sample_num + label_filename,2025,,4,385,1,0,1,2025_NON_Conforme_Cam_T_4_385.jpg,,top_only,NON Conforme
C,year + cam_num + sample_num + label_filename,2025,,4,385,1,0,1,2025_PIETRA_Cam_T_4_385.jpg,,top_only,PIETRA
C,year + cam_num + sample_num + label_filename,2025,,4,386,1,0,1,2025_PIETRA_Cam_T_4_386.jpg,,top_only,PIETRA
C,year + cam_num + sample_num + label_filename,2025,,4,387,1,0,1,2025_PIETRA_Cam_T_4_387.jpg,,top_only,PIETRA
C,year + cam_num + sample_num + label_filename,2025,,4,388,1,0,1,2025_PIETRA_Cam_T_4_388.jpg,,top_only,PIETRA
C,year + cam_num + sample_num + label_filename,2025,,4,389,1,0,1,2025_PIETRA_Cam_T_4_389.jpg,,top_only,PIETRA
C,year + cam_num + sample_num + label_filename,2025,,4,390,1,0,1,2025_PIETRA_Cam_T_4_390.jpg,,top_only,PIETRA
C,year + cam_num + sample_num + label_filename,2025,,4,391,1,0,1,2025_NON_Conforme_Cam_T_4_391.jpg,,top_only,NON Conforme
C,year + cam_num + sample_num + label_filename,2025,,4,391,1,0,1,2025_PIETRA_Cam_T_4_391.jpg,,top_only,PIETRA
C,year + cam_num + sample_num + label_filename,2025,,4,497,1,0,1,2025_Conforme_1_Cam_T_4_497.jpg,,top_only,Conforme
C,year + cam_num + sample_num + label_filename,2025,,4,498,1,0,1,2025_Conforme_1_Cam_T_4_498.jpg,,top_only,Conforme
C,year + cam_num + sample_num + label_filename,2025,,4,499,1,0,1,2025_Conforme_1_Cam_T_4_499.jpg,,top_only,Conforme
C,year + cam_num + sample_num + label_filename,2025,,4,499,0,1,1,,2025_NON_Conforme_Cam_B_4_499.jpg,bottom_only,NON Conforme
C,year + cam_num + sample_num + label_filename,2025,,4,500,1,0,1,2025_Conforme_1_Cam_T_4_500.jpg,,top_only,Conforme
C,year + cam_num + sample_num + label_filename,2025,,4,500,0,1,1,,2025_NON_Conforme_Cam_B_4_500.jpg,bottom_only,NON Conforme
C,year + cam_num + sample_num + label_filename,2025,,4,501,1,0,1,2025_Conforme_1_Cam_T_4_501.jpg,,top_only,Conforme
C,year + cam_num + sample_num + label_filename,2025,,4,502,1,0,1,2025_Conforme_1_Cam_T_4_502.jpg,,top_only,Conforme
C,year + cam_num + sample_num + label_filename,2025,,4,503,1,0,1,2025_Conforme_1_Cam_T_4_503.jpg,,top_only,Conforme
C,year + cam_num + sample_num + label_filename,2025,,4,504,1,0,1,2025_Conforme_1_Cam_T_4_504.jpg,,top_only,Conforme
C,year + cam_num + sample_num + label_filename,2025,,4,505,1,0,1,2025_Conforme_1_Cam_T_4_505.jpg,,top_only,Conforme
C,year + cam_num + sample_num + label_filename,2025,,4,506,1,0,1,2025_Conforme_1_Cam_T_4_506.jpg,,top_only,Conforme
C,year + cam_num + sample_num + label_filename,2025,,4,507,1,0,1,2025_Conforme_1_Cam_T_4_507.jpg,,top_only,Conforme
C,year + cam_num + sample_num + label_filename,2025,,4,508,1,0,1,2025_Conforme_1_Cam_T_4_508.jpg,,top_only,Conforme
C,year + cam_num + sample_num + label_filename,2025,,4,509,1,0,1,2025_Conforme_1_Cam_T_4_509.jpg,,top_only,Conforme
C,year + cam_num + sample_num + label_filename,2025,,4,510,1,0,1,2025_Conforme_1_Cam_T_4_510.jpg,,top_only,Conforme
C,year + cam_num + sample_num + label_filename,2025,,4,511,1,0,1,2025_Conforme_1_Cam_T_4_511.jpg,,top_only,Conforme
C,year + cam_num + sample_num + label_filename,2025,,4,512,1,0,1,2025_Conforme_1_Cam_T_4_512.jpg,,top_only,Conforme
C,year + cam_num + sample_num + label_filename,2025,,4,513,1,0,1,2025_Conforme_1_Cam_T_4_513.jpg,,top_only,Conforme
C,year + cam_num + sample_num + label_filename,2025,,4,514,1,0,1,2025_Conforme_1_Cam_T_4_514.jpg,,top_only,Conforme
C,year + cam_num + sample_num + label_filename,2025,,4,515,1,0,1,2025_Conforme_1_Cam_T_4_515.jpg,,top_only,Conforme
C,year + cam_num + sample_num + label_filename,2025,,4,516,1,0,1,2025_Conforme_1_Cam_T_4_516.jpg,,top_only,Conforme
C,year + cam_num + sample_num + label_filename,2025,,5,22,1,0,1,2025_NON_Conforme_Cam_T_5_22.jpg,,top_only,NON Conforme
C,year + cam_num + sample_num + label_filename,2025,,5,24,1,0,1,2025_NON_Conforme_Cam_T_5_24.jpg,,top_only,NON Conforme
C,year + cam_num + sample_num + label_filename,2025,,5,25,1,0,1,2025_NON_Conforme_Cam_T_5_25.jpg,,top_only,NON Conforme
C,year + cam_num + sample_num + label_filename,2025,,5,31,1,0,1,2025_NON_Conforme_Cam_T_5_31.jpg,,top_only,NON Conforme
C,year + cam_num + sample_num + label_filename,2025,,5,118,0,1,1,,2025_PIETRA_Cam_B_5_118.jpg,bottom_only,PIETRA
C,year + cam_num + sample_num + label_filename,2025,,5,229,0,1,1,,2025_PIETRA_Cam_B_5_229.jpg,bottom_only,PIETRA
C,year + cam_num + sample_num + label_filename,2025,,5,312,0,1,1,,2025_PIETRA_Cam_B_5_312.jpg,bottom_only,PIETRA
C,year + cam_num + sample_num + label_filename,2025,,5,313,0,1,1,,2025_PIETRA_Cam_B_5_313.jpg,bottom_only,PIETRA
C,year + cam_num + sample_num + label_filename,2025,,5,324,0,1,1,,2025_PIETRA_Cam_B_5_324.jpg,bottom_only,PIETRA
C,year + cam_num + sample_num + label_filename,2025,,5,325,0,1,1,,2025_PIETRA_Cam_B_5_325.jpg,bottom_only,PIETRA
C,year + cam_num + sample_num + label_filename,2025,,5,326,0,1,1,,2025_PIETRA_Cam_B_5_326.jpg,bottom_only,PIETRA
C,year + cam_num + sample_num + label_filename,2025,,5,327,0,1,1,,2025_PIETRA_Cam_B_5_327.jpg,bottom_only,PIETRA
C,year + cam_num + sample_num + label_filename,2025,,5,328,0,1,1,,2025_PIETRA_Cam_B_5_328.jpg,bottom_only,PIETRA
C,year + cam_num + sample_num + label_filename,2025,,5,329,0,1,1,,2025_PIETRA_Cam_B_5_329.jpg,bottom_only,PIETRA
C,year + cam_num + sample_num + label_filename,2025,,5,330,0,1,1,,2025_PIETRA_Cam_B_5_330.jpg,bottom_only,PIETRA
C,year + cam_num + sample_num + label_filename,2025,,5,331,0,1,1,,2025_PIETRA_Cam_B_5_331.jpg,bottom_only,PIETRA
C,year + cam_num + sample_num + label_filename,2025,,5,332,0,1,1,,2025_PIETRA_Cam_B_5_332.jpg,bottom_only,PIETRA
C,year + cam_num + sample_num + label_filename,2025,,5,333,0,1,1,,2025_PIETRA_Cam_B_5_333.jpg,bottom_only,PIETRA
C,year + cam_num + sample_num + label_filename,2025,,5,334,0,1,1,,2025_PIETRA_Cam_B_5_334.jpg,bottom_only,PIETRA
C,year + cam_num + sample_num + label_filename,2025,,5,335,0,1,1,,2025_PIETRA_Cam_B_5_335.jpg,bottom_only,PIETRA
C,year + cam_num + sample_num + label_filename,2025,,5,336,0,1,1,,2025_PIETRA_Cam_B_5_336.jpg,bottom_only,PIETRA
C,year + cam_num + sample_num + label_filename,2025,,5,337,0,1,1,,2025_PIETRA_Cam_B_5_337.jpg,bottom_only,PIETRA
C,year + cam_num + sample_num + label_filename,2025,,5,338,0,1,1,,2025_PIETRA_Cam_B_5_338.jpg,bottom_only,PIETRA
C,year + cam_num + sample_num + label_filename,2025,,5,339,0,1,1,,2025_PIETRA_Cam_B_5_339.jpg,bottom_only,PIETRA
C,year + cam_num + sample_num + label_filename,2025,,5,340,0,1,1,,2025_PIETRA_Cam_B_5_340.jpg,bottom_only,PIETRA
C,year + cam_num + sample_num + label_filename,2025,,5,341,0,1,1,,2025_PIETRA_Cam_B_5_341.jpg,bottom_only,PIETRA
C,year + cam_num + sample_num + label_filename,2025,,5,342,0,1,1,,2025_PIETRA_Cam_B_5_342.jpg,bottom_only,PIETRA
C,year + cam_num + sample_num + label_filename,2025,,5,343,0,1,1,,2025_PIETRA_Cam_B_5_343.jpg,bottom_only,PIETRA
C,year + cam_num + sample_num + label_filename,2025,,5,344,0,1,1,,2025_PIETRA_Cam_B_5_344.jpg,bottom_only,PIETRA
C,year + cam_num + sample_num + label_filename,2025,,5,345,0,1,1,,2025_PIETRA_Cam_B_5_345.jpg,bottom_only,PIETRA
C,year + cam_num + sample_num + label_filename,2025,,5,346,0,1,1,,2025_PIETRA_Cam_B_5_346.jpg,bottom_only,PIETRA
C,year + cam_num + sample_num + label_filename,2025,,5,347,0,1,1,,2025_PIETRA_Cam_B_5_347.jpg,bottom_only,PIETRA
C,year + cam_num + sample_num + label_filename,2025,,5,348,0,1,1,,2025_PIETRA_Cam_B_5_348.jpg,bottom_only,PIETRA
C,year + cam_num + sample_num + label_filename,2025,,5,349,0,1,1,,2025_PIETRA_Cam_B_5_349.jpg,bottom_only,PIETRA
C,year + cam_num + sample_num + label_filename,2025,,5,350,0,1,1,,2025_PIETRA_Cam_B_5_350.jpg,bottom_only,PIETRA
C,year + cam_num + sample_num + label_filename,2025,,5,351,0,1,1,,2025_PIETRA_Cam_B_5_351.jpg,bottom_only,PIETRA
C,year + cam_num + sample_num + label_filename,2025,,5,352,0,1,1,,2025_PIETRA_Cam_B_5_352.jpg,bottom_only,PIETRA
C,year + cam_num + sample_num + label_filename,2025,,5,353,0,1,1,,2025_PIETRA_Cam_B_5_353.jpg,bottom_only,PIETRA
C,year + cam_num + sample_num + label_filename,2025,,5,354,0,1,1,,2025_PIETRA_Cam_B_5_354.jpg,bottom_only,PIETRA
C,year + cam_num + sample_num + label_filename,2025,,5,355,0,1,1,,2025_PIETRA_Cam_B_5_355.jpg,bottom_only,PIETRA
C,year + cam_num + sample_num + label_filename,2025,,5,356,0,1,1,,2025_PIETRA_Cam_B_5_356.jpg,bottom_only,PIETRA
C,year + cam_num + sample_num + label_filename,2025,,5,357,0,1,1,,2025_PIETRA_Cam_B_5_357.jpg,bottom_only,PIETRA
C,year + cam_num + sample_num + label_filename,2025,,5,358,0,1,1,,2025_PIETRA_Cam_B_5_358.jpg,bottom_only,PIETRA
C,year + cam_num + sample_num + label_filename,2025,,5,359,0,1,1,,2025_PIETRA_Cam_B_5_359.jpg,bottom_only,PIETRA
C,year + cam_num + sample_num + label_filename,2025,,5,360,0,1,1,,2025_PIETRA_Cam_B_5_360.jpg,bottom_only,PIETRA
C,year + cam_num + sample_num + label_filename,2025,,5,361,0,1,1,,2025_PIETRA_Cam_B_5_361.jpg,bottom_only,PIETRA
C,year + cam_num + sample_num + label_filename,2025,,5,362,0,1,1,,2025_PIETRA_Cam_B_5_362.jpg,bottom_only,PIETRA
C,year + cam_num + sample_num + label_filename,2025,,5,363,0,1,1,,2025_PIETRA_Cam_B_5_363.jpg,bottom_only,PIETRA
C,year + cam_num + sample_num + label_filename,2025,,5,364,0,1,1,,2025_PIETRA_Cam_B_5_364.jpg,bottom_only,PIETRA
C,year + cam_num + sample_num + label_filename,2025,,5,365,0,1,1,,2025_PIETRA_Cam_B_5_365.jpg,bottom_only,PIETRA
C,year + cam_num + sample_num + label_filename,2025,,5,366,0,1,1,,2025_PIETRA_Cam_B_5_366.jpg,bottom_only,PIETRA
C,year + cam_num + sample_num + label_filename,2025,,5,367,0,1,1,,2025_PIETRA_Cam_B_5_367.jpg,bottom_only,PIETRA
C,year + cam_num + sample_num + label_filename,2025,,5,368,0,1,1,,2025_PIETRA_Cam_B_5_368.jpg,bottom_only,PIETRA
C,year + cam_num + sample_num + label_filename,2025,,5,369,0,1,1,,2025_PIETRA_Cam_B_5_369.jpg,bottom_only,PIETRA
C,year + cam_num + sample_num + label_filename,2025,,5,370,0,1,1,,2025_PIETRA_Cam_B_5_370.jpg,bottom_only,PIETRA
C,year + cam_num + sample_num + label_filename,2025,,5,371,0,1,1,,2025_PIETRA_Cam_B_5_371.jpg,bottom_only,PIETRA
C,year + cam_num + sample_num + label_filename,2025,,5,372,0,1,1,,2025_PIETRA_Cam_B_5_372.jpg,bottom_only,PIETRA
C,year + cam_num + sample_num + label_filename,2025,,5,373,0,1,1,,2025_PIETRA_Cam_B_5_373.jpg,bottom_only,PIETRA
C,year + cam_num + sample_num + label_filename,2025,,5,374,0,1,1,,2025_PIETRA_Cam_B_5_374.jpg,bottom_only,PIETRA
C,year + cam_num + sample_num + label_filename,2025,,5,375,0,1,1,,2025_PIETRA_Cam_B_5_375.jpg,bottom_only,PIETRA
C,year + cam_num + sample_num + label_filename,2025,,5,376,0,1,1,,2025_PIETRA_Cam_B_5_376.jpg,bottom_only,PIETRA
C,year + cam_num + sample_num + label_filename,2025,,5,377,0,1,1,,2025_PIETRA_Cam_B_5_377.jpg,bottom_only,PIETRA
C,year + cam_num + sample_num + label_filename,2025,,5,378,0,1,1,,2025_PIETRA_Cam_B_5_378.jpg,bottom_only,PIETRA
C,year + cam_num + sample_num + label_filename,2025,,5,379,0,1,1,,2025_PIETRA_Cam_B_5_379.jpg,bottom_only,PIETRA
C,year + cam_num + sample_num + label_filename,2025,,5,380,0,1,1,,2025_PIETRA_Cam_B_5_380.jpg,bottom_only,PIETRA
C,year + cam_num + sample_num + label_filename,2025,,5,381,0,1,1,,2025_PIETRA_Cam_B_5_381.jpg,bottom_only,PIETRA
C,year + cam_num + sample_num + label_filename,2025,,5,382,0,1,1,,2025_PIETRA_Cam_B_5_382.jpg,bottom_only,PIETRA
C,year + cam_num + sample_num + label_filename,2025,,5,383,0,1,1,,2025_PIETRA_Cam_B_5_383.jpg,bottom_only,PIETRA
C,year + cam_num + sample_num + label_filename,2025,,5,384,0,1,1,,2025_PIETRA_Cam_B_5_384.jpg,bottom_only,PIETRA
C,year + cam_num + sample_num + label_filename,2025,,5,465,0,1,1,,2025_Conforme_2_Cam_B_5_465.jpg,bottom_only,Conforme
C,year + cam_num + sample_num + label_filename,2025,,5,466,0,1,1,,2025_Conforme_2_Cam_B_5_466.jpg,bottom_only,Conforme
C,year + cam_num + sample_num + label_filename,2025,,5,467,0,1,1,,2025_Conforme_2_Cam_B_5_467.jpg,bottom_only,Conforme
C,year + cam_num + sample_num + label_filename,2025,,5,468,0,1,1,,2025_Conforme_2_Cam_B_5_468.jpg,bottom_only,Conforme
C,year + cam_num + sample_num + label_filename,2025,,5,469,0,1,1,,2025_Conforme_2_Cam_B_5_469.jpg,bottom_only,Conforme
C,year + cam_num + sample_num + label_filename,2025,,5,470,0,1,1,,2025_Conforme_2_Cam_B_5_470.jpg,bottom_only,Conforme
C,year + cam_num + sample_num + label_filename,2025,,5,471,0,1,1,,2025_Conforme_2_Cam_B_5_471.jpg,bottom_only,Conforme
C,year + cam_num + sample_num + label_filename,2025,,5,472,0,1,1,,2025_Conforme_2_Cam_B_5_472.jpg,bottom_only,Conforme
C,year + cam_num + sample_num + label_filename,2025,,5,473,0,1,1,,2025_Conforme_2_Cam_B_5_473.jpg,bottom_only,Conforme
C,year + cam_num + sample_num + label_filename,2025,,5,474,0,1,1,,2025_Conforme_2_Cam_B_5_474.jpg,bottom_only,Conforme
C,year + cam_num + sample_num + label_filename,2025,,5,475,0,1,1,,2025_Conforme_2_Cam_B_5_475.jpg,bottom_only,Conforme
C,year + cam_num + sample_num + label_filename,2025,,5,476,0,1,1,,2025_Conforme_2_Cam_B_5_476.jpg,bottom_only,Conforme
C,year + cam_num + sample_num + label_filename,2025,,5,477,0,1,1,,2025_Conforme_2_Cam_B_5_477.jpg,bottom_only,Conforme
C,year + cam_num + sample_num + label_filename,2025,,5,478,0,1,1,,2025_Conforme_2_Cam_B_5_478.jpg,bottom_only,Conforme
C,year + cam_num + sample_num + label_filename,2025,,5,479,0,1,1,,2025_Conforme_2_Cam_B_5_479.jpg,bottom_only,Conforme
C,year + cam_num + sample_num + label_filename,2025,,5,480,0,1,1,,2025_Conforme_2_Cam_B_5_480.jpg,bottom_only,Conforme
C,year + cam_num + sample_num + label_filename,2025,,5,481,0,1,1,,2025_Conforme_2_Cam_B_5_481.jpg,bottom_only,Conforme
C,year + cam_num + sample_num + label_filename,2025,,5,482,0,1,1,,2025_Conforme_2_Cam_B_5_482.jpg,bottom_only,Conforme
C,year + cam_num + sample_num + label_filename,2025,,5,483,0,1,1,,2025_Conforme_2_Cam_B_5_483.jpg,bottom_only,Conforme
C,year + cam_num + sample_num + label_filename,2025,,5,484,0,1,1,,2025_Conforme_2_Cam_B_5_484.jpg,bottom_only,Conforme
C,year + cam_num + sample_num + label_filename,2025,,5,485,0,1,1,,2025_Conforme_2_Cam_B_5_485.jpg,bottom_only,Conforme
C,year + cam_num + sample_num + label_filename,2025,,5,486,0,1,1,,2025_Conforme_2_Cam_B_5_486.jpg,bottom_only,Conforme
C,year + cam_num + sample_num + label_filename,2025,,5,487,0,1,1,,2025_Conforme_2_Cam_B_5_487.jpg,bottom_only,Conforme
C,year + cam_num + sample_num + label_filename,2025,,5,488,0,1,1,,2025_Conforme_2_Cam_B_5_488.jpg,bottom_only,Conforme
C,year + cam_num + sample_num + label_filename,2025,,5,489,0,1,1,,2025_Conforme_2_Cam_B_5_489.jpg,bottom_only,Conforme
C,year + cam_num + sample_num + label_filename,2025,,5,490,0,1,1,,2025_Conforme_2_Cam_B_5_490.jpg,bottom_only,Conforme
C,year + cam_num + sample_num + label_filename,2025,,5,491,0,1,1,,2025_Conforme_2_Cam_B_5_491.jpg,bottom_only,Conforme
C,year + cam_num + sample_num + label_filename,2025,,5,492,0,1,1,,2025_Conforme_2_Cam_B_5_492.jpg,bottom_only,Conforme
C,year + cam_num + sample_num + label_filename,2025,,5,493,0,1,1,,2025_Conforme_2_Cam_B_5_493.jpg,bottom_only,Conforme
C,year + cam_num + sample_num + label_filename,2025,,5,494,0,1,1,,2025_Conforme_2_Cam_B_5_494.jpg,bottom_only,Conforme
C,year + cam_num + sample_num + label_filename,2025,,5,495,0,1,1,,2025_Conforme_2_Cam_B_5_495.jpg,bottom_only,Conforme
C,year + cam_num + sample_num + label_filename,2025,,5,496,0,1,1,,2025_Conforme_2_Cam_B_5_496.jpg,bottom_only,Conforme
C,year + cam_num + sample_num + label_filename,2025,,5,497,0,1,1,,2025_Conforme_2_Cam_B_5_497.jpg,bottom_only,Conforme
C,year + cam_num + sample_num + label_filename,2025,,5,498,0,1,1,,2025_Conforme_2_Cam_B_5_498.jpg,bottom_only,Conforme
C,year + cam_num + sample_num + label_filename,2025,,5,499,0,1,1,,2025_Conforme_2_Cam_B_5_499.jpg,bottom_only,Conforme
C,year + cam_num + sample_num + label_filename,2025,,5,500,0,1,1,,2025_Conforme_2_Cam_B_5_500.jpg,bottom_only,Conforme
C,year + cam_num + sample_num + label_filename,2025,,5,500,0,1,1,,2025_NON_Conforme_Cam_B_5_500.jpg,bottom_only,NON Conforme
C,year + cam_num + sample_num + label_filename,2025,,5,501,0,1,1,,2025_Conforme_2_Cam_B_5_501.jpg,bottom_only,Conforme
C,year + cam_num + sample_num + label_filename,2025,,5,501,0,1,1,,2025_NON_Conforme_Cam_B_5_501.jpg,bottom_only,NON Conforme
C,year + cam_num + sample_num + label_filename,2025,,5,502,0,1,1,,2025_Conforme_2_Cam_B_5_502.jpg,bottom_only,Conforme
C,year + cam_num + sample_num + label_filename,2025,,5,502,0,1,1,,2025_NON_Conforme_Cam_B_5_502.jpg,bottom_only,NON Conforme
C,year + cam_num + sample_num + label_filename,2025,,5,503,0,1,1,,2025_Conforme_2_Cam_B_5_503.jpg,bottom_only,Conforme
C,year + cam_num + sample_num + label_filename,2025,,5,503,0,1,1,,2025_NON_Conforme_Cam_B_5_503.jpg,bottom_only,NON Conforme
C,year + cam_num + sample_num + label_filename,2025,,5,504,0,1,1,,2025_Conforme_2_Cam_B_5_504.jpg,bottom_only,Conforme
C,year + cam_num + sample_num + label_filename,2025,,5,504,0,1,1,,2025_NON_Conforme_Cam_B_5_504.jpg,bottom_only,NON Conforme
C,year + cam_num + sample_num + label_filename,2025,,5,505,0,1,1,,2025_Conforme_2_Cam_B_5_505.jpg,bottom_only,Conforme
C,year + cam_num + sample_num + label_filename,2025,,5,505,0,1,1,,2025_NON_Conforme_Cam_B_5_505.jpg,bottom_only,NON Conforme
C,year + cam_num + sample_num + label_filename,2025,,5,506,0,1,1,,2025_Conforme_2_Cam_B_5_506.jpg,bottom_only,Conforme
C,year + cam_num + sample_num + label_filename,2025,,5,507,0,1,1,,2025_Conforme_2_Cam_B_5_507.jpg,bottom_only,Conforme
C,year + cam_num + sample_num + label_filename,2025,,5,508,0,1,1,,2025_Conforme_2_Cam_B_5_508.jpg,bottom_only,Conforme
C,year + cam_num + sample_num + label_filename,2025,,5,509,0,1,1,,2025_Conforme_2_Cam_B_5_509.jpg,bottom_only,Conforme
C,year + cam_num + sample_num + label_filename,2025,,5,510,0,1,1,,2025_Conforme_2_Cam_B_5_510.jpg,bottom_only,Conforme
C,year + cam_num + sample_num + label_filename,2025,,5,511,0,1,1,,2025_Conforme_2_Cam_B_5_511.jpg,bottom_only,Conforme
C,year + cam_num + sample_num + label_filename,2025,,5,512,0,1,1,,2025_Conforme_2_Cam_B_5_512.jpg,bottom_only,Conforme
C,year + cam_num + sample_num + label_filename,2025,,5,513,0,1,1,,2025_Conforme_2_Cam_B_5_513.jpg,bottom_only,Conforme
C,year + cam_num + sample_num + label_filename,2025,,5,514,0,1,1,,2025_Conforme_2_Cam_B_5_514.jpg,bottom_only,Conforme
C,year + cam_num + sample_num + label_filename,2025,,5,515,0,1,1,,2025_Conforme_2_Cam_B_5_515.jpg,bottom_only,Conforme
C,year + cam_num + sample_num + label_filename,2025,,5,516,0,1,1,,2025_Conforme_2_Cam_B_5_516.jpg,bottom_only,Conforme
C,year + cam_num + sample_num + label_filename,2025,,5,517,0,1,1,,2025_Conforme_2_Cam_B_5_517.jpg,bottom_only,Conforme
C,year + cam_num + sample_num + label_filename,2025,,5,518,0,1,1,,2025_Conforme_2_Cam_B_5_518.jpg,bottom_only,Conforme
C,year + cam_num + sample_num + label_filename,2025,,5,519,0,1,1,,2025_Conforme_2_Cam_B_5_519.jpg,bottom_only,Conforme
C,year + cam_num + sample_num + label_filename,2025,,5,520,0,1,1,,2025_Conforme_2_Cam_B_5_520.jpg,bottom_only,Conforme
C,year + cam_num + sample_num + label_filename,2025,,5,521,0,1,1,,2025_Conforme_2_Cam_B_5_521.jpg,bottom_only,Conforme
C,year + cam_num + sample_num + label_filename,2025,,5,522,0,1,1,,2025_Conforme_2_Cam_B_5_522.jpg,bottom_only,Conforme
C,year + cam_num + sample_num + label_filename,2025,,5,523,0,1,1,,2025_Conforme_2_Cam_B_5_523.jpg,bottom_only,Conforme
C,year + cam_num + sample_num + label_filename,2025,,5,524,0,1,1,,2025_Conforme_2_Cam_B_5_524.jpg,bottom_only,Conforme
C,year + cam_num + sample_num + label_filename,2025,,5,525,0,1,1,,2025_Conforme_2_Cam_B_5_525.jpg,bottom_only,Conforme
C,year + cam_num + sample_num + label_filename,2025,,5,526,0,1,1,,2025_Conforme_2_Cam_B_5_526.jpg,bottom_only,Conforme
C,year + cam_num + sample_num + label_filename,2025,,5,527,0,1,1,,2025_Conforme_2_Cam_B_5_527.jpg,bottom_only,Conforme
C,year + cam_num + sample_num + label_filename,2025,,5,528,0,1,1,,2025_Conforme_2_Cam_B_5_528.jpg,bottom_only,Conforme
C,year + cam_num + sample_num + label_filename,2025,,5,529,0,1,1,,2025_Conforme_2_Cam_B_5_529.jpg,bottom_only,Conforme
C,year + cam_num + sample_num + label_filename,2025,,5,530,0,1,1,,2025_Conforme_2_Cam_B_5_530.jpg,bottom_only,Conforme
C,year + cam_num + sample_num + label_filename,2025,,5,531,0,1,1,,2025_Conforme_2_Cam_B_5_531.jpg,bottom_only,Conforme
C,year + cam_num + sample_num + label_filename,2025,,5,532,0,1,1,,2025_Conforme_2_Cam_B_5_532.jpg,bottom_only,Conforme
C,year + cam_num + sample_num + label_filename,2025,,5,533,0,1,1,,2025_Conforme_2_Cam_B_5_533.jpg,bottom_only,Conforme
C,year + cam_num + sample_num + label_filename,2025,,5,534,0,1,1,,2025_Conforme_2_Cam_B_5_534.jpg,bottom_only,Conforme
C,year + cam_num + sample_num + label_filename,2025,,5,535,0,1,1,,2025_Conforme_2_Cam_B_5_535.jpg,bottom_only,Conforme
C,year + cam_num + sample_num + label_filename,2025,,5,536,0,1,1,,2025_Conforme_2_Cam_B_5_536.jpg,bottom_only,Conforme
C,year + cam_num + sample_num + label_filename,2025,,6,0,1,0,1,2025_NON_Conforme_Cam_T_6_0.jpg,,top_only,NON Conforme
C,year + cam_num + sample_num + label_filename,2025,,6,3,1,0,1,2025_NON_Conforme_Cam_T_6_3.jpg,,top_only,NON Conforme
C,year + cam_num + sample_num + label_filename,2025,,6,13,0,1,1,,2025_NON_Conforme_Cam_B_6_13.jpg,bottom_only,NON Conforme
C,year + cam_num + sample_num + label_filename,2025,,6,15,1,0,1,2025_NON_Conforme_Cam_T_6_15.jpg,,top_only,NON Conforme
C,year + cam_num + sample_num + label_filename,2025,,6,16,1,0,1,2025_NON_Conforme_Cam_T_6_16.jpg,,top_only,NON Conforme
C,year + cam_num + sample_num + label_filename,2025,,6,16,0,1,1,,2025_PIETRA_Cam_B_6_16.jpg,bottom_only,PIETRA
C,year + cam_num + sample_num + label_filename,2025,,6,17,1,0,1,2025_NON_Conforme_Cam_T_6_17.jpg,,top_only,NON Conforme
C,year + cam_num + sample_num + label_filename,2025,,6,20,0,1,1,,2025_NON_Conforme_Cam_B_6_20.jpg,bottom_only,NON Conforme
C,year + cam_num + sample_num + label_filename,2025,,6,21,0,1,1,,2025_NON_Conforme_Cam_B_6_21.jpg,bottom_only,NON Conforme
C,year + cam_num + sample_num + label_filename,2025,,6,21,0,1,1,,2025_PIETRA_Cam_B_6_21.jpg,bottom_only,PIETRA
C,year + cam_num + sample_num + label_filename,2025,,6,23,1,0,1,2025_NON_Conforme_Cam_T_6_23.jpg,,top_only,NON Conforme
C,year + cam_num + sample_num + label_filename,2025,,6,24,0,1,1,,2025_NON_Conforme_Cam_B_6_24.jpg,bottom_only,NON Conforme
C,year + cam_num + sample_num + label_filename,2025,,6,27,1,0,1,2025_NON_Conforme_Cam_T_6_27.jpg,,top_only,NON Conforme
C,year + cam_num + sample_num + label_filename,2025,,6,29,1,0,1,2025_NON_Conforme_Cam_T_6_29.jpg,,top_only,NON Conforme
C,year + cam_num + sample_num + label_filename,2025,,6,34,1,0,1,2025_NON_Conforme_Cam_T_6_34.jpg,,top_only,NON Conforme
C,year + cam_num + sample_num + label_filename,2025,,6,36,1,0,1,2025_NON_Conforme_Cam_T_6_36.jpg,,top_only,NON Conforme
C,year + cam_num + sample_num + label_filename,2025,,6,38,1,0,1,2025_NON_Conforme_Cam_T_6_38.jpg,,top_only,NON Conforme
C,year + cam_num + sample_num + label_filename,2025,,6,43,0,1,1,,2025_PIETRA_Cam_B_6_43.jpg,bottom_only,PIETRA
C,year + cam_num + sample_num + label_filename,2025,,6,47,1,0,1,2025_NON_Conforme_Cam_T_6_47.jpg,,top_only,NON Conforme
C,year + cam_num + sample_num + label_filename,2025,,6,49,1,0,1,2025_NON_Conforme_Cam_T_6_49.jpg,,top_only,NON Conforme
C,year + cam_num + sample_num + label_filename,2025,,6,50,1,0,1,2025_NON_Conforme_Cam_T_6_50.jpg,,top_only,NON Conforme
C,year + cam_num + sample_num + label_filename,2025,,6,52,0,1,1,,2025_NON_Conforme_Cam_B_6_52.jpg,bottom_only,NON Conforme
C,year + cam_num + sample_num + label_filename,2025,,6,54,1,0,1,2025_NON_Conforme_Cam_T_6_54.jpg,,top_only,NON Conforme
C,year + cam_num + sample_num + label_filename,2025,,6,63,0,1,1,,2025_NON_Conforme_Cam_B_6_63.jpg,bottom_only,NON Conforme
C,year + cam_num + sample_num + label_filename,2025,,6,68,1,0,1,2025_NON_Conforme_Cam_T_6_68.jpg,,top_only,NON Conforme
C,year + cam_num + sample_num + label_filename,2025,,6,70,1,0,1,2025_NON_Conforme_Cam_T_6_70.jpg,,top_only,NON Conforme
C,year + cam_num + sample_num + label_filename,2025,,6,71,1,0,1,2025_NON_Conforme_Cam_T_6_71.jpg,,top_only,NON Conforme
C,year + cam_num + sample_num + label_filename,2025,,6,72,1,0,1,2025_NON_Conforme_Cam_T_6_72.jpg,,top_only,NON Conforme
C,year + cam_num + sample_num + label_filename,2025,,6,80,1,0,1,2025_NON_Conforme_Cam_T_6_80.jpg,,top_only,NON Conforme
C,year + cam_num + sample_num + label_filename,2025,,6,87,1,0,1,2025_NON_Conforme_Cam_T_6_87.jpg,,top_only,NON Conforme
C,year + cam_num + sample_num + label_filename,2025,,6,89,0,1,1,,2025_PIETRA_Cam_B_6_89.jpg,bottom_only,PIETRA
C,year + cam_num + sample_num + label_filename,2025,,6,92,1,0,1,2025_NON_Conforme_Cam_T_6_92.jpg,,top_only,NON Conforme
C,year + cam_num + sample_num + label_filename,2025,,6,99,1,0,1,2025_NON_Conforme_Cam_T_6_99.jpg,,top_only,NON Conforme
C,year + cam_num + sample_num + label_filename,2025,,6,102,0,1,1,,2025_NON_Conforme_Cam_B_6_102.jpg,bottom_only,NON Conforme
C,year + cam_num + sample_num + label_filename,2025,,6,105,0,1,1,,2025_NON_Conforme_Cam_B_6_105.jpg,bottom_only,NON Conforme
C,year + cam_num + sample_num + label_filename,2025,,6,119,1,0,1,2025_NON_Conforme_Cam_T_6_119.jpg,,top_only,NON Conforme
C,year + cam_num + sample_num + label_filename,2025,,6,121,0,1,1,,2025_NON_Conforme_Cam_B_6_121.jpg,bottom_only,NON Conforme
C,year + cam_num + sample_num + label_filename,2025,,6,138,1,0,1,2025_NON_Conforme_Cam_T_6_138.jpg,,top_only,NON Conforme
C,year + cam_num + sample_num + label_filename,2025,,6,143,0,1,1,,2025_NON_Conforme_Cam_B_6_143.jpg,bottom_only,NON Conforme
C,year + cam_num + sample_num + label_filename,2025,,6,149,1,0,1,2025_NON_Conforme_Cam_T_6_149.jpg,,top_only,NON Conforme
C,year + cam_num + sample_num + label_filename,2025,,6,149,1,0,1,2025_PIETRA_Cam_T_6_149.jpg,,top_only,PIETRA
C,year + cam_num + sample_num + label_filename,2025,,6,155,0,1,1,,2025_NON_Conforme_Cam_B_6_155.jpg,bottom_only,NON Conforme
C,year + cam_num + sample_num + label_filename,2025,,6,159,1,0,1,2025_NON_Conforme_Cam_T_6_159.jpg,,top_only,NON Conforme
C,year + cam_num + sample_num + label_filename,2025,,6,160,1,0,1,2025_NON_Conforme_Cam_T_6_160.jpg,,top_only,NON Conforme
C,year + cam_num + sample_num + label_filename,2025,,6,161,1,0,1,2025_PIETRA_Cam_T_6_161.jpg,,top_only,PIETRA
C,year + cam_num + sample_num + label_filename,2025,,6,162,1,0,1,2025_PIETRA_Cam_T_6_162.jpg,,top_only,PIETRA
C,year + cam_num + sample_num + label_filename,2025,,6,163,1,0,1,2025_NON_Conforme_Cam_T_6_163.jpg,,top_only,NON Conforme
C,year + cam_num + sample_num + label_filename,2025,,6,169,1,0,1,2025_NON_Conforme_Cam_T_6_169.jpg,,top_only,NON Conforme
C,year + cam_num + sample_num + label_filename,2025,,6,178,0,1,1,,2025_PIETRA_Cam_B_6_178.jpg,bottom_only,PIETRA
C,year + cam_num + sample_num + label_filename,2025,,6,181,1,0,1,2025_NON_Conforme_Cam_T_6_181.jpg,,top_only,NON Conforme
C,year + cam_num + sample_num + label_filename,2025,,6,182,1,0,1,2025_NON_Conforme_Cam_T_6_182.jpg,,top_only,NON Conforme
C,year + cam_num + sample_num + label_filename,2025,,6,183,0,1,1,,2025_PIETRA_Cam_B_6_183.jpg,bottom_only,PIETRA
C,year + cam_num + sample_num + label_filename,2025,,6,200,1,0,1,2025_NON_Conforme_Cam_T_6_200.jpg,,top_only,NON Conforme
C,year + cam_num + sample_num + label_filename,2025,,6,200,1,0,1,2025_PIETRA_Cam_T_6_200.jpg,,top_only,PIETRA
C,year + cam_num + sample_num + label_filename,2025,,6,201,1,0,1,2025_NON_Conforme_Cam_T_6_201.jpg,,top_only,NON Conforme
C,year + cam_num + sample_num + label_filename,2025,,6,202,0,1,1,,2025_PIETRA_Cam_B_6_202.jpg,bottom_only,PIETRA
C,year + cam_num + sample_num + label_filename,2025,,6,203,1,0,1,2025_PIETRA_Cam_T_6_203.jpg,,top_only,PIETRA
C,year + cam_num + sample_num + label_filename,2025,,6,205,1,0,1,2025_NON_Conforme_Cam_T_6_205.jpg,,top_only,NON Conforme
C,year + cam_num + sample_num + label_filename,2025,,6,209,0,1,1,,2025_NON_Conforme_Cam_B_6_209.jpg,bottom_only,NON Conforme
C,year + cam_num + sample_num + label_filename,2025,,6,212,1,0,1,2025_NON_Conforme_Cam_T_6_212.jpg,,top_only,NON Conforme
C,year + cam_num + sample_num + label_filename,2025,,6,213,1,0,1,2025_NON_Conforme_Cam_T_6_213.jpg,,top_only,NON Conforme
C,year + cam_num + sample_num + label_filename,2025,,6,213,0,1,1,,2025_PIETRA_Cam_B_6_213.jpg,bottom_only,PIETRA
C,year + cam_num + sample_num + label_filename,2025,,6,215,1,0,1,2025_NON_Conforme_Cam_T_6_215.jpg,,top_only,NON Conforme
C,year + cam_num + sample_num + label_filename,2025,,6,215,1,0,1,2025_PIETRA_Cam_T_6_215.jpg,,top_only,PIETRA
C,year + cam_num + sample_num + label_filename,2025,,6,221,1,0,1,2025_PIETRA_Cam_T_6_221.jpg,,top_only,PIETRA
C,year + cam_num + sample_num + label_filename,2025,,6,225,1,0,1,2025_NON_Conforme_Cam_T_6_225.jpg,,top_only,NON Conforme
C,year + cam_num + sample_num + label_filename,2025,,6,232,0,1,1,,2025_NON_Conforme_Cam_B_6_232.jpg,bottom_only,NON Conforme
C,year + cam_num + sample_num + label_filename,2025,,6,232,0,1,1,,2025_PIETRA_Cam_B_6_232.jpg,bottom_only,PIETRA
C,year + cam_num + sample_num + label_filename,2025,,6,233,0,1,1,,2025_PIETRA_Cam_B_6_233.jpg,bottom_only,PIETRA
C,year + cam_num + sample_num + label_filename,2025,,6,235,0,1,1,,2025_NON_Conforme_Cam_B_6_235.jpg,bottom_only,NON Conforme
C,year + cam_num + sample_num + label_filename,2025,,6,241,0,1,1,,2025_NON_Conforme_Cam_B_6_241.jpg,bottom_only,NON Conforme
C,year + cam_num + sample_num + label_filename,2025,,6,246,0,2,2,,2025_Conforme_1_Cam_B_6_246.jpg | 2025_Conforme_2_Cam_B_6_246.jpg,bottom_only,Conforme
C,year + cam_num + sample_num + label_filename,2025,,6,247,1,0,1,2025_NON_Conforme_Cam_T_6_247.jpg,,top_only,NON Conforme
C,year + cam_num + sample_num + label_filename,2025,,6,248,0,2,2,,2025_Conforme_1_Cam_B_6_248.jpg | 2025_Conforme_2_Cam_B_6_248.jpg,bottom_only,Conforme
C,year + cam_num + sample_num + label_filename,2025,,6,251,1,0,1,2025_PIETRA_Cam_T_6_251.jpg,,top_only,PIETRA
C,year + cam_num + sample_num + label_filename,2025,,6,255,0,1,1,,2025_NON_Conforme_Cam_B_6_255.jpg,bottom_only,NON Conforme
C,year + cam_num + sample_num + label_filename,2025,,6,259,0,2,2,,2025_Conforme_1_Cam_B_6_259.jpg | 2025_Conforme_2_Cam_B_6_259.jpg,bottom_only,Conforme
C,year + cam_num + sample_num + label_filename,2025,,6,260,1,0,1,2025_PIETRA_Cam_T_6_260.jpg,,top_only,PIETRA
C,year + cam_num + sample_num + label_filename,2025,,6,262,1,0,1,2025_PIETRA_Cam_T_6_262.jpg,,top_only,PIETRA
C,year + cam_num + sample_num + label_filename,2025,,6,263,1,0,1,2025_NON_Conforme_Cam_T_6_263.jpg,,top_only,NON Conforme
C,year + cam_num + sample_num + label_filename,2025,,6,271,1,0,1,2025_PIETRA_Cam_T_6_271.jpg,,top_only,PIETRA
C,year + cam_num + sample_num + label_filename,2025,,6,279,0,1,1,,2025_NON_Conforme_Cam_B_6_279.jpg,bottom_only,NON Conforme
C,year + cam_num + sample_num + label_filename,2025,,6,287,0,2,2,,2025_Conforme_1_Cam_B_6_287.jpg | 2025_Conforme_2_Cam_B_6_287.jpg,bottom_only,Conforme
C,year + cam_num + sample_num + label_filename,2025,,6,288,1,0,1,2025_PIETRA_Cam_T_6_288.jpg,,top_only,PIETRA
C,year + cam_num + sample_num + label_filename,2025,,6,293,1,0,1,2025_NON_Conforme_Cam_T_6_293.jpg,,top_only,NON Conforme
C,year + cam_num + sample_num + label_filename,2025,,6,296,1,0,1,2025_PIETRA_Cam_T_6_296.jpg,,top_only,PIETRA
C,year + cam_num + sample_num + label_filename,2025,,6,302,0,1,1,,2025_Conforme_1_Cam_B_6_302.jpg,bottom_only,Conforme
C,year + cam_num + sample_num + label_filename,2025,,6,302,1,0,1,2025_PIETRA_Cam_T_6_302.jpg,,top_only,PIETRA
C,year + cam_num + sample_num + label_filename,2025,,6,303,0,1,1,,2025_PIETRA_Cam_B_6_303.jpg,bottom_only,PIETRA
C,year + cam_num + sample_num + label_filename,2025,,6,305,0,1,1,,2025_NON_Conforme_Cam_B_6_305.jpg,bottom_only,NON Conforme
C,year + cam_num + sample_num + label_filename,2025,,6,306,1,0,1,2025_PIETRA_Cam_T_6_306.jpg,,top_only,PIETRA
C,year + cam_num + sample_num + label_filename,2025,,6,307,0,1,1,,2025_PIETRA_Cam_B_6_307.jpg,bottom_only,PIETRA
C,year + cam_num + sample_num + label_filename,2025,,6,310,0,1,1,,2025_PIETRA_Cam_B_6_310.jpg,bottom_only,PIETRA
C,year + cam_num + sample_num + label_filename,2025,,6,311,0,1,1,,2025_NON_Conforme_Cam_B_6_311.jpg,bottom_only,NON Conforme
C,year + cam_num + sample_num + label_filename,2025,,6,315,0,1,1,,2025_PIETRA_Cam_B_6_315.jpg,bottom_only,PIETRA
C,year + cam_num + sample_num + label_filename,2025,,6,317,0,2,2,,2025_Conforme_1_Cam_B_6_317.jpg | 2025_Conforme_2_Cam_B_6_317.jpg,bottom_only,Conforme
C,year + cam_num + sample_num + label_filename,2025,,6,317,1,0,1,2025_NON_Conforme_Cam_T_6_317.jpg,,top_only,NON Conforme
C,year + cam_num + sample_num + label_filename,2025,,6,318,1,0,1,2025_NON_Conforme_Cam_T_6_318.jpg,,top_only,NON Conforme
C,year + cam_num + sample_num + label_filename,2025,,6,319,1,0,1,2025_NON_Conforme_Cam_T_6_319.jpg,,top_only,NON Conforme
C,year + cam_num + sample_num + label_filename,2025,,6,321,1,0,1,2025_NON_Conforme_Cam_T_6_321.jpg,,top_only,NON Conforme
C,year + cam_num + sample_num + label_filename,2025,,6,324,1,0,1,2025_NON_Conforme_Cam_T_6_324.jpg,,top_only,NON Conforme
C,year + cam_num + sample_num + label_filename,2025,,6,325,1,0,1,2025_PIETRA_Cam_T_6_325.jpg,,top_only,PIETRA
C,year + cam_num + sample_num + label_filename,2025,,6,326,1,0,1,2025_NON_Conforme_Cam_T_6_326.jpg,,top_only,NON Conforme
C,year + cam_num + sample_num + label_filename,2025,,6,327,0,2,2,,2025_Conforme_1_Cam_B_6_327.jpg | 2025_Conforme_2_Cam_B_6_327.jpg,bottom_only,Conforme
C,year + cam_num + sample_num + label_filename,2025,,6,327,1,0,1,2025_NON_Conforme_Cam_T_6_327.jpg,,top_only,NON Conforme
C,year + cam_num + sample_num + label_filename,2025,,6,328,1,0,1,2025_PIETRA_Cam_T_6_328.jpg,,top_only,PIETRA
C,year + cam_num + sample_num + label_filename,2025,,6,329,1,0,1,2025_PIETRA_Cam_T_6_329.jpg,,top_only,PIETRA
C,year + cam_num + sample_num + label_filename,2025,,6,330,1,0,1,2025_PIETRA_Cam_T_6_330.jpg,,top_only,PIETRA
C,year + cam_num + sample_num + label_filename,2025,,6,331,0,1,1,,2025_NON_Conforme_Cam_B_6_331.jpg,bottom_only,NON Conforme
C,year + cam_num + sample_num + label_filename,2025,,6,331,1,0,1,2025_PIETRA_Cam_T_6_331.jpg,,top_only,PIETRA
C,year + cam_num + sample_num + label_filename,2025,,6,332,1,0,1,2025_PIETRA_Cam_T_6_332.jpg,,top_only,PIETRA
C,year + cam_num + sample_num + label_filename,2025,,6,333,1,0,1,2025_PIETRA_Cam_T_6_333.jpg,,top_only,PIETRA
C,year + cam_num + sample_num + label_filename,2025,,6,335,0,2,2,,2025_Conforme_1_Cam_B_6_335.jpg | 2025_Conforme_2_Cam_B_6_335.jpg,bottom_only,Conforme
C,year + cam_num + sample_num + label_filename,2025,,6,337,1,0,1,2025_PIETRA_Cam_T_6_337.jpg,,top_only,PIETRA
C,year + cam_num + sample_num + label_filename,2025,,6,340,0,1,1,,2025_PIETRA_Cam_B_6_340.jpg,bottom_only,PIETRA
C,year + cam_num + sample_num + label_filename,2025,,6,347,1,0,1,2025_NON_Conforme_Cam_T_6_347.jpg,,top_only,NON Conforme
C,year + cam_num + sample_num + label_filename,2025,,6,352,1,0,1,2025_NON_Conforme_Cam_T_6_352.jpg,,top_only,NON Conforme
C,year + cam_num + sample_num + label_filename,2025,,6,353,1,0,1,2025_NON_Conforme_Cam_T_6_353.jpg,,top_only,NON Conforme
C,year + cam_num + sample_num + label_filename,2025,,6,355,0,1,1,,2025_PIETRA_Cam_B_6_355.jpg,bottom_only,PIETRA
C,year + cam_num + sample_num + label_filename,2025,,6,356,0,1,1,,2025_PIETRA_Cam_B_6_356.jpg,bottom_only,PIETRA
C,year + cam_num + sample_num + label_filename,2025,,6,363,0,1,1,,2025_NON_Conforme_Cam_B_6_363.jpg,bottom_only,NON Conforme
C,year + cam_num + sample_num + label_filename,2025,,6,367,0,1,1,,2025_NON_Conforme_Cam_B_6_367.jpg,bottom_only,NON Conforme
C,year + cam_num + sample_num + label_filename,2025,,6,369,1,0,1,2025_PIETRA_Cam_T_6_369.jpg,,top_only,PIETRA
C,year + cam_num + sample_num + label_filename,2025,,6,376,1,0,1,2025_PIETRA_Cam_T_6_376.jpg,,top_only,PIETRA
C,year + cam_num + sample_num + label_filename,2025,,6,382,0,1,1,,2025_NON_Conforme_Cam_B_6_382.jpg,bottom_only,NON Conforme
C,year + cam_num + sample_num + label_filename,2025,,6,382,1,0,1,2025_PIETRA_Cam_T_6_382.jpg,,top_only,PIETRA
C,year + cam_num + sample_num + label_filename,2025,,6,385,1,0,1,2025_PIETRA_Cam_T_6_385.jpg,,top_only,PIETRA
C,year + cam_num + sample_num + label_filename,2025,,6,386,1,0,1,2025_PIETRA_Cam_T_6_386.jpg,,top_only,PIETRA
C,year + cam_num + sample_num + label_filename,2025,,6,387,1,0,1,2025_PIETRA_Cam_T_6_387.jpg,,top_only,PIETRA
C,year + cam_num + sample_num + label_filename,2025,,6,400,0,2,2,,2025_Conforme_1_Cam_B_6_400.jpg | 2025_Conforme_2_Cam_B_6_400.jpg,bottom_only,Conforme
C,year + cam_num + sample_num + label_filename,2025,,6,419,0,1,1,,2025_Conforme_2_Cam_B_6_419.jpg,bottom_only,Conforme
C,year + cam_num + sample_num + label_filename,2025,,6,431,0,1,1,,2025_NON_Conforme_Cam_B_6_431.jpg,bottom_only,NON Conforme
C,year + cam_num + sample_num + label_filename,2025,,6,432,1,0,1,2025_Conforme_1_Cam_T_6_432.jpg,,top_only,Conforme
C,year + cam_num + sample_num + label_filename,2025,,6,434,0,1,1,,2025_Conforme_2_Cam_B_6_434.jpg,bottom_only,Conforme
C,year + cam_num + sample_num + label_filename,2025,,6,435,1,0,1,2025_Conforme_1_Cam_T_6_435.jpg,,top_only,Conforme
C,year + cam_num + sample_num + label_filename,2025,,6,444,0,1,1,,2025_Conforme_2_Cam_B_6_444.jpg,bottom_only,Conforme
C,year + cam_num + sample_num + label_filename,2025,,6,445,0,1,1,,2025_Conforme_2_Cam_B_6_445.jpg,bottom_only,Conforme
C,year + cam_num + sample_num + label_filename,2025,,6,445,0,1,1,,2025_NON_Conforme_Cam_B_6_445.jpg,bottom_only,NON Conforme
C,year + cam_num + sample_num + label_filename,2025,,6,448,0,1,1,,2025_Conforme_2_Cam_B_6_448.jpg,bottom_only,Conforme
C,year + cam_num + sample_num + label_filename,2025,,6,462,1,0,1,2025_Conforme_1_Cam_T_6_462.jpg,,top_only,Conforme
C,year + cam_num + sample_num + label_filename,2025,,6,463,1,0,1,2025_Conforme_1_Cam_T_6_463.jpg,,top_only,Conforme
C,year + cam_num + sample_num + label_filename,2025,,6,479,0,1,1,,2025_Conforme_2_Cam_B_6_479.jpg,bottom_only,Conforme
C,year + cam_num + sample_num + label_filename,2025,,6,483,1,0,1,2025_Conforme_1_Cam_T_6_483.jpg,,top_only,Conforme
C,year + cam_num + sample_num + label_filename,2025,,6,484,1,0,1,2025_NON_Conforme_Cam_T_6_484.jpg,,top_only,NON Conforme
C,year + cam_num + sample_num + label_filename,2025,,6,485,1,0,1,2025_NON_Conforme_Cam_T_6_485.jpg,,top_only,NON Conforme
C,year + cam_num + sample_num + label_filename,2025,,6,486,0,1,1,,2025_Conforme_2_Cam_B_6_486.jpg,bottom_only,Conforme
C,year + cam_num + sample_num + label_filename,2025,,6,486,1,0,1,2025_NON_Conforme_Cam_T_6_486.jpg,,top_only,NON Conforme
C,year + cam_num + sample_num + label_filename,2025,,6,487,1,0,1,2025_NON_Conforme_Cam_T_6_487.jpg,,top_only,NON Conforme
C,year + cam_num + sample_num + label_filename,2025,,6,488,1,0,1,2025_NON_Conforme_Cam_T_6_488.jpg,,top_only,NON Conforme
C,year + cam_num + sample_num + label_filename,2025,,6,489,1,0,1,2025_NON_Conforme_Cam_T_6_489.jpg,,top_only,NON Conforme
C,year + cam_num + sample_num + label_filename,2025,,6,490,1,0,1,2025_NON_Conforme_Cam_T_6_490.jpg,,top_only,NON Conforme
C,year + cam_num + sample_num + label_filename,2025,,6,491,1,0,1,2025_NON_Conforme_Cam_T_6_491.jpg,,top_only,NON Conforme
C,year + cam_num + sample_num + label_filename,2025,,6,492,1,0,1,2025_NON_Conforme_Cam_T_6_492.jpg,,top_only,NON Conforme
C,year + cam_num + sample_num + label_filename,2025,,6,493,1,0,1,2025_NON_Conforme_Cam_T_6_493.jpg,,top_only,NON Conforme
C,year + cam_num + sample_num + label_filename,2025,,6,494,1,0,1,2025_NON_Conforme_Cam_T_6_494.jpg,,top_only,NON Conforme
C,year + cam_num + sample_num + label_filename,2025,,6,495,1,0,1,2025_NON_Conforme_Cam_T_6_495.jpg,,top_only,NON Conforme
C,year + cam_num + sample_num + label_filename,2025,,6,496,1,0,1,2025_NON_Conforme_Cam_T_6_496.jpg,,top_only,NON Conforme
C,year + cam_num + sample_num + label_filename,2025,,6,497,1,0,1,2025_NON_Conforme_Cam_T_6_497.jpg,,top_only,NON Conforme
C,year + cam_num + sample_num + label_filename,2025,,6,498,1,0,1,2025_NON_Conforme_Cam_T_6_498.jpg,,top_only,NON Conforme
C,year + cam_num + sample_num + label_filename,2025,,6,504,1,0,1,2025_Conforme_1_Cam_T_6_504.jpg,,top_only,Conforme
C,year + cam_num + sample_num + label_filename,2025,,6,505,0,1,1,,2025_Conforme_2_Cam_B_6_505.jpg,bottom_only,Conforme
C,year + cam_num + sample_num + label_filename,2025,,6,517,1,0,1,2025_Conforme_1_Cam_T_6_517.jpg,,top_only,Conforme
C,year + cam_num + sample_num + label_filename,2025,,6,518,1,0,1,2025_Conforme_1_Cam_T_6_518.jpg,,top_only,Conforme
C,year + cam_num + sample_num + label_filename,2025,,6,519,1,0,1,2025_Conforme_1_Cam_T_6_519.jpg,,top_only,Conforme
C,year + cam_num + sample_num + label_filename,2026,,1,0,0,1,1,,2026_PIETRA_Cam_B_1_0.jpg,bottom_only,PIETRA
C,year + cam_num + sample_num + label_filename,2026,,1,1,0,1,1,,2026_PIETRA_Cam_B_1_1.jpg,bottom_only,PIETRA
C,year + cam_num + sample_num + label_filename,2026,,1,2,1,0,1,2026_Conforme_Cam_T_1_2.jpg,,top_only,Conforme
C,year + cam_num + sample_num + label_filename,2026,,1,11,1,0,1,2026_Conforme_Cam_T_1_11.jpg,,top_only,Conforme
C,year + cam_num + sample_num + label_filename,2026,,1,11,1,0,1,2026_PIETRA_Cam_T_1_11.jpg,,top_only,PIETRA
C,year + cam_num + sample_num + label_filename,2026,,1,14,1,0,1,2026_PIETRA_Cam_T_1_14.jpg,,top_only,PIETRA
C,year + cam_num + sample_num + label_filename,2026,,1,16,1,0,1,2026_Conforme_Cam_T_1_16.jpg,,top_only,Conforme
C,year + cam_num + sample_num + label_filename,2026,,1,24,1,0,1,2026_PIETRA_Cam_T_1_24.jpg,,top_only,PIETRA
C,year + cam_num + sample_num + label_filename,2026,,1,48,1,0,1,2026_Conforme_Cam_T_1_48.jpg,,top_only,Conforme
C,year + cam_num + sample_num + label_filename,2026,,1,56,1,0,1,2026_NON_Conforme_Cam_T_1_56.jpg,,top_only,NON Conforme
C,year + cam_num + sample_num + label_filename,2026,,1,66,1,0,1,2026_PIETRA_Cam_T_1_66.jpg,,top_only,PIETRA
C,year + cam_num + sample_num + label_filename,2026,,1,96,1,0,1,2026_Conforme_Cam_T_1_96.jpg,,top_only,Conforme
C,year + cam_num + sample_num + label_filename,2026,,1,97,1,0,1,2026_Conforme_Cam_T_1_97.jpg,,top_only,Conforme
C,year + cam_num + sample_num + label_filename,2026,,1,101,1,0,1,2026_PIETRA_Cam_T_1_101.jpg,,top_only,PIETRA
C,year + cam_num + sample_num + label_filename,2026,,1,116,1,0,1,2026_PIETRA_Cam_T_1_116.jpg,,top_only,PIETRA
C,year + cam_num + sample_num + label_filename,2026,,1,118,1,0,1,2026_PIETRA_Cam_T_1_118.jpg,,top_only,PIETRA
C,year + cam_num + sample_num + label_filename,2026,,1,119,1,0,1,2026_PIETRA_Cam_T_1_119.jpg,,top_only,PIETRA
C,year + cam_num + sample_num + label_filename,2026,,1,120,1,0,1,2026_PIETRA_Cam_T_1_120.jpg,,top_only,PIETRA
C,year + cam_num + sample_num + label_filename,2026,,1,122,1,0,1,2026_NON_Conforme_Cam_T_1_122.jpg,,top_only,NON Conforme
C,year + cam_num + sample_num + label_filename,2026,,1,123,1,0,1,2026_PIETRA_Cam_T_1_123.jpg,,top_only,PIETRA
C,year + cam_num + sample_num + label_filename,2026,,1,124,1,0,1,2026_NON_Conforme_Cam_T_1_124.jpg,,top_only,NON Conforme
C,year + cam_num + sample_num + label_filename,2026,,1,153,1,0,1,2026_Conforme_Cam_T_1_153.jpg,,top_only,Conforme
C,year + cam_num + sample_num + label_filename,2026,,1,166,1,0,1,2026_PIETRA_Cam_T_1_166.jpg,,top_only,PIETRA
C,year + cam_num + sample_num + label_filename,2026,,1,172,1,0,1,2026_NON_Conforme_Cam_T_1_172.jpg,,top_only,NON Conforme
C,year + cam_num + sample_num + label_filename,2026,,1,175,1,0,1,2026_PIETRA_Cam_T_1_175.jpg,,top_only,PIETRA
C,year + cam_num + sample_num + label_filename,2026,,1,178,1,0,1,2026_PIETRA_Cam_T_1_178.jpg,,top_only,PIETRA
C,year + cam_num + sample_num + label_filename,2026,,1,183,1,0,1,2026_PIETRA_Cam_T_1_183.jpg,,top_only,PIETRA
C,year + cam_num + sample_num + label_filename,2026,,1,185,1,0,1,2026_Conforme_Cam_T_1_185.jpg,,top_only,Conforme
C,year + cam_num + sample_num + label_filename,2026,,1,188,1,0,1,2026_Conforme_Cam_T_1_188.jpg,,top_only,Conforme
C,year + cam_num + sample_num + label_filename,2026,,1,190,1,0,1,2026_PIETRA_Cam_T_1_190.jpg,,top_only,PIETRA
C,year + cam_num + sample_num + label_filename,2026,,1,193,1,0,1,2026_PIETRA_Cam_T_1_193.jpg,,top_only,PIETRA
C,year + cam_num + sample_num + label_filename,2026,,1,204,1,0,1,2026_PIETRA_Cam_T_1_204.jpg,,top_only,PIETRA
C,year + cam_num + sample_num + label_filename,2026,,1,208,1,0,1,2026_Conforme_Cam_T_1_208.jpg,,top_only,Conforme
C,year + cam_num + sample_num + label_filename,2026,,1,209,1,0,1,2026_PIETRA_Cam_T_1_209.jpg,,top_only,PIETRA
C,year + cam_num + sample_num + label_filename,2026,,1,211,1,0,1,2026_PIETRA_Cam_T_1_211.jpg,,top_only,PIETRA
C,year + cam_num + sample_num + label_filename,2026,,1,217,1,0,1,2026_Conforme_Cam_T_1_217.jpg,,top_only,Conforme
C,year + cam_num + sample_num + label_filename,2026,,1,230,1,0,1,2026_Conforme_Cam_T_1_230.jpg,,top_only,Conforme
C,year + cam_num + sample_num + label_filename,2026,,1,234,1,0,1,2026_NON_Conforme_Cam_T_1_234.jpg,,top_only,NON Conforme
C,year + cam_num + sample_num + label_filename,2026,,1,248,1,0,1,2026_PIETRA_Cam_T_1_248.jpg,,top_only,PIETRA
C,year + cam_num + sample_num + label_filename,2026,,1,255,1,0,1,2026_PIETRA_Cam_T_1_255.jpg,,top_only,PIETRA
C,year + cam_num + sample_num + label_filename,2026,,1,265,1,0,1,2026_Conforme_Cam_T_1_265.jpg,,top_only,Conforme
C,year + cam_num + sample_num + label_filename,2026,,1,266,1,0,1,2026_PIETRA_Cam_T_1_266.jpg,,top_only,PIETRA
C,year + cam_num + sample_num + label_filename,2026,,1,276,1,0,1,2026_NON_Conforme_Cam_T_1_276.jpg,,top_only,NON Conforme
C,year + cam_num + sample_num + label_filename,2026,,1,277,1,0,1,2026_NON_Conforme_Cam_T_1_277.jpg,,top_only,NON Conforme
C,year + cam_num + sample_num + label_filename,2026,,1,277,1,0,1,2026_PIETRA_Cam_T_1_277.jpg,,top_only,PIETRA
C,year + cam_num + sample_num + label_filename,2026,,1,278,1,0,1,2026_NON_Conforme_Cam_T_1_278.jpg,,top_only,NON Conforme
C,year + cam_num + sample_num + label_filename,2026,,1,279,1,0,1,2026_NON_Conforme_Cam_T_1_279.jpg,,top_only,NON Conforme
C,year + cam_num + sample_num + label_filename,2026,,1,280,1,0,1,2026_NON_Conforme_Cam_T_1_280.jpg,,top_only,NON Conforme
C,year + cam_num + sample_num + label_filename,2026,,1,282,1,0,1,2026_PIETRA_Cam_T_1_282.jpg,,top_only,PIETRA
C,year + cam_num + sample_num + label_filename,2026,,1,306,1,0,1,2026_PIETRA_Cam_T_1_306.jpg,,top_only,PIETRA
C,year + cam_num + sample_num + label_filename,2026,,1,324,1,0,1,2026_Conforme_Cam_T_1_324.jpg,,top_only,Conforme
C,year + cam_num + sample_num + label_filename,2026,,1,334,1,0,1,2026_Conforme_Cam_T_1_334.jpg,,top_only,Conforme
C,year + cam_num + sample_num + label_filename,2026,,1,353,1,0,1,2026_Conforme_Cam_T_1_353.jpg,,top_only,Conforme
C,year + cam_num + sample_num + label_filename,2026,,1,369,1,0,1,2026_Conforme_Cam_T_1_369.jpg,,top_only,Conforme
C,year + cam_num + sample_num + label_filename,2026,,1,375,1,0,1,2026_PIETRA_Cam_T_1_375.jpg,,top_only,PIETRA
C,year + cam_num + sample_num + label_filename,2026,,1,382,1,0,1,2026_PIETRA_Cam_T_1_382.jpg,,top_only,PIETRA
C,year + cam_num + sample_num + label_filename,2026,,1,384,1,0,1,2026_PIETRA_Cam_T_1_384.jpg,,top_only,PIETRA
C,year + cam_num + sample_num + label_filename,2026,,1,390,1,0,1,2026_PIETRA_Cam_T_1_390.jpg,,top_only,PIETRA
C,year + cam_num + sample_num + label_filename,2026,,1,405,1,0,1,2026_PIETRA_Cam_T_1_405.jpg,,top_only,PIETRA
C,year + cam_num + sample_num + label_filename,2026,,1,407,0,1,1,,2026_Conforme_Cam_B_1_407.jpg,bottom_only,Conforme
C,year + cam_num + sample_num + label_filename,2026,,1,408,0,1,1,,2026_Conforme_Cam_B_1_408.jpg,bottom_only,Conforme
C,year + cam_num + sample_num + label_filename,2026,,1,409,0,1,1,,2026_Conforme_Cam_B_1_409.jpg,bottom_only,Conforme
C,year + cam_num + sample_num + label_filename,2026,,1,410,0,1,1,,2026_Conforme_Cam_B_1_410.jpg,bottom_only,Conforme
C,year + cam_num + sample_num + label_filename,2026,,1,411,0,1,1,,2026_Conforme_Cam_B_1_411.jpg,bottom_only,Conforme
C,year + cam_num + sample_num + label_filename,2026,,1,412,0,1,1,,2026_Conforme_Cam_B_1_412.jpg,bottom_only,Conforme
C,year + cam_num + sample_num + label_filename,2026,,1,413,0,1,1,,2026_Conforme_Cam_B_1_413.jpg,bottom_only,Conforme
C,year + cam_num + sample_num + label_filename,2026,,1,414,0,1,1,,2026_Conforme_Cam_B_1_414.jpg,bottom_only,Conforme
C,year + cam_num + sample_num + label_filename,2026,,1,415,1,0,1,2026_PIETRA_Cam_T_1_415.jpg,,top_only,PIETRA
C,year + cam_num + sample_num + label_filename,2026,,1,454,1,0,1,2026_PIETRA_Cam_T_1_454.jpg,,top_only,PIETRA
C,year + cam_num + sample_num + label_filename,2026,,1,482,1,0,1,2026_PIETRA_Cam_T_1_482.jpg,,top_only,PIETRA
C,year + cam_num + sample_num + label_filename,2026,,1,485,1,0,1,2026_PIETRA_Cam_T_1_485.jpg,,top_only,PIETRA
C,year + cam_num + sample_num + label_filename,2026,,1,486,1,0,1,2026_PIETRA_Cam_T_1_486.jpg,,top_only,PIETRA
C,year + cam_num + sample_num + label_filename,2026,,1,487,1,0,1,2026_PIETRA_Cam_T_1_487.jpg,,top_only,PIETRA
C,year + cam_num + sample_num + label_filename,2026,,1,493,1,0,1,2026_PIETRA_Cam_T_1_493.jpg,,top_only,PIETRA
C,year + cam_num + sample_num + label_filename,2026,,1,521,1,0,1,2026_PIETRA_Cam_T_1_521.jpg,,top_only,PIETRA
C,year + cam_num + sample_num + label_filename,2026,,1,559,1,0,1,2026_PIETRA_Cam_T_1_559.jpg,,top_only,PIETRA
C,year + cam_num + sample_num + label_filename,2026,,1,567,1,0,1,2026_PIETRA_Cam_T_1_567.jpg,,top_only,PIETRA
C,year + cam_num + sample_num + label_filename,2026,,1,568,1,0,1,2026_PIETRA_Cam_T_1_568.jpg,,top_only,PIETRA
C,year + cam_num + sample_num + label_filename,2026,,1,569,1,0,1,2026_PIETRA_Cam_T_1_569.jpg,,top_only,PIETRA
C,year + cam_num + sample_num + label_filename,2026,,1,570,1,0,1,2026_PIETRA_Cam_T_1_570.jpg,,top_only,PIETRA
C,year + cam_num + sample_num + label_filename,2026,,1,571,1,0,1,2026_PIETRA_Cam_T_1_571.jpg,,top_only,PIETRA
C,year + cam_num + sample_num + label_filename,2026,,1,572,1,0,1,2026_PIETRA_Cam_T_1_572.jpg,,top_only,PIETRA
C,year + cam_num + sample_num + label_filename,2026,,1,573,1,0,1,2026_PIETRA_Cam_T_1_573.jpg,,top_only,PIETRA
C,year + cam_num + sample_num + label_filename,2026,,1,574,1,0,1,2026_PIETRA_Cam_T_1_574.jpg,,top_only,PIETRA
C,year + cam_num + sample_num + label_filename,2026,,1,575,1,0,1,2026_PIETRA_Cam_T_1_575.jpg,,top_only,PIETRA
C,year + cam_num + sample_num + label_filename,2026,,1,576,1,0,1,2026_PIETRA_Cam_T_1_576.jpg,,top_only,PIETRA
C,year + cam_num + sample_num + label_filename,2026,,1,577,1,0,1,2026_PIETRA_Cam_T_1_577.jpg,,top_only,PIETRA
C,year + cam_num + sample_num + label_filename,2026,,1,578,1,0,1,2026_PIETRA_Cam_T_1_578.jpg,,top_only,PIETRA
C,year + cam_num + sample_num + label_filename,2026,,1,579,1,0,1,2026_PIETRA_Cam_T_1_579.jpg,,top_only,PIETRA
C,year + cam_num + sample_num + label_filename,2026,,1,580,1,0,1,2026_PIETRA_Cam_T_1_580.jpg,,top_only,PIETRA
C,year + cam_num + sample_num + label_filename,2026,,1,581,1,0,1,2026_PIETRA_Cam_T_1_581.jpg,,top_only,PIETRA
C,year + cam_num + sample_num + label_filename,2026,,1,582,1,0,1,2026_PIETRA_Cam_T_1_582.jpg,,top_only,PIETRA
C,year + cam_num + sample_num + label_filename,2026,,1,583,1,0,1,2026_PIETRA_Cam_T_1_583.jpg,,top_only,PIETRA
C,year + cam_num + sample_num + label_filename,2026,,1,584,1,0,1,2026_PIETRA_Cam_T_1_584.jpg,,top_only,PIETRA
C,year + cam_num + sample_num + label_filename,2026,,1,585,1,0,1,2026_PIETRA_Cam_T_1_585.jpg,,top_only,PIETRA
C,year + cam_num + sample_num + label_filename,2026,,1,586,1,0,1,2026_PIETRA_Cam_T_1_586.jpg,,top_only,PIETRA
C,year + cam_num + sample_num + label_filename,2026,,1,587,1,0,1,2026_PIETRA_Cam_T_1_587.jpg,,top_only,PIETRA
C,year + cam_num + sample_num + label_filename,2026,,1,588,1,0,1,2026_PIETRA_Cam_T_1_588.jpg,,top_only,PIETRA
C,year + cam_num + sample_num + label_filename,2026,,1,589,1,0,1,2026_PIETRA_Cam_T_1_589.jpg,,top_only,PIETRA
C,year + cam_num + sample_num + label_filename,2026,,1,590,1,0,1,2026_PIETRA_Cam_T_1_590.jpg,,top_only,PIETRA
C,year + cam_num + sample_num + label_filename,2026,,1,591,1,0,1,2026_PIETRA_Cam_T_1_591.jpg,,top_only,PIETRA
C,year + cam_num + sample_num + label_filename,2026,,1,592,1,0,1,2026_PIETRA_Cam_T_1_592.jpg,,top_only,PIETRA
C,year + cam_num + sample_num + label_filename,2026,,2,0,0,1,1,,2026_PIETRA_Cam_B_2_0.jpg,bottom_only,PIETRA
C,year + cam_num + sample_num + label_filename,2026,,2,1,0,1,1,,2026_PIETRA_Cam_B_2_1.jpg,bottom_only,PIETRA
C,year + cam_num + sample_num + label_filename,2026,,2,15,1,0,1,2026_Conforme_Cam_T_2_15.jpg,,top_only,Conforme
C,year + cam_num + sample_num + label_filename,2026,,2,126,0,1,1,,2026_PIETRA_Cam_B_2_126.jpg,bottom_only,PIETRA
C,year + cam_num + sample_num + label_filename,2026,,2,200,1,0,1,2026_NON_Conforme_Cam_T_2_200.jpg,,top_only,NON Conforme
C,year + cam_num + sample_num + label_filename,2026,,2,283,1,0,1,2026_NON_Conforme_Cam_T_2_283.jpg,,top_only,NON Conforme
C,year + cam_num + sample_num + label_filename,2026,,2,414,0,1,1,,2026_Conforme_Cam_B_2_414.jpg,bottom_only,Conforme
C,year + cam_num + sample_num + label_filename,2026,,2,415,0,1,1,,2026_Conforme_Cam_B_2_415.jpg,bottom_only,Conforme
C,year + cam_num + sample_num + label_filename,2026,,2,416,0,1,1,,2026_Conforme_Cam_B_2_416.jpg,bottom_only,Conforme
C,year + cam_num + sample_num + label_filename,2026,,2,417,0,1,1,,2026_Conforme_Cam_B_2_417.jpg,bottom_only,Conforme
C,year + cam_num + sample_num + label_filename,2026,,2,586,1,0,1,2026_PIETRA_Cam_T_2_586.jpg,,top_only,PIETRA
C,year + cam_num + sample_num + label_filename,2026,,2,587,1,0,1,2026_PIETRA_Cam_T_2_587.jpg,,top_only,PIETRA
C,year + cam_num + sample_num + label_filename,2026,,2,588,1,0,1,2026_PIETRA_Cam_T_2_588.jpg,,top_only,PIETRA
C,year + cam_num + sample_num + label_filename,2026,,2,589,1,0,1,2026_PIETRA_Cam_T_2_589.jpg,,top_only,PIETRA
C,year + cam_num + sample_num + label_filename,2026,,2,590,1,0,1,2026_PIETRA_Cam_T_2_590.jpg,,top_only,PIETRA
C,year + cam_num + sample_num + label_filename,2026,,2,591,1,0,1,2026_PIETRA_Cam_T_2_591.jpg,,top_only,PIETRA
C,year + cam_num + sample_num + label_filename,2026,,2,592,1,0,1,2026_PIETRA_Cam_T_2_592.jpg,,top_only,PIETRA
C,year + cam_num + sample_num + label_filename,2026,,2,593,1,0,1,2026_PIETRA_Cam_T_2_593.jpg,,top_only,PIETRA
C,year + cam_num + sample_num + label_filename,2026,,2,594,1,0,1,2026_PIETRA_Cam_T_2_594.jpg,,top_only,PIETRA
C,year + cam_num + sample_num + label_filename,2026,,2,595,1,0,1,2026_PIETRA_Cam_T_2_595.jpg,,top_only,PIETRA
C,year + cam_num + sample_num + label_filename,2026,,2,596,1,0,1,2026_PIETRA_Cam_T_2_596.jpg,,top_only,PIETRA
C,year + cam_num + sample_num + label_filename,2026,,2,597,1,0,1,2026_PIETRA_Cam_T_2_597.jpg,,top_only,PIETRA
C,year + cam_num + sample_num + label_filename,2026,,2,598,1,0,1,2026_PIETRA_Cam_T_2_598.jpg,,top_only,PIETRA
C,year + cam_num + sample_num + label_filename,2026,,2,599,1,0,1,2026_PIETRA_Cam_T_2_599.jpg,,top_only,PIETRA
C,year + cam_num + sample_num + label_filename,2026,,2,600,1,0,1,2026_PIETRA_Cam_T_2_600.jpg,,top_only,PIETRA
C,year + cam_num + sample_num + label_filename,2026,,2,601,1,0,1,2026_PIETRA_Cam_T_2_601.jpg,,top_only,PIETRA
C,year + cam_num + sample_num + label_filename,2026,,2,602,1,0,1,2026_PIETRA_Cam_T_2_602.jpg,,top_only,PIETRA
C,year + cam_num + sample_num + label_filename,2026,,2,603,1,0,1,2026_PIETRA_Cam_T_2_603.jpg,,top_only,PIETRA
C,year + cam_num + sample_num + label_filename,2026,,2,604,1,0,1,2026_PIETRA_Cam_T_2_604.jpg,,top_only,PIETRA
C,year + cam_num + sample_num + label_filename,2026,,3,13,1,0,1,2026_PIETRA_Cam_T_3_13.jpg,,top_only,PIETRA
C,year + cam_num + sample_num + label_filename,2026,,3,166,0,1,1,,2026_NON_Conforme_Cam_B_3_166.jpg,bottom_only,NON Conforme
C,year + cam_num + sample_num + label_filename,2026,,3,176,0,1,1,,2026_NON_Conforme_Cam_B_3_176.jpg,bottom_only,NON Conforme
C,year + cam_num + sample_num + label_filename,2026,,3,280,1,0,1,2026_NON_Conforme_Cam_T_3_280.jpg,,top_only,NON Conforme
C,year + cam_num + sample_num + label_filename,2026,,3,281,1,0,1,2026_NON_Conforme_Cam_T_3_281.jpg,,top_only,NON Conforme
C,year + cam_num + sample_num + label_filename,2026,,3,282,1,0,1,2026_NON_Conforme_Cam_T_3_282.jpg,,top_only,NON Conforme
C,year + cam_num + sample_num + label_filename,2026,,3,283,1,0,1,2026_NON_Conforme_Cam_T_3_283.jpg,,top_only,NON Conforme
C,year + cam_num + sample_num + label_filename,2026,,3,375,1,0,1,2026_PIETRA_Cam_T_3_375.jpg,,top_only,PIETRA
C,year + cam_num + sample_num + label_filename,2026,,3,405,0,1,1,,2026_Conforme_Cam_B_3_405.jpg,bottom_only,Conforme
C,year + cam_num + sample_num + label_filename,2026,,3,406,0,1,1,,2026_Conforme_Cam_B_3_406.jpg,bottom_only,Conforme
C,year + cam_num + sample_num + label_filename,2026,,3,407,0,1,1,,2026_Conforme_Cam_B_3_407.jpg,bottom_only,Conforme
C,year + cam_num + sample_num + label_filename,2026,,3,408,0,1,1,,2026_Conforme_Cam_B_3_408.jpg,bottom_only,Conforme
C,year + cam_num + sample_num + label_filename,2026,,3,409,0,1,1,,2026_Conforme_Cam_B_3_409.jpg,bottom_only,Conforme
C,year + cam_num + sample_num + label_filename,2026,,3,410,0,1,1,,2026_Conforme_Cam_B_3_410.jpg,bottom_only,Conforme
C,year + cam_num + sample_num + label_filename,2026,,3,411,0,1,1,,2026_Conforme_Cam_B_3_411.jpg,bottom_only,Conforme
C,year + cam_num + sample_num + label_filename,2026,,3,412,0,1,1,,2026_Conforme_Cam_B_3_412.jpg,bottom_only,Conforme
C,year + cam_num + sample_num + label_filename,2026,,3,413,0,1,1,,2026_Conforme_Cam_B_3_413.jpg,bottom_only,Conforme
C,year + cam_num + sample_num + label_filename,2026,,3,414,0,1,1,,2026_Conforme_Cam_B_3_414.jpg,bottom_only,Conforme
C,year + cam_num + sample_num + label_filename,2026,,3,415,0,1,1,,2026_Conforme_Cam_B_3_415.jpg,bottom_only,Conforme
C,year + cam_num + sample_num + label_filename,2026,,3,416,0,1,1,,2026_Conforme_Cam_B_3_416.jpg,bottom_only,Conforme
C,year + cam_num + sample_num + label_filename,2026,,3,417,0,1,1,,2026_Conforme_Cam_B_3_417.jpg,bottom_only,Conforme
C,year + cam_num + sample_num + label_filename,2026,,3,418,0,1,1,,2026_Conforme_Cam_B_3_418.jpg,bottom_only,Conforme
C,year + cam_num + sample_num + label_filename,2026,,3,419,0,1,1,,2026_Conforme_Cam_B_3_419.jpg,bottom_only,Conforme
C,year + cam_num + sample_num + label_filename,2026,,3,420,0,1,1,,2026_Conforme_Cam_B_3_420.jpg,bottom_only,Conforme
C,year + cam_num + sample_num + label_filename,2026,,3,421,0,1,1,,2026_Conforme_Cam_B_3_421.jpg,bottom_only,Conforme
C,year + cam_num + sample_num + label_filename,2026,,3,422,0,1,1,,2026_Conforme_Cam_B_3_422.jpg,bottom_only,Conforme
C,year + cam_num + sample_num + label_filename,2026,,3,423,0,1,1,,2026_Conforme_Cam_B_3_423.jpg,bottom_only,Conforme
C,year + cam_num + sample_num + label_filename,2026,,3,424,0,1,1,,2026_Conforme_Cam_B_3_424.jpg,bottom_only,Conforme
C,year + cam_num + sample_num + label_filename,2026,,3,454,0,1,1,,2026_PIETRA_Cam_B_3_454.jpg,bottom_only,PIETRA
C,year + cam_num + sample_num + label_filename,2026,,3,544,0,1,1,,2026_PIETRA_Cam_B_3_544.jpg,bottom_only,PIETRA
C,year + cam_num + sample_num + label_filename,2026,,3,580,1,0,1,2026_PIETRA_Cam_T_3_580.jpg,,top_only,PIETRA
C,year + cam_num + sample_num + label_filename,2026,,3,581,1,0,1,2026_PIETRA_Cam_T_3_581.jpg,,top_only,PIETRA
C,year + cam_num + sample_num + label_filename,2026,,3,582,1,0,1,2026_PIETRA_Cam_T_3_582.jpg,,top_only,PIETRA
C,year + cam_num + sample_num + label_filename,2026,,3,583,1,0,1,2026_PIETRA_Cam_T_3_583.jpg,,top_only,PIETRA
C,year + cam_num + sample_num + label_filename,2026,,3,584,1,0,1,2026_PIETRA_Cam_T_3_584.jpg,,top_only,PIETRA
C,year + cam_num + sample_num + label_filename,2026,,3,585,1,0,1,2026_PIETRA_Cam_T_3_585.jpg,,top_only,PIETRA
C,year + cam_num + sample_num + label_filename,2026,,3,586,1,0,1,2026_PIETRA_Cam_T_3_586.jpg,,top_only,PIETRA
C,year + cam_num + sample_num + label_filename,2026,,3,587,1,0,1,2026_PIETRA_Cam_T_3_587.jpg,,top_only,PIETRA
C,year + cam_num + sample_num + label_filename,2026,,3,588,1,0,1,2026_PIETRA_Cam_T_3_588.jpg,,top_only,PIETRA
C,year + cam_num + sample_num + label_filename,2026,,3,589,1,0,1,2026_PIETRA_Cam_T_3_589.jpg,,top_only,PIETRA
C,year + cam_num + sample_num + label_filename,2026,,3,590,1,0,1,2026_PIETRA_Cam_T_3_590.jpg,,top_only,PIETRA
C,year + cam_num + sample_num + label_filename,2026,,3,591,1,0,1,2026_PIETRA_Cam_T_3_591.jpg,,top_only,PIETRA
C,year + cam_num + sample_num + label_filename,2026,,4,6,1,0,1,2026_PIETRA_Cam_T_4_6.jpg,,top_only,PIETRA
C,year + cam_num + sample_num + label_filename,2026,,4,8,1,0,1,2026_NON_Conforme_Cam_T_4_8.jpg,,top_only,NON Conforme
C,year + cam_num + sample_num + label_filename,2026,,4,8,1,0,1,2026_PIETRA_Cam_T_4_8.jpg,,top_only,PIETRA
C,year + cam_num + sample_num + label_filename,2026,,4,9,0,1,1,,2026_NON_Conforme_Cam_B_4_9.jpg,bottom_only,NON Conforme
C,year + cam_num + sample_num + label_filename,2026,,4,9,1,0,1,2026_PIETRA_Cam_T_4_9.jpg,,top_only,PIETRA
C,year + cam_num + sample_num + label_filename,2026,,4,12,1,0,1,2026_PIETRA_Cam_T_4_12.jpg,,top_only,PIETRA
C,year + cam_num + sample_num + label_filename,2026,,4,14,1,0,1,2026_Conforme_Cam_T_4_14.jpg,,top_only,Conforme
C,year + cam_num + sample_num + label_filename,2026,,4,20,1,0,1,2026_Conforme_Cam_T_4_20.jpg,,top_only,Conforme
C,year + cam_num + sample_num + label_filename,2026,,4,22,1,0,1,2026_PIETRA_Cam_T_4_22.jpg,,top_only,PIETRA
C,year + cam_num + sample_num + label_filename,2026,,4,23,1,0,1,2026_PIETRA_Cam_T_4_23.jpg,,top_only,PIETRA
C,year + cam_num + sample_num + label_filename,2026,,4,37,1,0,1,2026_Conforme_Cam_T_4_37.jpg,,top_only,Conforme
C,year + cam_num + sample_num + label_filename,2026,,4,38,1,0,1,2026_NON_Conforme_Cam_T_4_38.jpg,,top_only,NON Conforme
C,year + cam_num + sample_num + label_filename,2026,,4,38,1,0,1,2026_PIETRA_Cam_T_4_38.jpg,,top_only,PIETRA
C,year + cam_num + sample_num + label_filename,2026,,4,41,1,0,1,2026_PIETRA_Cam_T_4_41.jpg,,top_only,PIETRA
C,year + cam_num + sample_num + label_filename,2026,,4,51,1,0,1,2026_NON_Conforme_Cam_T_4_51.jpg,,top_only,NON Conforme
C,year + cam_num + sample_num + label_filename,2026,,4,57,1,0,1,2026_PIETRA_Cam_T_4_57.jpg,,top_only,PIETRA
C,year + cam_num + sample_num + label_filename,2026,,4,59,1,0,1,2026_NON_Conforme_Cam_T_4_59.jpg,,top_only,NON Conforme
C,year + cam_num + sample_num + label_filename,2026,,4,60,1,0,1,2026_NON_Conforme_Cam_T_4_60.jpg,,top_only,NON Conforme
C,year + cam_num + sample_num + label_filename,2026,,4,67,1,0,1,2026_NON_Conforme_Cam_T_4_67.jpg,,top_only,NON Conforme
C,year + cam_num + sample_num + label_filename,2026,,4,67,1,0,1,2026_PIETRA_Cam_T_4_67.jpg,,top_only,PIETRA
C,year + cam_num + sample_num + label_filename,2026,,4,71,1,0,1,2026_NON_Conforme_Cam_T_4_71.jpg,,top_only,NON Conforme
C,year + cam_num + sample_num + label_filename,2026,,4,73,1,0,1,2026_NON_Conforme_Cam_T_4_73.jpg,,top_only,NON Conforme
C,year + cam_num + sample_num + label_filename,2026,,4,82,1,0,1,2026_NON_Conforme_Cam_T_4_82.jpg,,top_only,NON Conforme
C,year + cam_num + sample_num + label_filename,2026,,4,97,1,0,1,2026_NON_Conforme_Cam_T_4_97.jpg,,top_only,NON Conforme
C,year + cam_num + sample_num + label_filename,2026,,4,108,1,0,1,2026_NON_Conforme_Cam_T_4_108.jpg,,top_only,NON Conforme
C,year + cam_num + sample_num + label_filename,2026,,4,115,1,0,1,2026_PIETRA_Cam_T_4_115.jpg,,top_only,PIETRA
C,year + cam_num + sample_num + label_filename,2026,,4,116,1,0,1,2026_PIETRA_Cam_T_4_116.jpg,,top_only,PIETRA
C,year + cam_num + sample_num + label_filename,2026,,4,119,1,0,1,2026_PIETRA_Cam_T_4_119.jpg,,top_only,PIETRA
C,year + cam_num + sample_num + label_filename,2026,,4,121,1,0,1,2026_PIETRA_Cam_T_4_121.jpg,,top_only,PIETRA
C,year + cam_num + sample_num + label_filename,2026,,4,125,1,0,1,2026_PIETRA_Cam_T_4_125.jpg,,top_only,PIETRA
C,year + cam_num + sample_num + label_filename,2026,,4,127,1,0,1,2026_PIETRA_Cam_T_4_127.jpg,,top_only,PIETRA
C,year + cam_num + sample_num + label_filename,2026,,4,128,1,0,1,2026_NON_Conforme_Cam_T_4_128.jpg,,top_only,NON Conforme
C,year + cam_num + sample_num + label_filename,2026,,4,128,1,0,1,2026_PIETRA_Cam_T_4_128.jpg,,top_only,PIETRA
C,year + cam_num + sample_num + label_filename,2026,,4,134,1,0,1,2026_PIETRA_Cam_T_4_134.jpg,,top_only,PIETRA
C,year + cam_num + sample_num + label_filename,2026,,4,137,1,0,1,2026_PIETRA_Cam_T_4_137.jpg,,top_only,PIETRA
C,year + cam_num + sample_num + label_filename,2026,,4,140,1,0,1,2026_PIETRA_Cam_T_4_140.jpg,,top_only,PIETRA
C,year + cam_num + sample_num + label_filename,2026,,4,148,1,0,1,2026_NON_Conforme_Cam_T_4_148.jpg,,top_only,NON Conforme
C,year + cam_num + sample_num + label_filename,2026,,4,153,1,0,1,2026_PIETRA_Cam_T_4_153.jpg,,top_only,PIETRA
C,year + cam_num + sample_num + label_filename,2026,,4,156,1,0,1,2026_PIETRA_Cam_T_4_156.jpg,,top_only,PIETRA
C,year + cam_num + sample_num + label_filename,2026,,4,157,1,0,1,2026_PIETRA_Cam_T_4_157.jpg,,top_only,PIETRA
C,year + cam_num + sample_num + label_filename,2026,,4,161,1,0,1,2026_Conforme_Cam_T_4_161.jpg,,top_only,Conforme
C,year + cam_num + sample_num + label_filename,2026,,4,194,1,0,1,2026_NON_Conforme_Cam_T_4_194.jpg,,top_only,NON Conforme
C,year + cam_num + sample_num + label_filename,2026,,4,196,1,0,1,2026_PIETRA_Cam_T_4_196.jpg,,top_only,PIETRA
C,year + cam_num + sample_num + label_filename,2026,,4,198,1,0,1,2026_PIETRA_Cam_T_4_198.jpg,,top_only,PIETRA
C,year + cam_num + sample_num + label_filename,2026,,4,202,1,0,1,2026_NON_Conforme_Cam_T_4_202.jpg,,top_only,NON Conforme
C,year + cam_num + sample_num + label_filename,2026,,4,213,1,0,1,2026_Conforme_Cam_T_4_213.jpg,,top_only,Conforme
C,year + cam_num + sample_num + label_filename,2026,,4,219,1,0,1,2026_NON_Conforme_Cam_T_4_219.jpg,,top_only,NON Conforme
C,year + cam_num + sample_num + label_filename,2026,,4,222,1,0,1,2026_NON_Conforme_Cam_T_4_222.jpg,,top_only,NON Conforme
C,year + cam_num + sample_num + label_filename,2026,,4,258,1,0,1,2026_NON_Conforme_Cam_T_4_258.jpg,,top_only,NON Conforme
C,year + cam_num + sample_num + label_filename,2026,,4,260,1,0,1,2026_PIETRA_Cam_T_4_260.jpg,,top_only,PIETRA
C,year + cam_num + sample_num + label_filename,2026,,4,268,1,0,1,2026_NON_Conforme_Cam_T_4_268.jpg,,top_only,NON Conforme
C,year + cam_num + sample_num + label_filename,2026,,4,269,1,0,1,2026_Conforme_Cam_T_4_269.jpg,,top_only,Conforme
C,year + cam_num + sample_num + label_filename,2026,,4,271,1,0,1,2026_NON_Conforme_Cam_T_4_271.jpg,,top_only,NON Conforme
C,year + cam_num + sample_num + label_filename,2026,,4,272,1,0,1,2026_NON_Conforme_Cam_T_4_272.jpg,,top_only,NON Conforme
C,year + cam_num + sample_num + label_filename,2026,,4,273,1,0,1,2026_NON_Conforme_Cam_T_4_273.jpg,,top_only,NON Conforme
C,year + cam_num + sample_num + label_filename,2026,,4,274,1,0,1,2026_NON_Conforme_Cam_T_4_274.jpg,,top_only,NON Conforme
C,year + cam_num + sample_num + label_filename,2026,,4,280,0,1,1,,2026_NON_Conforme_Cam_B_4_280.jpg,bottom_only,NON Conforme
C,year + cam_num + sample_num + label_filename,2026,,4,281,0,1,1,,2026_NON_Conforme_Cam_B_4_281.jpg,bottom_only,NON Conforme
C,year + cam_num + sample_num + label_filename,2026,,4,282,0,1,1,,2026_NON_Conforme_Cam_B_4_282.jpg,bottom_only,NON Conforme
C,year + cam_num + sample_num + label_filename,2026,,4,283,0,1,1,,2026_NON_Conforme_Cam_B_4_283.jpg,bottom_only,NON Conforme
C,year + cam_num + sample_num + label_filename,2026,,4,284,0,1,1,,2026_NON_Conforme_Cam_B_4_284.jpg,bottom_only,NON Conforme
C,year + cam_num + sample_num + label_filename,2026,,4,285,0,1,1,,2026_NON_Conforme_Cam_B_4_285.jpg,bottom_only,NON Conforme
C,year + cam_num + sample_num + label_filename,2026,,4,287,1,0,1,2026_PIETRA_Cam_T_4_287.jpg,,top_only,PIETRA
C,year + cam_num + sample_num + label_filename,2026,,4,309,1,0,1,2026_PIETRA_Cam_T_4_309.jpg,,top_only,PIETRA
C,year + cam_num + sample_num + label_filename,2026,,4,312,1,0,1,2026_PIETRA_Cam_T_4_312.jpg,,top_only,PIETRA
C,year + cam_num + sample_num + label_filename,2026,,4,313,1,0,1,2026_PIETRA_Cam_T_4_313.jpg,,top_only,PIETRA
C,year + cam_num + sample_num + label_filename,2026,,4,314,1,0,1,2026_Conforme_Cam_T_4_314.jpg,,top_only,Conforme
C,year + cam_num + sample_num + label_filename,2026,,4,319,1,0,1,2026_PIETRA_Cam_T_4_319.jpg,,top_only,PIETRA
C,year + cam_num + sample_num + label_filename,2026,,4,320,1,0,1,2026_PIETRA_Cam_T_4_320.jpg,,top_only,PIETRA
C,year + cam_num + sample_num + label_filename,2026,,4,333,1,0,1,2026_PIETRA_Cam_T_4_333.jpg,,top_only,PIETRA
C,year + cam_num + sample_num + label_filename,2026,,4,353,1,0,1,2026_Conforme_Cam_T_4_353.jpg,,top_only,Conforme
C,year + cam_num + sample_num + label_filename,2026,,4,354,1,0,1,2026_Conforme_Cam_T_4_354.jpg,,top_only,Conforme
C,year + cam_num + sample_num + label_filename,2026,,4,357,1,0,1,2026_PIETRA_Cam_T_4_357.jpg,,top_only,PIETRA
C,year + cam_num + sample_num + label_filename,2026,,4,358,1,0,1,2026_PIETRA_Cam_T_4_358.jpg,,top_only,PIETRA
C,year + cam_num + sample_num + label_filename,2026,,4,360,1,0,1,2026_PIETRA_Cam_T_4_360.jpg,,top_only,PIETRA
C,year + cam_num + sample_num + label_filename,2026,,4,362,1,0,1,2026_PIETRA_Cam_T_4_362.jpg,,top_only,PIETRA
C,year + cam_num + sample_num + label_filename,2026,,4,363,1,0,1,2026_PIETRA_Cam_T_4_363.jpg,,top_only,PIETRA
C,year + cam_num + sample_num + label_filename,2026,,4,364,1,0,1,2026_PIETRA_Cam_T_4_364.jpg,,top_only,PIETRA
C,year + cam_num + sample_num + label_filename,2026,,4,366,1,0,1,2026_PIETRA_Cam_T_4_366.jpg,,top_only,PIETRA
C,year + cam_num + sample_num + label_filename,2026,,4,367,1,0,1,2026_Conforme_Cam_T_4_367.jpg,,top_only,Conforme
C,year + cam_num + sample_num + label_filename,2026,,4,368,1,0,1,2026_PIETRA_Cam_T_4_368.jpg,,top_only,PIETRA
C,year + cam_num + sample_num + label_filename,2026,,4,386,1,0,1,2026_Conforme_Cam_T_4_386.jpg,,top_only,Conforme
C,year + cam_num + sample_num + label_filename,2026,,4,387,1,0,1,2026_Conforme_Cam_T_4_387.jpg,,top_only,Conforme
C,year + cam_num + sample_num + label_filename,2026,,4,389,1,0,1,2026_Conforme_Cam_T_4_389.jpg,,top_only,Conforme
C,year + cam_num + sample_num + label_filename,2026,,4,390,1,0,1,2026_Conforme_Cam_T_4_390.jpg,,top_only,Conforme
C,year + cam_num + sample_num + label_filename,2026,,4,390,1,0,1,2026_PIETRA_Cam_T_4_390.jpg,,top_only,PIETRA
C,year + cam_num + sample_num + label_filename,2026,,4,393,1,0,1,2026_Conforme_Cam_T_4_393.jpg,,top_only,Conforme
C,year + cam_num + sample_num + label_filename,2026,,4,393,1,0,1,2026_PIETRA_Cam_T_4_393.jpg,,top_only,PIETRA
C,year + cam_num + sample_num + label_filename,2026,,4,396,1,0,1,2026_PIETRA_Cam_T_4_396.jpg,,top_only,PIETRA
C,year + cam_num + sample_num + label_filename,2026,,4,402,1,0,1,2026_Conforme_Cam_T_4_402.jpg,,top_only,Conforme
C,year + cam_num + sample_num + label_filename,2026,,4,414,1,0,1,2026_PIETRA_Cam_T_4_414.jpg,,top_only,PIETRA
C,year + cam_num + sample_num + label_filename,2026,,4,416,1,0,1,2026_PIETRA_Cam_T_4_416.jpg,,top_only,PIETRA
C,year + cam_num + sample_num + label_filename,2026,,4,417,1,0,1,2026_PIETRA_Cam_T_4_417.jpg,,top_only,PIETRA
C,year + cam_num + sample_num + label_filename,2026,,4,418,1,0,1,2026_PIETRA_Cam_T_4_418.jpg,,top_only,PIETRA
C,year + cam_num + sample_num + label_filename,2026,,4,442,1,0,1,2026_PIETRA_Cam_T_4_442.jpg,,top_only,PIETRA
C,year + cam_num + sample_num + label_filename,2026,,4,468,1,0,1,2026_PIETRA_Cam_T_4_468.jpg,,top_only,PIETRA
C,year + cam_num + sample_num + label_filename,2026,,4,477,1,0,1,2026_PIETRA_Cam_T_4_477.jpg,,top_only,PIETRA
C,year + cam_num + sample_num + label_filename,2026,,4,508,1,0,1,2026_PIETRA_Cam_T_4_508.jpg,,top_only,PIETRA
C,year + cam_num + sample_num + label_filename,2026,,4,511,1,0,1,2026_PIETRA_Cam_T_4_511.jpg,,top_only,PIETRA
C,year + cam_num + sample_num + label_filename,2026,,4,514,1,0,1,2026_PIETRA_Cam_T_4_514.jpg,,top_only,PIETRA
C,year + cam_num + sample_num + label_filename,2026,,4,517,1,0,1,2026_PIETRA_Cam_T_4_517.jpg,,top_only,PIETRA
C,year + cam_num + sample_num + label_filename,2026,,4,522,1,0,1,2026_PIETRA_Cam_T_4_522.jpg,,top_only,PIETRA
C,year + cam_num + sample_num + label_filename,2026,,4,523,1,0,1,2026_PIETRA_Cam_T_4_523.jpg,,top_only,PIETRA
C,year + cam_num + sample_num + label_filename,2026,,4,524,1,0,1,2026_PIETRA_Cam_T_4_524.jpg,,top_only,PIETRA
C,year + cam_num + sample_num + label_filename,2026,,4,527,1,0,1,2026_PIETRA_Cam_T_4_527.jpg,,top_only,PIETRA
C,year + cam_num + sample_num + label_filename,2026,,4,536,1,0,1,2026_PIETRA_Cam_T_4_536.jpg,,top_only,PIETRA
C,year + cam_num + sample_num + label_filename,2026,,4,537,1,0,1,2026_PIETRA_Cam_T_4_537.jpg,,top_only,PIETRA
C,year + cam_num + sample_num + label_filename,2026,,4,538,1,0,1,2026_PIETRA_Cam_T_4_538.jpg,,top_only,PIETRA
C,year + cam_num + sample_num + label_filename,2026,,4,539,1,0,1,2026_PIETRA_Cam_T_4_539.jpg,,top_only,PIETRA
C,year + cam_num + sample_num + label_filename,2026,,4,540,1,0,1,2026_PIETRA_Cam_T_4_540.jpg,,top_only,PIETRA
C,year + cam_num + sample_num + label_filename,2026,,4,541,1,0,1,2026_PIETRA_Cam_T_4_541.jpg,,top_only,PIETRA
C,year + cam_num + sample_num + label_filename,2026,,4,542,1,0,1,2026_PIETRA_Cam_T_4_542.jpg,,top_only,PIETRA
C,year + cam_num + sample_num + label_filename,2026,,4,543,1,0,1,2026_PIETRA_Cam_T_4_543.jpg,,top_only,PIETRA
C,year + cam_num + sample_num + label_filename,2026,,4,544,1,0,1,2026_PIETRA_Cam_T_4_544.jpg,,top_only,PIETRA
C,year + cam_num + sample_num + label_filename,2026,,4,545,1,0,1,2026_PIETRA_Cam_T_4_545.jpg,,top_only,PIETRA
C,year + cam_num + sample_num + label_filename,2026,,4,546,1,0,1,2026_PIETRA_Cam_T_4_546.jpg,,top_only,PIETRA
C,year + cam_num + sample_num + label_filename,2026,,4,547,1,0,1,2026_PIETRA_Cam_T_4_547.jpg,,top_only,PIETRA
C,year + cam_num + sample_num + label_filename,2026,,4,548,1,0,1,2026_PIETRA_Cam_T_4_548.jpg,,top_only,PIETRA
C,year + cam_num + sample_num + label_filename,2026,,4,549,1,0,1,2026_PIETRA_Cam_T_4_549.jpg,,top_only,PIETRA
C,year + cam_num + sample_num + label_filename,2026,,4,550,1,0,1,2026_PIETRA_Cam_T_4_550.jpg,,top_only,PIETRA
C,year + cam_num + sample_num + label_filename,2026,,4,551,1,0,1,2026_PIETRA_Cam_T_4_551.jpg,,top_only,PIETRA
C,year + cam_num + sample_num + label_filename,2026,,4,552,1,0,1,2026_PIETRA_Cam_T_4_552.jpg,,top_only,PIETRA
C,year + cam_num + sample_num + label_filename,2026,,4,553,1,0,1,2026_PIETRA_Cam_T_4_553.jpg,,top_only,PIETRA
C,year + cam_num + sample_num + label_filename,2026,,4,554,1,0,1,2026_PIETRA_Cam_T_4_554.jpg,,top_only,PIETRA
C,year + cam_num + sample_num + label_filename,2026,,4,555,1,0,1,2026_PIETRA_Cam_T_4_555.jpg,,top_only,PIETRA
C,year + cam_num + sample_num + label_filename,2026,,4,556,1,0,1,2026_PIETRA_Cam_T_4_556.jpg,,top_only,PIETRA
C,year + cam_num + sample_num + label_filename,2026,,4,557,1,0,1,2026_PIETRA_Cam_T_4_557.jpg,,top_only,PIETRA
C,year + cam_num + sample_num + label_filename,2026,,4,558,1,0,1,2026_PIETRA_Cam_T_4_558.jpg,,top_only,PIETRA
C,year + cam_num + sample_num + label_filename,2026,,4,559,1,0,1,2026_PIETRA_Cam_T_4_559.jpg,,top_only,PIETRA
C,year + cam_num + sample_num + label_filename,2026,,4,560,1,0,1,2026_PIETRA_Cam_T_4_560.jpg,,top_only,PIETRA
C,year + cam_num + sample_num + label_filename,2026,,4,561,1,0,1,2026_PIETRA_Cam_T_4_561.jpg,,top_only,PIETRA
C,year + cam_num + sample_num + label_filename,2026,,4,562,1,0,1,2026_PIETRA_Cam_T_4_562.jpg,,top_only,PIETRA
C,year + cam_num + sample_num + label_filename,2026,,4,563,1,0,1,2026_PIETRA_Cam_T_4_563.jpg,,top_only,PIETRA
C,year + cam_num + sample_num + label_filename,2026,,4,564,1,0,1,2026_PIETRA_Cam_T_4_564.jpg,,top_only,PIETRA
C,year + cam_num + sample_num + label_filename,2026,,4,565,1,0,1,2026_PIETRA_Cam_T_4_565.jpg,,top_only,PIETRA
C,year + cam_num + sample_num + label_filename,2026,,4,566,1,0,1,2026_PIETRA_Cam_T_4_566.jpg,,top_only,PIETRA
C,year + cam_num + sample_num + label_filename,2026,,4,567,1,0,1,2026_PIETRA_Cam_T_4_567.jpg,,top_only,PIETRA
C,year + cam_num + sample_num + label_filename,2026,,4,568,1,0,1,2026_PIETRA_Cam_T_4_568.jpg,,top_only,PIETRA
C,year + cam_num + sample_num + label_filename,2026,,4,569,1,0,1,2026_PIETRA_Cam_T_4_569.jpg,,top_only,PIETRA
C,year + cam_num + sample_num + label_filename,2026,,4,570,1,0,1,2026_PIETRA_Cam_T_4_570.jpg,,top_only,PIETRA
C,year + cam_num + sample_num + label_filename,2026,,4,571,1,0,1,2026_PIETRA_Cam_T_4_571.jpg,,top_only,PIETRA
C,year + cam_num + sample_num + label_filename,2026,,4,572,1,0,1,2026_PIETRA_Cam_T_4_572.jpg,,top_only,PIETRA
C,year + cam_num + sample_num + label_filename,2026,,4,573,1,0,1,2026_PIETRA_Cam_T_4_573.jpg,,top_only,PIETRA
C,year + cam_num + sample_num + label_filename,2026,,4,574,1,0,1,2026_PIETRA_Cam_T_4_574.jpg,,top_only,PIETRA
C,year + cam_num + sample_num + label_filename,2026,,4,575,1,0,1,2026_PIETRA_Cam_T_4_575.jpg,,top_only,PIETRA
C,year + cam_num + sample_num + label_filename,2026,,4,576,1,0,1,2026_PIETRA_Cam_T_4_576.jpg,,top_only,PIETRA
C,year + cam_num + sample_num + label_filename,2026,,4,577,1,0,1,2026_PIETRA_Cam_T_4_577.jpg,,top_only,PIETRA
C,year + cam_num + sample_num + label_filename,2026,,4,578,1,0,1,2026_PIETRA_Cam_T_4_578.jpg,,top_only,PIETRA
C,year + cam_num + sample_num + label_filename,2026,,4,579,1,0,1,2026_PIETRA_Cam_T_4_579.jpg,,top_only,PIETRA
C,year + cam_num + sample_num + label_filename,2026,,4,580,1,0,1,2026_PIETRA_Cam_T_4_580.jpg,,top_only,PIETRA
C,year + cam_num + sample_num + label_filename,2026,,4,581,1,0,1,2026_PIETRA_Cam_T_4_581.jpg,,top_only,PIETRA
C,year + cam_num + sample_num + label_filename,2026,,4,582,1,0,1,2026_PIETRA_Cam_T_4_582.jpg,,top_only,PIETRA
C,year + cam_num + sample_num + label_filename,2026,,4,583,1,0,1,2026_PIETRA_Cam_T_4_583.jpg,,top_only,PIETRA
C,year + cam_num + sample_num + label_filename,2026,,4,584,1,0,1,2026_PIETRA_Cam_T_4_584.jpg,,top_only,PIETRA
C,year + cam_num + sample_num + label_filename,2026,,4,585,1,0,1,2026_PIETRA_Cam_T_4_585.jpg,,top_only,PIETRA
C,year + cam_num + sample_num + label_filename,2026,,4,586,1,0,1,2026_PIETRA_Cam_T_4_586.jpg,,top_only,PIETRA
C,year + cam_num + sample_num + label_filename,2026,,5,4,1,0,1,2026_PIETRA_Cam_T_5_4.jpg,,top_only,PIETRA
C,year + cam_num + sample_num + label_filename,2026,,5,174,1,0,1,2026_PIETRA_Cam_T_5_174.jpg,,top_only,PIETRA
C,year + cam_num + sample_num + label_filename,2026,,5,175,1,0,1,2026_NON_Conforme_Cam_T_5_175.jpg,,top_only,NON Conforme
C,year + cam_num + sample_num + label_filename,2026,,5,287,0,1,1,,2026_NON_Conforme_Cam_B_5_287.jpg,bottom_only,NON Conforme
C,year + cam_num + sample_num + label_filename,2026,,5,288,0,1,1,,2026_NON_Conforme_Cam_B_5_288.jpg,bottom_only,NON Conforme
C,year + cam_num + sample_num + label_filename,2026,,5,289,0,1,1,,2026_NON_Conforme_Cam_B_5_289.jpg,bottom_only,NON Conforme
C,year + cam_num + sample_num + label_filename,2026,,5,290,0,1,1,,2026_NON_Conforme_Cam_B_5_290.jpg,bottom_only,NON Conforme
C,year + cam_num + sample_num + label_filename,2026,,5,291,0,1,1,,2026_NON_Conforme_Cam_B_5_291.jpg,bottom_only,NON Conforme
C,year + cam_num + sample_num + label_filename,2026,,5,292,0,1,1,,2026_NON_Conforme_Cam_B_5_292.jpg,bottom_only,NON Conforme
C,year + cam_num + sample_num + label_filename,2026,,5,293,0,1,1,,2026_NON_Conforme_Cam_B_5_293.jpg,bottom_only,NON Conforme
C,year + cam_num + sample_num + label_filename,2026,,5,294,0,1,1,,2026_NON_Conforme_Cam_B_5_294.jpg,bottom_only,NON Conforme
C,year + cam_num + sample_num + label_filename,2026,,5,394,0,1,1,,2026_Conforme_Cam_B_5_394.jpg,bottom_only,Conforme
C,year + cam_num + sample_num + label_filename,2026,,5,395,0,1,1,,2026_Conforme_Cam_B_5_395.jpg,bottom_only,Conforme
C,year + cam_num + sample_num + label_filename,2026,,5,396,0,1,1,,2026_Conforme_Cam_B_5_396.jpg,bottom_only,Conforme
C,year + cam_num + sample_num + label_filename,2026,,5,397,0,1,1,,2026_Conforme_Cam_B_5_397.jpg,bottom_only,Conforme
C,year + cam_num + sample_num + label_filename,2026,,5,398,0,1,1,,2026_Conforme_Cam_B_5_398.jpg,bottom_only,Conforme
C,year + cam_num + sample_num + label_filename,2026,,5,399,0,1,1,,2026_Conforme_Cam_B_5_399.jpg,bottom_only,Conforme
C,year + cam_num + sample_num + label_filename,2026,,5,400,0,1,1,,2026_Conforme_Cam_B_5_400.jpg,bottom_only,Conforme
C,year + cam_num + sample_num + label_filename,2026,,5,401,0,1,1,,2026_Conforme_Cam_B_5_401.jpg,bottom_only,Conforme
C,year + cam_num + sample_num + label_filename,2026,,5,402,0,1,1,,2026_Conforme_Cam_B_5_402.jpg,bottom_only,Conforme
C,year + cam_num + sample_num + label_filename,2026,,5,403,0,1,1,,2026_Conforme_Cam_B_5_403.jpg,bottom_only,Conforme
C,year + cam_num + sample_num + label_filename,2026,,5,404,0,1,1,,2026_Conforme_Cam_B_5_404.jpg,bottom_only,Conforme
C,year + cam_num + sample_num + label_filename,2026,,5,405,0,1,1,,2026_Conforme_Cam_B_5_405.jpg,bottom_only,Conforme
C,year + cam_num + sample_num + label_filename,2026,,5,406,0,1,1,,2026_Conforme_Cam_B_5_406.jpg,bottom_only,Conforme
C,year + cam_num + sample_num + label_filename,2026,,5,407,0,1,1,,2026_Conforme_Cam_B_5_407.jpg,bottom_only,Conforme
C,year + cam_num + sample_num + label_filename,2026,,5,408,0,1,1,,2026_Conforme_Cam_B_5_408.jpg,bottom_only,Conforme
C,year + cam_num + sample_num + label_filename,2026,,5,409,0,1,1,,2026_Conforme_Cam_B_5_409.jpg,bottom_only,Conforme
C,year + cam_num + sample_num + label_filename,2026,,5,410,0,1,1,,2026_Conforme_Cam_B_5_410.jpg,bottom_only,Conforme
C,year + cam_num + sample_num + label_filename,2026,,5,411,0,1,1,,2026_Conforme_Cam_B_5_411.jpg,bottom_only,Conforme
C,year + cam_num + sample_num + label_filename,2026,,5,570,0,1,1,,2026_PIETRA_Cam_B_5_570.jpg,bottom_only,PIETRA
C,year + cam_num + sample_num + label_filename,2026,,5,571,0,1,1,,2026_PIETRA_Cam_B_5_571.jpg,bottom_only,PIETRA
C,year + cam_num + sample_num + label_filename,2026,,5,572,0,1,1,,2026_PIETRA_Cam_B_5_572.jpg,bottom_only,PIETRA
C,year + cam_num + sample_num + label_filename,2026,,5,573,0,1,1,,2026_PIETRA_Cam_B_5_573.jpg,bottom_only,PIETRA
C,year + cam_num + sample_num + label_filename,2026,,5,574,0,1,1,,2026_PIETRA_Cam_B_5_574.jpg,bottom_only,PIETRA
C,year + cam_num + sample_num + label_filename,2026,,5,575,0,1,1,,2026_PIETRA_Cam_B_5_575.jpg,bottom_only,PIETRA
C,year + cam_num + sample_num + label_filename,2026,,5,576,0,1,1,,2026_PIETRA_Cam_B_5_576.jpg,bottom_only,PIETRA
C,year + cam_num + sample_num + label_filename,2026,,5,577,0,1,1,,2026_PIETRA_Cam_B_5_577.jpg,bottom_only,PIETRA
C,year + cam_num + sample_num + label_filename,2026,,5,578,0,1,1,,2026_PIETRA_Cam_B_5_578.jpg,bottom_only,PIETRA
C,year + cam_num + sample_num + label_filename,2026,,5,579,0,1,1,,2026_PIETRA_Cam_B_5_579.jpg,bottom_only,PIETRA
C,year + cam_num + sample_num + label_filename,2026,,5,580,0,1,1,,2026_PIETRA_Cam_B_5_580.jpg,bottom_only,PIETRA
C,year + cam_num + sample_num + label_filename,2026,,5,581,0,1,1,,2026_PIETRA_Cam_B_5_581.jpg,bottom_only,PIETRA
C,year + cam_num + sample_num + label_filename,2026,,5,582,0,1,1,,2026_PIETRA_Cam_B_5_582.jpg,bottom_only,PIETRA
C,year + cam_num + sample_num + label_filename,2026,,5,583,0,1,1,,2026_PIETRA_Cam_B_5_583.jpg,bottom_only,PIETRA
C,year + cam_num + sample_num + label_filename,2026,,5,584,0,1,1,,2026_PIETRA_Cam_B_5_584.jpg,bottom_only,PIETRA
C,year + cam_num + sample_num + label_filename,2026,,5,585,0,1,1,,2026_PIETRA_Cam_B_5_585.jpg,bottom_only,PIETRA
C,year + cam_num + sample_num + label_filename,2026,,5,586,0,1,1,,2026_PIETRA_Cam_B_5_586.jpg,bottom_only,PIETRA
C,year + cam_num + sample_num + label_filename,2026,,5,587,0,1,1,,2026_PIETRA_Cam_B_5_587.jpg,bottom_only,PIETRA
C,year + cam_num + sample_num + label_filename,2026,,5,588,0,1,1,,2026_PIETRA_Cam_B_5_588.jpg,bottom_only,PIETRA
C,year + cam_num + sample_num + label_filename,2026,,5,589,0,1,1,,2026_PIETRA_Cam_B_5_589.jpg,bottom_only,PIETRA
C,year + cam_num + sample_num + label_filename,2026,,5,590,0,1,1,,2026_PIETRA_Cam_B_5_590.jpg,bottom_only,PIETRA
C,year + cam_num + sample_num + label_filename,2026,,5,591,0,1,1,,2026_PIETRA_Cam_B_5_591.jpg,bottom_only,PIETRA
C,year + cam_num + sample_num + label_filename,2026,,5,592,0,1,1,,2026_PIETRA_Cam_B_5_592.jpg,bottom_only,PIETRA
C,year + cam_num + sample_num + label_filename,2026,,5,593,0,1,1,,2026_PIETRA_Cam_B_5_593.jpg,bottom_only,PIETRA
C,year + cam_num + sample_num + label_filename,2026,,5,594,0,1,1,,2026_PIETRA_Cam_B_5_594.jpg,bottom_only,PIETRA
C,year + cam_num + sample_num + label_filename,2026,,5,595,0,1,1,,2026_PIETRA_Cam_B_5_595.jpg,bottom_only,PIETRA
C,year + cam_num + sample_num + label_filename,2026,,5,596,0,1,1,,2026_PIETRA_Cam_B_5_596.jpg,bottom_only,PIETRA
C,year + cam_num + sample_num + label_filename,2026,,5,597,0,1,1,,2026_PIETRA_Cam_B_5_597.jpg,bottom_only,PIETRA
C,year + cam_num + sample_num + label_filename,2026,,5,598,0,1,1,,2026_PIETRA_Cam_B_5_598.jpg,bottom_only,PIETRA
C,year + cam_num + sample_num + label_filename,2026,,5,599,0,1,1,,2026_PIETRA_Cam_B_5_599.jpg,bottom_only,PIETRA
C,year + cam_num + sample_num + label_filename,2026,,5,600,0,1,1,,2026_PIETRA_Cam_B_5_600.jpg,bottom_only,PIETRA
C,year + cam_num + sample_num + label_filename,2026,,5,601,0,1,1,,2026_PIETRA_Cam_B_5_601.jpg,bottom_only,PIETRA
C,year + cam_num + sample_num + label_filename,2026,,5,602,0,1,1,,2026_PIETRA_Cam_B_5_602.jpg,bottom_only,PIETRA
C,year + cam_num + sample_num + label_filename,2026,,5,603,0,1,1,,2026_PIETRA_Cam_B_5_603.jpg,bottom_only,PIETRA
C,year + cam_num + sample_num + label_filename,2026,,5,604,0,1,1,,2026_PIETRA_Cam_B_5_604.jpg,bottom_only,PIETRA
C,year + cam_num + sample_num + label_filename,2026,,5,605,0,1,1,,2026_PIETRA_Cam_B_5_605.jpg,bottom_only,PIETRA
C,year + cam_num + sample_num + label_filename,2026,,5,606,0,1,1,,2026_PIETRA_Cam_B_5_606.jpg,bottom_only,PIETRA
C,year + cam_num + sample_num + label_filename,2026,,5,607,0,1,1,,2026_PIETRA_Cam_B_5_607.jpg,bottom_only,PIETRA
C,year + cam_num + sample_num + label_filename,2026,,5,608,0,1,1,,2026_PIETRA_Cam_B_5_608.jpg,bottom_only,PIETRA
C,year + cam_num + sample_num + label_filename,2026,,5,609,0,1,1,,2026_PIETRA_Cam_B_5_609.jpg,bottom_only,PIETRA
C,year + cam_num + sample_num + label_filename,2026,,5,610,0,1,1,,2026_PIETRA_Cam_B_5_610.jpg,bottom_only,PIETRA
C,year + cam_num + sample_num + label_filename,2026,,5,611,0,1,1,,2026_PIETRA_Cam_B_5_611.jpg,bottom_only,PIETRA
C,year + cam_num + sample_num + label_filename,2026,,5,612,0,1,1,,2026_PIETRA_Cam_B_5_612.jpg,bottom_only,PIETRA
C,year + cam_num + sample_num + label_filename,2026,,6,0,1,0,1,2026_NON_Conforme_Cam_T_6_0.jpg,,top_only,NON Conforme
C,year + cam_num + sample_num + label_filename,2026,,6,1,1,0,1,2026_NON_Conforme_Cam_T_6_1.jpg,,top_only,NON Conforme
C,year + cam_num + sample_num + label_filename,2026,,6,3,1,0,1,2026_NON_Conforme_Cam_T_6_3.jpg,,top_only,NON Conforme
C,year + cam_num + sample_num + label_filename,2026,,6,7,1,0,1,2026_Conforme_Cam_T_6_7.jpg,,top_only,Conforme
C,year + cam_num + sample_num + label_filename,2026,,6,7,1,0,1,2026_NON_Conforme_Cam_T_6_7.jpg,,top_only,NON Conforme
C,year + cam_num + sample_num + label_filename,2026,,6,7,1,0,1,2026_PIETRA_Cam_T_6_7.jpg,,top_only,PIETRA
C,year + cam_num + sample_num + label_filename,2026,,6,11,1,0,1,2026_NON_Conforme_Cam_T_6_11.jpg,,top_only,NON Conforme
C,year + cam_num + sample_num + label_filename,2026,,6,17,1,0,1,2026_PIETRA_Cam_T_6_17.jpg,,top_only,PIETRA
C,year + cam_num + sample_num + label_filename,2026,,6,18,1,0,1,2026_Conforme_Cam_T_6_18.jpg,,top_only,Conforme
C,year + cam_num + sample_num + label_filename,2026,,6,18,1,0,1,2026_PIETRA_Cam_T_6_18.jpg,,top_only,PIETRA
C,year + cam_num + sample_num + label_filename,2026,,6,21,0,1,1,,2026_Conforme_Cam_B_6_21.jpg,bottom_only,Conforme
C,year + cam_num + sample_num + label_filename,2026,,6,21,1,0,1,2026_PIETRA_Cam_T_6_21.jpg,,top_only,PIETRA
C,year + cam_num + sample_num + label_filename,2026,,6,26,1,0,1,2026_PIETRA_Cam_T_6_26.jpg,,top_only,PIETRA
C,year + cam_num + sample_num + label_filename,2026,,6,34,1,0,1,2026_PIETRA_Cam_T_6_34.jpg,,top_only,PIETRA
C,year + cam_num + sample_num + label_filename,2026,,6,35,1,0,1,2026_Conforme_Cam_T_6_35.jpg,,top_only,Conforme
C,year + cam_num + sample_num + label_filename,2026,,6,41,1,0,1,2026_Conforme_Cam_T_6_41.jpg,,top_only,Conforme
C,year + cam_num + sample_num + label_filename,2026,,6,43,1,0,1,2026_PIETRA_Cam_T_6_43.jpg,,top_only,PIETRA
C,year + cam_num + sample_num + label_filename,2026,,6,45,0,1,1,,2026_Conforme_Cam_B_6_45.jpg,bottom_only,Conforme
C,year + cam_num + sample_num + label_filename,2026,,6,54,1,0,1,2026_PIETRA_Cam_T_6_54.jpg,,top_only,PIETRA
C,year + cam_num + sample_num + label_filename,2026,,6,55,1,0,1,2026_PIETRA_Cam_T_6_55.jpg,,top_only,PIETRA
C,year + cam_num + sample_num + label_filename,2026,,6,57,0,1,1,,2026_PIETRA_Cam_B_6_57.jpg,bottom_only,PIETRA
C,year + cam_num + sample_num + label_filename,2026,,6,61,1,0,1,2026_PIETRA_Cam_T_6_61.jpg,,top_only,PIETRA
C,year + cam_num + sample_num + label_filename,2026,,6,71,0,1,1,,2026_Conforme_Cam_B_6_71.jpg,bottom_only,Conforme
C,year + cam_num + sample_num + label_filename,2026,,6,75,1,0,1,2026_NON_Conforme_Cam_T_6_75.jpg,,top_only,NON Conforme
C,year + cam_num + sample_num + label_filename,2026,,6,78,1,0,1,2026_NON_Conforme_Cam_T_6_78.jpg,,top_only,NON Conforme
C,year + cam_num + sample_num + label_filename,2026,,6,85,1,0,1,2026_Conforme_Cam_T_6_85.jpg,,top_only,Conforme
C,year + cam_num + sample_num + label_filename,2026,,6,90,1,0,1,2026_PIETRA_Cam_T_6_90.jpg,,top_only,PIETRA
C,year + cam_num + sample_num + label_filename,2026,,6,92,0,1,1,,2026_Conforme_Cam_B_6_92.jpg,bottom_only,Conforme
C,year + cam_num + sample_num + label_filename,2026,,6,96,0,1,1,,2026_PIETRA_Cam_B_6_96.jpg,bottom_only,PIETRA
C,year + cam_num + sample_num + label_filename,2026,,6,97,0,1,1,,2026_PIETRA_Cam_B_6_97.jpg,bottom_only,PIETRA
C,year + cam_num + sample_num + label_filename,2026,,6,101,1,0,1,2026_PIETRA_Cam_T_6_101.jpg,,top_only,PIETRA
C,year + cam_num + sample_num + label_filename,2026,,6,105,1,0,1,2026_PIETRA_Cam_T_6_105.jpg,,top_only,PIETRA
C,year + cam_num + sample_num + label_filename,2026,,6,118,1,0,1,2026_PIETRA_Cam_T_6_118.jpg,,top_only,PIETRA
C,year + cam_num + sample_num + label_filename,2026,,6,125,1,0,1,2026_PIETRA_Cam_T_6_125.jpg,,top_only,PIETRA
C,year + cam_num + sample_num + label_filename,2026,,6,128,1,0,1,2026_NON_Conforme_Cam_T_6_128.jpg,,top_only,NON Conforme
C,year + cam_num + sample_num + label_filename,2026,,6,129,1,0,1,2026_NON_Conforme_Cam_T_6_129.jpg,,top_only,NON Conforme
C,year + cam_num + sample_num + label_filename,2026,,6,129,1,0,1,2026_PIETRA_Cam_T_6_129.jpg,,top_only,PIETRA
C,year + cam_num + sample_num + label_filename,2026,,6,132,0,1,1,,2026_NON_Conforme_Cam_B_6_132.jpg,bottom_only,NON Conforme
C,year + cam_num + sample_num + label_filename,2026,,6,132,1,0,1,2026_PIETRA_Cam_T_6_132.jpg,,top_only,PIETRA
C,year + cam_num + sample_num + label_filename,2026,,6,137,1,0,1,2026_NON_Conforme_Cam_T_6_137.jpg,,top_only,NON Conforme
C,year + cam_num + sample_num + label_filename,2026,,6,143,1,0,1,2026_NON_Conforme_Cam_T_6_143.jpg,,top_only,NON Conforme
C,year + cam_num + sample_num + label_filename,2026,,6,145,1,0,1,2026_NON_Conforme_Cam_T_6_145.jpg,,top_only,NON Conforme
C,year + cam_num + sample_num + label_filename,2026,,6,153,1,0,1,2026_NON_Conforme_Cam_T_6_153.jpg,,top_only,NON Conforme
C,year + cam_num + sample_num + label_filename,2026,,6,164,1,0,1,2026_PIETRA_Cam_T_6_164.jpg,,top_only,PIETRA
C,year + cam_num + sample_num + label_filename,2026,,6,165,1,0,1,2026_Conforme_Cam_T_6_165.jpg,,top_only,Conforme
C,year + cam_num + sample_num + label_filename,2026,,6,167,0,1,1,,2026_Conforme_Cam_B_6_167.jpg,bottom_only,Conforme
C,year + cam_num + sample_num + label_filename,2026,,6,167,1,0,1,2026_NON_Conforme_Cam_T_6_167.jpg,,top_only,NON Conforme
C,year + cam_num + sample_num + label_filename,2026,,6,169,1,0,1,2026_Conforme_Cam_T_6_169.jpg,,top_only,Conforme
C,year + cam_num + sample_num + label_filename,2026,,6,171,1,0,1,2026_Conforme_Cam_T_6_171.jpg,,top_only,Conforme
C,year + cam_num + sample_num + label_filename,2026,,6,173,1,0,1,2026_PIETRA_Cam_T_6_173.jpg,,top_only,PIETRA
C,year + cam_num + sample_num + label_filename,2026,,6,181,0,1,1,,2026_Conforme_Cam_B_6_181.jpg,bottom_only,Conforme
C,year + cam_num + sample_num + label_filename,2026,,6,185,0,1,1,,2026_NON_Conforme_Cam_B_6_185.jpg,bottom_only,NON Conforme
C,year + cam_num + sample_num + label_filename,2026,,6,188,0,1,1,,2026_NON_Conforme_Cam_B_6_188.jpg,bottom_only,NON Conforme
C,year + cam_num + sample_num + label_filename,2026,,6,188,1,0,1,2026_PIETRA_Cam_T_6_188.jpg,,top_only,PIETRA
C,year + cam_num + sample_num + label_filename,2026,,6,202,1,0,1,2026_NON_Conforme_Cam_T_6_202.jpg,,top_only,NON Conforme
C,year + cam_num + sample_num + label_filename,2026,,6,203,0,1,1,,2026_NON_Conforme_Cam_B_6_203.jpg,bottom_only,NON Conforme
C,year + cam_num + sample_num + label_filename,2026,,6,205,1,0,1,2026_PIETRA_Cam_T_6_205.jpg,,top_only,PIETRA
C,year + cam_num + sample_num + label_filename,2026,,6,210,1,0,1,2026_Conforme_Cam_T_6_210.jpg,,top_only,Conforme
C,year + cam_num + sample_num + label_filename,2026,,6,212,1,0,1,2026_PIETRA_Cam_T_6_212.jpg,,top_only,PIETRA
C,year + cam_num + sample_num + label_filename,2026,,6,215,1,0,1,2026_PIETRA_Cam_T_6_215.jpg,,top_only,PIETRA
C,year + cam_num + sample_num + label_filename,2026,,6,216,1,0,1,2026_PIETRA_Cam_T_6_216.jpg,,top_only,PIETRA
C,year + cam_num + sample_num + label_filename,2026,,6,220,1,0,1,2026_PIETRA_Cam_T_6_220.jpg,,top_only,PIETRA
C,year + cam_num + sample_num + label_filename,2026,,6,225,1,0,1,2026_PIETRA_Cam_T_6_225.jpg,,top_only,PIETRA
C,year + cam_num + sample_num + label_filename,2026,,6,228,1,0,1,2026_PIETRA_Cam_T_6_228.jpg,,top_only,PIETRA
C,year + cam_num + sample_num + label_filename,2026,,6,233,1,0,1,2026_PIETRA_Cam_T_6_233.jpg,,top_only,PIETRA
C,year + cam_num + sample_num + label_filename,2026,,6,234,1,0,1,2026_Conforme_Cam_T_6_234.jpg,,top_only,Conforme
C,year + cam_num + sample_num + label_filename,2026,,6,236,1,0,1,2026_NON_Conforme_Cam_T_6_236.jpg,,top_only,NON Conforme
C,year + cam_num + sample_num + label_filename,2026,,6,241,1,0,1,2026_PIETRA_Cam_T_6_241.jpg,,top_only,PIETRA
C,year + cam_num + sample_num + label_filename,2026,,6,242,0,1,1,,2026_PIETRA_Cam_B_6_242.jpg,bottom_only,PIETRA
C,year + cam_num + sample_num + label_filename,2026,,6,246,0,1,1,,2026_PIETRA_Cam_B_6_246.jpg,bottom_only,PIETRA
C,year + cam_num + sample_num + label_filename,2026,,6,248,0,1,1,,2026_Conforme_Cam_B_6_248.jpg,bottom_only,Conforme
C,year + cam_num + sample_num + label_filename,2026,,6,248,0,1,1,,2026_NON_Conforme_Cam_B_6_248.jpg,bottom_only,NON Conforme
C,year + cam_num + sample_num + label_filename,2026,,6,252,1,0,1,2026_PIETRA_Cam_T_6_252.jpg,,top_only,PIETRA
C,year + cam_num + sample_num + label_filename,2026,,6,263,0,1,1,,2026_PIETRA_Cam_B_6_263.jpg,bottom_only,PIETRA
C,year + cam_num + sample_num + label_filename,2026,,6,265,1,0,1,2026_PIETRA_Cam_T_6_265.jpg,,top_only,PIETRA
C,year + cam_num + sample_num + label_filename,2026,,6,278,1,0,1,2026_Conforme_Cam_T_6_278.jpg,,top_only,Conforme
C,year + cam_num + sample_num + label_filename,2026,,6,279,1,0,1,2026_PIETRA_Cam_T_6_279.jpg,,top_only,PIETRA
C,year + cam_num + sample_num + label_filename,2026,,6,280,0,1,1,,2026_NON_Conforme_Cam_B_6_280.jpg,bottom_only,NON Conforme
C,year + cam_num + sample_num + label_filename,2026,,6,281,0,1,1,,2026_NON_Conforme_Cam_B_6_281.jpg,bottom_only,NON Conforme
C,year + cam_num + sample_num + label_filename,2026,,6,282,0,1,1,,2026_NON_Conforme_Cam_B_6_282.jpg,bottom_only,NON Conforme
C,year + cam_num + sample_num + label_filename,2026,,6,304,1,0,1,2026_Conforme_Cam_T_6_304.jpg,,top_only,Conforme
C,year + cam_num + sample_num + label_filename,2026,,6,320,1,0,1,2026_PIETRA_Cam_T_6_320.jpg,,top_only,PIETRA
C,year + cam_num + sample_num + label_filename,2026,,6,321,1,0,1,2026_PIETRA_Cam_T_6_321.jpg,,top_only,PIETRA
C,year + cam_num + sample_num + label_filename,2026,,6,323,1,0,1,2026_Conforme_Cam_T_6_323.jpg,,top_only,Conforme
C,year + cam_num + sample_num + label_filename,2026,,6,324,1,0,1,2026_PIETRA_Cam_T_6_324.jpg,,top_only,PIETRA
C,year + cam_num + sample_num + label_filename,2026,,6,338,1,0,1,2026_PIETRA_Cam_T_6_338.jpg,,top_only,PIETRA
C,year + cam_num + sample_num + label_filename,2026,,6,343,1,0,1,2026_Conforme_Cam_T_6_343.jpg,,top_only,Conforme
C,year + cam_num + sample_num + label_filename,2026,,6,344,0,1,1,,2026_Conforme_Cam_B_6_344.jpg,bottom_only,Conforme
C,year + cam_num + sample_num + label_filename,2026,,6,352,1,0,1,2026_Conforme_Cam_T_6_352.jpg,,top_only,Conforme
C,year + cam_num + sample_num + label_filename,2026,,6,353,1,0,1,2026_PIETRA_Cam_T_6_353.jpg,,top_only,PIETRA
C,year + cam_num + sample_num + label_filename,2026,,6,354,1,0,1,2026_Conforme_Cam_T_6_354.jpg,,top_only,Conforme
C,year + cam_num + sample_num + label_filename,2026,,6,355,1,0,1,2026_Conforme_Cam_T_6_355.jpg,,top_only,Conforme
C,year + cam_num + sample_num + label_filename,2026,,6,355,1,0,1,2026_PIETRA_Cam_T_6_355.jpg,,top_only,PIETRA
C,year + cam_num + sample_num + label_filename,2026,,6,356,1,0,1,2026_PIETRA_Cam_T_6_356.jpg,,top_only,PIETRA
C,year + cam_num + sample_num + label_filename,2026,,6,357,1,0,1,2026_PIETRA_Cam_T_6_357.jpg,,top_only,PIETRA
C,year + cam_num + sample_num + label_filename,2026,,6,365,1,0,1,2026_Conforme_Cam_T_6_365.jpg,,top_only,Conforme
C,year + cam_num + sample_num + label_filename,2026,,6,380,1,0,1,2026_Conforme_Cam_T_6_380.jpg,,top_only,Conforme
C,year + cam_num + sample_num + label_filename,2026,,6,384,0,1,1,,2026_Conforme_Cam_B_6_384.jpg,bottom_only,Conforme
C,year + cam_num + sample_num + label_filename,2026,,6,385,1,0,1,2026_Conforme_Cam_T_6_385.jpg,,top_only,Conforme
C,year + cam_num + sample_num + label_filename,2026,,6,386,1,0,1,2026_Conforme_Cam_T_6_386.jpg,,top_only,Conforme
C,year + cam_num + sample_num + label_filename,2026,,6,387,1,0,1,2026_Conforme_Cam_T_6_387.jpg,,top_only,Conforme
C,year + cam_num + sample_num + label_filename,2026,,6,388,1,0,1,2026_Conforme_Cam_T_6_388.jpg,,top_only,Conforme
C,year + cam_num + sample_num + label_filename,2026,,6,389,1,0,1,2026_Conforme_Cam_T_6_389.jpg,,top_only,Conforme
C,year + cam_num + sample_num + label_filename,2026,,6,394,1,0,1,2026_PIETRA_Cam_T_6_394.jpg,,top_only,PIETRA
C,year + cam_num + sample_num + label_filename,2026,,6,398,1,0,1,2026_Conforme_Cam_T_6_398.jpg,,top_only,Conforme
C,year + cam_num + sample_num + label_filename,2026,,6,401,0,1,1,,2026_Conforme_Cam_B_6_401.jpg,bottom_only,Conforme
C,year + cam_num + sample_num + label_filename,2026,,6,401,1,0,1,2026_PIETRA_Cam_T_6_401.jpg,,top_only,PIETRA
C,year + cam_num + sample_num + label_filename,2026,,6,402,0,1,1,,2026_Conforme_Cam_B_6_402.jpg,bottom_only,Conforme
C,year + cam_num + sample_num + label_filename,2026,,6,409,1,0,1,2026_PIETRA_Cam_T_6_409.jpg,,top_only,PIETRA
C,year + cam_num + sample_num + label_filename,2026,,6,410,1,0,1,2026_PIETRA_Cam_T_6_410.jpg,,top_only,PIETRA
C,year + cam_num + sample_num + label_filename,2026,,6,411,1,0,1,2026_PIETRA_Cam_T_6_411.jpg,,top_only,PIETRA
C,year + cam_num + sample_num + label_filename,2026,,6,413,1,0,1,2026_PIETRA_Cam_T_6_413.jpg,,top_only,PIETRA
C,year + cam_num + sample_num + label_filename,2026,,6,415,1,0,1,2026_PIETRA_Cam_T_6_415.jpg,,top_only,PIETRA
C,year + cam_num + sample_num + label_filename,2026,,6,427,0,1,1,,2026_PIETRA_Cam_B_6_427.jpg,bottom_only,PIETRA
C,year + cam_num + sample_num + label_filename,2026,,6,447,1,0,1,2026_PIETRA_Cam_T_6_447.jpg,,top_only,PIETRA
C,year + cam_num + sample_num + label_filename,2026,,6,463,1,0,1,2026_PIETRA_Cam_T_6_463.jpg,,top_only,PIETRA
C,year + cam_num + sample_num + label_filename,2026,,6,470,1,0,1,2026_PIETRA_Cam_T_6_470.jpg,,top_only,PIETRA
C,year + cam_num + sample_num + label_filename,2026,,6,475,1,0,1,2026_PIETRA_Cam_T_6_475.jpg,,top_only,PIETRA
C,year + cam_num + sample_num + label_filename,2026,,6,480,1,0,1,2026_PIETRA_Cam_T_6_480.jpg,,top_only,PIETRA
C,year + cam_num + sample_num + label_filename,2026,,6,487,1,0,1,2026_PIETRA_Cam_T_6_487.jpg,,top_only,PIETRA
C,year + cam_num + sample_num + label_filename,2026,,6,491,1,0,1,2026_PIETRA_Cam_T_6_491.jpg,,top_only,PIETRA
C,year + cam_num + sample_num + label_filename,2026,,6,540,1,0,1,2026_PIETRA_Cam_T_6_540.jpg,,top_only,PIETRA
C,year + cam_num + sample_num + label_filename,2026,,6,549,1,0,1,2026_PIETRA_Cam_T_6_549.jpg,,top_only,PIETRA
C,year + cam_num + sample_num + label_filename,2026,,6,555,1,0,1,2026_PIETRA_Cam_T_6_555.jpg,,top_only,PIETRA
C,year + cam_num + sample_num + label_filename,2026,,6,559,1,0,1,2026_PIETRA_Cam_T_6_559.jpg,,top_only,PIETRA
C,year + cam_num + sample_num + label_filename,2026,,6,565,1,0,1,2026_PIETRA_Cam_T_6_565.jpg,,top_only,PIETRA
C,year + cam_num + sample_num + label_filename,2026,,6,574,1,0,1,2026_PIETRA_Cam_T_6_574.jpg,,top_only,PIETRA
C,year + cam_num + sample_num + label_filename,2026,,6,575,1,0,1,2026_PIETRA_Cam_T_6_575.jpg,,top_only,PIETRA
C,year + cam_num + sample_num + label_filename,2026,,6,576,1,0,1,2026_PIETRA_Cam_T_6_576.jpg,,top_only,PIETRA
C,year + cam_num + sample_num + label_filename,2026,,6,577,1,0,1,2026_PIETRA_Cam_T_6_577.jpg,,top_only,PIETRA
C,year + cam_num + sample_num + label_filename,2026,,6,578,1,0,1,2026_PIETRA_Cam_T_6_578.jpg,,top_only,PIETRA
C,year + cam_num + sample_num + label_filename,2026,,6,579,1,0,1,2026_PIETRA_Cam_T_6_579.jpg,,top_only,PIETRA
C,year + cam_num + sample_num + label_filename,2026,,6,580,1,0,1,2026_PIETRA_Cam_T_6_580.jpg,,top_only,PIETRA
C,year + cam_num + sample_num + label_filename,2026,,6,581,1,0,1,2026_PIETRA_Cam_T_6_581.jpg,,top_only,PIETRA
C,year + cam_num + sample_num + label_filename,2026,,6,582,1,0,1,2026_PIETRA_Cam_T_6_582.jpg,,top_only,PIETRA
D,year + cam_num + sample_num,2025,,1,495,0,1,1,,2025_Conforme_2_Cam_B_1_495.jpg,bottom_only,
D,year + cam_num + sample_num,2025,,1,496,0,1,1,,2025_Conforme_2_Cam_B_1_496.jpg,bottom_only,
D,year + cam_num + sample_num,2025,,1,497,0,1,1,,2025_Conforme_2_Cam_B_1_497.jpg,bottom_only,
D,year + cam_num + sample_num,2025,,1,498,0,1,1,,2025_Conforme_2_Cam_B_1_498.jpg,bottom_only,
D,year + cam_num + sample_num,2025,,1,499,0,1,1,,2025_Conforme_2_Cam_B_1_499.jpg,bottom_only,
D,year + cam_num + sample_num,2025,,1,500,0,1,1,,2025_Conforme_2_Cam_B_1_500.jpg,bottom_only,
D,year + cam_num + sample_num,2025,,1,501,0,1,1,,2025_Conforme_2_Cam_B_1_501.jpg,bottom_only,
D,year + cam_num + sample_num,2025,,1,502,0,1,1,,2025_Conforme_2_Cam_B_1_502.jpg,bottom_only,
D,year + cam_num + sample_num,2025,,1,503,0,1,1,,2025_Conforme_2_Cam_B_1_503.jpg,bottom_only,
D,year + cam_num + sample_num,2025,,1,504,0,1,1,,2025_Conforme_2_Cam_B_1_504.jpg,bottom_only,
D,year + cam_num + sample_num,2025,,1,505,0,1,1,,2025_Conforme_2_Cam_B_1_505.jpg,bottom_only,
D,year + cam_num + sample_num,2025,,1,506,0,1,1,,2025_Conforme_2_Cam_B_1_506.jpg,bottom_only,
D,year + cam_num + sample_num,2025,,1,507,0,1,1,,2025_Conforme_2_Cam_B_1_507.jpg,bottom_only,
D,year + cam_num + sample_num,2025,,1,508,0,1,1,,2025_Conforme_2_Cam_B_1_508.jpg,bottom_only,
D,year + cam_num + sample_num,2025,,1,509,0,1,1,,2025_Conforme_2_Cam_B_1_509.jpg,bottom_only,
D,year + cam_num + sample_num,2025,,1,510,0,1,1,,2025_Conforme_2_Cam_B_1_510.jpg,bottom_only,
D,year + cam_num + sample_num,2025,,1,511,0,1,1,,2025_Conforme_2_Cam_B_1_511.jpg,bottom_only,
D,year + cam_num + sample_num,2025,,1,512,0,1,1,,2025_Conforme_2_Cam_B_1_512.jpg,bottom_only,
D,year + cam_num + sample_num,2025,,1,513,0,1,1,,2025_Conforme_2_Cam_B_1_513.jpg,bottom_only,
D,year + cam_num + sample_num,2025,,1,514,0,1,1,,2025_Conforme_2_Cam_B_1_514.jpg,bottom_only,
D,year + cam_num + sample_num,2025,,1,515,0,1,1,,2025_Conforme_2_Cam_B_1_515.jpg,bottom_only,
D,year + cam_num + sample_num,2025,,1,516,0,1,1,,2025_Conforme_2_Cam_B_1_516.jpg,bottom_only,
D,year + cam_num + sample_num,2025,,1,517,0,1,1,,2025_Conforme_2_Cam_B_1_517.jpg,bottom_only,
D,year + cam_num + sample_num,2025,,1,518,0,1,1,,2025_Conforme_2_Cam_B_1_518.jpg,bottom_only,
D,year + cam_num + sample_num,2025,,1,519,0,1,1,,2025_Conforme_2_Cam_B_1_519.jpg,bottom_only,
D,year + cam_num + sample_num,2025,,1,520,0,1,1,,2025_Conforme_2_Cam_B_1_520.jpg,bottom_only,
D,year + cam_num + sample_num,2025,,1,521,0,1,1,,2025_Conforme_2_Cam_B_1_521.jpg,bottom_only,
D,year + cam_num + sample_num,2025,,1,522,0,1,1,,2025_Conforme_2_Cam_B_1_522.jpg,bottom_only,
D,year + cam_num + sample_num,2025,,1,523,0,1,1,,2025_Conforme_2_Cam_B_1_523.jpg,bottom_only,
D,year + cam_num + sample_num,2025,,1,524,0,1,1,,2025_Conforme_2_Cam_B_1_524.jpg,bottom_only,
D,year + cam_num + sample_num,2025,,1,525,0,1,1,,2025_Conforme_2_Cam_B_1_525.jpg,bottom_only,
D,year + cam_num + sample_num,2025,,1,526,0,1,1,,2025_Conforme_2_Cam_B_1_526.jpg,bottom_only,
D,year + cam_num + sample_num,2025,,1,527,0,1,1,,2025_Conforme_2_Cam_B_1_527.jpg,bottom_only,
D,year + cam_num + sample_num,2025,,1,528,0,1,1,,2025_Conforme_2_Cam_B_1_528.jpg,bottom_only,
D,year + cam_num + sample_num,2025,,1,529,0,1,1,,2025_Conforme_2_Cam_B_1_529.jpg,bottom_only,
D,year + cam_num + sample_num,2025,,1,530,0,1,1,,2025_Conforme_2_Cam_B_1_530.jpg,bottom_only,
D,year + cam_num + sample_num,2025,,1,531,0,1,1,,2025_Conforme_2_Cam_B_1_531.jpg,bottom_only,
D,year + cam_num + sample_num,2025,,1,532,0,1,1,,2025_Conforme_2_Cam_B_1_532.jpg,bottom_only,
D,year + cam_num + sample_num,2025,,2,517,0,1,1,,2025_Conforme_2_Cam_B_2_517.jpg,bottom_only,
D,year + cam_num + sample_num,2025,,2,518,0,1,1,,2025_Conforme_2_Cam_B_2_518.jpg,bottom_only,
D,year + cam_num + sample_num,2025,,3,530,0,1,1,,2025_Conforme_2_Cam_B_3_530.jpg,bottom_only,
D,year + cam_num + sample_num,2025,,4,38,4,0,4,2025_Conforme_1_Cam_T_4_38.jpg | 2025_Conforme_2_Cam_T_4_38.jpg | 2025_NON_Conforme_Cam_T_4_38.jpg | 2025_PIETRA_Cam_T_4_38.jpg,,top_only,
D,year + cam_num + sample_num,2025,,4,501,1,0,1,2025_Conforme_1_Cam_T_4_501.jpg,,top_only,
D,year + cam_num + sample_num,2025,,4,502,1,0,1,2025_Conforme_1_Cam_T_4_502.jpg,,top_only,
D,year + cam_num + sample_num,2025,,4,503,1,0,1,2025_Conforme_1_Cam_T_4_503.jpg,,top_only,
D,year + cam_num + sample_num,2025,,4,504,1,0,1,2025_Conforme_1_Cam_T_4_504.jpg,,top_only,
D,year + cam_num + sample_num,2025,,4,505,1,0,1,2025_Conforme_1_Cam_T_4_505.jpg,,top_only,
D,year + cam_num + sample_num,2025,,4,506,1,0,1,2025_Conforme_1_Cam_T_4_506.jpg,,top_only,
D,year + cam_num + sample_num,2025,,4,507,1,0,1,2025_Conforme_1_Cam_T_4_507.jpg,,top_only,
D,year + cam_num + sample_num,2025,,4,508,1,0,1,2025_Conforme_1_Cam_T_4_508.jpg,,top_only,
D,year + cam_num + sample_num,2025,,4,509,1,0,1,2025_Conforme_1_Cam_T_4_509.jpg,,top_only,
D,year + cam_num + sample_num,2025,,4,510,1,0,1,2025_Conforme_1_Cam_T_4_510.jpg,,top_only,
D,year + cam_num + sample_num,2025,,4,511,1,0,1,2025_Conforme_1_Cam_T_4_511.jpg,,top_only,
D,year + cam_num + sample_num,2025,,4,512,1,0,1,2025_Conforme_1_Cam_T_4_512.jpg,,top_only,
D,year + cam_num + sample_num,2025,,4,513,1,0,1,2025_Conforme_1_Cam_T_4_513.jpg,,top_only,
D,year + cam_num + sample_num,2025,,4,514,1,0,1,2025_Conforme_1_Cam_T_4_514.jpg,,top_only,
D,year + cam_num + sample_num,2025,,4,515,1,0,1,2025_Conforme_1_Cam_T_4_515.jpg,,top_only,
D,year + cam_num + sample_num,2025,,4,516,1,0,1,2025_Conforme_1_Cam_T_4_516.jpg,,top_only,
D,year + cam_num + sample_num,2025,,5,500,0,2,2,,2025_Conforme_2_Cam_B_5_500.jpg | 2025_NON_Conforme_Cam_B_5_500.jpg,bottom_only,
D,year + cam_num + sample_num,2025,,5,501,0,2,2,,2025_Conforme_2_Cam_B_5_501.jpg | 2025_NON_Conforme_Cam_B_5_501.jpg,bottom_only,
D,year + cam_num + sample_num,2025,,5,502,0,2,2,,2025_Conforme_2_Cam_B_5_502.jpg | 2025_NON_Conforme_Cam_B_5_502.jpg,bottom_only,
D,year + cam_num + sample_num,2025,,5,503,0,2,2,,2025_Conforme_2_Cam_B_5_503.jpg | 2025_NON_Conforme_Cam_B_5_503.jpg,bottom_only,
D,year + cam_num + sample_num,2025,,5,504,0,2,2,,2025_Conforme_2_Cam_B_5_504.jpg | 2025_NON_Conforme_Cam_B_5_504.jpg,bottom_only,
D,year + cam_num + sample_num,2025,,5,505,0,2,2,,2025_Conforme_2_Cam_B_5_505.jpg | 2025_NON_Conforme_Cam_B_5_505.jpg,bottom_only,
D,year + cam_num + sample_num,2025,,5,506,0,1,1,,2025_Conforme_2_Cam_B_5_506.jpg,bottom_only,
D,year + cam_num + sample_num,2025,,5,507,0,1,1,,2025_Conforme_2_Cam_B_5_507.jpg,bottom_only,
D,year + cam_num + sample_num,2025,,5,508,0,1,1,,2025_Conforme_2_Cam_B_5_508.jpg,bottom_only,
D,year + cam_num + sample_num,2025,,5,509,0,1,1,,2025_Conforme_2_Cam_B_5_509.jpg,bottom_only,
D,year + cam_num + sample_num,2025,,5,510,0,1,1,,2025_Conforme_2_Cam_B_5_510.jpg,bottom_only,
D,year + cam_num + sample_num,2025,,5,511,0,1,1,,2025_Conforme_2_Cam_B_5_511.jpg,bottom_only,
D,year + cam_num + sample_num,2025,,5,512,0,1,1,,2025_Conforme_2_Cam_B_5_512.jpg,bottom_only,
D,year + cam_num + sample_num,2025,,5,513,0,1,1,,2025_Conforme_2_Cam_B_5_513.jpg,bottom_only,
D,year + cam_num + sample_num,2025,,5,514,0,1,1,,2025_Conforme_2_Cam_B_5_514.jpg,bottom_only,
D,year + cam_num + sample_num,2025,,5,515,0,1,1,,2025_Conforme_2_Cam_B_5_515.jpg,bottom_only,
D,year + cam_num + sample_num,2025,,5,516,0,1,1,,2025_Conforme_2_Cam_B_5_516.jpg,bottom_only,
D,year + cam_num + sample_num,2025,,5,517,0,1,1,,2025_Conforme_2_Cam_B_5_517.jpg,bottom_only,
D,year + cam_num + sample_num,2025,,5,518,0,1,1,,2025_Conforme_2_Cam_B_5_518.jpg,bottom_only,
D,year + cam_num + sample_num,2025,,5,519,0,1,1,,2025_Conforme_2_Cam_B_5_519.jpg,bottom_only,
D,year + cam_num + sample_num,2025,,5,520,0,1,1,,2025_Conforme_2_Cam_B_5_520.jpg,bottom_only,
D,year + cam_num + sample_num,2025,,5,521,0,1,1,,2025_Conforme_2_Cam_B_5_521.jpg,bottom_only,
D,year + cam_num + sample_num,2025,,5,522,0,1,1,,2025_Conforme_2_Cam_B_5_522.jpg,bottom_only,
D,year + cam_num + sample_num,2025,,5,523,0,1,1,,2025_Conforme_2_Cam_B_5_523.jpg,bottom_only,
D,year + cam_num + sample_num,2025,,5,524,0,1,1,,2025_Conforme_2_Cam_B_5_524.jpg,bottom_only,
D,year + cam_num + sample_num,2025,,5,525,0,1,1,,2025_Conforme_2_Cam_B_5_525.jpg,bottom_only,
D,year + cam_num + sample_num,2025,,5,526,0,1,1,,2025_Conforme_2_Cam_B_5_526.jpg,bottom_only,
D,year + cam_num + sample_num,2025,,5,527,0,1,1,,2025_Conforme_2_Cam_B_5_527.jpg,bottom_only,
D,year + cam_num + sample_num,2025,,5,528,0,1,1,,2025_Conforme_2_Cam_B_5_528.jpg,bottom_only,
D,year + cam_num + sample_num,2025,,5,529,0,1,1,,2025_Conforme_2_Cam_B_5_529.jpg,bottom_only,
D,year + cam_num + sample_num,2025,,5,530,0,1,1,,2025_Conforme_2_Cam_B_5_530.jpg,bottom_only,
D,year + cam_num + sample_num,2025,,5,531,0,1,1,,2025_Conforme_2_Cam_B_5_531.jpg,bottom_only,
D,year + cam_num + sample_num,2025,,5,532,0,1,1,,2025_Conforme_2_Cam_B_5_532.jpg,bottom_only,
D,year + cam_num + sample_num,2025,,5,533,0,1,1,,2025_Conforme_2_Cam_B_5_533.jpg,bottom_only,
D,year + cam_num + sample_num,2025,,5,534,0,1,1,,2025_Conforme_2_Cam_B_5_534.jpg,bottom_only,
D,year + cam_num + sample_num,2025,,5,535,0,1,1,,2025_Conforme_2_Cam_B_5_535.jpg,bottom_only,
D,year + cam_num + sample_num,2025,,5,536,0,1,1,,2025_Conforme_2_Cam_B_5_536.jpg,bottom_only,
D,year + cam_num + sample_num,2025,,6,445,0,2,2,,2025_Conforme_2_Cam_B_6_445.jpg | 2025_NON_Conforme_Cam_B_6_445.jpg,bottom_only,
D,year + cam_num + sample_num,2025,,6,488,1,0,1,2025_NON_Conforme_Cam_T_6_488.jpg,,top_only,
D,year + cam_num + sample_num,2025,,6,504,1,0,1,2025_Conforme_1_Cam_T_6_504.jpg,,top_only,
D,year + cam_num + sample_num,2025,,6,505,0,1,1,,2025_Conforme_2_Cam_B_6_505.jpg,bottom_only,
D,year + cam_num + sample_num,2025,,6,517,1,0,1,2025_Conforme_1_Cam_T_6_517.jpg,,top_only,
D,year + cam_num + sample_num,2025,,6,518,1,0,1,2025_Conforme_1_Cam_T_6_518.jpg,,top_only,
D,year + cam_num + sample_num,2025,,6,519,1,0,1,2025_Conforme_1_Cam_T_6_519.jpg,,top_only,
D,year + cam_num + sample_num,2026,,1,415,1,0,1,2026_PIETRA_Cam_T_1_415.jpg,,top_only,
D,year + cam_num + sample_num,2026,,1,454,1,0,1,2026_PIETRA_Cam_T_1_454.jpg,,top_only,
D,year + cam_num + sample_num,2026,,1,482,1,0,1,2026_PIETRA_Cam_T_1_482.jpg,,top_only,
D,year + cam_num + sample_num,2026,,1,485,1,0,1,2026_PIETRA_Cam_T_1_485.jpg,,top_only,
D,year + cam_num + sample_num,2026,,1,486,1,0,1,2026_PIETRA_Cam_T_1_486.jpg,,top_only,
D,year + cam_num + sample_num,2026,,1,487,1,0,1,2026_PIETRA_Cam_T_1_487.jpg,,top_only,
D,year + cam_num + sample_num,2026,,1,493,1,0,1,2026_PIETRA_Cam_T_1_493.jpg,,top_only,
D,year + cam_num + sample_num,2026,,1,521,1,0,1,2026_PIETRA_Cam_T_1_521.jpg,,top_only,
D,year + cam_num + sample_num,2026,,1,559,1,0,1,2026_PIETRA_Cam_T_1_559.jpg,,top_only,
D,year + cam_num + sample_num,2026,,1,567,1,0,1,2026_PIETRA_Cam_T_1_567.jpg,,top_only,
D,year + cam_num + sample_num,2026,,1,568,1,0,1,2026_PIETRA_Cam_T_1_568.jpg,,top_only,
D,year + cam_num + sample_num,2026,,1,569,1,0,1,2026_PIETRA_Cam_T_1_569.jpg,,top_only,
D,year + cam_num + sample_num,2026,,1,570,1,0,1,2026_PIETRA_Cam_T_1_570.jpg,,top_only,
D,year + cam_num + sample_num,2026,,1,571,1,0,1,2026_PIETRA_Cam_T_1_571.jpg,,top_only,
D,year + cam_num + sample_num,2026,,1,572,1,0,1,2026_PIETRA_Cam_T_1_572.jpg,,top_only,
D,year + cam_num + sample_num,2026,,1,573,1,0,1,2026_PIETRA_Cam_T_1_573.jpg,,top_only,
D,year + cam_num + sample_num,2026,,1,574,1,0,1,2026_PIETRA_Cam_T_1_574.jpg,,top_only,
D,year + cam_num + sample_num,2026,,1,575,1,0,1,2026_PIETRA_Cam_T_1_575.jpg,,top_only,
D,year + cam_num + sample_num,2026,,1,576,1,0,1,2026_PIETRA_Cam_T_1_576.jpg,,top_only,
D,year + cam_num + sample_num,2026,,1,577,1,0,1,2026_PIETRA_Cam_T_1_577.jpg,,top_only,
D,year + cam_num + sample_num,2026,,1,578,1,0,1,2026_PIETRA_Cam_T_1_578.jpg,,top_only,
D,year + cam_num + sample_num,2026,,1,579,1,0,1,2026_PIETRA_Cam_T_1_579.jpg,,top_only,
D,year + cam_num + sample_num,2026,,1,580,1,0,1,2026_PIETRA_Cam_T_1_580.jpg,,top_only,
D,year + cam_num + sample_num,2026,,1,581,1,0,1,2026_PIETRA_Cam_T_1_581.jpg,,top_only,
D,year + cam_num + sample_num,2026,,1,582,1,0,1,2026_PIETRA_Cam_T_1_582.jpg,,top_only,
D,year + cam_num + sample_num,2026,,1,583,1,0,1,2026_PIETRA_Cam_T_1_583.jpg,,top_only,
D,year + cam_num + sample_num,2026,,1,584,1,0,1,2026_PIETRA_Cam_T_1_584.jpg,,top_only,
D,year + cam_num + sample_num,2026,,1,585,1,0,1,2026_PIETRA_Cam_T_1_585.jpg,,top_only,
D,year + cam_num + sample_num,2026,,1,586,1,0,1,2026_PIETRA_Cam_T_1_586.jpg,,top_only,
D,year + cam_num + sample_num,2026,,1,587,1,0,1,2026_PIETRA_Cam_T_1_587.jpg,,top_only,
D,year + cam_num + sample_num,2026,,1,588,1,0,1,2026_PIETRA_Cam_T_1_588.jpg,,top_only,
D,year + cam_num + sample_num,2026,,1,589,1,0,1,2026_PIETRA_Cam_T_1_589.jpg,,top_only,
D,year + cam_num + sample_num,2026,,1,590,1,0,1,2026_PIETRA_Cam_T_1_590.jpg,,top_only,
D,year + cam_num + sample_num,2026,,1,591,1,0,1,2026_PIETRA_Cam_T_1_591.jpg,,top_only,
D,year + cam_num + sample_num,2026,,1,592,1,0,1,2026_PIETRA_Cam_T_1_592.jpg,,top_only,
D,year + cam_num + sample_num,2026,,2,586,1,0,1,2026_PIETRA_Cam_T_2_586.jpg,,top_only,
D,year + cam_num + sample_num,2026,,2,587,1,0,1,2026_PIETRA_Cam_T_2_587.jpg,,top_only,
D,year + cam_num + sample_num,2026,,2,588,1,0,1,2026_PIETRA_Cam_T_2_588.jpg,,top_only,
D,year + cam_num + sample_num,2026,,2,589,1,0,1,2026_PIETRA_Cam_T_2_589.jpg,,top_only,
D,year + cam_num + sample_num,2026,,2,590,1,0,1,2026_PIETRA_Cam_T_2_590.jpg,,top_only,
D,year + cam_num + sample_num,2026,,2,591,1,0,1,2026_PIETRA_Cam_T_2_591.jpg,,top_only,
D,year + cam_num + sample_num,2026,,2,592,1,0,1,2026_PIETRA_Cam_T_2_592.jpg,,top_only,
D,year + cam_num + sample_num,2026,,2,593,1,0,1,2026_PIETRA_Cam_T_2_593.jpg,,top_only,
D,year + cam_num + sample_num,2026,,2,594,1,0,1,2026_PIETRA_Cam_T_2_594.jpg,,top_only,
D,year + cam_num + sample_num,2026,,2,595,1,0,1,2026_PIETRA_Cam_T_2_595.jpg,,top_only,
D,year + cam_num + sample_num,2026,,2,596,1,0,1,2026_PIETRA_Cam_T_2_596.jpg,,top_only,
D,year + cam_num + sample_num,2026,,2,597,1,0,1,2026_PIETRA_Cam_T_2_597.jpg,,top_only,
D,year + cam_num + sample_num,2026,,2,598,1,0,1,2026_PIETRA_Cam_T_2_598.jpg,,top_only,
D,year + cam_num + sample_num,2026,,2,599,1,0,1,2026_PIETRA_Cam_T_2_599.jpg,,top_only,
D,year + cam_num + sample_num,2026,,2,600,1,0,1,2026_PIETRA_Cam_T_2_600.jpg,,top_only,
D,year + cam_num + sample_num,2026,,2,601,1,0,1,2026_PIETRA_Cam_T_2_601.jpg,,top_only,
D,year + cam_num + sample_num,2026,,2,602,1,0,1,2026_PIETRA_Cam_T_2_602.jpg,,top_only,
D,year + cam_num + sample_num,2026,,2,603,1,0,1,2026_PIETRA_Cam_T_2_603.jpg,,top_only,
D,year + cam_num + sample_num,2026,,2,604,1,0,1,2026_PIETRA_Cam_T_2_604.jpg,,top_only,
D,year + cam_num + sample_num,2026,,3,454,0,1,1,,2026_PIETRA_Cam_B_3_454.jpg,bottom_only,
D,year + cam_num + sample_num,2026,,3,544,0,1,1,,2026_PIETRA_Cam_B_3_544.jpg,bottom_only,
D,year + cam_num + sample_num,2026,,3,580,1,0,1,2026_PIETRA_Cam_T_3_580.jpg,,top_only,
D,year + cam_num + sample_num,2026,,3,581,1,0,1,2026_PIETRA_Cam_T_3_581.jpg,,top_only,
D,year + cam_num + sample_num,2026,,3,582,1,0,1,2026_PIETRA_Cam_T_3_582.jpg,,top_only,
D,year + cam_num + sample_num,2026,,3,583,1,0,1,2026_PIETRA_Cam_T_3_583.jpg,,top_only,
D,year + cam_num + sample_num,2026,,3,584,1,0,1,2026_PIETRA_Cam_T_3_584.jpg,,top_only,
D,year + cam_num + sample_num,2026,,3,585,1,0,1,2026_PIETRA_Cam_T_3_585.jpg,,top_only,
D,year + cam_num + sample_num,2026,,3,586,1,0,1,2026_PIETRA_Cam_T_3_586.jpg,,top_only,
D,year + cam_num + sample_num,2026,,3,587,1,0,1,2026_PIETRA_Cam_T_3_587.jpg,,top_only,
D,year + cam_num + sample_num,2026,,3,588,1,0,1,2026_PIETRA_Cam_T_3_588.jpg,,top_only,
D,year + cam_num + sample_num,2026,,3,589,1,0,1,2026_PIETRA_Cam_T_3_589.jpg,,top_only,
D,year + cam_num + sample_num,2026,,3,590,1,0,1,2026_PIETRA_Cam_T_3_590.jpg,,top_only,
D,year + cam_num + sample_num,2026,,3,591,1,0,1,2026_PIETRA_Cam_T_3_591.jpg,,top_only,
D,year + cam_num + sample_num,2026,,4,390,2,0,2,2026_Conforme_Cam_T_4_390.jpg | 2026_PIETRA_Cam_T_4_390.jpg,,top_only,
D,year + cam_num + sample_num,2026,,4,393,2,0,2,2026_Conforme_Cam_T_4_393.jpg | 2026_PIETRA_Cam_T_4_393.jpg,,top_only,
D,year + cam_num + sample_num,2026,,4,414,1,0,1,2026_PIETRA_Cam_T_4_414.jpg,,top_only,
D,year + cam_num + sample_num,2026,,4,416,1,0,1,2026_PIETRA_Cam_T_4_416.jpg,,top_only,
D,year + cam_num + sample_num,2026,,4,417,1,0,1,2026_PIETRA_Cam_T_4_417.jpg,,top_only,
D,year + cam_num + sample_num,2026,,4,418,1,0,1,2026_PIETRA_Cam_T_4_418.jpg,,top_only,
D,year + cam_num + sample_num,2026,,4,442,1,0,1,2026_PIETRA_Cam_T_4_442.jpg,,top_only,
D,year + cam_num + sample_num,2026,,4,468,1,0,1,2026_PIETRA_Cam_T_4_468.jpg,,top_only,
D,year + cam_num + sample_num,2026,,4,477,1,0,1,2026_PIETRA_Cam_T_4_477.jpg,,top_only,
D,year + cam_num + sample_num,2026,,4,508,1,0,1,2026_PIETRA_Cam_T_4_508.jpg,,top_only,
D,year + cam_num + sample_num,2026,,4,511,1,0,1,2026_PIETRA_Cam_T_4_511.jpg,,top_only,
D,year + cam_num + sample_num,2026,,4,514,1,0,1,2026_PIETRA_Cam_T_4_514.jpg,,top_only,
D,year + cam_num + sample_num,2026,,4,517,1,0,1,2026_PIETRA_Cam_T_4_517.jpg,,top_only,
D,year + cam_num + sample_num,2026,,4,522,1,0,1,2026_PIETRA_Cam_T_4_522.jpg,,top_only,
D,year + cam_num + sample_num,2026,,4,523,1,0,1,2026_PIETRA_Cam_T_4_523.jpg,,top_only,
D,year + cam_num + sample_num,2026,,4,524,1,0,1,2026_PIETRA_Cam_T_4_524.jpg,,top_only,
D,year + cam_num + sample_num,2026,,4,527,1,0,1,2026_PIETRA_Cam_T_4_527.jpg,,top_only,
D,year + cam_num + sample_num,2026,,4,536,1,0,1,2026_PIETRA_Cam_T_4_536.jpg,,top_only,
D,year + cam_num + sample_num,2026,,4,537,1,0,1,2026_PIETRA_Cam_T_4_537.jpg,,top_only,
D,year + cam_num + sample_num,2026,,4,538,1,0,1,2026_PIETRA_Cam_T_4_538.jpg,,top_only,
D,year + cam_num + sample_num,2026,,4,539,1,0,1,2026_PIETRA_Cam_T_4_539.jpg,,top_only,
D,year + cam_num + sample_num,2026,,4,540,1,0,1,2026_PIETRA_Cam_T_4_540.jpg,,top_only,
D,year + cam_num + sample_num,2026,,4,541,1,0,1,2026_PIETRA_Cam_T_4_541.jpg,,top_only,
D,year + cam_num + sample_num,2026,,4,542,1,0,1,2026_PIETRA_Cam_T_4_542.jpg,,top_only,
D,year + cam_num + sample_num,2026,,4,543,1,0,1,2026_PIETRA_Cam_T_4_543.jpg,,top_only,
D,year + cam_num + sample_num,2026,,4,544,1,0,1,2026_PIETRA_Cam_T_4_544.jpg,,top_only,
D,year + cam_num + sample_num,2026,,4,545,1,0,1,2026_PIETRA_Cam_T_4_545.jpg,,top_only,
D,year + cam_num + sample_num,2026,,4,546,1,0,1,2026_PIETRA_Cam_T_4_546.jpg,,top_only,
D,year + cam_num + sample_num,2026,,4,547,1,0,1,2026_PIETRA_Cam_T_4_547.jpg,,top_only,
D,year + cam_num + sample_num,2026,,4,548,1,0,1,2026_PIETRA_Cam_T_4_548.jpg,,top_only,
D,year + cam_num + sample_num,2026,,4,549,1,0,1,2026_PIETRA_Cam_T_4_549.jpg,,top_only,
D,year + cam_num + sample_num,2026,,4,550,1,0,1,2026_PIETRA_Cam_T_4_550.jpg,,top_only,
D,year + cam_num + sample_num,2026,,4,551,1,0,1,2026_PIETRA_Cam_T_4_551.jpg,,top_only,
D,year + cam_num + sample_num,2026,,4,552,1,0,1,2026_PIETRA_Cam_T_4_552.jpg,,top_only,
D,year + cam_num + sample_num,2026,,4,553,1,0,1,2026_PIETRA_Cam_T_4_553.jpg,,top_only,
D,year + cam_num + sample_num,2026,,4,554,1,0,1,2026_PIETRA_Cam_T_4_554.jpg,,top_only,
D,year + cam_num + sample_num,2026,,4,555,1,0,1,2026_PIETRA_Cam_T_4_555.jpg,,top_only,
D,year + cam_num + sample_num,2026,,4,556,1,0,1,2026_PIETRA_Cam_T_4_556.jpg,,top_only,
D,year + cam_num + sample_num,2026,,4,557,1,0,1,2026_PIETRA_Cam_T_4_557.jpg,,top_only,
D,year + cam_num + sample_num,2026,,4,558,1,0,1,2026_PIETRA_Cam_T_4_558.jpg,,top_only,
D,year + cam_num + sample_num,2026,,4,559,1,0,1,2026_PIETRA_Cam_T_4_559.jpg,,top_only,
D,year + cam_num + sample_num,2026,,4,560,1,0,1,2026_PIETRA_Cam_T_4_560.jpg,,top_only,
D,year + cam_num + sample_num,2026,,4,561,1,0,1,2026_PIETRA_Cam_T_4_561.jpg,,top_only,
D,year + cam_num + sample_num,2026,,4,562,1,0,1,2026_PIETRA_Cam_T_4_562.jpg,,top_only,
D,year + cam_num + sample_num,2026,,4,563,1,0,1,2026_PIETRA_Cam_T_4_563.jpg,,top_only,
D,year + cam_num + sample_num,2026,,4,564,1,0,1,2026_PIETRA_Cam_T_4_564.jpg,,top_only,
D,year + cam_num + sample_num,2026,,4,565,1,0,1,2026_PIETRA_Cam_T_4_565.jpg,,top_only,
D,year + cam_num + sample_num,2026,,4,566,1,0,1,2026_PIETRA_Cam_T_4_566.jpg,,top_only,
D,year + cam_num + sample_num,2026,,4,567,1,0,1,2026_PIETRA_Cam_T_4_567.jpg,,top_only,
D,year + cam_num + sample_num,2026,,4,568,1,0,1,2026_PIETRA_Cam_T_4_568.jpg,,top_only,
D,year + cam_num + sample_num,2026,,4,569,1,0,1,2026_PIETRA_Cam_T_4_569.jpg,,top_only,
D,year + cam_num + sample_num,2026,,4,570,1,0,1,2026_PIETRA_Cam_T_4_570.jpg,,top_only,
D,year + cam_num + sample_num,2026,,4,571,1,0,1,2026_PIETRA_Cam_T_4_571.jpg,,top_only,
D,year + cam_num + sample_num,2026,,4,572,1,0,1,2026_PIETRA_Cam_T_4_572.jpg,,top_only,
D,year + cam_num + sample_num,2026,,4,573,1,0,1,2026_PIETRA_Cam_T_4_573.jpg,,top_only,
D,year + cam_num + sample_num,2026,,4,574,1,0,1,2026_PIETRA_Cam_T_4_574.jpg,,top_only,
D,year + cam_num + sample_num,2026,,4,575,1,0,1,2026_PIETRA_Cam_T_4_575.jpg,,top_only,
D,year + cam_num + sample_num,2026,,4,576,1,0,1,2026_PIETRA_Cam_T_4_576.jpg,,top_only,
D,year + cam_num + sample_num,2026,,4,577,1,0,1,2026_PIETRA_Cam_T_4_577.jpg,,top_only,
D,year + cam_num + sample_num,2026,,4,578,1,0,1,2026_PIETRA_Cam_T_4_578.jpg,,top_only,
D,year + cam_num + sample_num,2026,,4,579,1,0,1,2026_PIETRA_Cam_T_4_579.jpg,,top_only,
D,year + cam_num + sample_num,2026,,4,580,1,0,1,2026_PIETRA_Cam_T_4_580.jpg,,top_only,
D,year + cam_num + sample_num,2026,,4,581,1,0,1,2026_PIETRA_Cam_T_4_581.jpg,,top_only,
D,year + cam_num + sample_num,2026,,4,582,1,0,1,2026_PIETRA_Cam_T_4_582.jpg,,top_only,
D,year + cam_num + sample_num,2026,,4,583,1,0,1,2026_PIETRA_Cam_T_4_583.jpg,,top_only,
D,year + cam_num + sample_num,2026,,4,584,1,0,1,2026_PIETRA_Cam_T_4_584.jpg,,top_only,
D,year + cam_num + sample_num,2026,,4,585,1,0,1,2026_PIETRA_Cam_T_4_585.jpg,,top_only,
D,year + cam_num + sample_num,2026,,4,586,1,0,1,2026_PIETRA_Cam_T_4_586.jpg,,top_only,
D,year + cam_num + sample_num,2026,,5,570,0,1,1,,2026_PIETRA_Cam_B_5_570.jpg,bottom_only,
D,year + cam_num + sample_num,2026,,5,571,0,1,1,,2026_PIETRA_Cam_B_5_571.jpg,bottom_only,
D,year + cam_num + sample_num,2026,,5,572,0,1,1,,2026_PIETRA_Cam_B_5_572.jpg,bottom_only,
D,year + cam_num + sample_num,2026,,5,573,0,1,1,,2026_PIETRA_Cam_B_5_573.jpg,bottom_only,
D,year + cam_num + sample_num,2026,,5,574,0,1,1,,2026_PIETRA_Cam_B_5_574.jpg,bottom_only,
D,year + cam_num + sample_num,2026,,5,575,0,1,1,,2026_PIETRA_Cam_B_5_575.jpg,bottom_only,
D,year + cam_num + sample_num,2026,,5,576,0,1,1,,2026_PIETRA_Cam_B_5_576.jpg,bottom_only,
D,year + cam_num + sample_num,2026,,5,577,0,1,1,,2026_PIETRA_Cam_B_5_577.jpg,bottom_only,
D,year + cam_num + sample_num,2026,,5,578,0,1,1,,2026_PIETRA_Cam_B_5_578.jpg,bottom_only,
D,year + cam_num + sample_num,2026,,5,579,0,1,1,,2026_PIETRA_Cam_B_5_579.jpg,bottom_only,
D,year + cam_num + sample_num,2026,,5,580,0,1,1,,2026_PIETRA_Cam_B_5_580.jpg,bottom_only,
D,year + cam_num + sample_num,2026,,5,581,0,1,1,,2026_PIETRA_Cam_B_5_581.jpg,bottom_only,
D,year + cam_num + sample_num,2026,,5,582,0,1,1,,2026_PIETRA_Cam_B_5_582.jpg,bottom_only,
D,year + cam_num + sample_num,2026,,5,583,0,1,1,,2026_PIETRA_Cam_B_5_583.jpg,bottom_only,
D,year + cam_num + sample_num,2026,,5,584,0,1,1,,2026_PIETRA_Cam_B_5_584.jpg,bottom_only,
D,year + cam_num + sample_num,2026,,5,585,0,1,1,,2026_PIETRA_Cam_B_5_585.jpg,bottom_only,
D,year + cam_num + sample_num,2026,,5,586,0,1,1,,2026_PIETRA_Cam_B_5_586.jpg,bottom_only,
D,year + cam_num + sample_num,2026,,5,587,0,1,1,,2026_PIETRA_Cam_B_5_587.jpg,bottom_only,
D,year + cam_num + sample_num,2026,,5,588,0,1,1,,2026_PIETRA_Cam_B_5_588.jpg,bottom_only,
D,year + cam_num + sample_num,2026,,5,589,0,1,1,,2026_PIETRA_Cam_B_5_589.jpg,bottom_only,
D,year + cam_num + sample_num,2026,,5,590,0,1,1,,2026_PIETRA_Cam_B_5_590.jpg,bottom_only,
D,year + cam_num + sample_num,2026,,5,591,0,1,1,,2026_PIETRA_Cam_B_5_591.jpg,bottom_only,
D,year + cam_num + sample_num,2026,,5,592,0,1,1,,2026_PIETRA_Cam_B_5_592.jpg,bottom_only,
D,year + cam_num + sample_num,2026,,5,593,0,1,1,,2026_PIETRA_Cam_B_5_593.jpg,bottom_only,
D,year + cam_num + sample_num,2026,,5,594,0,1,1,,2026_PIETRA_Cam_B_5_594.jpg,bottom_only,
D,year + cam_num + sample_num,2026,,5,595,0,1,1,,2026_PIETRA_Cam_B_5_595.jpg,bottom_only,
D,year + cam_num + sample_num,2026,,5,596,0,1,1,,2026_PIETRA_Cam_B_5_596.jpg,bottom_only,
D,year + cam_num + sample_num,2026,,5,597,0,1,1,,2026_PIETRA_Cam_B_5_597.jpg,bottom_only,
D,year + cam_num + sample_num,2026,,5,598,0,1,1,,2026_PIETRA_Cam_B_5_598.jpg,bottom_only,
D,year + cam_num + sample_num,2026,,5,599,0,1,1,,2026_PIETRA_Cam_B_5_599.jpg,bottom_only,
D,year + cam_num + sample_num,2026,,5,600,0,1,1,,2026_PIETRA_Cam_B_5_600.jpg,bottom_only,
D,year + cam_num + sample_num,2026,,5,601,0,1,1,,2026_PIETRA_Cam_B_5_601.jpg,bottom_only,
D,year + cam_num + sample_num,2026,,5,602,0,1,1,,2026_PIETRA_Cam_B_5_602.jpg,bottom_only,
D,year + cam_num + sample_num,2026,,5,603,0,1,1,,2026_PIETRA_Cam_B_5_603.jpg,bottom_only,
D,year + cam_num + sample_num,2026,,5,604,0,1,1,,2026_PIETRA_Cam_B_5_604.jpg,bottom_only,
D,year + cam_num + sample_num,2026,,5,605,0,1,1,,2026_PIETRA_Cam_B_5_605.jpg,bottom_only,
D,year + cam_num + sample_num,2026,,5,606,0,1,1,,2026_PIETRA_Cam_B_5_606.jpg,bottom_only,
D,year + cam_num + sample_num,2026,,5,607,0,1,1,,2026_PIETRA_Cam_B_5_607.jpg,bottom_only,
D,year + cam_num + sample_num,2026,,5,608,0,1,1,,2026_PIETRA_Cam_B_5_608.jpg,bottom_only,
D,year + cam_num + sample_num,2026,,5,609,0,1,1,,2026_PIETRA_Cam_B_5_609.jpg,bottom_only,
D,year + cam_num + sample_num,2026,,5,610,0,1,1,,2026_PIETRA_Cam_B_5_610.jpg,bottom_only,
D,year + cam_num + sample_num,2026,,5,611,0,1,1,,2026_PIETRA_Cam_B_5_611.jpg,bottom_only,
D,year + cam_num + sample_num,2026,,5,612,0,1,1,,2026_PIETRA_Cam_B_5_612.jpg,bottom_only,
D,year + cam_num + sample_num,2026,,6,7,3,0,3,2026_Conforme_Cam_T_6_7.jpg | 2026_NON_Conforme_Cam_T_6_7.jpg | 2026_PIETRA_Cam_T_6_7.jpg,,top_only,
D,year + cam_num + sample_num,2026,,6,355,2,0,2,2026_Conforme_Cam_T_6_355.jpg | 2026_PIETRA_Cam_T_6_355.jpg,,top_only,
D,year + cam_num + sample_num,2026,,6,409,1,0,1,2026_PIETRA_Cam_T_6_409.jpg,,top_only,
D,year + cam_num + sample_num,2026,,6,410,1,0,1,2026_PIETRA_Cam_T_6_410.jpg,,top_only,
D,year + cam_num + sample_num,2026,,6,411,1,0,1,2026_PIETRA_Cam_T_6_411.jpg,,top_only,
D,year + cam_num + sample_num,2026,,6,413,1,0,1,2026_PIETRA_Cam_T_6_413.jpg,,top_only,
D,year + cam_num + sample_num,2026,,6,415,1,0,1,2026_PIETRA_Cam_T_6_415.jpg,,top_only,
D,year + cam_num + sample_num,2026,,6,427,0,1,1,,2026_PIETRA_Cam_B_6_427.jpg,bottom_only,
D,year + cam_num + sample_num,2026,,6,447,1,0,1,2026_PIETRA_Cam_T_6_447.jpg,,top_only,
D,year + cam_num + sample_num,2026,,6,463,1,0,1,2026_PIETRA_Cam_T_6_463.jpg,,top_only,
D,year + cam_num + sample_num,2026,,6,470,1,0,1,2026_PIETRA_Cam_T_6_470.jpg,,top_only,
D,year + cam_num + sample_num,2026,,6,475,1,0,1,2026_PIETRA_Cam_T_6_475.jpg,,top_only,
D,year + cam_num + sample_num,2026,,6,480,1,0,1,2026_PIETRA_Cam_T_6_480.jpg,,top_only,
D,year + cam_num + sample_num,2026,,6,487,1,0,1,2026_PIETRA_Cam_T_6_487.jpg,,top_only,
D,year + cam_num + sample_num,2026,,6,491,1,0,1,2026_PIETRA_Cam_T_6_491.jpg,,top_only,
D,year + cam_num + sample_num,2026,,6,540,1,0,1,2026_PIETRA_Cam_T_6_540.jpg,,top_only,
D,year + cam_num + sample_num,2026,,6,549,1,0,1,2026_PIETRA_Cam_T_6_549.jpg,,top_only,
D,year + cam_num + sample_num,2026,,6,555,1,0,1,2026_PIETRA_Cam_T_6_555.jpg,,top_only,
D,year + cam_num + sample_num,2026,,6,559,1,0,1,2026_PIETRA_Cam_T_6_559.jpg,,top_only,
D,year + cam_num + sample_num,2026,,6,565,1,0,1,2026_PIETRA_Cam_T_6_565.jpg,,top_only,
D,year + cam_num + sample_num,2026,,6,574,1,0,1,2026_PIETRA_Cam_T_6_574.jpg,,top_only,
D,year + cam_num + sample_num,2026,,6,575,1,0,1,2026_PIETRA_Cam_T_6_575.jpg,,top_only,
D,year + cam_num + sample_num,2026,,6,576,1,0,1,2026_PIETRA_Cam_T_6_576.jpg,,top_only,
D,year + cam_num + sample_num,2026,,6,577,1,0,1,2026_PIETRA_Cam_T_6_577.jpg,,top_only,
D,year + cam_num + sample_num,2026,,6,578,1,0,1,2026_PIETRA_Cam_T_6_578.jpg,,top_only,
D,year + cam_num + sample_num,2026,,6,579,1,0,1,2026_PIETRA_Cam_T_6_579.jpg,,top_only,
D,year + cam_num + sample_num,2026,,6,580,1,0,1,2026_PIETRA_Cam_T_6_580.jpg,,top_only,
D,year + cam_num + sample_num,2026,,6,581,1,0,1,2026_PIETRA_Cam_T_6_581.jpg,,top_only,
D,year + cam_num + sample_num,2026,,6,582,1,0,1,2026_PIETRA_Cam_T_6_582.jpg,,top_only,
